hotel,lead_time,arrival_date_year,arrival_date_month,arrival_date_day_of_month,gender_account,meal,market_segment,distribution_channel,is_repeated_guest,previous_cancellations,previous_bookings_not_canceled,reserved_room_type,customer_type,total_of_special_requests,has_agent,has_company,total_nights,total_guests,adr_per_guest,is_family_booking,country_risk,cluster,tlp_profile,cancel_risk,spend_total,booking_complexity
Resort Hotel,203,2016,December,2,Female,BB,Direct,Direct,0,0,0,F,Transient,0,1,0,7,2.0,33.4,0,Low,4,🏙️ Viajero Estándar,3,467.59999999999997,0
City Hotel,82,2015,July,16,Female,BB,Online TA,TA/TO,0,0,0,A,Transient,0,1,0,3,2.0,38.25,0,High,4,🏙️ Viajero Estándar,2,229.5,0
City Hotel,25,2016,December,27,Female,BB,Offline TA/TO,TA/TO,0,0,0,A,Transient-Party,1,1,0,3,3.0,20.0,0,Medium,4,🏙️ Viajero Estándar,1,180.0,1
City Hotel,1,2016,March,9,Female,BB,Online TA,TA/TO,0,0,0,A,Transient-Party,0,1,0,1,1.0,95.0,0,Low,4,🏙️ Viajero Estándar,0,95.0,0
City Hotel,70,2017,April,16,Female,SC,Online TA,TA/TO,0,0,0,A,Transient,0,1,0,4,2.0,54.0,0,Low,4,🏙️ Viajero Estándar,0,432.0,0
City Hotel,170,2017,April,27,Female,BB,Online TA,TA/TO,0,0,0,D,Transient,0,1,0,3,2.0,65.25,0,Low,4,🏙️ Viajero Estándar,2,391.5,0
City Hotel,21,2016,March,4,Female,BB,Online TA,TA/TO,0,0,0,A,Transient-Party,0,1,0,1,1.0,85.0,0,Low,4,🏙️ Viajero Estándar,0,85.0,0
City Hotel,102,2015,October,16,Female,HB,Offline TA/TO,TA/TO,0,0,0,A,Transient-Party,0,1,0,2,2.0,54.5,0,Low,4,🏙️ Viajero Estándar,0,218.0,0
Resort Hotel,55,2016,November,19,Female,HB,Online TA,TA/TO,0,0,0,D,Transient,0,1,0,7,2.0,33.72,0,Low,4,🏙️ Viajero Estándar,0,472.08,0
Resort Hotel,222,2015,September,14,Male,HB,Groups,TA/TO,0,0,0,A,Transient,0,1,0,2,2.0,40.0,0,Low,4,🏙️ Viajero Estándar,4,160.0,0
Resort Hotel,120,2016,December,26,Male,BB,Online TA,TA/TO,0,0,0,D,Transient-Party,3,1,0,4,2.0,27.4,0,Low,4,🏙️ Viajero Estándar,0,219.2,3
City Hotel,88,2017,February,17,Female,SC,Online TA,TA/TO,0,0,0,A,Transient,0,1,0,2,2.0,39.6,0,Low,4,🏙️ Viajero Estándar,0,158.4,0
Resort Hotel,79,2015,December,24,Female,HB,Offline TA/TO,TA/TO,0,0,0,A,Transient,2,1,0,7,2.0,28.645,0,Low,4,🏙️ Viajero Estándar,0,401.03,2
City Hotel,41,2016,August,15,Female,BB,Offline TA/TO,TA/TO,0,0,0,A,Transient,0,1,0,3,2.0,38.25,0,High,4,🏙️ Viajero Estándar,2,229.5,0
City Hotel,239,2015,October,17,Male,BB,Groups,TA/TO,0,1,0,A,Transient,0,1,0,1,2.0,30.0,0,High,0,🗓️ Planificador Anticipado,9,60.0,0
Resort Hotel,23,2017,April,20,Female,BB,Groups,Direct,0,0,0,A,Transient-Party,0,0,0,2,2.0,49.5,0,Low,1,⚡ Reserva de Última Hora,2,198.0,0
Resort Hotel,34,2016,December,9,Female,BB,Online TA,TA/TO,0,0,0,A,Transient,1,1,0,1,2.0,24.0,0,High,4,🏙️ Viajero Estándar,2,48.0,1
City Hotel,38,2016,May,6,Male,HB,Online TA,TA/TO,0,0,0,A,Transient,0,1,0,5,3.0,49.89333333333334,1,Low,3,👨‍👩‍👧 Turista Familiar,0,748.4000000000001,1
City Hotel,160,2017,July,15,Female,BB,Online TA,TA/TO,0,0,0,A,Transient,1,1,0,7,2.0,39.175,0,Low,4,🏙️ Viajero Estándar,2,548.4499999999999,1
Resort Hotel,32,2016,October,27,Male,BB,Direct,Direct,0,0,0,F,Transient,0,1,0,7,2.0,45.925,0,Low,4,🏙️ Viajero Estándar,0,642.9499999999999,0
Resort Hotel,56,2016,March,29,Male,BB,Online TA,TA/TO,0,0,0,A,Transient,1,1,0,4,2.0,29.0,0,High,4,🏙️ Viajero Estándar,2,232.0,1
City Hotel,97,2015,October,5,Male,BB,Groups,TA/TO,0,0,0,A,Transient,0,1,0,4,1.0,140.0,0,High,4,🏙️ Viajero Estándar,3,560.0,0
Resort Hotel,85,2017,April,19,Male,BB,Direct,Direct,0,0,0,E,Transient-Party,1,0,0,5,2.0,37.3,0,Low,1,⚡ Reserva de Última Hora,1,373.0,1
City Hotel,278,2017,July,26,Male,BB,Online TA,TA/TO,0,0,0,D,Transient,2,1,0,4,3.0,55.2,0,Low,4,🏙️ Viajero Estándar,2,662.4000000000001,2
City Hotel,175,2016,August,10,Female,BB,Online TA,TA/TO,0,0,0,A,Transient,0,1,0,4,2.0,49.725,0,Low,4,🏙️ Viajero Estándar,2,397.8,0
City Hotel,26,2017,May,22,Female,BB,Offline TA/TO,TA/TO,0,0,0,A,Transient,0,1,0,2,2.0,64.0,0,High,4,🏙️ Viajero Estándar,2,256.0,0
City Hotel,360,2015,October,12,Female,BB,Groups,TA/TO,0,1,0,A,Contract,0,1,0,2,2.0,31.0,0,High,0,🗓️ Planificador Anticipado,9,124.0,0
Resort Hotel,378,2016,November,1,Female,BB,Groups,TA/TO,0,0,0,A,Transient,0,1,0,2,2.0,23.0,0,High,4,🏙️ Viajero Estándar,6,92.0,0
City Hotel,32,2016,January,24,Female,BB,Corporate,Corporate,0,0,0,A,Transient-Party,0,1,0,3,2.0,32.0,0,Low,4,🏙️ Viajero Estándar,0,192.0,0
Resort Hotel,165,2015,December,30,Male,Undefined,Groups,TA/TO,0,0,0,A,Transient-Party,0,1,0,4,1.0,0.0,0,High,4,🏙️ Viajero Estándar,5,0.0,0
City Hotel,4,2015,August,25,Female,BB,Groups,TA/TO,0,0,0,A,Transient-Party,0,1,0,4,2.0,31.0,0,High,4,🏙️ Viajero Estándar,3,248.0,0
City Hotel,179,2016,July,1,Male,BB,Groups,TA/TO,0,0,0,A,Transient,0,1,0,2,2.0,32.5,0,High,4,🏙️ Viajero Estándar,5,130.0,0
City Hotel,349,2016,October,4,Male,BB,Offline TA/TO,TA/TO,0,0,0,A,Transient-Party,0,1,0,6,2.0,61.665,0,Low,4,🏙️ Viajero Estándar,3,739.98,0
City Hotel,47,2016,February,18,Female,BB,Online TA,TA/TO,0,0,0,D,Transient,0,1,0,3,2.0,45.15,0,Low,4,🏙️ Viajero Estándar,0,270.9,0
City Hotel,237,2015,September,14,Female,BB,Online TA,TA/TO,0,0,0,A,Transient-Party,0,1,0,3,1.0,80.75,0,Low,4,🏙️ Viajero Estándar,3,242.25,0
City Hotel,31,2016,September,27,Female,BB,Online TA,TA/TO,0,0,0,A,Transient,0,1,0,1,2.0,63.0,0,Low,4,🏙️ Viajero Estándar,0,126.0,0
City Hotel,158,2016,July,1,Female,BB,Online TA,TA/TO,0,0,0,F,Transient,1,1,0,3,4.0,42.075,1,Low,3,👨‍👩‍👧 Turista Familiar,2,504.90000000000003,2
City Hotel,25,2016,December,13,Male,BB,Online TA,TA/TO,0,0,0,A,Transient,1,1,0,4,1.0,79.9,0,Low,4,🏙️ Viajero Estándar,0,319.6,1
City Hotel,386,2016,October,23,Female,HB,Offline TA/TO,TA/TO,0,0,0,A,Transient-Party,1,1,0,2,2.0,57.5,0,Low,4,🏙️ Viajero Estándar,3,230.0,1
Resort Hotel,10,2016,September,13,Female,BB,Online TA,TA/TO,0,0,0,A,Transient,0,1,0,2,2.0,54.5,0,Low,4,🏙️ Viajero Estándar,0,218.0,0
City Hotel,76,2016,March,20,Male,BB,Online TA,TA/TO,0,0,0,D,Transient,1,1,0,5,2.0,55.075,0,Low,4,🏙️ Viajero Estándar,0,550.75,1
City Hotel,42,2017,April,21,Female,BB,Online TA,TA/TO,0,0,0,D,Transient,2,1,0,3,2.0,78.335,0,Medium,4,🏙️ Viajero Estándar,0,470.01,2
Resort Hotel,210,2016,August,22,Male,HB,Online TA,TA/TO,0,0,0,E,Transient,2,1,0,11,2.0,96.365,0,High,2,💼 Viajero Premium,4,2120.0299999999997,2
City Hotel,4,2016,June,26,Female,SC,Online TA,TA/TO,0,0,0,A,Transient,1,1,0,2,1.0,113.0,0,Low,4,🏙️ Viajero Estándar,0,226.0,1
City Hotel,33,2016,May,29,Female,BB,Offline TA/TO,TA/TO,0,0,0,A,Transient,0,1,0,3,2.0,42.75,0,High,4,🏙️ Viajero Estándar,2,256.5,0
City Hotel,7,2016,December,17,Female,SC,Online TA,TA/TO,0,0,0,A,Transient,1,1,0,2,2.0,39.0,0,High,4,🏙️ Viajero Estándar,2,156.0,1
City Hotel,21,2015,December,17,Male,BB,Corporate,Corporate,0,0,0,A,Transient-Party,0,0,1,2,1.0,65.0,0,High,1,⚡ Reserva de Última Hora,3,130.0,0
City Hotel,160,2015,December,30,Female,BB,Offline TA/TO,TA/TO,0,0,0,A,Transient-Party,0,1,0,3,2.0,35.0,0,High,4,🏙️ Viajero Estándar,4,210.0,0
Resort Hotel,28,2016,May,19,Male,BB,Offline TA/TO,TA/TO,0,0,0,A,Transient,2,1,0,7,3.0,26.633333333333336,0,Low,4,🏙️ Viajero Estándar,0,559.3000000000001,2
City Hotel,274,2015,July,18,Male,BB,Groups,TA/TO,0,1,0,A,Transient-Party,0,1,0,4,2.0,31.0,0,High,0,🗓️ Planificador Anticipado,9,248.0,0
City Hotel,155,2017,July,17,Male,SC,Online TA,TA/TO,0,0,0,A,Transient,1,1,0,2,2.0,44.55,0,Low,4,🏙️ Viajero Estándar,2,178.2,1
Resort Hotel,48,2016,September,30,Male,BB,Online TA,TA/TO,0,0,0,E,Transient,0,1,0,5,2.0,53.5,0,Low,4,🏙️ Viajero Estándar,0,535.0,0
Resort Hotel,25,2016,January,14,Male,BB,Online TA,TA/TO,0,0,0,G,Transient,1,1,0,2,4.0,19.75,1,Low,3,👨‍👩‍👧 Turista Familiar,0,158.0,2
Resort Hotel,154,2016,July,11,Female,BB,Offline TA/TO,TA/TO,0,0,0,A,Transient,0,1,0,3,2.0,32.4,0,Low,4,🏙️ Viajero Estándar,2,194.39999999999998,0
City Hotel,1,2015,December,29,Female,BB,Groups,TA/TO,0,0,0,B,Transient,2,1,0,4,3.0,24.166666666666668,1,High,3,👨‍👩‍👧 Turista Familiar,2,290.0,3
City Hotel,364,2015,October,16,Female,HB,Offline TA/TO,TA/TO,0,1,0,A,Transient-Party,0,1,0,2,2.0,50.75,0,High,0,🗓️ Planificador Anticipado,8,203.0,0
City Hotel,18,2016,December,11,Female,BB,Offline TA/TO,TA/TO,0,0,0,A,Transient-Party,0,1,0,1,2.0,40.0,0,High,4,🏙️ Viajero Estándar,2,80.0,0
City Hotel,21,2017,January,2,Female,BB,Online TA,TA/TO,0,0,0,A,Transient,2,1,0,4,2.0,45.05,0,Low,4,🏙️ Viajero Estándar,0,360.4,2
City Hotel,15,2017,February,17,Male,BB,Offline TA/TO,TA/TO,0,0,0,A,Transient,0,1,0,2,2.0,47.5,0,High,4,🏙️ Viajero Estándar,2,190.0,0
City Hotel,22,2017,March,16,Female,BB,Offline TA/TO,TA/TO,0,0,0,A,Transient,1,1,0,7,2.0,34.0,0,Low,4,🏙️ Viajero Estándar,0,476.0,1
Resort Hotel,80,2017,August,26,Female,BB,Offline TA/TO,TA/TO,0,0,0,D,Contract,1,1,0,4,2.0,67.5,0,High,0,🗓️ Planificador Anticipado,2,540.0,1
City Hotel,25,2015,December,8,Male,BB,Offline TA/TO,TA/TO,0,1,0,A,Transient,0,1,0,2,1.0,90.0,0,High,0,🗓️ Planificador Anticipado,5,180.0,0
Resort Hotel,164,2015,November,9,Male,HB,Online TA,TA/TO,0,0,0,A,Transient,0,1,0,7,2.0,30.6,0,Low,4,🏙️ Viajero Estándar,2,428.40000000000003,0
City Hotel,69,2016,May,14,Male,BB,Online TA,TA/TO,0,0,0,A,Transient,1,1,0,3,3.0,53.1,0,Low,4,🏙️ Viajero Estándar,0,477.90000000000003,1
Resort Hotel,3,2016,May,20,Female,BB,Online TA,TA/TO,0,0,0,A,Transient,0,1,0,2,2.0,44.5,0,Low,4,🏙️ Viajero Estándar,0,178.0,0
Resort Hotel,206,2016,March,21,Female,BB,Online TA,TA/TO,0,0,0,A,Transient,1,1,0,7,2.0,21.345,0,High,4,🏙️ Viajero Estándar,5,298.83,1
City Hotel,157,2017,May,1,Male,BB,Groups,TA/TO,0,0,0,A,Transient,0,1,0,4,2.0,65.0,0,High,4,🏙️ Viajero Estándar,5,520.0,0
City Hotel,30,2016,May,21,Female,BB,Online TA,TA/TO,0,0,0,A,Transient,0,1,0,4,3.0,44.52666666666667,1,Medium,3,👨‍👩‍👧 Turista Familiar,1,534.32,1
City Hotel,1,2017,May,9,Male,SC,Online TA,TA/TO,0,0,0,A,Transient,0,1,0,1,1.0,95.0,0,Low,4,🏙️ Viajero Estándar,0,95.0,0
Resort Hotel,32,2016,April,19,Male,HB,Groups,Direct,0,0,0,D,Transient-Party,0,1,0,7,2.0,19.11,0,Low,4,🏙️ Viajero Estándar,1,267.53999999999996,0
Resort Hotel,53,2016,June,7,Female,BB,Online TA,TA/TO,0,0,0,A,Transient,1,1,0,2,2.0,64.5,0,Low,4,🏙️ Viajero Estándar,0,258.0,1
Resort Hotel,246,2015,September,5,Male,BB,Offline TA/TO,TA/TO,0,1,0,A,Transient-Party,0,1,0,7,2.0,29.475,0,Low,0,🗓️ Planificador Anticipado,6,412.65000000000003,0
City Hotel,304,2016,November,3,Female,BB,Offline TA/TO,TA/TO,0,0,0,A,Transient,0,1,0,3,2.0,44.5,0,High,4,🏙️ Viajero Estándar,5,267.0,0
City Hotel,127,2017,July,25,Female,BB,Offline TA/TO,TA/TO,0,0,0,D,Transient,0,1,0,3,2.0,49.05,0,Low,4,🏙️ Viajero Estándar,2,294.29999999999995,0
Resort Hotel,0,2017,January,17,Female,BB,Direct,Direct,1,0,1,A,Transient,0,0,0,1,1.0,57.0,0,Low,5,🏙️ Viajero Estándar,0,57.0,0
City Hotel,113,2016,September,7,Male,BB,Offline TA/TO,TA/TO,0,0,0,A,Transient,0,1,0,5,2.0,59.4,0,High,4,🏙️ Viajero Estándar,2,594.0,0
City Hotel,272,2017,July,12,Female,BB,Online TA,TA/TO,0,0,0,F,Transient-Party,2,1,0,3,4.0,44.775,1,Low,3,👨‍👩‍👧 Turista Familiar,2,537.3,3
City Hotel,11,2016,November,5,Male,BB,Online TA,TA/TO,0,0,0,A,Transient,1,1,0,1,3.0,50.0,1,Low,3,👨‍👩‍👧 Turista Familiar,0,150.0,2
City Hotel,98,2015,November,23,Male,BB,Groups,TA/TO,0,0,0,A,Transient-Party,0,1,0,3,1.0,70.0,0,High,4,🏙️ Viajero Estándar,3,210.0,0
City Hotel,292,2015,August,5,Male,BB,Groups,TA/TO,0,1,0,A,Transient-Party,0,1,0,2,2.0,31.0,0,High,0,🗓️ Planificador Anticipado,9,124.0,0
City Hotel,16,2016,December,4,Female,BB,Online TA,TA/TO,0,0,0,A,Transient,1,1,0,2,3.0,39.6,1,Low,3,👨‍👩‍👧 Turista Familiar,0,237.60000000000002,2
City Hotel,70,2016,April,22,Female,BB,Online TA,TA/TO,0,0,0,A,Transient,0,1,0,4,2.0,48.665,0,Low,4,🏙️ Viajero Estándar,0,389.32,0
Resort Hotel,49,2015,July,20,Female,FB,Offline TA/TO,TA/TO,0,0,0,D,Transient,0,1,0,9,2.0,55.6,0,High,4,🏙️ Viajero Estándar,2,1000.8000000000001,0
City Hotel,379,2015,October,31,Female,BB,Groups,TA/TO,0,1,0,A,Transient,0,1,0,2,2.0,31.0,0,High,0,🗓️ Planificador Anticipado,9,124.0,0
Resort Hotel,289,2017,July,25,Female,BB,Online TA,TA/TO,0,0,0,E,Transient,0,1,0,4,3.0,57.6,1,Low,3,👨‍👩‍👧 Turista Familiar,3,691.2,1
Resort Hotel,108,2016,April,29,Male,HB,Groups,TA/TO,0,0,0,A,Transient,0,0,0,4,2.0,42.0,0,High,1,⚡ Reserva de Última Hora,4,336.0,0
Resort Hotel,128,2016,December,8,Male,BB,Online TA,TA/TO,0,0,0,D,Transient,2,1,0,3,2.0,18.02,0,Low,4,🏙️ Viajero Estándar,1,108.12,2
Resort Hotel,18,2016,April,9,Female,BB,Offline TA/TO,TA/TO,0,0,0,A,Contract,0,1,0,5,1.0,33.3,0,Low,0,🗓️ Planificador Anticipado,0,166.5,0
Resort Hotel,46,2017,August,12,Male,BB,Offline TA/TO,TA/TO,0,0,0,A,Transient,0,1,0,7,2.0,106.0,0,High,4,🏙️ Viajero Estándar,2,1484.0,0
City Hotel,4,2015,August,11,Female,BB,Online TA,TA/TO,0,0,0,A,Contract,2,1,0,5,2.0,45.0,0,Low,0,🗓️ Planificador Anticipado,0,450.0,2
City Hotel,332,2017,April,22,Female,BB,Online TA,TA/TO,0,0,0,A,Transient,0,1,0,2,3.0,41.7,1,Low,3,👨‍👩‍👧 Turista Familiar,3,250.20000000000002,1
City Hotel,28,2017,February,13,Male,BB,Offline TA/TO,TA/TO,0,0,0,A,Transient,0,1,0,3,2.0,37.5,0,Low,4,🏙️ Viajero Estándar,0,225.0,0
Resort Hotel,1,2015,October,13,Male,BB,Online TA,TA/TO,0,0,0,D,Transient,1,1,0,1,2.0,33.0,0,Low,4,🏙️ Viajero Estándar,0,66.0,1
City Hotel,53,2015,October,9,Female,BB,Online TA,TA/TO,0,0,0,A,Contract,0,1,0,3,2.0,47.25,0,Low,0,🗓️ Planificador Anticipado,0,283.5,0
Resort Hotel,260,2015,December,20,Male,BB,Online TA,TA/TO,0,0,0,D,Transient,1,1,0,13,1.0,47.54,0,High,2,💼 Viajero Premium,5,618.02,1
Resort Hotel,166,2016,August,27,Female,BB,Offline TA/TO,TA/TO,0,0,0,A,Transient-Party,0,1,0,4,1.0,100.8,0,Low,4,🏙️ Viajero Estándar,2,403.2,0
City Hotel,76,2017,July,16,Female,BB,Direct,Direct,0,0,0,A,Transient,0,1,0,5,2.0,54.0,0,Low,4,🏙️ Viajero Estándar,0,540.0,0
City Hotel,1,2015,August,9,Female,BB,Online TA,TA/TO,0,0,0,F,Transient,2,1,0,1,4.0,38.25,1,High,3,👨‍👩‍👧 Turista Familiar,1,153.0,3
City Hotel,172,2017,April,13,Female,BB,Online TA,TA/TO,0,0,0,A,Transient,2,1,0,3,3.0,51.0,1,Low,3,👨‍👩‍👧 Turista Familiar,1,459.0,3
City Hotel,2,2016,March,20,Female,BB,Offline TA/TO,TA/TO,0,0,0,A,Transient-Party,0,1,0,6,2.0,42.5,0,High,4,🏙️ Viajero Estándar,2,510.0,0
Resort Hotel,4,2017,June,6,Female,BB,Offline TA/TO,TA/TO,1,0,3,A,Transient,2,1,0,3,1.0,108.0,0,High,5,🏙️ Viajero Estándar,0,324.0,2
City Hotel,175,2017,August,31,Female,BB,Offline TA/TO,TA/TO,0,0,0,A,Transient,2,1,0,4,2.0,43.425,0,Low,4,🏙️ Viajero Estándar,1,347.4,2
City Hotel,97,2015,October,5,Female,BB,Groups,TA/TO,0,0,0,A,Transient,0,1,0,4,1.0,140.0,0,High,4,🏙️ Viajero Estándar,3,560.0,0
Resort Hotel,2,2015,October,9,Female,BB,Groups,Corporate,0,0,1,A,Transient,0,0,1,1,1.0,48.0,0,High,1,⚡ Reserva de Última Hora,4,48.0,0
Resort Hotel,8,2015,July,7,Male,BB,Online TA,TA/TO,0,0,0,H,Transient,1,1,0,4,5.0,38.6,1,Low,3,👨‍👩‍👧 Turista Familiar,0,772.0,2
Resort Hotel,468,2016,May,12,Female,HB,Groups,TA/TO,0,1,0,A,Transient-Party,0,1,0,2,2.0,33.5,0,High,0,🗓️ Planificador Anticipado,9,134.0,0
Resort Hotel,36,2016,June,9,Male,BB,Online TA,TA/TO,0,0,0,F,Transient,1,1,0,3,3.0,51.01,1,Low,3,👨‍👩‍👧 Turista Familiar,0,459.09000000000003,2
City Hotel,262,2015,November,9,Female,BB,Groups,TA/TO,0,1,0,A,Transient,0,1,0,3,2.0,31.4,0,High,0,🗓️ Planificador Anticipado,9,188.39999999999998,0
City Hotel,91,2016,March,18,Female,BB,Groups,TA/TO,0,0,0,A,Transient,0,1,0,2,1.0,75.0,0,High,4,🏙️ Viajero Estándar,3,150.0,0
City Hotel,50,2016,April,12,Male,HB,Online TA,TA/TO,0,0,0,A,Transient,2,1,0,3,3.0,54.75,1,Low,3,👨‍👩‍👧 Turista Familiar,0,492.75,3
City Hotel,32,2016,October,22,Male,BB,Direct,Direct,0,0,0,A,Transient,2,0,0,7,2.0,59.0,0,Low,1,⚡ Reserva de Última Hora,0,826.0,2
City Hotel,19,2015,October,6,Female,BB,Offline TA/TO,TA/TO,1,1,0,A,Transient,0,1,0,3,1.0,80.0,0,High,5,🏙️ Viajero Estándar,3,240.0,0
City Hotel,61,2016,April,30,Female,BB,Offline TA/TO,TA/TO,0,0,0,A,Transient,1,1,0,2,2.0,44.875,0,Low,4,🏙️ Viajero Estándar,0,179.5,1
City Hotel,297,2017,July,21,Male,BB,Direct,Direct,0,0,0,A,Transient,0,1,0,4,3.0,34.03333333333333,1,Low,3,👨‍👩‍👧 Turista Familiar,3,408.4,1
City Hotel,131,2017,June,8,Male,BB,Online TA,TA/TO,0,0,0,A,Transient,1,1,0,3,2.0,72.0,0,Low,4,🏙️ Viajero Estándar,2,432.0,1
Resort Hotel,228,2016,September,5,Female,HB,Direct,Direct,0,0,1,D,Transient,1,0,0,21,2.0,44.0,0,Low,2,💼 Viajero Premium,4,1848.0,1
City Hotel,330,2016,June,2,Male,BB,Groups,TA/TO,0,0,0,A,Transient,0,1,0,2,2.0,31.0,0,High,4,🏙️ Viajero Estándar,6,124.0,0
City Hotel,53,2016,May,18,Female,BB,Online TA,TA/TO,0,0,0,A,Transient,0,1,0,2,2.0,63.45,0,Medium,4,🏙️ Viajero Estándar,1,253.8,0
City Hotel,144,2016,June,26,Male,SC,Online TA,TA/TO,0,0,0,A,Transient-Party,1,1,0,2,2.0,42.75,0,Low,4,🏙️ Viajero Estándar,2,171.0,1
Resort Hotel,36,2015,December,27,Male,HB,Offline TA/TO,TA/TO,0,0,0,A,Transient,0,1,0,2,2.0,27.7,0,Low,4,🏙️ Viajero Estándar,0,110.8,0
City Hotel,313,2017,April,29,Female,BB,Offline TA/TO,TA/TO,0,0,0,A,Transient,0,1,0,3,2.0,45.0,0,High,4,🏙️ Viajero Estándar,5,270.0,0
Resort Hotel,32,2016,April,19,Female,HB,Groups,Direct,0,0,0,D,Transient-Party,0,1,0,7,2.0,34.68,0,High,4,🏙️ Viajero Estándar,3,485.52,0
City Hotel,524,2016,December,15,Female,BB,Groups,TA/TO,0,0,0,A,Transient,0,1,0,2,2.0,31.4,0,High,4,🏙️ Viajero Estándar,6,125.6,0
City Hotel,56,2017,March,21,Female,BB,Offline TA/TO,TA/TO,0,0,0,A,Transient,0,1,0,3,2.0,42.5,0,High,4,🏙️ Viajero Estándar,2,255.0,0
City Hotel,138,2016,August,18,Female,BB,Online TA,TA/TO,0,0,0,D,Transient,0,1,0,2,3.0,47.4,0,Low,4,🏙️ Viajero Estándar,2,284.4,0
City Hotel,156,2016,August,21,Female,SC,Online TA,TA/TO,0,0,0,A,Transient,0,1,0,3,2.0,51.75,0,Low,4,🏙️ Viajero Estándar,2,310.5,0
City Hotel,164,2015,October,2,Female,BB,Offline TA/TO,TA/TO,0,0,0,A,Transient-Party,0,1,0,2,1.0,100.0,0,High,4,🏙️ Viajero Estándar,4,200.0,0
Resort Hotel,8,2015,November,25,Male,BB,Corporate,Corporate,0,0,7,A,Transient,1,0,1,1,1.0,35.0,0,Low,1,⚡ Reserva de Última Hora,1,35.0,1
Resort Hotel,2,2016,November,18,Female,HB,Direct,TA/TO,0,0,0,A,Transient,2,0,0,2,2.0,36.9,0,Low,1,⚡ Reserva de Última Hora,0,147.6,2
City Hotel,391,2016,July,27,Female,BB,Groups,TA/TO,0,0,0,A,Transient,0,1,0,2,2.0,32.5,0,High,4,🏙️ Viajero Estándar,6,130.0,0
City Hotel,66,2016,November,24,Female,BB,Offline TA/TO,TA/TO,0,0,0,A,Transient,0,1,0,3,2.0,37.5,0,Low,4,🏙️ Viajero Estándar,0,225.0,0
City Hotel,256,2016,August,31,Female,BB,Online TA,TA/TO,0,0,0,A,Transient-Party,0,1,0,4,2.0,45.475,0,Low,4,🏙️ Viajero Estándar,3,363.8,0
City Hotel,94,2016,August,23,Male,BB,Online TA,TA/TO,0,0,0,A,Transient,0,1,0,2,2.0,58.95,0,Low,4,🏙️ Viajero Estándar,0,235.8,0
Resort Hotel,94,2017,February,13,Female,HB,Groups,TA/TO,0,0,0,A,Transient-Party,0,1,0,4,3.0,29.33333333333333,0,Low,4,🏙️ Viajero Estándar,1,351.99999999999994,0
City Hotel,56,2016,March,3,Male,BB,Groups,Corporate,0,0,0,A,Transient-Party,0,0,0,4,2.0,36.0,0,Low,1,⚡ Reserva de Última Hora,2,288.0,0
City Hotel,191,2017,April,6,Male,BB,Online TA,TA/TO,0,0,0,A,Transient,0,1,0,5,2.0,44.2,0,High,4,🏙️ Viajero Estándar,4,442.0,0
Resort Hotel,9,2016,July,1,Female,BB,Online TA,TA/TO,0,0,0,F,Transient,1,1,0,2,2.0,84.5,0,High,4,🏙️ Viajero Estándar,2,338.0,1
City Hotel,81,2016,October,30,Female,BB,Direct,Direct,0,0,0,A,Transient,0,1,0,3,2.0,39.9,0,Low,4,🏙️ Viajero Estándar,0,239.39999999999998,0
City Hotel,150,2016,January,18,Male,BB,Offline TA/TO,TA/TO,0,0,0,A,Transient-Party,0,1,0,5,1.0,80.0,0,High,4,🏙️ Viajero Estándar,4,400.0,0
Resort Hotel,210,2017,August,19,Male,HB,Offline TA/TO,TA/TO,0,0,0,A,Transient,0,1,0,7,3.0,62.41333333333333,0,High,4,🏙️ Viajero Estándar,5,1310.6799999999998,0
City Hotel,448,2017,June,17,Female,BB,Groups,TA/TO,0,0,0,A,Transient-Party,1,1,0,3,2.0,56.335,0,Low,4,🏙️ Viajero Estándar,4,338.01,1
City Hotel,152,2016,July,10,Male,BB,Online TA,TA/TO,0,0,0,D,Transient,3,1,0,4,2.0,67.15,0,High,4,🏙️ Viajero Estándar,3,537.2,3
City Hotel,14,2015,September,4,Female,HB,Online TA,TA/TO,0,0,0,A,Transient,3,1,0,4,2.0,56.5,0,Low,4,🏙️ Viajero Estándar,0,452.0,3
City Hotel,135,2017,April,21,Female,BB,Groups,TA/TO,0,0,0,A,Transient,0,1,0,3,2.0,45.0,0,High,4,🏙️ Viajero Estándar,5,270.0,0
City Hotel,36,2016,September,28,Male,BB,Groups,TA/TO,0,0,0,A,Transient-Party,0,1,0,3,2.0,43.5,0,Low,4,🏙️ Viajero Estándar,1,261.0,0
City Hotel,70,2016,January,27,Female,BB,Offline TA/TO,TA/TO,0,0,0,D,Transient,0,1,0,7,2.0,26.0,0,Low,4,🏙️ Viajero Estándar,0,364.0,0
Resort Hotel,236,2016,May,12,Female,BB,Groups,TA/TO,0,0,0,A,Transient-Party,0,1,0,3,2.0,27.0,0,Low,4,🏙️ Viajero Estándar,4,162.0,0
City Hotel,1,2017,February,3,Male,BB,Online TA,TA/TO,0,0,0,A,Transient,1,1,0,3,2.0,58.5,0,Low,4,🏙️ Viajero Estándar,0,351.0,1
City Hotel,316,2017,May,10,Female,BB,Online TA,TA/TO,0,0,0,D,Transient,1,1,0,2,2.0,61.65,0,High,4,🏙️ Viajero Estándar,5,246.6,1
City Hotel,200,2015,October,2,Female,BB,Online TA,TA/TO,0,0,0,A,Transient,1,1,0,3,2.0,44.625,0,Low,4,🏙️ Viajero Estándar,2,267.75,1
City Hotel,277,2016,November,7,Female,BB,Groups,TA/TO,0,0,0,A,Transient,0,0,0,3,2.0,50.0,0,High,1,⚡ Reserva de Última Hora,7,300.0,0
City Hotel,2,2015,August,9,Female,BB,Direct,Direct,0,0,0,E,Transient,2,0,0,1,2.0,33.75,0,High,1,⚡ Reserva de Última Hora,2,67.5,2
Resort Hotel,242,2017,May,1,Female,HB,Offline TA/TO,TA/TO,0,0,0,E,Transient,1,1,0,14,2.0,42.075,0,Low,4,🏙️ Viajero Estándar,3,1178.1000000000001,1
City Hotel,4,2016,February,7,Male,BB,Online TA,TA/TO,0,0,0,A,Transient,1,1,0,4,1.0,76.22,0,Low,4,🏙️ Viajero Estándar,0,304.88,1
City Hotel,56,2016,June,8,Female,BB,Offline TA/TO,Corporate,0,0,0,A,Transient-Party,0,1,0,1,2.0,60.0,0,High,4,🏙️ Viajero Estándar,2,120.0,0
City Hotel,253,2016,September,26,Male,BB,Online TA,TA/TO,0,0,0,A,Transient,0,1,0,3,1.0,2.0,0,Low,4,🏙️ Viajero Estándar,3,6.0,0
City Hotel,357,2017,May,24,Male,BB,Online TA,TA/TO,0,0,0,A,Transient,1,1,0,2,2.0,54.9,0,Low,4,🏙️ Viajero Estándar,3,219.6,1
City Hotel,118,2017,June,10,Male,BB,Online TA,TA/TO,0,0,0,A,Transient,0,1,0,1,2.0,80.0,0,Low,4,🏙️ Viajero Estándar,0,160.0,0
Resort Hotel,170,2017,July,16,Male,HB,Offline TA/TO,TA/TO,0,0,0,E,Transient,0,1,0,15,2.0,81.9,0,Low,2,💼 Viajero Premium,2,2457.0,0
Resort Hotel,207,2016,October,4,Male,HB,Offline TA/TO,TA/TO,0,0,0,A,Transient,0,1,0,6,2.0,35.0,0,Low,4,🏙️ Viajero Estándar,3,420.0,0
City Hotel,87,2017,April,15,Male,BB,Groups,TA/TO,0,0,0,A,Transient,0,1,0,4,2.0,47.5,0,High,4,🏙️ Viajero Estándar,3,380.0,0
City Hotel,37,2017,March,15,Male,BB,Groups,TA/TO,0,0,0,A,Transient,0,1,0,2,2.0,55.0,0,High,4,🏙️ Viajero Estándar,3,220.0,0
City Hotel,110,2017,April,10,Female,SC,Online TA,TA/TO,0,0,0,A,Transient,1,1,0,3,2.0,49.5,0,Low,4,🏙️ Viajero Estándar,0,297.0,1
Resort Hotel,0,2015,November,4,Male,BB,Online TA,TA/TO,0,0,0,A,Transient,1,1,0,2,1.0,44.1,0,High,4,🏙️ Viajero Estándar,2,88.2,1
City Hotel,74,2015,September,18,Female,HB,Offline TA/TO,TA/TO,0,0,0,A,Transient-Party,0,1,0,2,2.0,50.75,0,High,4,🏙️ Viajero Estándar,2,203.0,0
Resort Hotel,143,2017,March,5,Female,HB,Offline TA/TO,TA/TO,0,0,0,D,Transient,0,1,0,7,2.0,26.2,0,Low,4,🏙️ Viajero Estándar,2,366.8,0
City Hotel,2,2015,December,11,Male,SC,Online TA,TA/TO,0,0,0,A,Transient,0,1,0,1,2.0,47.0,0,High,4,🏙️ Viajero Estándar,2,94.0,0
City Hotel,344,2016,June,16,Female,BB,Groups,TA/TO,0,0,0,A,Transient,0,1,0,2,2.0,31.0,0,High,4,🏙️ Viajero Estándar,6,124.0,0
City Hotel,43,2016,November,29,Male,BB,Online TA,TA/TO,0,0,0,A,Transient,1,1,0,15,1.0,74.8,0,Low,4,🏙️ Viajero Estándar,0,1122.0,1
City Hotel,100,2017,August,1,Female,SC,Online TA,TA/TO,0,0,0,A,Transient-Party,0,1,0,7,2.0,62.5,0,Low,4,🏙️ Viajero Estándar,0,875.0,0
City Hotel,92,2015,July,1,Male,BB,Online TA,TA/TO,0,0,0,A,Transient,2,1,0,6,2.0,38.25,0,High,4,🏙️ Viajero Estándar,1,459.0,2
City Hotel,215,2017,April,14,Male,SC,Online TA,TA/TO,0,0,0,A,Transient,1,1,0,4,2.0,55.0,0,Low,4,🏙️ Viajero Estándar,3,440.0,1
Resort Hotel,208,2016,April,19,Female,HB,Groups,Direct,0,0,0,E,Transient,0,1,0,7,2.0,30.15,0,High,4,🏙️ Viajero Estándar,6,422.09999999999997,0
City Hotel,158,2017,March,27,Female,BB,Groups,TA/TO,0,0,0,A,Transient-Party,1,1,0,2,2.0,47.5,0,Low,4,🏙️ Viajero Estándar,3,190.0,1
Resort Hotel,78,2015,October,9,Female,FB,Groups,TA/TO,0,0,0,A,Transient,0,1,0,3,2.0,46.0,0,Low,4,🏙️ Viajero Estándar,1,276.0,0
Resort Hotel,49,2015,July,27,Female,BB,Online TA,TA/TO,0,0,0,A,Transient,0,1,0,6,2.0,59.085,0,High,4,🏙️ Viajero Estándar,2,709.02,0
Resort Hotel,0,2017,February,17,Male,BB,Direct,Direct,0,0,0,E,Transient,0,0,0,3,2.0,38.0,0,Low,1,⚡ Reserva de Última Hora,1,228.0,0
City Hotel,133,2017,July,7,Female,BB,Online TA,TA/TO,0,0,0,A,Transient,2,1,0,3,2.0,53.55,0,Low,4,🏙️ Viajero Estándar,1,321.29999999999995,2
City Hotel,80,2017,January,20,Female,BB,Online TA,TA/TO,0,0,0,A,Transient,0,1,0,2,2.0,46.8,0,Low,4,🏙️ Viajero Estándar,0,187.2,0
Resort Hotel,199,2016,May,2,Female,HB,Groups,TA/TO,0,0,0,A,Transient-Party,0,1,0,2,2.0,42.5,0,High,4,🏙️ Viajero Estándar,5,170.0,0
Resort Hotel,40,2016,July,22,Male,BB,Online TA,TA/TO,0,0,0,D,Transient,0,1,0,6,2.0,97.0,0,Low,4,🏙️ Viajero Estándar,0,1164.0,0
City Hotel,2,2016,November,2,Male,BB,Aviation,Corporate,0,0,0,D,Transient,0,0,1,2,1.0,94.0,0,High,1,⚡ Reserva de Última Hora,3,188.0,0
City Hotel,13,2016,March,27,Female,BB,Offline TA/TO,TA/TO,0,0,0,A,Transient,0,1,0,4,2.0,39.575,0,Low,4,🏙️ Viajero Estándar,0,316.6,0
City Hotel,5,2016,November,6,Female,SC,Online TA,TA/TO,0,0,0,A,Transient,1,1,0,5,2.0,53.34,0,Low,4,🏙️ Viajero Estándar,0,533.4000000000001,1
City Hotel,153,2015,August,3,Male,BB,Groups,TA/TO,0,1,0,A,Transient,0,1,0,3,2.0,30.0,0,High,0,🗓️ Planificador Anticipado,8,180.0,0
City Hotel,54,2016,February,8,Female,BB,Online TA,TA/TO,0,0,0,A,Transient,1,1,0,5,2.0,37.975,0,Low,4,🏙️ Viajero Estándar,0,379.75,1
Resort Hotel,10,2017,February,12,Male,BB,Online TA,TA/TO,0,0,0,A,Transient,1,1,0,1,2.0,24.0,0,High,4,🏙️ Viajero Estándar,2,48.0,1
Resort Hotel,23,2016,August,4,Female,HB,Online TA,TA/TO,0,0,0,A,Transient,0,1,0,3,3.0,90.9,1,High,3,👨‍👩‍👧 Turista Familiar,2,818.1000000000001,1
City Hotel,235,2016,August,6,Male,BB,Online TA,TA/TO,0,0,0,A,Transient-Party,2,1,0,2,2.0,52.65,0,High,4,🏙️ Viajero Estándar,4,210.6,2
City Hotel,242,2016,October,28,Female,BB,Online TA,TA/TO,0,0,0,D,Transient,1,1,0,4,3.0,31.71,1,Low,3,👨‍👩‍👧 Turista Familiar,3,380.52,2
City Hotel,185,2017,May,12,Female,SC,Online TA,TA/TO,0,0,0,A,Transient,0,1,0,5,2.0,57.15,0,Low,4,🏙️ Viajero Estándar,2,571.5,0
City Hotel,16,2016,October,29,Male,BB,Online TA,TA/TO,0,0,0,A,Transient,2,1,0,3,2.0,70.0,0,Low,4,🏙️ Viajero Estándar,0,420.0,2
City Hotel,229,2017,July,12,Male,BB,Groups,TA/TO,0,0,0,A,Transient,0,0,0,5,2.0,55.0,0,High,1,⚡ Reserva de Última Hora,7,550.0,0
City Hotel,158,2016,May,24,Male,BB,Groups,TA/TO,0,0,0,A,Transient,0,1,0,2,1.0,130.0,0,High,4,🏙️ Viajero Estándar,5,260.0,0
City Hotel,17,2015,September,26,Female,BB,Groups,TA/TO,0,0,0,A,Transient-Party,0,1,0,4,1.0,170.0,0,Low,4,🏙️ Viajero Estándar,1,680.0,0
Resort Hotel,149,2017,July,26,Female,BB,Direct,Direct,0,0,0,C,Transient,0,1,0,4,4.0,52.8125,1,Low,3,👨‍👩‍👧 Turista Familiar,2,845.0,1
Resort Hotel,163,2015,October,23,Female,BB,Online TA,TA/TO,0,0,0,A,Transient-Party,1,1,0,3,1.0,47.0,0,Low,4,🏙️ Viajero Estándar,2,141.0,1
Resort Hotel,1,2016,August,11,Female,BB,Direct,Direct,0,0,0,A,Transient,0,1,0,1,1.0,149.0,0,High,4,🏙️ Viajero Estándar,2,149.0,0
Resort Hotel,81,2016,April,3,Female,BB,Online TA,TA/TO,0,0,0,A,Transient,1,1,0,5,2.0,26.1,0,High,4,🏙️ Viajero Estándar,2,261.0,1
City Hotel,91,2017,April,2,Male,BB,Online TA,TA/TO,0,0,0,A,Transient,4,1,0,4,2.0,58.5,0,Low,4,🏙️ Viajero Estándar,0,468.0,4
City Hotel,122,2016,April,15,Female,BB,Offline TA/TO,TA/TO,0,0,0,A,Transient-Party,0,1,0,2,2.0,42.5,0,High,4,🏙️ Viajero Estándar,4,170.0,0
City Hotel,143,2016,November,17,Male,BB,Online TA,TA/TO,0,0,0,A,Transient,1,1,0,1,1.0,84.6,0,Medium,4,🏙️ Viajero Estándar,3,84.6,1
Resort Hotel,120,2015,August,4,Female,BB,Offline TA/TO,TA/TO,0,0,0,A,Transient-Party,1,1,0,7,2.0,45.475,0,Low,4,🏙️ Viajero Estándar,0,636.65,1
City Hotel,113,2016,February,25,Female,BB,Offline TA/TO,TA/TO,0,1,0,A,Transient,0,1,0,3,2.0,37.5,0,High,0,🗓️ Planificador Anticipado,5,225.0,0
City Hotel,395,2016,March,21,Female,BB,Groups,TA/TO,0,1,0,A,Transient,0,1,0,3,2.0,31.4,0,High,0,🗓️ Planificador Anticipado,9,188.39999999999998,0
City Hotel,391,2016,August,4,Female,BB,Groups,TA/TO,0,0,0,A,Transient,0,1,0,1,1.0,59.0,0,High,4,🏙️ Viajero Estándar,6,59.0,0
City Hotel,71,2017,July,7,Male,BB,Online TA,TA/TO,0,0,0,D,Transient,1,1,0,3,2.0,75.0,0,Low,4,🏙️ Viajero Estándar,0,450.0,1
Resort Hotel,7,2017,March,2,Male,BB,Groups,Corporate,0,0,0,A,Transient-Party,0,0,1,4,1.0,29.0,0,Low,1,⚡ Reserva de Última Hora,2,116.0,0
City Hotel,151,2015,July,25,Male,HB,Groups,TA/TO,0,1,0,A,Transient-Party,0,1,0,3,2.0,43.0,0,High,0,🗓️ Planificador Anticipado,8,258.0,0
City Hotel,169,2017,June,8,Female,BB,Offline TA/TO,TA/TO,0,0,0,A,Transient,0,1,0,3,2.0,85.0,0,High,4,🏙️ Viajero Estándar,4,510.0,0
City Hotel,158,2016,May,25,Female,BB,Online TA,TA/TO,0,0,0,A,Transient,1,1,0,4,3.0,38.25,1,Low,3,👨‍👩‍👧 Turista Familiar,2,459.0,2
Resort Hotel,50,2016,October,29,Male,BB,Online TA,TA/TO,0,0,0,E,Transient,1,1,0,1,2.0,44.0,0,Low,4,🏙️ Viajero Estándar,0,88.0,1
City Hotel,0,2017,July,2,Female,SC,Direct,Direct,0,0,0,B,Transient,0,0,0,1,2.0,49.0,0,High,1,⚡ Reserva de Última Hora,3,98.0,0
City Hotel,73,2017,July,24,Female,BB,Online TA,TA/TO,0,0,0,A,Transient,0,1,0,4,2.0,73.75,0,Low,4,🏙️ Viajero Estándar,0,590.0,0
City Hotel,0,2016,April,28,Female,BB,Offline TA/TO,TA/TO,0,0,0,A,Transient-Party,2,1,0,1,1.0,45.0,0,Low,4,🏙️ Viajero Estándar,0,45.0,2
Resort Hotel,0,2017,May,5,Female,BB,Online TA,TA/TO,0,0,0,A,Transient,0,1,0,2,2.0,40.0,0,High,4,🏙️ Viajero Estándar,2,160.0,0
City Hotel,316,2016,May,19,Female,BB,Groups,TA/TO,0,0,0,A,Transient,0,1,0,2,2.0,31.0,0,High,4,🏙️ Viajero Estándar,6,124.0,0
City Hotel,158,2017,March,27,Female,BB,Groups,TA/TO,0,0,0,A,Transient-Party,0,1,0,2,2.0,47.5,0,Low,4,🏙️ Viajero Estándar,3,190.0,0
Resort Hotel,43,2017,January,27,Male,BB,Online TA,TA/TO,0,0,0,A,Transient-Party,0,1,0,3,2.0,24.0,0,Low,4,🏙️ Viajero Estándar,0,144.0,0
Resort Hotel,219,2016,March,2,Male,HB,Offline TA/TO,TA/TO,0,0,0,A,Transient,0,1,0,7,2.0,26.0,0,High,4,🏙️ Viajero Estándar,5,364.0,0
City Hotel,288,2016,May,5,Female,BB,Groups,TA/TO,0,0,0,A,Transient-Party,0,1,0,3,2.0,32.5,0,High,4,🏙️ Viajero Estándar,6,195.0,0
Resort Hotel,162,2016,March,24,Female,Undefined,Groups,TA/TO,0,0,0,A,Transient-Party,0,0,0,3,2.0,42.0,0,Low,1,⚡ Reserva de Última Hora,4,252.0,0
City Hotel,97,2016,August,5,Female,BB,Online TA,TA/TO,0,0,0,D,Transient,1,1,0,3,3.0,50.1,0,Low,4,🏙️ Viajero Estándar,0,450.90000000000003,1
Resort Hotel,21,2017,July,17,Male,BB,Online TA,TA/TO,0,0,0,E,Transient,1,1,0,4,2.0,115.0,0,Low,4,🏙️ Viajero Estándar,0,920.0,1
City Hotel,214,2016,November,20,Female,BB,Groups,Corporate,0,0,0,A,Transient,0,0,1,3,1.0,75.0,0,Low,1,⚡ Reserva de Última Hora,5,225.0,0
City Hotel,1,2016,December,29,Female,SC,Online TA,TA/TO,0,0,0,A,Transient,1,1,0,2,2.0,60.0,0,Low,4,🏙️ Viajero Estándar,0,240.0,1
City Hotel,18,2017,February,17,Male,BB,Direct,Direct,0,0,0,D,Transient,0,1,0,2,2.0,49.44,0,Low,4,🏙️ Viajero Estándar,0,197.76,0
City Hotel,142,2016,May,6,Female,BB,Online TA,TA/TO,0,0,0,D,Transient,0,1,0,3,2.0,57.15,0,Low,4,🏙️ Viajero Estándar,2,342.9,0
City Hotel,99,2017,May,30,Female,HB,Online TA,TA/TO,0,0,0,A,Transient,2,1,0,4,2.0,84.6,0,Low,4,🏙️ Viajero Estándar,0,676.8,2
Resort Hotel,320,2017,July,4,Male,BB,Online TA,TA/TO,0,0,0,A,Transient,0,1,0,3,2.0,46.69,0,Low,4,🏙️ Viajero Estándar,3,280.14,0
City Hotel,211,2016,May,20,Male,BB,Offline TA/TO,TA/TO,0,0,0,A,Transient,0,1,0,2,2.0,50.0,0,High,4,🏙️ Viajero Estándar,5,200.0,0
Resort Hotel,198,2016,October,15,Male,BB,Online TA,TA/TO,0,0,0,D,Transient-Party,0,1,0,7,2.0,34.0,0,Low,4,🏙️ Viajero Estándar,2,476.0,0
City Hotel,37,2016,June,29,Female,BB,Offline TA/TO,TA/TO,0,0,0,A,Transient,1,1,0,1,3.0,37.2,0,Low,4,🏙️ Viajero Estándar,0,111.60000000000001,1
City Hotel,408,2017,May,30,Female,BB,Groups,TA/TO,0,0,0,A,Transient,0,1,0,1,2.0,45.0,0,High,4,🏙️ Viajero Estándar,6,90.0,0
City Hotel,27,2017,February,23,Female,BB,Online TA,TA/TO,0,0,0,D,Transient,0,1,0,3,2.0,59.0,0,Medium,4,🏙️ Viajero Estándar,1,354.0,0
City Hotel,110,2015,July,25,Male,HB,Offline TA/TO,TA/TO,0,0,0,A,Transient-Party,0,1,0,3,2.0,47.25,0,Medium,4,🏙️ Viajero Estándar,1,283.5,0
City Hotel,129,2017,June,2,Female,BB,Groups,TA/TO,0,0,0,A,Transient,0,1,0,3,2.0,65.0,0,High,4,🏙️ Viajero Estándar,5,390.0,0
Resort Hotel,275,2015,October,4,Female,HB,Offline TA/TO,TA/TO,0,26,0,A,Transient,0,1,0,2,2.0,25.0,0,High,5,🏙️ Viajero Estándar,8,100.0,0
City Hotel,152,2016,July,11,Male,BB,Online TA,TA/TO,0,0,0,A,Transient-Party,2,1,0,2,2.0,49.5,0,High,4,🏙️ Viajero Estándar,3,198.0,2
Resort Hotel,43,2017,June,11,Male,BB,Online TA,TA/TO,0,0,0,A,Transient,1,1,0,7,2.0,70.0,0,Low,4,🏙️ Viajero Estándar,0,980.0,1
City Hotel,19,2016,February,13,Female,BB,Direct,Direct,0,0,0,D,Transient,2,0,0,1,2.0,50.25,0,High,1,⚡ Reserva de Última Hora,2,100.5,2
City Hotel,107,2016,June,10,Female,BB,Offline TA/TO,TA/TO,0,0,0,A,Transient-Party,0,1,0,2,1.0,120.0,0,Low,4,🏙️ Viajero Estándar,0,240.0,0
City Hotel,16,2016,February,27,Male,BB,Direct,Direct,0,0,0,D,Transient,0,1,0,7,1.0,101.0,0,Low,4,🏙️ Viajero Estándar,0,707.0,0
City Hotel,281,2016,April,14,Male,BB,Groups,TA/TO,0,0,0,A,Transient,0,1,0,2,2.0,31.0,0,High,4,🏙️ Viajero Estándar,6,124.0,0
City Hotel,1,2017,August,27,Female,SC,Online TA,TA/TO,0,0,0,A,Transient,0,1,0,1,1.0,80.1,0,Low,4,🏙️ Viajero Estándar,0,80.1,0
City Hotel,88,2017,June,17,Female,HB,Online TA,TA/TO,0,0,0,A,Transient,0,1,0,1,3.0,68.10000000000001,1,Low,3,👨‍👩‍👧 Turista Familiar,0,204.3,1
Resort Hotel,4,2016,August,23,Female,BB,Corporate,Corporate,0,0,0,A,Transient,0,0,1,1,1.0,138.0,0,High,1,⚡ Reserva de Última Hora,3,138.0,0
City Hotel,111,2017,May,14,Female,BB,Online TA,TA/TO,0,0,0,D,Transient,0,1,0,3,2.0,58.8,0,Low,4,🏙️ Viajero Estándar,0,352.79999999999995,0
City Hotel,74,2015,September,18,Male,HB,Offline TA/TO,TA/TO,0,0,0,A,Transient-Party,0,1,0,2,2.0,54.5,0,High,4,🏙️ Viajero Estándar,2,218.0,0
Resort Hotel,190,2017,July,17,Female,Undefined,Direct,Direct,0,0,0,D,Transient,0,1,0,7,3.0,91.48333333333332,0,Low,2,💼 Viajero Premium,2,1921.1499999999996,0
Resort Hotel,11,2015,December,6,Male,BB,Offline TA/TO,TA/TO,0,0,0,D,Transient,0,1,0,2,2.0,18.5,0,Low,4,🏙️ Viajero Estándar,0,74.0,0
City Hotel,46,2017,March,6,Female,BB,Online TA,TA/TO,0,0,0,D,Transient,0,1,0,7,2.0,50.15,0,High,4,🏙️ Viajero Estándar,2,702.1,0
Resort Hotel,240,2016,October,21,Male,HB,Offline TA/TO,TA/TO,0,0,0,E,Contract,2,1,0,7,2.0,42.475,0,Low,0,🗓️ Planificador Anticipado,2,594.65,2
City Hotel,279,2015,July,23,Male,BB,Groups,TA/TO,0,1,0,A,Contract,0,1,0,2,2.0,31.0,0,High,0,🗓️ Planificador Anticipado,9,124.0,0
City Hotel,2,2015,November,9,Female,BB,Direct,Direct,0,0,0,A,Transient,0,1,0,11,2.0,47.905,0,High,4,🏙️ Viajero Estándar,2,1053.91,0
Resort Hotel,54,2015,August,18,Female,HB,Online TA,TA/TO,0,0,0,A,Transient,1,1,0,5,2.0,75.615,0,Low,4,🏙️ Viajero Estándar,0,756.15,1
City Hotel,9,2017,February,8,Male,BB,Direct,Direct,0,0,0,B,Transient,0,1,0,4,2.0,45.55,0,Low,4,🏙️ Viajero Estándar,0,364.4,0
City Hotel,64,2016,October,31,Male,BB,Online TA,TA/TO,0,0,0,D,Transient,4,1,0,3,2.0,52.8,0,Low,4,🏙️ Viajero Estándar,0,316.79999999999995,4
City Hotel,594,2017,February,23,Male,BB,Groups,TA/TO,0,0,0,A,Transient,0,1,0,2,2.0,31.0,0,High,4,🏙️ Viajero Estándar,6,124.0,0
City Hotel,23,2016,February,12,Female,BB,Online TA,TA/TO,0,0,0,A,Transient,0,1,0,3,2.0,36.4,0,Low,4,🏙️ Viajero Estándar,0,218.39999999999998,0
Resort Hotel,30,2015,August,28,Male,BB,Direct,Direct,0,0,0,A,Transient,3,1,0,1,2.0,57.5,0,Low,4,🏙️ Viajero Estándar,0,115.0,3
City Hotel,4,2017,April,12,Male,SC,Online TA,TA/TO,0,0,0,A,Transient,2,1,0,3,2.0,78.335,0,Low,4,🏙️ Viajero Estándar,0,470.01,2
City Hotel,84,2017,May,12,Male,BB,Online TA,TA/TO,0,0,0,D,Transient,0,1,0,2,3.0,63.0,0,Medium,4,🏙️ Viajero Estándar,1,378.0,0
City Hotel,92,2016,November,29,Male,BB,Groups,TA/TO,0,0,0,A,Transient,0,0,1,3,2.0,45.0,0,High,1,⚡ Reserva de Última Hora,4,270.0,0
City Hotel,4,2016,September,13,Female,BB,Online TA,TA/TO,0,0,0,D,Transient,1,1,0,3,2.0,87.335,0,Low,4,🏙️ Viajero Estándar,0,524.01,1
City Hotel,32,2016,November,11,Female,BB,Online TA,TA/TO,0,0,0,A,Transient,1,1,0,2,2.0,65.0,0,Low,4,🏙️ Viajero Estándar,0,260.0,1
Resort Hotel,0,2017,February,22,Female,BB,Direct,Direct,0,0,0,E,Transient,0,0,0,1,2.0,40.0,0,Low,1,⚡ Reserva de Última Hora,1,80.0,0
City Hotel,8,2017,April,13,Female,SC,Online TA,TA/TO,0,0,0,A,Transient,1,1,0,4,2.0,92.625,0,Low,4,🏙️ Viajero Estándar,0,741.0,1
City Hotel,73,2016,July,12,Male,SC,Direct,Direct,0,0,0,A,Transient,1,1,0,1,2.0,52.5,0,Low,4,🏙️ Viajero Estándar,0,105.0,1
City Hotel,184,2017,May,28,Female,BB,Groups,TA/TO,0,0,0,A,Transient,0,1,0,5,2.0,65.0,0,High,4,🏙️ Viajero Estándar,5,650.0,0
City Hotel,85,2015,July,24,Male,BB,Online TA,TA/TO,0,0,0,A,Transient,0,1,0,5,2.0,38.25,0,High,4,🏙️ Viajero Estándar,2,382.5,0
Resort Hotel,11,2016,January,15,Female,BB,Online TA,TA/TO,0,0,0,H,Transient,0,1,0,2,4.0,17.8,1,High,3,👨‍👩‍👧 Turista Familiar,2,142.4,1
City Hotel,4,2016,July,27,Female,BB,Online TA,TA/TO,0,0,0,D,Transient,1,1,0,3,3.0,59.0,0,Low,4,🏙️ Viajero Estándar,0,531.0,1
City Hotel,26,2015,October,31,Female,BB,Online TA,TA/TO,0,0,0,A,Contract,1,1,0,7,2.0,47.98,0,Medium,0,🗓️ Planificador Anticipado,1,671.7199999999999,1
City Hotel,36,2017,March,14,Female,BB,Online TA,TA/TO,0,0,0,D,Transient,0,1,0,4,2.0,53.34,0,Low,4,🏙️ Viajero Estándar,0,426.72,0
Resort Hotel,55,2016,October,3,Female,BB,Online TA,TA/TO,0,0,0,D,Transient,2,1,0,9,1.0,89.0,0,Low,4,🏙️ Viajero Estándar,0,801.0,2
City Hotel,135,2017,June,30,Female,BB,Groups,TA/TO,0,0,0,A,Transient,0,1,0,1,2.0,65.0,0,High,4,🏙️ Viajero Estándar,5,130.0,0
City Hotel,130,2016,September,3,Female,BB,Offline TA/TO,TA/TO,0,0,0,A,Transient,0,1,0,3,2.0,40.375,0,Low,4,🏙️ Viajero Estándar,2,242.25,0
City Hotel,25,2017,January,6,Male,BB,Direct,Direct,0,0,0,G,Transient,0,1,0,2,2.0,99.0,0,Low,4,🏙️ Viajero Estándar,0,396.0,0
City Hotel,248,2017,April,9,Female,BB,Groups,TA/TO,0,0,0,A,Transient-Party,1,1,0,2,2.0,40.0,0,Low,4,🏙️ Viajero Estándar,4,160.0,1
Resort Hotel,92,2016,February,26,Female,Undefined,Groups,TA/TO,0,1,0,A,Transient,0,1,0,3,2.0,39.5,0,High,0,🗓️ Planificador Anticipado,6,237.0,0
City Hotel,233,2015,November,7,Female,BB,Groups,TA/TO,0,0,0,A,Transient-Party,0,1,0,2,2.0,30.0,0,High,4,🏙️ Viajero Estándar,6,120.0,0
City Hotel,131,2016,August,22,Male,SC,Online TA,TA/TO,0,0,0,A,Transient,0,1,0,4,2.0,46.125,0,High,4,🏙️ Viajero Estándar,4,369.0,0
City Hotel,183,2016,September,8,Female,BB,Offline TA/TO,TA/TO,0,0,0,A,Transient-Party,1,1,0,3,2.0,55.0,0,Low,4,🏙️ Viajero Estándar,2,330.0,1
City Hotel,355,2015,October,7,Female,BB,Groups,TA/TO,0,1,0,A,Transient-Party,0,1,0,2,2.0,31.0,0,High,0,🗓️ Planificador Anticipado,9,124.0,0
City Hotel,0,2017,March,24,Female,BB,Online TA,TA/TO,1,0,0,A,Transient,0,1,0,0,0.0,0.0,0,High,5,🏙️ Viajero Estándar,0,0.0,0
City Hotel,61,2017,January,8,Male,BB,Offline TA/TO,TA/TO,0,0,0,A,Transient,0,1,0,5,2.0,36.0,0,Low,4,🏙️ Viajero Estándar,0,360.0,0
City Hotel,96,2017,April,26,Female,BB,Groups,TA/TO,0,0,0,A,Transient,0,1,0,2,2.0,65.0,0,High,4,🏙️ Viajero Estándar,3,260.0,0
City Hotel,150,2016,June,14,Female,BB,Online TA,TA/TO,0,0,0,D,Transient,2,1,0,6,2.0,60.915,0,Low,4,🏙️ Viajero Estándar,1,730.98,2
City Hotel,181,2016,October,11,Female,BB,Offline TA/TO,TA/TO,0,0,0,A,Transient-Party,0,1,0,2,1.0,120.0,0,Low,4,🏙️ Viajero Estándar,2,240.0,0
City Hotel,6,2015,December,31,Male,BB,Online TA,TA/TO,0,0,0,D,Transient,1,1,0,2,2.0,68.5,0,Low,4,🏙️ Viajero Estándar,0,274.0,1
City Hotel,39,2015,August,14,Female,HB,Offline TA/TO,TA/TO,0,0,0,A,Transient-Party,0,1,0,2,2.0,54.5,0,Low,4,🏙️ Viajero Estándar,0,218.0,0
City Hotel,19,2017,May,12,Female,BB,Online TA,TA/TO,0,0,0,D,Transient,1,1,0,7,2.0,92.145,0,Low,4,🏙️ Viajero Estándar,0,1290.03,1
City Hotel,286,2015,July,30,Male,BB,Groups,TA/TO,0,1,0,A,Contract,0,1,0,2,2.0,31.0,0,High,0,🗓️ Planificador Anticipado,9,124.0,0
City Hotel,37,2016,October,13,Male,BB,Offline TA/TO,TA/TO,0,0,0,A,Transient-Party,0,1,0,3,2.0,52.5,0,High,4,🏙️ Viajero Estándar,2,315.0,0
City Hotel,102,2015,October,16,Female,HB,Offline TA/TO,TA/TO,0,0,0,A,Transient-Party,0,1,0,2,2.0,54.5,0,Low,4,🏙️ Viajero Estándar,0,218.0,0
City Hotel,280,2016,September,19,Female,BB,Offline TA/TO,TA/TO,0,0,0,A,Transient,0,1,0,3,2.0,55.0,0,High,4,🏙️ Viajero Estándar,5,330.0,0
City Hotel,1,2017,February,26,Female,BB,Direct,Direct,0,0,0,A,Transient,1,1,0,2,3.0,41.0,1,Low,3,👨‍👩‍👧 Turista Familiar,0,246.0,2
City Hotel,59,2017,January,23,Female,BB,Groups,TA/TO,0,0,0,A,Transient,0,1,0,2,2.0,40.0,0,High,4,🏙️ Viajero Estándar,3,160.0,0
Resort Hotel,50,2017,February,25,Male,BB,Direct,Direct,0,0,0,A,Transient,1,1,0,3,3.0,13.2,1,High,3,👨‍👩‍👧 Turista Familiar,2,118.79999999999998,2
City Hotel,37,2016,July,1,Female,BB,Online TA,TA/TO,0,0,0,D,Transient,0,1,0,1,2.0,65.7,0,Medium,4,🏙️ Viajero Estándar,1,131.4,0
City Hotel,330,2015,September,12,Female,BB,Groups,TA/TO,0,1,0,A,Transient-Party,0,1,0,3,2.0,31.4,0,High,0,🗓️ Planificador Anticipado,9,188.39999999999998,0
City Hotel,50,2015,October,24,Female,BB,Groups,Direct,0,0,0,A,Transient,0,0,0,2,2.0,37.5,0,High,1,⚡ Reserva de Última Hora,4,150.0,0
City Hotel,25,2017,August,14,Female,SC,Online TA,TA/TO,0,0,0,A,Transient,1,1,0,3,2.0,84.5,0,Low,4,🏙️ Viajero Estándar,0,507.0,1
City Hotel,151,2016,July,4,Female,BB,Direct,Direct,0,0,0,F,Transient,0,1,0,1,4.0,42.975,1,Low,3,👨‍👩‍👧 Turista Familiar,2,171.9,1
Resort Hotel,6,2015,December,6,Male,BB,Online TA,TA/TO,0,1,0,D,Transient,0,1,0,2,2.0,27.2,0,High,0,🗓️ Planificador Anticipado,5,108.8,0
City Hotel,153,2017,July,9,Female,SC,Online TA,TA/TO,0,0,0,A,Transient,0,1,0,1,2.0,44.55,0,Low,4,🏙️ Viajero Estándar,2,89.1,0
City Hotel,70,2016,September,15,Male,BB,Online TA,TA/TO,0,0,0,D,Transient,0,1,0,2,2.0,74.7,0,High,4,🏙️ Viajero Estándar,2,298.8,0
City Hotel,62,2016,May,19,Female,SC,Online TA,TA/TO,0,0,0,A,Transient,0,1,0,1,1.0,116.1,0,Low,4,🏙️ Viajero Estándar,0,116.1,0
City Hotel,104,2017,March,19,Male,BB,Offline TA/TO,TA/TO,0,0,0,A,Transient-Party,0,1,0,7,1.0,65.0,0,Low,4,🏙️ Viajero Estándar,0,455.0,0
City Hotel,83,2015,September,30,Male,HB,Offline TA/TO,TA/TO,0,0,0,A,Transient-Party,0,1,0,1,2.0,56.1,0,High,4,🏙️ Viajero Estándar,2,112.2,0
City Hotel,69,2017,April,7,Female,BB,Online TA,TA/TO,0,0,0,D,Transient,1,1,0,2,3.0,54.0,0,Low,4,🏙️ Viajero Estándar,0,324.0,1
City Hotel,5,2016,August,26,Male,SC,Online TA,TA/TO,0,0,0,A,Transient,1,1,0,3,2.0,48.38,0,High,4,🏙️ Viajero Estándar,2,290.28000000000003,1
City Hotel,77,2015,August,3,Female,BB,Online TA,TA/TO,0,0,0,A,Transient,0,1,0,17,2.0,38.25,0,High,2,💼 Viajero Premium,2,1300.5,0
Resort Hotel,167,2015,September,17,Female,HB,Offline TA/TO,TA/TO,0,0,0,D,Contract,3,1,0,14,2.0,34.0,0,Low,2,💼 Viajero Premium,1,952.0,3
City Hotel,72,2016,June,1,Male,BB,Online TA,TA/TO,0,0,0,D,Transient,0,1,0,3,2.0,54.055,0,Low,4,🏙️ Viajero Estándar,0,324.33,0
City Hotel,3,2017,January,24,Male,SC,Online TA,TA/TO,0,0,0,A,Transient,0,1,0,1,1.0,88.0,0,High,4,🏙️ Viajero Estándar,2,88.0,0
Resort Hotel,256,2015,August,1,Female,BB,Online TA,TA/TO,0,1,0,G,Transient-Party,1,1,0,9,4.0,49.75,1,High,2,💼 Viajero Premium,8,1791.0,2
Resort Hotel,109,2015,July,4,Male,BB,Online TA,TA/TO,0,0,0,A,Transient,1,1,0,8,2.0,61.5,0,High,4,🏙️ Viajero Estándar,2,984.0,1
City Hotel,4,2015,August,17,Male,BB,Online TA,TA/TO,0,0,0,A,Contract,3,1,0,4,2.0,61.0,0,Low,0,🗓️ Planificador Anticipado,0,488.0,3
City Hotel,13,2015,October,6,Female,BB,Offline TA/TO,TA/TO,0,0,0,D,Transient,1,1,0,3,2.0,37.5,0,Low,4,🏙️ Viajero Estándar,0,225.0,1
Resort Hotel,2,2017,February,27,Female,HB,Online TA,TA/TO,0,0,0,A,Transient,1,1,0,1,2.0,46.0,0,Low,4,🏙️ Viajero Estándar,0,92.0,1
City Hotel,265,2015,July,9,Female,BB,Groups,TA/TO,0,1,0,A,Contract,0,1,0,2,2.0,31.0,0,High,0,🗓️ Planificador Anticipado,9,124.0,0
City Hotel,3,2016,September,22,Female,BB,Corporate,Corporate,0,0,0,D,Transient,0,0,1,1,1.0,166.25,0,High,1,⚡ Reserva de Última Hora,3,166.25,0
City Hotel,105,2016,April,6,Female,BB,Offline TA/TO,TA/TO,0,0,0,A,Transient,0,1,0,1,2.0,37.5,0,High,4,🏙️ Viajero Estándar,2,75.0,0
City Hotel,178,2017,July,13,Female,HB,Direct,Direct,0,0,0,E,Transient,3,1,0,7,4.0,53.5,1,Low,3,👨‍👩‍👧 Turista Familiar,1,1498.0,4
City Hotel,29,2016,December,2,Female,BB,Corporate,TA/TO,0,0,0,A,Transient-Party,1,0,0,2,1.0,66.18,0,Low,1,⚡ Reserva de Última Hora,1,132.36,1
Resort Hotel,61,2016,March,14,Female,BB,Offline TA/TO,TA/TO,0,0,0,D,Transient,1,1,0,4,2.0,17.575,0,Low,4,🏙️ Viajero Estándar,0,140.6,1
City Hotel,82,2017,March,5,Male,BB,Online TA,TA/TO,0,0,0,A,Transient,0,1,0,6,2.0,45.9,0,Low,4,🏙️ Viajero Estándar,0,550.8,0
Resort Hotel,111,2015,October,23,Male,BB,Online TA,TA/TO,0,0,0,A,Transient,1,1,0,3,2.0,22.5,0,High,4,🏙️ Viajero Estándar,2,135.0,1
City Hotel,61,2016,December,16,Female,BB,Direct,Direct,0,0,0,A,Transient,0,1,0,3,2.0,39.6,0,Low,4,🏙️ Viajero Estándar,0,237.60000000000002,0
City Hotel,197,2017,March,16,Female,SC,Online TA,TA/TO,0,0,0,A,Transient,2,1,0,3,2.0,39.6,0,Low,4,🏙️ Viajero Estándar,1,237.60000000000002,2
Resort Hotel,86,2017,March,9,Female,Undefined,Groups,TA/TO,0,0,0,A,Transient,0,1,0,3,2.0,23.0,0,High,0,🗓️ Planificador Anticipado,3,138.0,0
City Hotel,247,2016,June,6,Female,HB,Offline TA/TO,TA/TO,0,0,0,A,Transient-Party,1,1,0,2,2.0,57.5,0,Low,4,🏙️ Viajero Estándar,3,230.0,1
City Hotel,280,2017,August,16,Male,BB,Online TA,TA/TO,0,0,0,A,Transient,0,1,0,6,2.0,56.55,0,Medium,4,🏙️ Viajero Estándar,4,678.5999999999999,0
City Hotel,27,2016,July,23,Female,BB,Online TA,TA/TO,0,0,0,D,Transient,2,1,0,1,3.0,62.333333333333336,0,High,4,🏙️ Viajero Estándar,1,187.0,2
Resort Hotel,41,2016,September,23,Female,BB,Online TA,TA/TO,0,0,0,E,Transient,1,1,0,1,1.0,139.0,0,Low,4,🏙️ Viajero Estándar,0,139.0,1
City Hotel,78,2017,April,29,Female,BB,Groups,TA/TO,0,0,0,A,Transient,0,1,0,3,2.0,45.0,0,High,4,🏙️ Viajero Estándar,3,270.0,0
Resort Hotel,19,2017,August,31,Female,HB,Online TA,TA/TO,0,0,0,A,Transient,0,1,0,3,2.0,82.8,0,Low,4,🏙️ Viajero Estándar,0,496.79999999999995,0
City Hotel,220,2016,September,17,Male,HB,Offline TA/TO,TA/TO,0,0,0,A,Transient-Party,0,1,0,3,1.0,128.0,0,Medium,4,🏙️ Viajero Estándar,4,384.0,0
City Hotel,133,2016,October,23,Male,BB,Direct,Direct,0,0,0,D,Transient,0,1,0,4,2.0,54.19,0,Low,4,🏙️ Viajero Estándar,2,433.52,0
Resort Hotel,213,2016,May,16,Male,HB,Groups,TA/TO,0,0,0,A,Transient-Party,0,1,0,2,1.0,54.5,0,Low,4,🏙️ Viajero Estándar,4,109.0,0
City Hotel,23,2016,January,2,Female,HB,Offline TA/TO,TA/TO,0,0,0,A,Transient-Party,0,1,0,3,2.0,54.5,0,Medium,4,🏙️ Viajero Estándar,1,327.0,0
Resort Hotel,238,2017,February,10,Female,HB,Groups,TA/TO,0,0,0,A,Transient,0,1,0,2,2.0,27.0,0,High,4,🏙️ Viajero Estándar,6,108.0,0
City Hotel,39,2017,July,15,Female,SC,Online TA,TA/TO,0,0,0,A,Transient,0,1,0,1,1.0,140.0,0,Low,4,🏙️ Viajero Estándar,0,140.0,0
City Hotel,195,2015,September,17,Male,BB,Offline TA/TO,TA/TO,0,1,0,A,Transient,0,1,0,2,2.0,24.0,0,High,0,🗓️ Planificador Anticipado,7,96.0,0
City Hotel,47,2016,April,12,Female,BB,Online TA,TA/TO,0,0,0,A,Transient,0,1,0,1,1.0,99.9,0,Low,4,🏙️ Viajero Estándar,0,99.9,0
City Hotel,58,2016,January,27,Female,BB,Offline TA/TO,TA/TO,0,1,0,A,Transient-Party,0,1,0,2,1.0,80.0,0,High,0,🗓️ Planificador Anticipado,5,160.0,0
City Hotel,49,2017,April,16,Male,SC,Online TA,TA/TO,0,0,0,A,Transient,0,1,0,2,2.0,54.0,0,Low,4,🏙️ Viajero Estándar,0,216.0,0
Resort Hotel,349,2016,August,4,Female,BB,Online TA,TA/TO,0,0,0,A,Transient,3,1,0,5,2.0,62.7,0,High,4,🏙️ Viajero Estándar,4,627.0,3
Resort Hotel,0,2017,April,8,Male,BB,Direct,Direct,0,0,0,A,Transient,0,0,0,1,2.0,55.0,0,High,1,⚡ Reserva de Última Hora,3,110.0,0
Resort Hotel,3,2015,October,9,Female,BB,Online TA,TA/TO,0,0,0,E,Transient,2,1,0,3,2.0,41.665,0,Low,4,🏙️ Viajero Estándar,0,249.99,2
Resort Hotel,27,2017,March,16,Male,BB,Online TA,TA/TO,0,0,0,D,Transient,1,0,0,1,2.0,34.0,0,Low,1,⚡ Reserva de Última Hora,1,68.0,1
City Hotel,38,2017,January,14,Male,BB,Corporate,Corporate,0,0,0,A,Transient,0,0,1,1,1.0,75.0,0,High,1,⚡ Reserva de Última Hora,3,75.0,0
City Hotel,61,2017,May,17,Male,BB,Online TA,TA/TO,0,0,0,A,Transient,1,1,0,4,2.0,81.0,0,Low,4,🏙️ Viajero Estándar,0,648.0,1
Resort Hotel,154,2017,August,21,Female,HB,Offline TA/TO,TA/TO,0,0,0,A,Contract,1,1,0,7,2.0,66.43,0,Low,0,🗓️ Planificador Anticipado,2,930.0200000000001,1
City Hotel,183,2017,January,1,Female,BB,Online TA,TA/TO,0,0,0,F,Transient,1,1,0,6,4.0,38.375,1,Low,3,👨‍👩‍👧 Turista Familiar,2,921.0,2
City Hotel,105,2017,August,13,Female,SC,Online TA,TA/TO,0,0,0,A,Transient,1,1,0,5,2.0,47.5,0,Low,4,🏙️ Viajero Estándar,0,475.0,1
City Hotel,194,2017,April,21,Female,BB,Online TA,TA/TO,0,0,0,A,Transient,2,1,0,5,2.0,58.5,0,Low,4,🏙️ Viajero Estándar,1,585.0,2
City Hotel,4,2016,February,13,Male,BB,Direct,Direct,0,0,0,D,Transient,2,1,0,1,2.0,47.5,0,High,4,🏙️ Viajero Estándar,1,95.0,2
Resort Hotel,1,2016,December,17,Male,HB,Online TA,TA/TO,0,0,0,G,Transient,1,1,0,1,3.0,45.333333333333336,1,Low,3,👨‍👩‍👧 Turista Familiar,0,136.0,2
City Hotel,6,2016,November,24,Male,BB,Corporate,Corporate,1,1,3,A,Transient,1,0,1,1,1.0,65.0,0,High,5,🏙️ Viajero Estándar,4,65.0,1
Resort Hotel,82,2017,July,23,Female,HB,Direct,Direct,0,0,0,F,Transient,2,1,0,8,2.0,147.0,0,Low,2,💼 Viajero Premium,0,2352.0,2
City Hotel,174,2015,October,10,Female,BB,Offline TA/TO,TA/TO,0,0,0,A,Transient,0,1,0,2,2.0,35.0,0,High,4,🏙️ Viajero Estándar,4,140.0,0
City Hotel,22,2017,April,21,Female,SC,Online TA,TA/TO,0,0,0,A,Transient,1,1,0,4,2.0,57.5,0,Medium,4,🏙️ Viajero Estándar,1,460.0,1
City Hotel,272,2015,July,16,Female,BB,Groups,TA/TO,0,1,0,A,Contract,0,1,0,2,2.0,31.0,0,High,0,🗓️ Planificador Anticipado,9,124.0,0
City Hotel,0,2017,May,19,Female,BB,Direct,Direct,0,0,0,F,Transient,0,0,0,1,4.0,76.25,1,Low,3,👨‍👩‍👧 Turista Familiar,1,305.0,1
City Hotel,34,2016,November,7,Female,BB,Online TA,GDS,0,0,0,A,Transient,0,1,0,3,1.0,169.2,0,Low,4,🏙️ Viajero Estándar,0,507.59999999999997,0
Resort Hotel,139,2016,April,4,Male,BB,Online TA,TA/TO,0,0,0,D,Transient,1,1,0,2,3.0,31.33333333333333,0,High,4,🏙️ Viajero Estándar,4,187.99999999999997,1
City Hotel,14,2016,July,2,Female,BB,Online TA,TA/TO,0,0,0,A,Transient,2,1,0,5,2.0,75.5,0,Low,4,🏙️ Viajero Estándar,0,755.0,2
Resort Hotel,237,2017,May,3,Male,HB,Online TA,TA/TO,0,0,0,E,Transient-Party,0,1,0,1,2.0,54.9,0,Low,4,🏙️ Viajero Estándar,3,109.8,0
City Hotel,46,2016,July,27,Male,BB,Online TA,TA/TO,0,0,0,A,Transient,2,1,0,1,3.0,50.7,1,Low,3,👨‍👩‍👧 Turista Familiar,0,152.10000000000002,3
City Hotel,86,2016,December,24,Female,BB,Online TA,TA/TO,0,0,0,D,Transient,2,1,0,5,3.0,39.66666666666666,0,Low,4,🏙️ Viajero Estándar,0,594.9999999999999,2
City Hotel,265,2016,April,20,Male,BB,Groups,TA/TO,0,0,0,A,Transient,0,1,0,4,2.0,50.5,0,High,4,🏙️ Viajero Estándar,6,404.0,0
City Hotel,52,2017,January,6,Female,BB,Online TA,TA/TO,1,1,1,A,Transient,2,1,0,4,2.0,44.2,0,Medium,5,🏙️ Viajero Estándar,1,353.6,2
Resort Hotel,47,2016,November,19,Female,BB,Online TA,TA/TO,0,0,0,A,Transient,2,1,0,5,2.0,18.9,0,Low,4,🏙️ Viajero Estándar,0,189.0,2
City Hotel,47,2017,July,3,Male,BB,Online TA,TA/TO,0,0,0,E,Transient,1,1,0,4,3.0,78.16666666666667,0,Low,4,🏙️ Viajero Estándar,0,938.0,1
Resort Hotel,2,2017,February,23,Female,Undefined,Groups,TA/TO,0,0,0,A,Transient-Party,0,1,0,2,1.0,0.0,0,Low,4,🏙️ Viajero Estándar,1,0.0,0
Resort Hotel,199,2016,May,2,Female,HB,Groups,TA/TO,0,0,0,A,Transient-Party,0,1,0,2,2.0,42.5,0,Low,4,🏙️ Viajero Estándar,3,170.0,0
City Hotel,99,2017,June,9,Female,HB,Online TA,TA/TO,0,0,0,D,Transient,0,1,0,1,1.0,146.16,0,Medium,4,🏙️ Viajero Estándar,1,146.16,0
City Hotel,246,2017,July,10,Female,BB,Online TA,TA/TO,0,0,0,A,Transient,1,1,0,1,2.0,53.55,0,Low,4,🏙️ Viajero Estándar,3,107.1,1
City Hotel,97,2017,July,11,Male,BB,Online TA,TA/TO,0,0,0,D,Transient,2,1,0,3,2.0,75.0,0,Low,4,🏙️ Viajero Estándar,0,450.0,2
Resort Hotel,250,2017,June,26,Female,BB,Direct,Direct,0,0,0,A,Transient,0,1,0,5,3.0,44.2,1,Low,3,👨‍👩‍👧 Turista Familiar,3,663.0000000000001,1
Resort Hotel,106,2016,March,24,Female,FB,Groups,Direct,0,0,0,A,Transient,0,1,0,4,2.0,42.0,0,High,4,🏙️ Viajero Estándar,3,336.0,0
City Hotel,4,2016,September,20,Male,SC,Offline TA/TO,TA/TO,0,0,0,A,Transient,0,1,0,1,3.0,50.73333333333333,1,High,3,👨‍👩‍👧 Turista Familiar,2,152.2,1
Resort Hotel,54,2015,September,5,Female,BB,Direct,Direct,0,0,0,A,Transient,2,1,0,7,2.0,49.0,0,Low,4,🏙️ Viajero Estándar,0,686.0,2
City Hotel,179,2016,September,2,Female,BB,Online TA,TA/TO,0,0,0,B,Transient-Party,0,1,0,7,2.0,60.505,1,Low,3,👨‍👩‍👧 Turista Familiar,2,847.07,1
City Hotel,127,2017,August,16,Female,BB,Offline TA/TO,TA/TO,0,0,0,A,Transient,1,1,0,7,2.0,40.05,0,Low,4,🏙️ Viajero Estándar,2,560.6999999999999,1
Resort Hotel,74,2017,March,30,Female,BB,Online TA,TA/TO,0,0,0,G,Transient,1,1,0,7,4.0,28.3225,1,High,3,👨‍👩‍👧 Turista Familiar,2,793.0300000000001,2
Resort Hotel,12,2016,July,24,Female,BB,Direct,Direct,0,0,0,A,Transient-Party,0,0,0,1,2.0,63.0,0,High,1,⚡ Reserva de Última Hora,3,126.0,0
Resort Hotel,21,2017,May,28,Female,BB,Online TA,TA/TO,0,0,0,D,Transient,3,1,0,3,2.0,71.0,0,High,4,🏙️ Viajero Estándar,1,426.0,3
Resort Hotel,0,2017,January,9,Male,BB,Online TA,TA/TO,1,0,0,A,Transient,0,1,0,1,2.0,15.495,0,Low,5,🏙️ Viajero Estándar,0,30.99,0
Resort Hotel,80,2015,August,1,Female,BB,Online TA,TA/TO,0,0,0,C,Transient,1,1,0,10,4.0,42.25,1,High,3,👨‍👩‍👧 Turista Familiar,2,1690.0,2
Resort Hotel,57,2017,March,11,Male,HB,Groups,TA/TO,0,0,0,D,Transient-Party,0,1,0,7,1.0,51.0,0,High,4,🏙️ Viajero Estándar,3,357.0,0
City Hotel,69,2016,June,12,Female,BB,Offline TA/TO,TA/TO,0,0,0,A,Transient,0,1,0,6,1.0,120.0,0,High,4,🏙️ Viajero Estándar,2,720.0,0
City Hotel,95,2017,March,25,Male,BB,Offline TA/TO,TA/TO,0,0,0,A,Transient,0,1,0,5,2.0,36.0,0,Low,4,🏙️ Viajero Estándar,0,360.0,0
Resort Hotel,16,2015,July,25,Female,BB,Direct,Direct,0,0,0,A,Transient,0,0,0,2,2.0,67.0,0,High,1,⚡ Reserva de Última Hora,3,268.0,0
City Hotel,50,2016,December,4,Female,BB,Online TA,TA/TO,0,0,0,A,Transient,0,1,0,4,2.0,44.2,0,Low,4,🏙️ Viajero Estándar,0,353.6,0
Resort Hotel,2,2017,February,22,Female,BB,Groups,Direct,0,0,0,A,Transient-Party,0,0,0,4,1.0,36.0,0,High,1,⚡ Reserva de Última Hora,4,144.0,0
City Hotel,23,2017,August,3,Male,SC,Online TA,TA/TO,0,0,0,A,Transient,1,1,0,4,2.0,73.5,0,Low,4,🏙️ Viajero Estándar,0,588.0,1
Resort Hotel,2,2015,October,14,Male,BB,Corporate,Corporate,0,1,0,A,Transient,0,0,0,1,1.0,47.0,0,High,1,⚡ Reserva de Última Hora,6,47.0,0
City Hotel,3,2016,March,25,Female,SC,Online TA,TA/TO,0,0,0,A,Transient,1,1,0,3,2.0,67.835,0,Low,4,🏙️ Viajero Estándar,0,407.01,1
Resort Hotel,23,2017,April,20,Female,BB,Groups,Direct,0,0,0,A,Transient-Party,0,0,0,3,2.0,49.5,0,Low,1,⚡ Reserva de Última Hora,2,297.0,0
City Hotel,103,2016,November,7,Female,BB,Online TA,TA/TO,0,0,0,A,Transient,2,1,0,4,1.0,187.25,0,Low,4,🏙️ Viajero Estándar,0,749.0,2
City Hotel,168,2017,May,14,Female,SC,Online TA,TA/TO,0,0,0,A,Transient,0,1,0,3,2.0,54.0,0,Low,4,🏙️ Viajero Estándar,2,324.0,0
City Hotel,260,2016,October,22,Male,BB,Online TA,TA/TO,0,0,0,A,Transient-Party,3,1,0,7,3.0,36.22666666666667,1,Low,3,👨‍👩‍👧 Turista Familiar,2,760.76,4
Resort Hotel,99,2015,October,24,Female,BB,Online TA,TA/TO,0,0,0,E,Transient,2,1,0,2,2.0,32.5,0,High,4,🏙️ Viajero Estándar,1,130.0,2
City Hotel,192,2016,June,24,Female,BB,Offline TA/TO,TA/TO,0,0,0,A,Transient-Party,0,1,0,2,1.0,95.0,0,High,4,🏙️ Viajero Estándar,4,190.0,0
City Hotel,273,2015,July,17,Male,HB,Offline TA/TO,TA/TO,0,1,0,A,Transient-Party,0,1,0,2,2.0,50.75,0,High,0,🗓️ Planificador Anticipado,8,203.0,0
Resort Hotel,10,2016,March,11,Female,BB,Online TA,TA/TO,0,0,0,E,Transient,1,1,0,4,2.0,33.75,0,Low,4,🏙️ Viajero Estándar,0,270.0,1
City Hotel,41,2016,April,21,Female,BB,Online TA,TA/TO,0,0,0,G,Transient,0,1,0,3,4.0,47.895,1,High,3,👨‍👩‍👧 Turista Familiar,2,574.74,1
City Hotel,21,2015,September,3,Male,BB,Online TA,TA/TO,0,0,0,A,Contract,0,1,0,2,2.0,52.5,0,Low,0,🗓️ Planificador Anticipado,0,210.0,0
Resort Hotel,6,2016,November,25,Male,Undefined,Direct,Direct,0,0,0,F,Transient,0,1,0,1,2.0,73.5,0,High,4,🏙️ Viajero Estándar,2,147.0,0
Resort Hotel,234,2016,October,23,Female,HB,Offline TA/TO,TA/TO,0,0,0,A,Contract,2,1,0,7,2.0,18.7,0,Low,0,🗓️ Planificador Anticipado,2,261.8,2
City Hotel,3,2015,August,17,Female,BB,Corporate,Corporate,0,0,0,A,Transient,0,0,1,4,2.0,65.0,0,High,1,⚡ Reserva de Última Hora,3,520.0,0
Resort Hotel,0,2017,July,15,Female,BB,Direct,Direct,0,0,0,A,Transient-Party,0,0,0,1,2.0,97.5,0,Low,1,⚡ Reserva de Última Hora,1,195.0,0
City Hotel,6,2017,July,14,Female,BB,Online TA,TA/TO,0,0,0,E,Transient,2,1,0,2,2.0,86.25,0,Low,4,🏙️ Viajero Estándar,0,345.0,2
Resort Hotel,5,2017,May,15,Female,BB,Complementary,TA/TO,1,0,3,E,Transient,2,1,0,1,1.0,0.0,0,Low,5,🏙️ Viajero Estándar,0,0.0,2
City Hotel,6,2015,September,20,Female,BB,Corporate,Corporate,0,1,0,A,Transient,0,1,0,2,2.0,50.0,0,High,0,🗓️ Planificador Anticipado,5,200.0,0
Resort Hotel,156,2017,May,8,Male,HB,Groups,TA/TO,0,0,0,A,Transient-Party,1,1,0,7,2.0,40.0,0,Low,4,🏙️ Viajero Estándar,3,560.0,1
Resort Hotel,229,2017,March,27,Female,BB,Online TA,TA/TO,0,0,0,A,Transient,2,1,0,7,2.0,26.215,0,Low,4,🏙️ Viajero Estándar,2,367.01,2
Resort Hotel,134,2017,April,13,Female,HB,Offline TA/TO,TA/TO,0,0,0,D,Transient-Party,1,1,0,3,2.0,47.7,0,High,4,🏙️ Viajero Estándar,4,286.20000000000005,1
City Hotel,0,2015,October,12,Male,BB,Corporate,Corporate,0,0,0,A,Transient,0,0,1,3,1.0,65.0,0,High,1,⚡ Reserva de Última Hora,3,195.0,0
City Hotel,8,2016,April,16,Male,BB,Online TA,TA/TO,0,0,0,D,Transient,1,1,0,4,3.0,48.16666666666666,0,Low,4,🏙️ Viajero Estándar,0,577.9999999999999,1
Resort Hotel,33,2017,June,10,Female,BB,Direct,Direct,0,0,0,A,Transient,2,0,0,1,2.0,59.0,0,High,1,⚡ Reserva de Última Hora,2,118.0,2
City Hotel,13,2016,March,20,Female,BB,Offline TA/TO,TA/TO,0,0,0,A,Transient-Party,1,1,0,1,2.0,42.5,0,High,4,🏙️ Viajero Estándar,2,85.0,1
City Hotel,115,2017,May,18,Male,BB,Offline TA/TO,TA/TO,0,0,0,A,Transient,0,1,0,3,2.0,95.0,0,High,4,🏙️ Viajero Estándar,2,570.0,0
Resort Hotel,22,2017,August,25,Male,HB,Online TA,TA/TO,0,0,0,C,Transient-Party,2,1,0,3,4.0,78.6675,1,Low,3,👨‍👩‍👧 Turista Familiar,0,944.01,3
City Hotel,63,2016,April,13,Female,BB,Online TA,TA/TO,0,0,0,F,Transient,1,1,0,4,4.0,41.8625,1,Low,3,👨‍👩‍👧 Turista Familiar,0,669.8,2
Resort Hotel,9,2015,October,14,Male,BB,Online TA,TA/TO,0,0,0,A,Transient,1,1,0,5,2.0,24.1,0,High,4,🏙️ Viajero Estándar,2,241.0,1
City Hotel,462,2017,July,1,Male,BB,Groups,TA/TO,0,0,0,A,Transient-Party,1,1,0,3,2.0,56.335,0,High,4,🏙️ Viajero Estándar,6,338.01,1
Resort Hotel,8,2015,July,14,Male,HB,Online TA,TA/TO,0,0,0,A,Transient,1,1,0,7,2.0,84.285,0,Low,4,🏙️ Viajero Estándar,0,1179.99,1
City Hotel,330,2015,September,12,Male,BB,Groups,TA/TO,0,1,0,A,Transient-Party,0,1,0,4,2.0,31.0,0,High,0,🗓️ Planificador Anticipado,9,248.0,0
City Hotel,212,2016,September,26,Female,BB,Online TA,TA/TO,0,0,0,A,Transient-Party,1,1,0,4,2.0,64.825,0,Low,4,🏙️ Viajero Estándar,3,518.6,1
Resort Hotel,109,2016,March,7,Female,BB,Offline TA/TO,TA/TO,0,0,0,A,Transient,1,1,0,4,2.0,13.75,0,Low,4,🏙️ Viajero Estándar,0,110.0,1
City Hotel,86,2016,October,20,Male,BB,Online TA,TA/TO,0,0,0,G,Transient,1,1,0,3,4.0,48.215,0,Low,4,🏙️ Viajero Estándar,0,578.58,1
City Hotel,79,2017,April,24,Female,BB,Online TA,TA/TO,0,0,0,D,Transient,1,1,0,4,2.0,66.375,0,Low,4,🏙️ Viajero Estándar,0,531.0,1
City Hotel,221,2016,June,10,Female,BB,Offline TA/TO,TA/TO,0,1,0,A,Transient,0,1,0,3,2.0,40.0,0,High,0,🗓️ Planificador Anticipado,8,240.0,0
Resort Hotel,256,2016,June,17,Male,BB,Online TA,TA/TO,0,0,0,A,Transient,1,1,0,9,2.0,36.0,0,High,4,🏙️ Viajero Estándar,5,648.0,1
City Hotel,9,2015,August,23,Female,BB,Direct,Direct,0,0,0,A,Transient,0,1,0,2,2.0,37.5,0,Low,4,🏙️ Viajero Estándar,0,150.0,0
Resort Hotel,207,2016,August,12,Female,BB,Online TA,TA/TO,0,0,0,A,Transient,0,1,0,3,2.0,76.0,0,High,4,🏙️ Viajero Estándar,5,456.0,0
Resort Hotel,147,2016,March,28,Male,HB,Offline TA/TO,TA/TO,0,0,0,E,Transient-Party,0,0,0,7,2.0,36.5,0,High,1,⚡ Reserva de Última Hora,5,511.0,0
Resort Hotel,10,2016,October,9,Female,BB,Groups,Corporate,0,0,0,A,Transient-Party,0,0,0,2,2.0,27.5,0,Low,1,⚡ Reserva de Última Hora,2,110.0,0
Resort Hotel,32,2016,April,19,Male,HB,Groups,Direct,0,0,0,D,Transient-Party,0,1,0,7,2.0,34.68,0,High,4,🏙️ Viajero Estándar,3,485.52,0
Resort Hotel,88,2016,April,15,Female,BB,Offline TA/TO,TA/TO,0,0,0,D,Transient,1,1,0,7,2.0,34.85,0,Low,4,🏙️ Viajero Estándar,0,487.90000000000003,1
Resort Hotel,11,2015,December,5,Female,FB,Offline TA/TO,TA/TO,0,1,0,A,Transient-Party,0,0,0,3,2.0,32.0,0,High,1,⚡ Reserva de Última Hora,6,192.0,0
City Hotel,320,2016,August,18,Female,HB,Offline TA/TO,TA/TO,0,0,0,A,Transient-Party,1,1,0,2,2.0,57.5,0,Low,4,🏙️ Viajero Estándar,3,230.0,1
Resort Hotel,107,2015,July,2,Female,BB,Online TA,TA/TO,0,0,0,A,Transient,2,1,0,7,2.0,55.35,0,High,4,🏙️ Viajero Estándar,1,774.9,2
City Hotel,177,2017,July,3,Male,SC,Online TA,TA/TO,0,0,0,A,Transient,0,1,0,2,2.0,44.55,0,Low,4,🏙️ Viajero Estándar,2,178.2,0
City Hotel,20,2017,May,24,Male,BB,Groups,TA/TO,0,0,0,A,Transient-Party,0,1,0,1,2.0,60.0,0,Low,4,🏙️ Viajero Estándar,1,120.0,0
Resort Hotel,12,2016,January,30,Female,BB,Offline TA/TO,TA/TO,0,0,0,A,Transient,0,1,0,1,1.0,25.0,0,Low,4,🏙️ Viajero Estándar,0,25.0,0
Resort Hotel,19,2017,January,15,Male,BB,Online TA,TA/TO,0,0,0,H,Transient,1,1,0,4,4.0,23.25,1,Low,3,👨‍👩‍👧 Turista Familiar,0,372.0,2
Resort Hotel,44,2016,April,6,Female,HB,Direct,Direct,0,0,0,A,Transient-Party,2,1,0,4,2.0,41.5,0,High,4,🏙️ Viajero Estándar,1,332.0,2
City Hotel,80,2015,October,9,Male,HB,Offline TA/TO,TA/TO,0,0,0,D,Transient-Party,0,1,0,2,1.0,108.0,0,High,4,🏙️ Viajero Estándar,2,216.0,0
City Hotel,285,2016,October,3,Female,BB,Offline TA/TO,TA/TO,0,0,0,A,Transient,0,1,0,4,2.0,50.0,0,High,4,🏙️ Viajero Estándar,5,400.0,0
Resort Hotel,2,2017,February,10,Female,BB,Online TA,TA/TO,0,0,0,A,Transient,2,1,0,2,2.0,24.0,0,Low,4,🏙️ Viajero Estándar,0,96.0,2
Resort Hotel,40,2017,January,16,Male,Undefined,Groups,Direct,0,0,0,A,Transient-Party,0,0,0,3,1.0,55.0,0,High,1,⚡ Reserva de Última Hora,4,165.0,0
City Hotel,18,2016,December,30,Female,BB,Direct,Direct,0,0,0,G,Transient,0,0,0,2,4.0,50.0,1,High,3,👨‍👩‍👧 Turista Familiar,3,400.0,1
Resort Hotel,5,2016,March,20,Female,BB,Offline TA/TO,TA/TO,0,0,0,A,Transient,0,1,0,4,3.0,13.8,1,Low,3,👨‍👩‍👧 Turista Familiar,0,165.60000000000002,1
Resort Hotel,100,2016,August,6,Male,BB,Online TA,TA/TO,0,0,0,A,Transient,0,1,0,2,2.0,100.5,0,Low,4,🏙️ Viajero Estándar,0,402.0,0
City Hotel,20,2016,March,31,Female,BB,Corporate,Corporate,0,0,0,A,Transient,0,0,1,2,1.0,79.0,0,High,1,⚡ Reserva de Última Hora,3,158.0,0
City Hotel,262,2017,May,24,Female,BB,Online TA,TA/TO,0,0,0,D,Transient,2,1,0,4,3.0,52.5,0,Low,4,🏙️ Viajero Estándar,2,630.0,2
City Hotel,78,2016,April,5,Female,BB,Online TA,TA/TO,0,0,0,D,Transient,0,1,0,4,2.0,48.665,0,Low,4,🏙️ Viajero Estándar,0,389.32,0
Resort Hotel,342,2016,September,29,Female,BB,Groups,TA/TO,0,0,0,A,Transient-Party,0,1,0,6,1.0,36.0,0,Low,4,🏙️ Viajero Estándar,4,216.0,0
Resort Hotel,32,2015,August,21,Female,BB,Online TA,TA/TO,0,0,0,A,Transient,2,1,0,6,2.0,89.165,0,Low,4,🏙️ Viajero Estándar,0,1069.98,2
Resort Hotel,53,2016,September,23,Female,BB,Online TA,TA/TO,0,0,0,E,Transient,3,1,0,3,2.0,64.665,0,Low,4,🏙️ Viajero Estándar,0,387.99,3
City Hotel,55,2015,September,6,Male,BB,Groups,TA/TO,0,0,0,A,Transient-Party,0,1,0,2,2.0,37.5,0,Low,4,🏙️ Viajero Estándar,1,150.0,0
City Hotel,5,2015,December,22,Female,BB,Complementary,Direct,0,0,0,B,Transient,0,0,0,5,2.0,0.0,1,High,3,👨‍👩‍👧 Turista Familiar,3,0.0,1
City Hotel,342,2015,September,24,Female,BB,Groups,TA/TO,0,1,0,A,Contract,0,1,0,2,2.0,31.0,0,High,0,🗓️ Planificador Anticipado,9,124.0,0
City Hotel,77,2016,March,26,Male,BB,Online TA,TA/TO,0,0,0,D,Transient,0,1,0,7,2.0,48.51,0,Low,4,🏙️ Viajero Estándar,0,679.14,0
City Hotel,41,2016,September,18,Male,BB,Online TA,TA/TO,0,0,0,D,Transient,1,1,0,3,2.0,74.7,0,Low,4,🏙️ Viajero Estándar,0,448.20000000000005,1
City Hotel,68,2017,July,10,Female,SC,Online TA,TA/TO,0,0,0,A,Transient,1,1,0,1,2.0,50.0,0,Low,4,🏙️ Viajero Estándar,0,100.0,1
City Hotel,50,2017,March,21,Female,SC,Online TA,TA/TO,0,0,0,A,Transient,0,1,0,4,2.0,28.8,0,Low,4,🏙️ Viajero Estándar,0,230.4,0
Resort Hotel,22,2017,June,29,Female,BB,Direct,Direct,0,0,0,A,Transient,0,0,0,1,1.0,60.0,0,High,1,⚡ Reserva de Última Hora,3,60.0,0
Resort Hotel,91,2015,July,17,Female,BB,Online TA,TA/TO,0,0,0,A,Transient,3,1,0,3,3.0,39.5,1,Low,3,👨‍👩‍👧 Turista Familiar,0,355.5,4
City Hotel,42,2017,April,16,Female,BB,Online TA,TA/TO,0,0,0,D,Transient,0,1,0,4,2.0,73.125,0,Low,4,🏙️ Viajero Estándar,0,585.0,0
Resort Hotel,5,2017,January,19,Female,BB,Online TA,TA/TO,0,0,0,A,Transient,3,1,0,3,1.0,43.0,0,Low,4,🏙️ Viajero Estándar,0,129.0,3
City Hotel,6,2016,May,9,Male,BB,Online TA,TA/TO,0,0,0,D,Transient,1,1,0,2,2.0,63.0,0,Low,4,🏙️ Viajero Estándar,0,252.0,1
City Hotel,50,2016,January,29,Female,BB,Online TA,TA/TO,0,0,0,A,Transient,0,1,0,3,1.0,72.9,0,Low,4,🏙️ Viajero Estándar,0,218.70000000000002,0
City Hotel,177,2017,August,16,Female,BB,Online TA,TA/TO,0,0,0,D,Transient,0,1,0,4,2.0,60.885,0,Low,4,🏙️ Viajero Estándar,2,487.08,0
City Hotel,24,2016,February,22,Female,BB,Offline TA/TO,TA/TO,0,0,0,A,Transient,0,1,0,3,2.0,36.4,0,High,4,🏙️ Viajero Estándar,2,218.39999999999998,0
Resort Hotel,31,2016,April,16,Female,BB,Offline TA/TO,TA/TO,0,0,0,A,Transient,0,1,0,7,2.0,20.7,0,Low,4,🏙️ Viajero Estándar,0,289.8,0
City Hotel,30,2017,June,4,Female,SC,Online TA,TA/TO,0,0,0,A,Transient,1,1,0,3,2.0,66.665,0,Low,4,🏙️ Viajero Estándar,0,399.99,1
Resort Hotel,3,2016,March,4,Male,BB,Online TA,TA/TO,0,0,0,D,Transient,1,1,0,5,2.0,29.0,0,Low,4,🏙️ Viajero Estándar,0,290.0,1
City Hotel,150,2016,October,3,Female,BB,Online TA,TA/TO,0,0,0,A,Transient,0,1,0,3,3.0,45.0,1,Medium,3,👨‍👩‍👧 Turista Familiar,3,405.0,1
City Hotel,159,2016,May,26,Female,BB,Online TA,TA/TO,0,0,0,A,Transient,1,1,0,3,3.0,39.95,1,High,3,👨‍👩‍👧 Turista Familiar,4,359.55,2
Resort Hotel,287,2015,October,15,Female,BB,Groups,Corporate,0,0,0,A,Transient-Party,0,0,1,4,1.0,37.0,0,Low,1,⚡ Reserva de Última Hora,5,148.0,0
City Hotel,0,2017,January,25,Male,BB,Groups,TA/TO,0,0,0,A,Transient-Party,0,0,1,2,1.0,85.0,0,High,1,⚡ Reserva de Última Hora,4,170.0,0
Resort Hotel,73,2016,November,12,Female,BB,Online TA,TA/TO,0,0,0,A,Transient,1,1,0,1,2.0,18.9,0,High,4,🏙️ Viajero Estándar,2,37.8,1
City Hotel,39,2016,March,6,Female,BB,Online TA,TA/TO,0,0,0,A,Transient,1,1,0,5,2.0,58.05,0,Medium,4,🏙️ Viajero Estándar,1,580.5,1
City Hotel,32,2015,November,20,Male,BB,Offline TA/TO,TA/TO,0,0,0,A,Transient-Party,0,1,0,2,1.0,73.0,0,High,4,🏙️ Viajero Estándar,2,146.0,0
Resort Hotel,121,2015,December,4,Female,BB,Online TA,TA/TO,0,0,0,E,Transient,2,1,0,1,2.0,25.2,0,High,4,🏙️ Viajero Estándar,3,50.4,2
City Hotel,147,2016,July,22,Female,BB,Offline TA/TO,TA/TO,0,0,0,A,Transient,1,1,0,3,3.0,28.19333333333333,1,Low,3,👨‍👩‍👧 Turista Familiar,2,253.74,2
City Hotel,152,2015,October,29,Female,BB,Offline TA/TO,TA/TO,0,0,0,A,Transient,0,1,0,4,2.0,28.26,0,Low,4,🏙️ Viajero Estándar,2,226.08,0
City Hotel,111,2017,August,14,Female,BB,Online TA,TA/TO,0,0,0,E,Transient,2,1,0,3,3.0,75.0,0,Medium,4,🏙️ Viajero Estándar,0,675.0,2
Resort Hotel,152,2017,June,28,Female,HB,Online TA,TA/TO,0,0,0,A,Transient,0,1,0,5,2.0,53.25,0,High,4,🏙️ Viajero Estándar,4,532.5,0
Resort Hotel,13,2015,August,18,Female,BB,Direct,Direct,0,0,0,A,Transient,0,1,0,1,2.0,86.0,0,High,4,🏙️ Viajero Estándar,2,172.0,0
City Hotel,42,2017,June,30,Female,BB,Direct,Direct,0,0,0,E,Transient,0,1,0,4,4.0,37.895,1,Low,3,👨‍👩‍👧 Turista Familiar,0,606.32,1
Resort Hotel,94,2016,June,10,Male,BB,Online TA,TA/TO,0,0,0,A,Transient-Party,0,1,0,2,3.0,54.333333333333336,0,High,4,🏙️ Viajero Estándar,2,326.0,0
City Hotel,9,2017,February,12,Female,BB,Online TA,TA/TO,0,0,0,A,Transient,0,1,0,3,2.0,41.58,0,Medium,4,🏙️ Viajero Estándar,1,249.48,0
Resort Hotel,237,2016,December,29,Male,BB,Online TA,TA/TO,0,0,0,D,Transient,2,1,0,8,2.0,34.125,0,Medium,4,🏙️ Viajero Estándar,3,546.0,2
City Hotel,165,2017,May,19,Female,BB,Groups,TA/TO,0,0,0,A,Transient,0,0,0,4,2.0,112.5,0,High,1,⚡ Reserva de Última Hora,6,900.0,0
City Hotel,31,2016,April,2,Female,BB,Online TA,TA/TO,0,0,0,A,Transient,0,1,0,1,2.0,58.95,0,High,4,🏙️ Viajero Estándar,2,117.9,0
Resort Hotel,287,2016,September,5,Male,BB,Groups,TA/TO,0,0,0,A,Transient-Party,0,1,0,7,2.0,34.5,0,Low,4,🏙️ Viajero Estándar,4,483.0,0
Resort Hotel,2,2016,February,6,Male,BB,Direct,Direct,0,0,0,E,Transient-Party,0,0,0,1,2.0,29.0,0,High,1,⚡ Reserva de Última Hora,3,58.0,0
City Hotel,54,2016,March,18,Female,SC,Online TA,TA/TO,0,0,0,A,Transient,0,1,0,3,2.0,44.1,0,Low,4,🏙️ Viajero Estándar,0,264.6,0
Resort Hotel,0,2016,October,19,Female,BB,Direct,Direct,0,0,0,A,Transient,1,0,0,1,3.0,28.33333333333333,1,High,3,👨‍👩‍👧 Turista Familiar,3,84.99999999999999,2
City Hotel,14,2016,November,28,Male,BB,Offline TA/TO,TA/TO,0,0,0,A,Transient,0,1,0,3,2.0,40.0,0,Low,4,🏙️ Viajero Estándar,0,240.0,0
City Hotel,320,2017,June,15,Female,BB,Groups,TA/TO,0,0,0,A,Transient,0,1,0,3,1.0,80.0,0,High,4,🏙️ Viajero Estándar,6,240.0,0
Resort Hotel,0,2016,March,14,Female,BB,Direct,Direct,0,0,0,A,Transient,0,0,1,1,1.0,30.0,0,High,1,⚡ Reserva de Última Hora,3,30.0,0
City Hotel,34,2015,September,23,Female,HB,Offline TA/TO,TA/TO,0,0,0,A,Transient-Party,0,1,0,3,2.0,112.335,0,Low,4,🏙️ Viajero Estándar,0,674.01,0
City Hotel,135,2016,August,2,Female,BB,Online TA,TA/TO,0,0,0,A,Transient,0,1,0,2,3.0,43.5,1,High,3,👨‍👩‍👧 Turista Familiar,4,261.0,1
City Hotel,327,2015,September,9,Female,BB,Groups,TA/TO,0,1,0,A,Transient-Party,0,1,0,2,2.0,31.0,0,High,0,🗓️ Planificador Anticipado,9,124.0,0
City Hotel,184,2017,July,15,Female,BB,Direct,Direct,0,0,0,A,Transient,1,1,0,1,2.0,44.55,0,Low,4,🏙️ Viajero Estándar,2,89.1,1
City Hotel,451,2016,May,16,Female,BB,Groups,TA/TO,0,0,0,A,Transient,0,1,0,3,2.0,30.0,0,High,4,🏙️ Viajero Estándar,6,180.0,0
Resort Hotel,14,2016,March,19,Female,Undefined,Offline TA/TO,TA/TO,0,0,0,A,Transient,0,1,0,5,2.0,29.0,0,Low,0,🗓️ Planificador Anticipado,0,290.0,0
Resort Hotel,0,2015,October,3,Female,BB,Direct,Direct,0,0,0,A,Transient,0,0,0,1,1.0,74.0,0,Low,1,⚡ Reserva de Última Hora,1,74.0,0
City Hotel,6,2017,June,30,Male,SC,Online TA,TA/TO,0,0,0,A,Transient-Party,1,1,0,1,2.0,80.0,0,Low,4,🏙️ Viajero Estándar,0,160.0,1
City Hotel,2,2017,March,16,Female,BB,Aviation,Corporate,1,0,3,D,Transient,2,0,1,1,1.0,95.0,0,High,5,🏙️ Viajero Estándar,0,95.0,2
City Hotel,159,2017,July,11,Female,SC,Online TA,TA/TO,0,0,0,A,Transient,1,1,0,1,2.0,44.55,0,Low,4,🏙️ Viajero Estándar,2,89.1,1
City Hotel,20,2017,January,30,Female,BB,Corporate,Corporate,0,0,0,A,Transient-Party,0,0,1,1,1.0,80.0,0,High,1,⚡ Reserva de Última Hora,3,80.0,0
Resort Hotel,83,2016,July,25,Female,BB,Groups,Corporate,0,0,0,A,Transient-Party,0,1,0,8,1.0,139.0,0,Low,4,🏙️ Viajero Estándar,1,1112.0,0
City Hotel,92,2015,November,26,Male,BB,Offline TA/TO,TA/TO,0,0,0,A,Transient,1,1,0,3,2.0,24.535,0,Low,4,🏙️ Viajero Estándar,0,147.21,1
Resort Hotel,0,2017,January,26,Male,BB,Direct,Direct,0,0,0,E,Transient,0,0,0,2,2.0,36.0,0,Low,1,⚡ Reserva de Última Hora,1,144.0,0
City Hotel,195,2016,July,21,Female,BB,Online TA,TA/TO,0,0,0,A,Transient,1,1,0,7,2.0,45.475,0,Low,4,🏙️ Viajero Estándar,2,636.65,1
City Hotel,279,2015,July,23,Male,BB,Groups,TA/TO,1,1,0,A,Transient-Party,0,1,0,2,2.0,31.4,0,High,5,🏙️ Viajero Estándar,7,125.6,0
Resort Hotel,21,2015,November,24,Female,BB,Offline TA/TO,TA/TO,0,0,0,A,Transient,2,1,0,1,2.0,19.2,0,Low,4,🏙️ Viajero Estándar,0,38.4,2
Resort Hotel,253,2017,August,25,Male,BB,Online TA,TA/TO,0,0,0,A,Transient,1,1,0,6,1.0,153.75,0,Low,4,🏙️ Viajero Estándar,3,922.5,1
Resort Hotel,152,2017,April,5,Female,BB,Groups,TA/TO,0,0,0,D,Transient-Party,0,0,1,5,2.0,33.5,0,Low,1,⚡ Reserva de Última Hora,4,335.0,0
City Hotel,59,2015,October,15,Male,BB,Offline TA/TO,TA/TO,0,0,0,A,Contract,1,1,0,5,2.0,38.25,0,Low,0,🗓️ Planificador Anticipado,0,382.5,1
City Hotel,41,2017,August,27,Female,BB,Direct,Direct,0,0,0,A,Transient,0,1,0,1,1.0,90.0,0,Low,4,🏙️ Viajero Estándar,0,90.0,0
City Hotel,104,2016,October,9,Female,SC,Online TA,TA/TO,0,0,0,A,Transient,1,1,0,1,2.0,54.0,0,Low,4,🏙️ Viajero Estándar,0,108.0,1
City Hotel,102,2015,August,21,Female,BB,Online TA,TA/TO,0,0,0,A,Transient,1,1,0,2,2.0,38.25,0,High,4,🏙️ Viajero Estándar,2,153.0,1
City Hotel,65,2016,September,9,Male,BB,Online TA,TA/TO,0,0,0,D,Transient,1,1,0,2,2.0,74.7,0,Low,4,🏙️ Viajero Estándar,0,298.8,1
City Hotel,98,2016,March,17,Male,BB,Online TA,TA/TO,0,0,0,A,Transient,0,1,0,5,2.0,36.975,0,Medium,4,🏙️ Viajero Estándar,1,369.75,0
Resort Hotel,103,2017,March,27,Male,BB,Groups,Corporate,0,0,0,E,Transient,0,1,0,2,2.0,36.5,0,High,4,🏙️ Viajero Estándar,3,146.0,0
City Hotel,159,2017,August,7,Male,BB,Online TA,TA/TO,0,0,0,D,Transient,0,1,0,2,3.0,61.5,0,Low,4,🏙️ Viajero Estándar,2,369.0,0
Resort Hotel,13,2015,December,23,Female,BB,Online TA,TA/TO,0,0,0,E,Transient,1,1,0,4,1.0,73.75,0,Low,4,🏙️ Viajero Estándar,0,295.0,1
City Hotel,117,2016,November,13,Female,SC,Online TA,TA/TO,0,0,0,A,Transient,0,1,0,2,2.0,39.6,0,Low,4,🏙️ Viajero Estándar,0,158.4,0
City Hotel,155,2017,June,1,Male,BB,Online TA,TA/TO,0,0,0,A,Transient,1,1,0,3,2.0,69.0,0,Low,4,🏙️ Viajero Estándar,2,414.0,1
Resort Hotel,134,2015,August,29,Female,BB,Online TA,TA/TO,0,0,0,E,Transient,2,1,0,5,2.0,70.0,0,High,4,🏙️ Viajero Estándar,3,700.0,2
Resort Hotel,52,2015,August,3,Male,BB,Online TA,TA/TO,0,0,0,D,Transient,0,1,0,5,2.0,86.5,0,High,4,🏙️ Viajero Estándar,2,865.0,0
Resort Hotel,28,2017,May,14,Male,BB,Online TA,TA/TO,0,0,0,G,Transient,1,1,0,7,4.0,42.5,1,Low,3,👨‍👩‍👧 Turista Familiar,0,1190.0,2
City Hotel,68,2016,February,20,Female,BB,Offline TA/TO,TA/TO,0,0,0,A,Transient,0,1,0,7,2.0,21.715,0,Low,4,🏙️ Viajero Estándar,0,304.01,0
Resort Hotel,208,2017,May,1,Female,BB,Online TA,TA/TO,0,0,0,E,Transient,0,1,0,5,2.0,40.5,0,Low,4,🏙️ Viajero Estándar,3,405.0,0
Resort Hotel,18,2017,February,12,Male,BB,Online TA,TA/TO,0,0,0,D,Transient,0,1,0,2,2.0,29.0,0,Low,4,🏙️ Viajero Estándar,0,116.0,0
City Hotel,4,2016,February,16,Male,BB,Corporate,Corporate,1,0,5,A,Transient,1,0,1,3,1.0,65.0,0,High,5,🏙️ Viajero Estándar,1,195.0,1
City Hotel,50,2016,March,31,Male,BB,Groups,TA/TO,0,0,0,A,Transient-Party,0,1,0,3,2.0,32.5,0,High,4,🏙️ Viajero Estándar,3,195.0,0
City Hotel,56,2016,November,22,Female,BB,Online TA,TA/TO,0,0,0,D,Transient,2,1,0,4,3.0,39.66666666666666,0,Medium,4,🏙️ Viajero Estándar,0,475.9999999999999,2
City Hotel,70,2017,February,15,Female,BB,Groups,TA/TO,0,0,0,A,Transient-Party,0,0,1,4,2.0,39.0,0,Low,1,⚡ Reserva de Última Hora,2,312.0,0
City Hotel,102,2016,October,9,Male,SC,Online TA,TA/TO,0,0,0,A,Transient,1,1,0,1,2.0,54.0,0,Low,4,🏙️ Viajero Estándar,0,108.0,1
City Hotel,5,2015,September,9,Female,BB,Online TA,TA/TO,0,0,0,A,Contract,2,1,0,2,1.0,114.0,0,Low,0,🗓️ Planificador Anticipado,0,228.0,2
City Hotel,91,2017,May,18,Male,BB,Offline TA/TO,TA/TO,0,0,0,A,Transient,0,1,0,1,2.0,44.55,0,Low,4,🏙️ Viajero Estándar,0,89.1,0
Resort Hotel,0,2016,October,28,Female,BB,Direct,Direct,1,0,0,D,Transient,1,0,0,1,2.0,39.0,0,Low,5,🏙️ Viajero Estándar,0,78.0,1
City Hotel,39,2016,September,16,Female,BB,Direct,Direct,0,0,0,G,Transient,2,1,0,3,4.0,56.7375,1,Low,3,👨‍👩‍👧 Turista Familiar,0,680.8499999999999,3
City Hotel,6,2015,October,11,Female,BB,Online TA,TA/TO,0,0,0,A,Transient,2,1,0,3,1.0,97.02,0,Low,4,🏙️ Viajero Estándar,0,291.06,2
City Hotel,19,2015,October,6,Female,BB,Offline TA/TO,TA/TO,1,0,0,A,Transient-Party,0,1,0,3,2.0,45.0,0,High,5,🏙️ Viajero Estándar,0,270.0,0
Resort Hotel,5,2015,November,22,Female,BB,Online TA,TA/TO,0,0,0,A,Transient,1,1,0,2,1.0,40.0,0,Low,4,🏙️ Viajero Estándar,0,80.0,1
City Hotel,187,2017,August,8,Female,HB,Online TA,TA/TO,0,0,0,A,Transient,0,1,0,2,2.0,83.25,0,Low,4,🏙️ Viajero Estándar,2,333.0,0
City Hotel,191,2017,April,1,Male,BB,Offline TA/TO,TA/TO,0,0,0,A,Transient,0,1,0,5,2.0,37.5,0,Low,4,🏙️ Viajero Estándar,2,375.0,0
City Hotel,157,2017,June,20,Female,BB,Online TA,TA/TO,0,0,0,D,Transient,1,1,0,8,2.0,63.9,0,Low,4,🏙️ Viajero Estándar,2,1022.4,1
City Hotel,172,2017,July,10,Male,BB,Online TA,TA/TO,0,0,0,D,Transient,2,1,0,6,3.0,50.7,0,Medium,4,🏙️ Viajero Estándar,2,912.6000000000001,2
Resort Hotel,12,2016,April,27,Female,Undefined,Groups,Direct,0,0,0,A,Transient-Party,0,1,0,3,2.0,42.665,0,High,0,🗓️ Planificador Anticipado,3,255.99,0
City Hotel,0,2015,September,26,Female,BB,Direct,Direct,1,0,0,A,Transient,0,0,0,1,2.0,85.0,0,High,5,🏙️ Viajero Estándar,1,170.0,0
Resort Hotel,9,2016,January,17,Female,BB,Online TA,TA/TO,0,0,0,G,Transient,1,1,0,1,2.0,38.0,0,Low,4,🏙️ Viajero Estándar,0,76.0,1
City Hotel,288,2016,April,21,Female,BB,Groups,TA/TO,0,0,0,A,Transient,0,1,0,2,2.0,31.0,0,High,4,🏙️ Viajero Estándar,6,124.0,0
City Hotel,8,2015,September,29,Female,BB,Corporate,Corporate,0,0,0,A,Transient,0,0,1,3,1.0,65.0,0,High,1,⚡ Reserva de Última Hora,3,195.0,0
City Hotel,63,2015,September,4,Female,HB,Offline TA/TO,TA/TO,0,0,0,A,Transient-Party,0,1,0,2,2.0,58.0,0,High,4,🏙️ Viajero Estándar,2,232.0,0
Resort Hotel,54,2017,February,25,Female,BB,Online TA,TA/TO,0,0,0,A,Transient,1,1,0,3,2.0,24.0,0,High,4,🏙️ Viajero Estándar,2,144.0,1
City Hotel,198,2016,May,20,Female,BB,Groups,TA/TO,0,0,0,A,Transient-Party,0,1,0,1,2.0,32.5,0,High,4,🏙️ Viajero Estándar,5,65.0,0
City Hotel,27,2017,June,6,Female,BB,Online TA,TA/TO,0,0,0,D,Transient,2,1,0,1,2.0,95.0,0,Low,4,🏙️ Viajero Estándar,0,190.0,2
Resort Hotel,25,2015,November,3,Male,BB,Offline TA/TO,TA/TO,0,0,0,D,Transient,0,1,0,4,1.0,47.6,0,Low,4,🏙️ Viajero Estándar,0,190.4,0
City Hotel,46,2017,March,7,Female,BB,Direct,Direct,0,0,0,A,Transient,1,1,0,3,2.0,49.0,0,Low,4,🏙️ Viajero Estándar,0,294.0,1
City Hotel,188,2016,August,13,Male,BB,Online TA,TA/TO,0,0,0,A,Transient,0,1,0,2,2.0,52.65,0,Low,4,🏙️ Viajero Estándar,2,210.6,0
Resort Hotel,3,2016,March,12,Female,BB,Offline TA/TO,TA/TO,0,0,0,C,Transient,0,1,0,3,2.0,4.0,0,Low,4,🏙️ Viajero Estándar,0,24.0,0
City Hotel,169,2017,July,2,Female,BB,Online TA,TA/TO,0,0,0,A,Transient,0,1,0,1,2.0,53.55,0,Low,4,🏙️ Viajero Estándar,2,107.1,0
City Hotel,1,2015,September,1,Female,BB,Groups,TA/TO,0,0,0,A,Transient,0,1,0,3,1.0,0.0,0,Low,4,🏙️ Viajero Estándar,1,0.0,0
City Hotel,70,2017,July,31,Female,BB,Online TA,TA/TO,0,0,0,E,Transient,1,1,0,3,3.0,76.66666666666667,0,Low,4,🏙️ Viajero Estándar,0,690.0,1
City Hotel,144,2016,July,25,Male,BB,Online TA,TA/TO,0,0,0,A,Transient,1,1,0,6,2.0,50.435,0,Low,4,🏙️ Viajero Estándar,2,605.22,1
Resort Hotel,21,2016,January,2,Female,BB,Offline TA/TO,TA/TO,0,0,0,E,Transient,0,1,0,14,1.0,46.07,0,Low,2,💼 Viajero Premium,0,644.98,0
City Hotel,395,2017,May,17,Female,BB,Offline TA/TO,TA/TO,0,0,0,A,Transient-Party,1,1,0,3,2.0,56.335,0,Low,4,🏙️ Viajero Estándar,3,338.01,1
City Hotel,59,2017,May,29,Female,BB,Groups,TA/TO,0,0,0,A,Transient,0,1,0,1,2.0,70.0,0,High,4,🏙️ Viajero Estándar,3,140.0,0
City Hotel,176,2017,May,15,Female,BB,Direct,Direct,0,0,0,A,Transient,0,1,0,3,2.0,53.55,0,Low,4,🏙️ Viajero Estándar,2,321.29999999999995,0
City Hotel,99,2016,February,19,Female,BB,Corporate,TA/TO,0,0,0,A,Transient-Party,0,0,1,2,1.0,81.0,0,High,1,⚡ Reserva de Última Hora,3,162.0,0
City Hotel,96,2016,October,28,Female,BB,Online TA,TA/TO,0,0,0,F,Transient,1,1,0,3,4.0,40.725,1,Low,3,👨‍👩‍👧 Turista Familiar,0,488.70000000000005,2
City Hotel,16,2015,September,25,Female,BB,Groups,TA/TO,0,0,0,A,Transient-Party,0,1,0,5,1.0,170.0,0,High,4,🏙️ Viajero Estándar,3,850.0,0
City Hotel,93,2017,June,22,Male,BB,Offline TA/TO,TA/TO,0,0,0,A,Transient-Party,0,1,0,5,2.0,49.5,0,High,4,🏙️ Viajero Estándar,2,495.0,0
City Hotel,207,2015,August,21,Female,BB,Online TA,TA/TO,0,0,0,A,Transient-Party,3,1,0,5,2.0,38.25,0,Low,4,🏙️ Viajero Estándar,2,382.5,3
Resort Hotel,244,2017,June,20,Female,BB,Offline TA/TO,TA/TO,0,0,0,D,Contract,1,1,0,14,2.0,42.4,0,Low,0,🗓️ Planificador Anticipado,3,1187.2,1
City Hotel,50,2016,November,17,Female,SC,Online TA,TA/TO,0,0,0,A,Transient,1,1,0,1,2.0,39.6,0,Medium,4,🏙️ Viajero Estándar,1,79.2,1
Resort Hotel,251,2017,June,26,Male,HB,Groups,TA/TO,0,0,0,D,Transient-Party,1,1,0,4,2.0,54.0,0,Low,4,🏙️ Viajero Estándar,4,432.0,1
City Hotel,10,2017,February,8,Male,BB,Online TA,TA/TO,0,0,0,A,Transient,0,1,0,2,2.0,39.5,0,Low,4,🏙️ Viajero Estándar,0,158.0,0
City Hotel,125,2017,June,15,Female,BB,Online TA,TA/TO,0,0,0,A,Transient,0,1,0,5,2.0,61.2,0,Low,4,🏙️ Viajero Estándar,2,612.0,0
Resort Hotel,468,2016,May,12,Female,HB,Groups,TA/TO,0,0,0,A,Transient-Party,0,1,0,2,2.0,33.5,0,High,4,🏙️ Viajero Estándar,6,134.0,0
City Hotel,14,2015,September,1,Female,BB,Online TA,TA/TO,0,0,0,A,Contract,2,1,0,1,2.0,52.5,0,High,0,🗓️ Planificador Anticipado,1,105.0,2
Resort Hotel,112,2017,March,15,Male,BB,Corporate,Corporate,0,0,0,A,Transient-Party,0,0,1,3,1.0,40.0,0,Medium,1,⚡ Reserva de Última Hora,2,120.0,0
City Hotel,245,2016,June,17,Female,BB,Offline TA/TO,TA/TO,0,0,0,A,Transient,0,1,0,2,2.0,37.5,0,High,4,🏙️ Viajero Estándar,5,150.0,0
City Hotel,82,2017,May,3,Female,SC,Online TA,TA/TO,0,0,0,A,Transient,0,1,0,3,2.0,54.0,0,Low,4,🏙️ Viajero Estándar,0,324.0,0
City Hotel,40,2015,December,26,Female,BB,Online TA,TA/TO,0,0,0,A,Transient,0,1,0,5,2.0,32.075,0,Low,4,🏙️ Viajero Estándar,0,320.75,0
City Hotel,40,2017,July,31,Female,SC,Online TA,TA/TO,0,0,0,A,Transient,1,1,0,1,2.0,70.0,0,Low,4,🏙️ Viajero Estándar,0,140.0,1
Resort Hotel,542,2016,September,26,Male,HB,Groups,TA/TO,0,0,0,A,Transient-Party,0,1,0,7,2.0,34.0,0,Low,4,🏙️ Viajero Estándar,4,476.0,0
City Hotel,15,2017,March,8,Male,BB,Online TA,TA/TO,0,0,0,D,Transient,1,1,0,3,1.0,121.33,0,Medium,4,🏙️ Viajero Estándar,1,363.99,1
City Hotel,21,2017,August,1,Female,BB,Online TA,TA/TO,0,0,0,D,Transient,1,1,0,4,2.0,79.5,0,Low,4,🏙️ Viajero Estándar,0,636.0,1
Resort Hotel,385,2016,September,21,Female,BB,Groups,Direct,0,0,0,A,Transient,0,0,0,4,2.0,33.0,0,High,1,⚡ Reserva de Última Hora,7,264.0,0
City Hotel,51,2017,March,8,Male,BB,Offline TA/TO,TA/TO,0,0,0,A,Transient,0,1,0,0,0.0,0.0,0,High,4,🏙️ Viajero Estándar,2,0.0,0
City Hotel,146,2016,April,24,Female,BB,Offline TA/TO,TA/TO,0,0,0,A,Transient,0,1,0,2,2.0,47.5,0,High,4,🏙️ Viajero Estándar,4,190.0,0
City Hotel,2,2017,January,21,Female,SC,Online TA,TA/TO,0,0,0,A,Transient,1,1,0,3,1.0,48.05,0,Low,4,🏙️ Viajero Estándar,0,144.14999999999998,1
Resort Hotel,19,2016,July,21,Female,BB,Online TA,TA/TO,0,0,0,A,Transient,1,1,0,3,2.0,97.165,0,Low,4,🏙️ Viajero Estándar,0,582.99,1
City Hotel,4,2017,March,22,Male,BB,Direct,Direct,0,0,0,A,Transient,0,1,0,1,1.0,94.0,0,Low,4,🏙️ Viajero Estándar,0,94.0,0
City Hotel,4,2017,February,21,Male,BB,Corporate,Corporate,0,0,0,A,Group,0,0,0,1,1.0,80.0,0,High,1,⚡ Reserva de Última Hora,3,80.0,0
City Hotel,59,2017,August,24,Male,SC,Online TA,TA/TO,0,0,0,A,Transient,1,1,0,2,2.0,64.5,0,Medium,4,🏙️ Viajero Estándar,1,258.0,1
City Hotel,2,2016,May,14,Female,BB,Direct,Direct,0,0,0,G,Transient,1,0,0,2,3.0,30.0,1,High,3,👨‍👩‍👧 Turista Familiar,3,180.0,2
Resort Hotel,140,2017,June,13,Male,BB,Online TA,TA/TO,0,0,0,A,Transient,0,1,0,7,1.0,110.0,0,Low,4,🏙️ Viajero Estándar,2,770.0,0
Resort Hotel,37,2016,May,8,Female,BB,Offline TA/TO,TA/TO,0,0,0,A,Transient,1,1,0,2,2.0,23.0,0,High,4,🏙️ Viajero Estándar,2,92.0,1
City Hotel,37,2016,October,13,Female,BB,Offline TA/TO,TA/TO,0,0,0,A,Transient-Party,0,1,0,3,2.0,52.5,0,High,4,🏙️ Viajero Estándar,2,315.0,0
City Hotel,12,2016,May,11,Female,BB,Offline TA/TO,TA/TO,0,0,0,A,Transient,0,1,0,4,2.0,52.0,0,Low,4,🏙️ Viajero Estándar,0,416.0,0
City Hotel,7,2015,September,16,Female,BB,Offline TA/TO,TA/TO,0,0,0,A,Contract,0,1,0,2,1.0,113.6,0,Low,0,🗓️ Planificador Anticipado,0,227.2,0
Resort Hotel,104,2015,September,2,Male,BB,Online TA,TA/TO,0,0,0,A,Transient,0,1,0,5,2.0,35.845,0,Low,4,🏙️ Viajero Estándar,0,358.45,0
Resort Hotel,196,2016,August,29,Female,BB,Offline TA/TO,TA/TO,0,0,0,E,Transient,1,1,0,7,2.0,60.735,0,High,4,🏙️ Viajero Estándar,4,850.29,1
City Hotel,0,2016,January,22,Female,BB,Direct,Direct,0,0,0,D,Transient,1,0,0,3,2.0,53.0,0,High,1,⚡ Reserva de Última Hora,3,318.0,1
City Hotel,10,2016,January,2,Female,BB,Online TA,TA/TO,0,0,0,B,Transient,0,1,0,3,2.0,41.79,0,Low,4,🏙️ Viajero Estándar,0,250.74,0
City Hotel,98,2017,March,3,Female,BB,Online TA,TA/TO,0,0,0,A,Transient,0,1,0,2,2.0,48.6,0,Low,4,🏙️ Viajero Estándar,0,194.4,0
City Hotel,16,2016,December,9,Male,BB,Direct,Direct,0,0,0,A,Transient,1,1,0,3,2.0,40.545,0,Low,4,🏙️ Viajero Estándar,0,243.27,1
Resort Hotel,4,2016,August,4,Female,HB,Online TA,TA/TO,0,0,0,A,Transient,1,1,0,4,3.0,84.5,1,High,3,👨‍👩‍👧 Turista Familiar,2,1014.0,2
City Hotel,22,2016,April,14,Male,BB,Online TA,TA/TO,0,0,0,D,Transient,2,1,0,5,3.0,50.86666666666667,0,Low,4,🏙️ Viajero Estándar,0,763.0,2
City Hotel,85,2016,April,1,Female,BB,Online TA,TA/TO,0,0,0,A,Transient-Party,0,1,0,2,1.0,81.9,0,Low,4,🏙️ Viajero Estándar,0,163.8,0
City Hotel,301,2016,July,30,Male,HB,Offline TA/TO,TA/TO,0,0,0,A,Transient-Party,0,1,0,2,1.0,90.0,0,Low,4,🏙️ Viajero Estándar,3,180.0,0
City Hotel,95,2016,November,5,Female,BB,Groups,TA/TO,0,0,0,A,Transient-Party,0,0,0,1,1.0,75.0,0,High,1,⚡ Reserva de Última Hora,4,75.0,0
Resort Hotel,364,2016,October,12,Male,BB,Groups,Corporate,0,0,0,A,Transient-Party,0,0,1,5,2.0,33.0,0,Low,1,⚡ Reserva de Última Hora,5,330.0,0
City Hotel,164,2015,October,2,Male,BB,Offline TA/TO,TA/TO,0,0,0,A,Transient-Party,0,1,0,2,1.0,100.0,0,High,4,🏙️ Viajero Estándar,4,200.0,0
City Hotel,42,2017,June,10,Female,BB,Online TA,TA/TO,0,0,0,A,Transient,1,1,0,2,2.0,65.0,0,Low,4,🏙️ Viajero Estándar,0,260.0,1
Resort Hotel,203,2017,May,25,Female,BB,Groups,TA/TO,0,0,0,A,Transient-Party,0,0,1,4,2.0,27.5,0,Low,1,⚡ Reserva de Última Hora,5,220.0,0
City Hotel,56,2015,September,17,Male,HB,Offline TA/TO,TA/TO,0,0,0,A,Transient-Party,0,1,0,2,2.0,41.0,0,Low,4,🏙️ Viajero Estándar,0,164.0,0
Resort Hotel,0,2016,February,27,Female,HB,Online TA,TA/TO,0,0,0,G,Transient,0,1,0,1,3.0,48.66666666666666,1,High,3,👨‍👩‍👧 Turista Familiar,2,145.99999999999997,1
Resort Hotel,18,2016,May,27,Male,BB,Online TA,TA/TO,0,0,0,G,Transient,1,1,0,2,4.0,36.25,1,Low,3,👨‍👩‍👧 Turista Familiar,0,290.0,2
City Hotel,9,2015,August,19,Female,BB,Online TA,TA/TO,0,0,0,A,Transient,1,1,0,3,2.0,40.5,0,Low,4,🏙️ Viajero Estándar,0,243.0,1
City Hotel,304,2015,August,17,Female,BB,Groups,TA/TO,0,1,0,A,Contract,0,1,0,2,2.0,31.0,0,High,0,🗓️ Planificador Anticipado,9,124.0,0
Resort Hotel,0,2015,November,3,Female,BB,Direct,Direct,0,0,0,A,Transient,0,0,0,1,1.0,40.0,0,Low,1,⚡ Reserva de Última Hora,1,40.0,0
Resort Hotel,260,2015,September,19,Female,BB,Offline TA/TO,TA/TO,0,1,0,A,Transient,0,1,0,7,2.0,27.495,0,High,0,🗓️ Planificador Anticipado,8,384.93,0
Resort Hotel,96,2017,March,12,Male,HB,Groups,TA/TO,0,0,0,A,Transient-Party,0,0,0,11,2.0,26.275,0,Low,2,💼 Viajero Premium,2,578.05,0
Resort Hotel,172,2017,August,26,Male,BB,Direct,Direct,0,0,0,A,Transient,0,1,0,1,3.0,69.0,0,High,4,🏙️ Viajero Estándar,4,207.0,0
City Hotel,39,2015,August,14,Female,HB,Offline TA/TO,TA/TO,0,0,0,A,Transient-Party,0,1,0,2,2.0,54.5,0,Low,4,🏙️ Viajero Estándar,0,218.0,0
City Hotel,65,2016,March,28,Female,BB,Online TA,TA/TO,0,0,0,A,Transient-Party,2,1,0,3,3.0,34.5,1,High,3,👨‍👩‍👧 Turista Familiar,1,310.5,3
City Hotel,0,2016,May,14,Female,BB,Complementary,Direct,0,0,0,A,Transient,0,0,0,1,2.0,0.0,0,High,1,⚡ Reserva de Última Hora,3,0.0,0
Resort Hotel,126,2017,May,2,Male,BB,Offline TA/TO,TA/TO,0,0,0,E,Transient,0,1,0,2,2.0,32.4,0,Low,4,🏙️ Viajero Estándar,2,129.6,0
City Hotel,68,2016,February,17,Male,BB,Groups,TA/TO,0,1,0,A,Transient,0,1,0,2,2.0,37.5,0,High,0,🗓️ Planificador Anticipado,6,150.0,0
City Hotel,27,2017,July,2,Male,BB,Online TA,TA/TO,0,0,0,F,Transient,0,1,0,2,4.0,62.5,1,Medium,3,👨‍👩‍👧 Turista Familiar,1,500.0,1
Resort Hotel,44,2016,May,18,Male,BB,Online TA,TA/TO,0,0,0,A,Transient,1,1,0,2,2.0,40.5,0,Low,4,🏙️ Viajero Estándar,0,162.0,1
Resort Hotel,157,2017,August,22,Female,BB,Direct,Direct,0,0,0,F,Transient,0,1,0,4,2.0,118.75,0,Low,4,🏙️ Viajero Estándar,2,950.0,0
City Hotel,19,2015,September,21,Male,BB,Offline TA/TO,TA/TO,0,0,0,A,Transient-Party,0,1,0,2,2.0,24.0,0,High,4,🏙️ Viajero Estándar,2,96.0,0
City Hotel,0,2016,April,29,Female,BB,Groups,TA/TO,0,0,0,A,Transient-Party,0,1,0,2,1.0,100.0,0,High,4,🏙️ Viajero Estándar,3,200.0,0
Resort Hotel,61,2017,May,26,Female,BB,Online TA,TA/TO,0,0,0,A,Transient,1,1,0,3,2.0,34.0,0,Low,4,🏙️ Viajero Estándar,0,204.0,1
City Hotel,172,2016,July,26,Female,BB,Offline TA/TO,TA/TO,0,0,0,A,Transient,0,1,0,6,2.0,36.125,0,Low,4,🏙️ Viajero Estándar,2,433.5,0
City Hotel,199,2016,October,28,Female,BB,Groups,TA/TO,0,0,0,A,Transient-Party,0,1,0,2,2.0,47.5,0,High,4,🏙️ Viajero Estándar,5,190.0,0
City Hotel,267,2016,March,31,Female,BB,Groups,TA/TO,0,0,0,A,Transient,0,1,0,2,2.0,31.0,0,High,4,🏙️ Viajero Estándar,6,124.0,0
City Hotel,39,2017,June,9,Male,BB,Online TA,TA/TO,0,0,0,E,Transient,1,1,0,2,3.0,73.33333333333333,0,Low,4,🏙️ Viajero Estándar,0,440.0,1
Resort Hotel,26,2017,April,17,Male,BB,Corporate,Corporate,0,1,8,A,Transient,0,0,1,1,1.0,45.0,0,High,1,⚡ Reserva de Última Hora,6,45.0,0
Resort Hotel,82,2016,February,7,Male,Undefined,Groups,TA/TO,1,1,0,A,Transient-Party,0,1,0,2,2.0,33.0,0,High,5,🏙️ Viajero Estándar,4,132.0,0
City Hotel,350,2016,September,30,Female,BB,Offline TA/TO,TA/TO,0,1,0,A,Transient,0,1,0,3,2.0,45.0,0,High,0,🗓️ Planificador Anticipado,8,270.0,0
City Hotel,82,2017,May,8,Female,BB,Online TA,TA/TO,0,0,0,D,Transient,0,1,0,6,2.0,70.5,0,Low,4,🏙️ Viajero Estándar,0,846.0,0
City Hotel,84,2017,March,25,Female,BB,Online TA,TA/TO,0,0,0,D,Transient,1,1,0,4,2.0,50.15,0,Low,4,🏙️ Viajero Estándar,0,401.2,1
City Hotel,0,2016,June,20,Female,BB,Direct,Direct,0,0,0,A,Transient,0,0,0,2,1.0,123.25,0,Medium,1,⚡ Reserva de Última Hora,2,246.5,0
Resort Hotel,191,2016,April,22,Female,Undefined,Offline TA/TO,TA/TO,0,0,0,A,Transient-Party,0,0,0,3,2.0,42.665,0,High,1,⚡ Reserva de Última Hora,5,255.99,0
Resort Hotel,272,2015,September,30,Female,HB,Offline TA/TO,TA/TO,0,0,0,A,Transient-Party,0,1,0,3,1.0,0.0,0,Low,4,🏙️ Viajero Estándar,3,0.0,0
City Hotel,49,2016,January,15,Male,BB,Online TA,TA/TO,0,0,0,A,Transient,1,1,0,2,2.0,34.61,0,Low,4,🏙️ Viajero Estándar,0,138.44,1
City Hotel,300,2016,November,11,Female,BB,Groups,TA/TO,0,0,0,A,Transient,0,1,0,2,2.0,32.5,0,High,4,🏙️ Viajero Estándar,6,130.0,0
City Hotel,78,2016,December,20,Female,BB,Direct,Direct,0,0,0,G,Transient-Party,2,1,0,6,3.0,39.8,0,Low,4,🏙️ Viajero Estándar,0,716.4,2
City Hotel,50,2016,June,21,Female,SC,Online TA,TA/TO,0,0,0,A,Transient,0,1,0,3,2.0,44.55,0,Low,4,🏙️ Viajero Estándar,0,267.29999999999995,0
City Hotel,67,2017,May,2,Male,BB,Groups,Corporate,0,0,0,A,Transient-Party,0,0,1,3,2.0,60.0,0,Low,1,⚡ Reserva de Última Hora,2,360.0,0
City Hotel,39,2017,June,9,Female,SC,Offline TA/TO,TA/TO,0,0,0,A,Transient,0,1,0,2,2.0,44.5,0,Low,4,🏙️ Viajero Estándar,0,178.0,0
City Hotel,8,2016,September,15,Female,BB,Direct,Direct,0,0,0,A,Transient,0,1,0,1,1.0,159.0,0,High,4,🏙️ Viajero Estándar,2,159.0,0
City Hotel,32,2017,June,28,Male,BB,Online TA,TA/TO,0,0,0,D,Transient,0,1,0,3,3.0,72.22333333333333,0,Low,4,🏙️ Viajero Estándar,0,650.01,0
Resort Hotel,7,2017,March,2,Female,BB,Groups,Corporate,0,0,0,D,Transient-Party,0,0,1,4,2.0,23.5,0,Low,1,⚡ Reserva de Última Hora,2,188.0,0
Resort Hotel,96,2017,March,19,Female,BB,Groups,TA/TO,0,0,0,A,Transient-Party,0,1,0,7,2.0,17.0,0,Low,4,🏙️ Viajero Estándar,1,238.0,0
City Hotel,1,2015,October,9,Female,BB,Online TA,TA/TO,0,0,0,A,Transient,2,1,0,4,2.0,72.5,0,Low,4,🏙️ Viajero Estándar,0,580.0,2
City Hotel,42,2016,December,11,Female,BB,Online TA,TA/TO,0,0,0,A,Transient,2,1,0,5,2.0,44.2,0,Medium,4,🏙️ Viajero Estándar,0,442.0,2
City Hotel,36,2015,October,13,Female,HB,Offline TA/TO,TA/TO,0,0,0,A,Transient-Party,0,1,0,3,2.0,56.0,0,High,4,🏙️ Viajero Estándar,2,336.0,0
City Hotel,0,2015,November,14,Male,SC,Online TA,TA/TO,0,0,0,A,Contract,2,1,0,1,2.0,42.5,0,Low,0,🗓️ Planificador Anticipado,0,85.0,2
Resort Hotel,317,2017,April,23,Female,HB,Groups,TA/TO,0,0,0,D,Transient-Party,0,1,0,7,2.0,39.47,0,Low,4,🏙️ Viajero Estándar,4,552.5799999999999,0
City Hotel,12,2016,October,12,Female,BB,Corporate,Corporate,1,3,18,A,Transient,0,0,1,1,1.0,67.0,0,High,5,🏙️ Viajero Estándar,4,67.0,0
City Hotel,87,2016,August,27,Female,BB,Online TA,TA/TO,0,0,0,A,Transient,2,1,0,6,3.0,37.34333333333333,0,Low,4,🏙️ Viajero Estándar,0,672.1799999999998,2
Resort Hotel,67,2016,October,6,Female,BB,Online TA,TA/TO,0,0,0,G,Transient,0,1,0,4,4.0,34.75,1,Low,3,👨‍👩‍👧 Turista Familiar,0,556.0,1
City Hotel,34,2016,February,8,Female,BB,Online TA,TA/TO,0,0,0,A,Transient,0,1,0,5,1.0,73.9,0,Low,4,🏙️ Viajero Estándar,0,369.5,0
City Hotel,176,2017,March,9,Female,BB,Offline TA/TO,TA/TO,0,0,0,A,Transient,0,1,0,3,2.0,37.5,0,Low,4,🏙️ Viajero Estándar,2,225.0,0
City Hotel,6,2017,June,13,Female,BB,Online TA,TA/TO,0,0,0,A,Transient,0,1,0,2,2.0,49.5,0,Low,4,🏙️ Viajero Estándar,0,198.0,0
City Hotel,6,2015,December,10,Male,HB,Offline TA/TO,TA/TO,0,0,0,A,Transient-Party,1,1,0,2,2.0,0.0,0,Low,4,🏙️ Viajero Estándar,0,0.0,1
City Hotel,221,2017,June,23,Female,BB,Offline TA/TO,TA/TO,0,0,0,A,Transient,2,1,0,2,2.0,44.55,0,High,4,🏙️ Viajero Estándar,4,178.2,2
City Hotel,104,2017,March,19,Female,BB,Offline TA/TO,TA/TO,0,0,0,A,Transient-Party,1,1,0,7,2.0,37.5,0,High,4,🏙️ Viajero Estándar,2,525.0,1
City Hotel,56,2017,February,1,Female,BB,Groups,TA/TO,0,0,0,A,Transient,0,1,0,3,2.0,30.0,0,High,4,🏙️ Viajero Estándar,3,180.0,0
City Hotel,0,2016,March,7,Male,BB,Corporate,Corporate,0,0,0,A,Transient,0,1,0,1,1.0,80.0,0,Low,4,🏙️ Viajero Estándar,0,80.0,0
Resort Hotel,243,2016,October,6,Male,BB,Groups,TA/TO,0,0,0,D,Transient-Party,0,1,0,5,1.0,53.1,0,Low,4,🏙️ Viajero Estándar,4,265.5,0
Resort Hotel,35,2016,December,7,Female,FB,Online TA,TA/TO,0,0,0,E,Transient,0,1,0,4,3.0,40.16666666666666,1,High,3,👨‍👩‍👧 Turista Familiar,2,481.9999999999999,1
Resort Hotel,4,2015,July,19,Female,BB,Online TA,TA/TO,0,0,0,E,Transient,2,1,0,2,2.0,77.25,0,High,4,🏙️ Viajero Estándar,1,309.0,2
City Hotel,1,2016,January,2,Female,BB,Online TA,TA/TO,0,0,0,A,Transient,0,1,0,3,2.0,37.465,0,High,4,🏙️ Viajero Estándar,2,224.79000000000002,0
City Hotel,65,2016,November,20,Female,SC,Online TA,TA/TO,0,0,0,A,Transient,0,1,0,1,1.0,79.2,0,Low,4,🏙️ Viajero Estándar,0,79.2,0
City Hotel,9,2017,July,14,Female,BB,Online TA,TA/TO,0,0,0,D,Transient,1,1,0,2,2.0,74.5,0,Low,4,🏙️ Viajero Estándar,0,298.0,1
Resort Hotel,153,2016,April,14,Female,BB,Online TA,TA/TO,0,0,0,H,Transient-Party,2,1,0,3,4.0,30.75,1,High,3,👨‍👩‍👧 Turista Familiar,3,369.0,3
City Hotel,132,2016,July,5,Female,BB,Online TA,TA/TO,0,0,0,A,Transient,0,1,0,4,2.0,52.915,0,Low,4,🏙️ Viajero Estándar,2,423.32,0
City Hotel,104,2016,June,9,Male,BB,Online TA,TA/TO,0,0,0,A,Transient,0,1,0,3,2.0,63.45,0,Medium,4,🏙️ Viajero Estándar,1,380.70000000000005,0
Resort Hotel,41,2015,November,12,Female,BB,Corporate,Corporate,0,0,0,A,Transient-Party,0,1,1,4,1.0,36.0,0,High,4,🏙️ Viajero Estándar,2,144.0,0
City Hotel,14,2017,February,13,Male,BB,Direct,Direct,0,0,0,A,Transient,1,1,0,1,3.0,32.666666666666664,0,Low,4,🏙️ Viajero Estándar,0,98.0,1
City Hotel,178,2016,September,9,Female,BB,Groups,TA/TO,0,0,0,A,Transient,0,1,0,2,1.0,135.0,0,High,4,🏙️ Viajero Estándar,5,270.0,0
Resort Hotel,77,2015,October,9,Male,BB,Direct,Direct,0,0,0,A,Contract,1,1,0,2,2.0,28.0,0,High,0,🗓️ Planificador Anticipado,2,112.0,1
City Hotel,0,2017,March,14,Male,BB,Offline TA/TO,TA/TO,0,0,0,F,Transient,0,1,0,1,2.0,32.5,0,High,4,🏙️ Viajero Estándar,2,65.0,0
City Hotel,36,2016,March,1,Male,BB,Corporate,Corporate,0,0,0,A,Transient-Party,0,0,1,1,1.0,86.5,0,Low,1,⚡ Reserva de Última Hora,1,86.5,0
Resort Hotel,83,2016,November,12,Male,HB,Online TA,TA/TO,0,0,0,E,Transient,0,1,0,7,1.0,57.64,0,Low,4,🏙️ Viajero Estándar,0,403.48,0
City Hotel,3,2016,February,25,Female,BB,Corporate,Corporate,1,0,3,A,Transient-Party,1,0,1,1,1.0,66.0,0,High,5,🏙️ Viajero Estándar,1,66.0,1
Resort Hotel,96,2016,October,9,Female,BB,Groups,Corporate,0,0,0,A,Transient-Party,0,0,0,3,2.0,27.5,0,High,1,⚡ Reserva de Última Hora,4,165.0,0
Resort Hotel,22,2015,October,9,Male,BB,Online TA,TA/TO,0,0,0,D,Transient,2,1,0,4,2.0,41.5,0,High,4,🏙️ Viajero Estándar,1,332.0,2
City Hotel,40,2016,October,10,Female,BB,Offline TA/TO,TA/TO,0,0,0,A,Transient,0,1,0,3,2.0,42.75,0,Low,4,🏙️ Viajero Estándar,0,256.5,0
City Hotel,437,2016,May,2,Female,BB,Groups,TA/TO,0,0,0,A,Transient,0,1,0,3,2.0,30.0,0,High,4,🏙️ Viajero Estándar,6,180.0,0
City Hotel,66,2015,November,19,Female,BB,Online TA,TA/TO,0,0,0,D,Contract,2,1,0,1,2.0,40.95,0,Low,0,🗓️ Planificador Anticipado,0,81.9,2
City Hotel,323,2015,September,5,Female,BB,Groups,TA/TO,0,1,0,A,Transient-Party,0,1,0,2,2.0,31.0,0,High,0,🗓️ Planificador Anticipado,9,124.0,0
Resort Hotel,31,2017,August,25,Female,BB,Online TA,TA/TO,0,0,0,E,Transient,2,1,0,4,2.0,125.0,0,Low,4,🏙️ Viajero Estándar,0,1000.0,2
City Hotel,89,2015,October,3,Male,BB,Groups,TA/TO,0,0,0,A,Transient,0,1,0,4,2.0,31.0,0,High,4,🏙️ Viajero Estándar,3,248.0,0
City Hotel,17,2015,August,29,Female,BB,Online TA,TA/TO,0,0,0,A,Transient-Party,1,1,0,1,2.0,45.0,0,High,4,🏙️ Viajero Estándar,2,90.0,1
Resort Hotel,89,2017,April,14,Female,BB,Online TA,TA/TO,0,0,0,E,Transient-Party,3,1,0,2,3.0,40.66666666666666,0,High,4,🏙️ Viajero Estándar,1,243.99999999999994,3
City Hotel,41,2016,April,12,Female,BB,Online TA,TA/TO,0,0,0,A,Transient,0,1,0,3,2.0,52.65,0,Low,4,🏙️ Viajero Estándar,0,315.9,0
City Hotel,88,2017,May,17,Female,SC,Online TA,TA/TO,0,0,0,A,Transient,0,1,0,3,2.0,58.5,0,Medium,4,🏙️ Viajero Estándar,1,351.0,0
City Hotel,56,2016,November,11,Female,SC,Online TA,TA/TO,0,0,0,A,Transient,3,1,0,4,2.0,37.4,0,Low,4,🏙️ Viajero Estándar,0,299.2,3
City Hotel,225,2017,June,29,Male,SC,Online TA,TA/TO,0,0,0,A,Transient,3,1,0,3,2.0,47.85,0,Low,4,🏙️ Viajero Estándar,2,287.1,3
City Hotel,1,2016,January,23,Male,SC,Online TA,TA/TO,0,0,0,A,Transient,0,1,0,3,2.0,39.5,0,Low,4,🏙️ Viajero Estándar,0,237.0,0
Resort Hotel,0,2015,October,27,Male,BB,Direct,Direct,0,0,0,D,Transient,0,0,0,1,1.0,45.0,0,High,1,⚡ Reserva de Última Hora,3,45.0,0
Resort Hotel,209,2016,July,8,Female,BB,Online TA,TA/TO,0,0,0,G,Transient,0,1,0,7,4.0,40.75,1,High,3,👨‍👩‍👧 Turista Familiar,5,1141.0,1
Resort Hotel,0,2017,February,27,Female,BB,Direct,Direct,0,0,0,D,Transient-Party,0,0,0,2,2.0,31.0,0,High,1,⚡ Reserva de Última Hora,3,124.0,0
City Hotel,96,2017,May,11,Female,BB,Online TA,TA/TO,0,0,0,D,Transient,0,1,0,3,2.0,73.5,0,Low,4,🏙️ Viajero Estándar,0,441.0,0
City Hotel,113,2016,April,15,Female,BB,Online TA,TA/TO,0,0,0,A,Transient,1,1,0,2,2.0,48.15,0,Low,4,🏙️ Viajero Estándar,0,192.6,1
City Hotel,32,2017,February,26,Female,SC,Online TA,TA/TO,0,0,0,A,Transient,2,1,0,4,2.0,37.4,0,Low,4,🏙️ Viajero Estándar,0,299.2,2
City Hotel,326,2015,September,8,Female,BB,Groups,TA/TO,0,1,0,A,Transient,0,1,0,1,2.0,30.0,0,High,0,🗓️ Planificador Anticipado,9,60.0,0
City Hotel,405,2016,August,18,Female,BB,Groups,TA/TO,0,0,0,A,Transient,0,1,0,2,2.0,31.0,0,High,4,🏙️ Viajero Estándar,6,124.0,0
City Hotel,6,2017,February,4,Male,BB,Online TA,TA/TO,0,0,0,D,Transient,3,1,0,5,2.0,50.15,0,Low,4,🏙️ Viajero Estándar,0,501.5,3
City Hotel,396,2017,April,25,Female,BB,Offline TA/TO,TA/TO,0,0,0,A,Transient,0,1,0,1,2.0,45.0,0,High,4,🏙️ Viajero Estándar,5,90.0,0
Resort Hotel,128,2016,September,30,Male,BB,Direct,Direct,0,0,0,F,Transient,0,1,0,7,2.0,48.115,0,Low,4,🏙️ Viajero Estándar,2,673.61,0
City Hotel,4,2017,February,21,Female,SC,Groups,TA/TO,0,0,0,A,Transient-Party,0,0,0,3,0.0,0.0,0,High,1,⚡ Reserva de Última Hora,4,0.0,0
City Hotel,111,2017,April,3,Male,BB,Groups,TA/TO,0,0,0,A,Transient-Party,1,1,0,2,2.0,47.5,0,Low,4,🏙️ Viajero Estándar,1,190.0,1
Resort Hotel,233,2017,August,21,Male,BB,Online TA,TA/TO,0,0,0,A,Transient,2,1,0,6,2.0,76.875,0,Low,4,🏙️ Viajero Estándar,2,922.5,2
Resort Hotel,0,2016,February,8,Male,BB,Direct,Direct,0,0,0,A,Transient,0,0,0,1,2.0,27.5,0,Low,1,⚡ Reserva de Última Hora,1,55.0,0
City Hotel,8,2017,August,23,Male,SC,Online TA,TA/TO,0,0,0,A,Transient,0,1,0,2,2.0,64.75,0,Low,4,🏙️ Viajero Estándar,0,259.0,0
City Hotel,206,2017,August,3,Female,BB,Online TA,TA/TO,0,0,0,D,Transient,0,1,0,4,2.0,72.0,0,Low,4,🏙️ Viajero Estándar,3,576.0,0
City Hotel,48,2015,October,2,Female,BB,Online TA,TA/TO,0,0,0,A,Transient,0,1,0,3,2.0,36.755,0,Low,4,🏙️ Viajero Estándar,0,220.53000000000003,0
City Hotel,19,2016,September,12,Male,SC,Online TA,TA/TO,0,0,0,A,Transient,0,1,0,1,2.0,44.5,0,Low,4,🏙️ Viajero Estándar,0,89.0,0
Resort Hotel,134,2016,August,17,Female,HB,Online TA,TA/TO,0,0,0,A,Transient,0,1,0,6,3.0,91.33333333333331,0,Low,2,💼 Viajero Premium,2,1643.9999999999995,0
Resort Hotel,5,2016,September,3,Female,BB,Direct,Direct,0,0,0,F,Transient,0,1,0,4,2.0,85.05,0,Low,4,🏙️ Viajero Estándar,0,680.4,0
Resort Hotel,0,2016,November,11,Female,BB,Direct,Direct,0,0,0,E,Transient,0,0,0,1,2.0,42.5,0,High,1,⚡ Reserva de Última Hora,3,85.0,0
City Hotel,12,2017,February,20,Male,BB,Online TA,GDS,0,0,0,A,Transient,0,1,0,2,1.0,90.0,0,Low,4,🏙️ Viajero Estándar,0,180.0,0
City Hotel,283,2016,October,16,Female,HB,Groups,TA/TO,0,0,0,A,Transient,0,1,0,2,2.0,48.0,0,High,4,🏙️ Viajero Estándar,6,192.0,0
Resort Hotel,84,2017,April,18,Female,BB,Direct,Direct,0,0,0,E,Transient-Party,0,0,0,6,1.0,74.6,0,Medium,1,⚡ Reserva de Última Hora,2,447.59999999999997,0
City Hotel,86,2015,September,9,Male,BB,Corporate,Corporate,0,0,0,A,Transient-Party,0,0,1,2,1.0,90.0,0,Low,1,⚡ Reserva de Última Hora,1,180.0,0
Resort Hotel,204,2016,August,5,Female,BB,Online TA,TA/TO,0,0,0,E,Transient,2,1,0,6,2.0,79.75,0,Low,4,🏙️ Viajero Estándar,2,957.0,2
Resort Hotel,1,2016,April,29,Female,BB,Corporate,Corporate,1,0,1,D,Transient,0,0,1,2,2.0,36.25,0,High,5,🏙️ Viajero Estándar,1,145.0,0
City Hotel,100,2015,October,31,Male,BB,Groups,TA/TO,0,0,0,A,Transient-Party,0,1,0,2,2.0,31.0,0,High,4,🏙️ Viajero Estándar,3,124.0,0
City Hotel,0,2016,December,1,Male,BB,Online TA,TA/TO,0,0,0,A,Transient,1,1,0,2,1.0,96.0,0,Low,4,🏙️ Viajero Estándar,0,192.0,1
Resort Hotel,5,2016,February,8,Male,Undefined,Offline TA/TO,TA/TO,0,0,0,A,Transient,0,1,0,21,2.0,37.905,0,Low,2,💼 Viajero Premium,0,1592.01,0
City Hotel,104,2016,May,14,Male,BB,Online TA,TA/TO,0,0,0,D,Transient-Party,2,1,0,3,3.0,53.1,0,Low,4,🏙️ Viajero Estándar,0,477.90000000000003,2
City Hotel,19,2015,September,20,Male,BB,Direct,Direct,0,0,0,A,Transient,0,1,1,1,2.0,62.0,0,High,4,🏙️ Viajero Estándar,2,124.0,0
Resort Hotel,1,2015,December,12,Female,HB,Direct,Direct,0,0,0,A,Transient,1,0,0,1,3.0,26.33333333333333,1,High,3,👨‍👩‍👧 Turista Familiar,3,78.99999999999999,2
Resort Hotel,83,2017,January,10,Male,HB,Online TA,TA/TO,0,0,0,D,Transient,0,1,0,14,1.0,50.96,0,Low,2,💼 Viajero Premium,0,713.44,0
City Hotel,56,2015,November,6,Male,BB,Offline TA/TO,TA/TO,0,0,0,D,Transient,1,1,0,3,2.0,30.0,0,Low,4,🏙️ Viajero Estándar,0,180.0,1
City Hotel,111,2017,June,29,Female,BB,Online TA,TA/TO,0,0,0,F,Transient,0,1,0,1,4.0,57.5,1,Low,3,👨‍👩‍👧 Turista Familiar,0,230.0,1
City Hotel,265,2016,November,20,Male,BB,Online TA,TA/TO,0,0,0,A,Transient,2,1,0,3,2.0,39.15,0,Low,4,🏙️ Viajero Estándar,2,234.89999999999998,2
City Hotel,93,2017,April,21,Female,HB,Online TA,TA/TO,0,0,0,A,Transient,1,1,0,8,3.0,61.5,1,Low,3,👨‍👩‍👧 Turista Familiar,0,1476.0,2
City Hotel,53,2017,June,25,Female,SC,Online TA,TA/TO,0,0,0,A,Transient,1,1,0,1,1.0,120.0,0,Medium,4,🏙️ Viajero Estándar,1,120.0,1
City Hotel,305,2016,November,4,Female,BB,Offline TA/TO,TA/TO,0,0,0,A,Transient,0,1,0,3,2.0,44.5,0,High,4,🏙️ Viajero Estándar,5,267.0,0
Resort Hotel,336,2016,September,15,Male,BB,Groups,Direct,0,0,0,A,Transient-Party,0,0,1,4,2.0,36.75,0,Low,1,⚡ Reserva de Última Hora,5,294.0,0
City Hotel,188,2016,August,8,Male,HB,Online TA,TA/TO,0,0,0,A,Transient,1,1,0,2,3.0,54.75,1,Medium,3,👨‍👩‍👧 Turista Familiar,3,328.5,2
Resort Hotel,0,2015,December,18,Female,BB,Offline TA/TO,TA/TO,1,0,1,A,Transient,1,1,0,1,2.0,15.25,0,High,5,🏙️ Viajero Estándar,0,30.5,1
City Hotel,175,2016,July,10,Male,BB,Online TA,TA/TO,0,0,0,D,Transient,1,1,0,10,2.0,49.725,0,Low,4,🏙️ Viajero Estándar,2,994.5,1
City Hotel,52,2017,April,28,Female,BB,Corporate,Corporate,0,0,0,A,Transient-Party,1,0,1,1,2.0,38.5,0,Low,1,⚡ Reserva de Última Hora,1,77.0,1
Resort Hotel,11,2015,December,5,Male,HB,Offline TA/TO,TA/TO,0,1,0,A,Transient-Party,0,0,0,3,2.0,34.0,0,High,1,⚡ Reserva de Última Hora,6,204.0,0
City Hotel,194,2016,July,9,Male,BB,Online TA,TA/TO,0,0,0,B,Transient,0,1,0,3,2.0,43.315,1,Low,3,👨‍👩‍👧 Turista Familiar,2,259.89,1
City Hotel,18,2016,June,13,Female,BB,Online TA,TA/TO,0,0,0,D,Transient,0,1,0,1,2.0,48.51,0,High,4,🏙️ Viajero Estándar,2,97.02,0
City Hotel,2,2016,May,4,Female,BB,Aviation,Corporate,0,0,0,A,Transient,0,0,1,1,1.0,95.0,0,High,1,⚡ Reserva de Última Hora,3,95.0,0
City Hotel,0,2017,March,21,Female,BB,Complementary,Direct,1,0,1,A,Transient,1,0,1,2,1.0,0.0,0,High,5,🏙️ Viajero Estándar,1,0.0,1
City Hotel,2,2016,July,11,Male,BB,Complementary,Corporate,1,2,6,A,Transient,1,0,1,3,1.0,0.0,0,High,5,🏙️ Viajero Estándar,4,0.0,1
City Hotel,28,2017,April,29,Female,SC,Online TA,TA/TO,0,0,0,A,Transient,1,1,0,1,2.0,57.5,0,Low,4,🏙️ Viajero Estándar,0,115.0,1
Resort Hotel,0,2015,September,2,Female,BB,Corporate,Corporate,0,0,0,A,Transient,0,1,0,1,1.0,134.0,0,High,4,🏙️ Viajero Estándar,2,134.0,0
Resort Hotel,4,2017,February,7,Female,BB,Corporate,Corporate,0,0,0,A,Transient,0,0,1,3,1.0,35.0,0,High,1,⚡ Reserva de Última Hora,3,105.0,0
City Hotel,181,2016,October,11,Male,BB,Offline TA/TO,TA/TO,0,0,0,A,Transient-Party,0,1,0,2,1.0,120.0,0,High,4,🏙️ Viajero Estándar,4,240.0,0
City Hotel,1,2016,November,22,Female,SC,Online TA,TA/TO,0,0,0,D,Transient,1,1,0,3,2.0,50.0,0,Low,4,🏙️ Viajero Estándar,0,300.0,1
City Hotel,12,2016,October,25,Female,BB,Online TA,TA/TO,0,0,0,A,Transient,2,1,0,3,1.0,130.0,0,Low,4,🏙️ Viajero Estándar,0,390.0,2
City Hotel,125,2016,August,8,Female,BB,Online TA,TA/TO,0,0,0,A,Transient,0,1,0,5,2.0,57.15,0,Low,4,🏙️ Viajero Estándar,2,571.5,0
Resort Hotel,312,2017,March,5,Female,HB,Groups,TA/TO,0,0,0,A,Transient-Party,0,1,0,7,2.0,28.0,0,Low,4,🏙️ Viajero Estándar,4,392.0,0
City Hotel,42,2016,March,11,Male,BB,Online TA,TA/TO,0,0,0,A,Transient,0,1,0,2,2.0,40.95,0,Low,4,🏙️ Viajero Estándar,0,163.8,0
City Hotel,75,2015,September,19,Female,BB,Groups,TA/TO,0,0,0,A,Transient-Party,0,1,0,4,2.0,31.0,0,Low,4,🏙️ Viajero Estándar,1,248.0,0
City Hotel,334,2015,September,16,Female,BB,Groups,TA/TO,0,1,0,A,Transient-Party,0,1,0,2,2.0,31.0,0,High,0,🗓️ Planificador Anticipado,9,124.0,0
City Hotel,188,2016,June,15,Female,BB,Offline TA/TO,TA/TO,0,0,0,A,Transient,0,1,0,2,1.0,130.0,0,High,4,🏙️ Viajero Estándar,4,260.0,0
City Hotel,108,2017,August,20,Female,BB,Offline TA/TO,TA/TO,0,0,0,A,Transient,0,1,0,5,1.0,71.1,0,High,4,🏙️ Viajero Estándar,2,355.5,0
City Hotel,42,2016,April,2,Male,BB,Online TA,TA/TO,0,0,0,A,Transient,0,1,0,1,2.0,58.95,0,Low,4,🏙️ Viajero Estándar,0,117.9,0
Resort Hotel,18,2016,July,1,Female,BB,Online TA,TA/TO,0,0,0,A,Transient,1,1,0,3,2.0,64.5,0,Low,4,🏙️ Viajero Estándar,0,387.0,1
City Hotel,205,2016,August,4,Female,SC,Online TA,TA/TO,0,0,0,A,Transient,0,1,0,4,2.0,40.375,0,High,4,🏙️ Viajero Estándar,5,323.0,0
Resort Hotel,7,2017,February,10,Female,BB,Direct,Direct,0,0,0,D,Transient,2,1,0,2,2.0,33.0,0,Low,4,🏙️ Viajero Estándar,0,132.0,2
City Hotel,274,2017,August,16,Female,BB,Online TA,TA/TO,0,0,0,F,Transient,1,1,0,4,4.0,44.775,1,Low,3,👨‍👩‍👧 Turista Familiar,3,716.4,2
City Hotel,67,2016,April,30,Female,HB,Online TA,TA/TO,0,0,0,D,Transient,2,1,0,2,3.0,73.2,0,Low,4,🏙️ Viajero Estándar,0,439.20000000000005,2
Resort Hotel,138,2016,April,25,Male,BB,Groups,TA/TO,0,0,0,E,Transient,0,0,0,3,2.0,32.5,0,High,1,⚡ Reserva de Última Hora,6,195.0,0
Resort Hotel,155,2017,February,15,Female,BB,Offline TA/TO,TA/TO,0,0,0,E,Transient,1,1,0,21,2.0,22.5,0,Low,2,💼 Viajero Premium,2,945.0,1
City Hotel,4,2017,January,17,Female,BB,Online TA,TA/TO,0,0,0,A,Transient,1,1,0,3,2.0,54.0,0,High,4,🏙️ Viajero Estándar,2,324.0,1
City Hotel,58,2016,September,29,Female,BB,Direct,Direct,0,0,0,D,Transient,2,1,0,1,3.0,53.6,1,Low,3,👨‍👩‍👧 Turista Familiar,0,160.8,3
City Hotel,317,2016,September,9,Female,BB,Offline TA/TO,TA/TO,0,1,0,A,Transient,0,1,0,3,2.0,45.0,0,High,0,🗓️ Planificador Anticipado,8,270.0,0
Resort Hotel,94,2017,February,13,Male,HB,Groups,TA/TO,0,0,0,A,Transient-Party,0,1,0,4,3.0,29.33333333333333,0,Low,4,🏙️ Viajero Estándar,1,351.99999999999994,0
City Hotel,19,2016,November,7,Female,BB,Online TA,TA/TO,0,0,0,A,Transient,0,1,0,2,1.0,150.0,0,High,4,🏙️ Viajero Estándar,2,300.0,0
City Hotel,211,2016,May,20,Female,BB,Offline TA/TO,TA/TO,0,0,0,A,Transient,0,1,0,2,2.0,50.0,0,High,4,🏙️ Viajero Estándar,5,200.0,0
City Hotel,215,2017,June,28,Male,BB,Groups,TA/TO,0,0,0,A,Transient,0,0,0,4,2.0,55.0,0,High,1,⚡ Reserva de Última Hora,7,440.0,0
City Hotel,40,2016,April,6,Female,BB,Online TA,TA/TO,0,0,0,F,Transient,0,1,0,1,4.0,47.475,1,Low,3,👨‍👩‍👧 Turista Familiar,0,189.9,1
City Hotel,29,2016,October,5,Female,BB,Online TA,TA/TO,0,0,0,D,Transient,2,1,0,5,2.0,80.5,0,Low,4,🏙️ Viajero Estándar,0,805.0,2
Resort Hotel,31,2016,April,18,Female,BB,Groups,Corporate,0,0,0,D,Transient,0,0,0,2,1.0,75.0,0,Low,1,⚡ Reserva de Última Hora,2,150.0,0
City Hotel,115,2017,August,25,Male,BB,Online TA,TA/TO,0,0,0,D,Transient,2,1,0,2,3.0,65.0,0,High,4,🏙️ Viajero Estándar,1,390.0,2
City Hotel,22,2017,March,15,Female,BB,Corporate,Corporate,0,0,0,D,Transient,0,0,1,1,1.0,65.0,0,High,1,⚡ Reserva de Última Hora,3,65.0,0
Resort Hotel,82,2016,February,7,Female,BB,Groups,TA/TO,1,1,0,A,Transient-Party,0,1,0,2,2.0,43.0,0,High,5,🏙️ Viajero Estándar,4,172.0,0
City Hotel,57,2017,March,29,Male,BB,Online TA,TA/TO,0,0,0,A,Transient,0,1,0,2,3.0,38.4,1,Medium,3,👨‍👩‍👧 Turista Familiar,1,230.39999999999998,1
City Hotel,91,2016,July,20,Male,BB,Online TA,TA/TO,0,0,0,A,Transient,2,1,0,2,3.0,42.0,1,High,3,👨‍👩‍👧 Turista Familiar,1,252.0,3
Resort Hotel,170,2017,June,26,Male,BB,Online TA,TA/TO,0,0,0,C,Transient,0,1,0,6,4.0,29.6,1,High,3,👨‍👩‍👧 Turista Familiar,4,710.4000000000001,1
City Hotel,241,2015,October,19,Male,BB,Groups,TA/TO,0,0,0,A,Transient-Party,0,1,0,3,2.0,30.0,0,Low,4,🏙️ Viajero Estándar,4,180.0,0
Resort Hotel,307,2017,June,8,Female,HB,Offline TA/TO,TA/TO,0,0,0,D,Contract,0,1,0,14,2.0,49.2,0,Low,0,🗓️ Planificador Anticipado,3,1377.6000000000001,0
City Hotel,89,2015,July,27,Male,BB,Online TA,TA/TO,0,0,0,A,Transient,0,1,0,2,2.0,38.25,0,High,4,🏙️ Viajero Estándar,2,153.0,0
Resort Hotel,24,2016,June,25,Female,BB,Online TA,TA/TO,0,0,0,A,Transient,1,1,0,3,2.0,47.845,0,Low,4,🏙️ Viajero Estándar,0,287.07,1
City Hotel,177,2017,August,31,Female,BB,Offline TA/TO,TA/TO,0,0,0,D,Transient,1,1,0,3,2.0,47.55,0,High,4,🏙️ Viajero Estándar,4,285.29999999999995,1
City Hotel,11,2015,August,15,Male,HB,Offline TA/TO,TA/TO,0,0,0,A,Transient-Party,0,1,0,3,2.0,47.25,0,Medium,4,🏙️ Viajero Estándar,1,283.5,0
Resort Hotel,81,2016,July,15,Female,BB,Online TA,TA/TO,0,0,0,E,Transient,2,1,0,7,2.0,97.145,0,Low,4,🏙️ Viajero Estándar,0,1360.03,2
Resort Hotel,46,2016,December,30,Female,BB,Offline TA/TO,TA/TO,0,0,0,D,Transient,0,1,0,2,2.0,81.0,0,High,4,🏙️ Viajero Estándar,2,324.0,0
City Hotel,1,2017,May,9,Female,BB,Offline TA/TO,Corporate,0,0,0,A,Transient,0,1,0,1,1.0,110.5,0,High,4,🏙️ Viajero Estándar,2,110.5,0
City Hotel,181,2017,May,25,Male,BB,Groups,Direct,0,0,0,A,Transient,0,0,0,2,2.0,65.0,0,High,1,⚡ Reserva de Última Hora,6,260.0,0
Resort Hotel,7,2017,May,6,Female,HB,Online TA,TA/TO,0,0,0,H,Transient,1,1,0,1,4.0,50.175,1,Low,3,👨‍👩‍👧 Turista Familiar,0,200.7,2
City Hotel,43,2016,August,5,Female,BB,Online TA,TA/TO,0,0,0,D,Transient,2,1,0,4,3.0,56.1,0,Low,4,🏙️ Viajero Estándar,0,673.2,2
City Hotel,229,2016,October,27,Male,BB,Online TA,TA/TO,0,0,0,A,Transient,2,1,0,3,2.0,35.22,0,Low,4,🏙️ Viajero Estándar,2,211.32,2
Resort Hotel,7,2017,April,11,Male,BB,Online TA,TA/TO,0,0,0,D,Transient-Party,1,1,0,1,1.0,105.0,0,High,4,🏙️ Viajero Estándar,2,105.0,1
City Hotel,188,2015,August,23,Female,BB,Online TA,TA/TO,0,0,0,D,Transient,1,1,0,5,2.0,44.625,0,High,4,🏙️ Viajero Estándar,4,446.25,1
City Hotel,26,2017,April,29,Female,SC,Online TA,TA/TO,0,0,0,A,Transient,1,1,0,1,2.0,57.5,0,Low,4,🏙️ Viajero Estándar,0,115.0,1
City Hotel,90,2017,May,21,Female,BB,Direct,Direct,0,0,0,A,Transient,1,1,0,3,2.0,58.5,0,Low,4,🏙️ Viajero Estándar,0,351.0,1
City Hotel,186,2017,May,30,Male,BB,Groups,TA/TO,0,0,0,A,Transient,0,1,0,2,2.0,65.0,0,High,4,🏙️ Viajero Estándar,5,260.0,0
Resort Hotel,56,2017,May,24,Female,BB,Offline TA/TO,TA/TO,0,0,0,D,Transient,0,0,1,1,2.0,31.0,0,Low,1,⚡ Reserva de Última Hora,1,62.0,0
Resort Hotel,20,2015,July,30,Female,BB,Online TA,TA/TO,0,0,0,A,Transient,1,1,0,4,3.0,64.33333333333333,1,Medium,3,👨‍👩‍👧 Turista Familiar,1,772.0,2
City Hotel,262,2015,July,6,Female,BB,Groups,TA/TO,0,1,0,A,Contract,0,1,0,2,2.0,31.0,0,High,0,🗓️ Planificador Anticipado,9,124.0,0
Resort Hotel,14,2016,October,25,Female,BB,Complementary,Direct,0,1,1,A,Transient,2,0,0,3,2.0,0.0,0,Low,1,⚡ Reserva de Última Hora,3,0.0,2
City Hotel,443,2016,October,7,Male,BB,Groups,TA/TO,0,0,0,A,Transient,0,1,0,2,2.0,32.5,0,High,4,🏙️ Viajero Estándar,6,130.0,0
City Hotel,97,2015,October,7,Male,BB,Groups,TA/TO,0,0,0,A,Transient-Party,0,1,0,2,2.0,31.0,0,High,4,🏙️ Viajero Estándar,3,124.0,0
City Hotel,250,2016,September,26,Female,BB,Offline TA/TO,TA/TO,0,0,0,A,Transient,0,1,0,4,2.0,47.5,0,High,4,🏙️ Viajero Estándar,5,380.0,0
City Hotel,72,2017,August,17,Female,BB,Direct,Direct,0,0,0,B,Transient,2,1,0,3,3.0,46.00666666666667,1,Low,3,👨‍👩‍👧 Turista Familiar,0,414.06000000000006,3
Resort Hotel,112,2016,February,12,Female,FB,Groups,TA/TO,0,0,0,A,Transient-Party,0,1,0,2,2.0,34.0,0,High,4,🏙️ Viajero Estándar,3,136.0,0
City Hotel,312,2015,August,25,Male,BB,Groups,TA/TO,0,1,0,A,Transient-Party,0,1,0,4,2.0,31.0,0,High,0,🗓️ Planificador Anticipado,9,248.0,0
City Hotel,302,2016,September,16,Female,BB,Offline TA/TO,TA/TO,0,0,0,A,Transient,0,1,0,3,2.0,50.0,0,High,4,🏙️ Viajero Estándar,5,300.0,0
City Hotel,346,2015,September,28,Male,BB,Groups,TA/TO,0,1,0,A,Contract,0,1,0,2,2.0,31.0,0,High,0,🗓️ Planificador Anticipado,9,124.0,0
City Hotel,9,2016,June,17,Male,BB,Online TA,TA/TO,0,0,0,D,Transient,2,1,0,2,3.0,59.0,0,Low,4,🏙️ Viajero Estándar,0,354.0,2
City Hotel,124,2016,June,30,Female,BB,Online TA,TA/TO,0,0,0,B,Transient-Party,0,1,0,2,2.0,48.775,0,Low,4,🏙️ Viajero Estándar,2,195.1,0
Resort Hotel,54,2016,July,15,Female,BB,Online TA,TA/TO,0,0,0,A,Transient,0,1,0,2,2.0,80.0,0,Low,4,🏙️ Viajero Estándar,0,320.0,0
City Hotel,161,2017,May,5,Male,BB,Groups,TA/TO,0,0,0,A,Transient,0,1,0,2,2.0,60.0,0,High,4,🏙️ Viajero Estándar,5,240.0,0
City Hotel,3,2016,September,26,Female,BB,Corporate,Corporate,1,4,46,A,Transient,0,0,1,10,1.0,65.0,0,High,5,🏙️ Viajero Estándar,4,650.0,0
City Hotel,69,2015,October,25,Female,BB,Groups,TA/TO,0,0,0,A,Transient-Party,0,1,0,3,2.0,42.835,0,High,4,🏙️ Viajero Estándar,3,257.01,0
City Hotel,420,2016,September,3,Male,BB,Groups,TA/TO,0,0,0,A,Transient,0,1,0,4,2.0,37.5,0,High,4,🏙️ Viajero Estándar,6,300.0,0
City Hotel,7,2015,September,21,Female,BB,Online TA,TA/TO,0,0,0,D,Contract,2,1,0,3,2.0,68.0,0,Low,0,🗓️ Planificador Anticipado,0,408.0,2
City Hotel,122,2016,March,27,Male,HB,Offline TA/TO,TA/TO,0,0,0,A,Transient-Party,1,1,0,3,2.0,53.5,0,High,4,🏙️ Viajero Estándar,4,321.0,1
City Hotel,3,2016,April,25,Male,BB,Corporate,Corporate,1,0,4,A,Transient,0,0,1,1,1.0,65.0,0,High,5,🏙️ Viajero Estándar,1,65.0,0
City Hotel,178,2016,August,23,Female,BB,Online TA,TA/TO,0,0,0,D,Transient,1,1,0,3,3.0,47.9,0,Medium,4,🏙️ Viajero Estándar,3,431.09999999999997,1
City Hotel,83,2016,March,28,Female,BB,Offline TA/TO,TA/TO,0,0,0,A,Transient,0,1,0,5,2.0,40.375,0,High,4,🏙️ Viajero Estándar,2,403.75,0
Resort Hotel,162,2016,August,31,Male,BB,Online TA,TA/TO,0,0,0,A,Transient,0,1,0,9,2.0,70.665,0,Low,4,🏙️ Viajero Estándar,2,1271.97,0
Resort Hotel,16,2016,December,24,Female,BB,Direct,Direct,0,0,0,E,Transient,0,0,0,3,2.0,49.665,0,Low,1,⚡ Reserva de Última Hora,1,297.99,0
Resort Hotel,108,2016,March,21,Female,BB,Online TA,TA/TO,0,0,0,A,Transient,1,1,0,2,2.0,24.0,0,High,4,🏙️ Viajero Estándar,2,96.0,1
City Hotel,13,2016,October,10,Female,BB,Corporate,Corporate,0,0,0,A,Transient,0,0,1,3,2.0,79.5,0,Low,1,⚡ Reserva de Última Hora,1,477.0,0
Resort Hotel,130,2016,August,20,Male,BB,Direct,Direct,0,0,0,D,Transient,0,0,0,14,2.0,94.93,0,Low,2,💼 Viajero Premium,3,2658.04,0
City Hotel,178,2016,August,18,Male,BB,Online TA,TA/TO,0,0,0,A,Transient,0,1,0,3,2.0,62.25,1,Medium,3,👨‍👩‍👧 Turista Familiar,3,373.5,1
Resort Hotel,217,2017,August,29,Female,BB,Offline TA/TO,TA/TO,0,0,0,A,Transient,1,1,0,4,2.0,53.175,0,Low,4,🏙️ Viajero Estándar,3,425.4,1
Resort Hotel,73,2017,February,17,Male,BB,Corporate,Corporate,0,0,0,A,Transient-Party,0,0,1,3,2.0,20.0,0,Low,1,⚡ Reserva de Última Hora,1,120.0,0
Resort Hotel,4,2016,November,26,Male,BB,Online TA,TA/TO,0,0,0,A,Transient,1,1,0,3,1.0,43.0,0,Low,4,🏙️ Viajero Estándar,0,129.0,1
Resort Hotel,126,2017,June,20,Male,BB,Offline TA/TO,TA/TO,0,0,0,A,Transient,0,1,0,4,2.0,31.5,0,High,4,🏙️ Viajero Estándar,4,252.0,0
City Hotel,7,2016,August,26,Female,BB,Online TA,TA/TO,0,0,0,A,Transient,1,1,0,4,2.0,71.5,0,Low,4,🏙️ Viajero Estándar,0,572.0,1
City Hotel,230,2016,July,26,Male,BB,Online TA,TA/TO,0,0,0,B,Transient-Party,1,1,0,3,2.0,47.875,0,Low,4,🏙️ Viajero Estándar,3,287.25,1
Resort Hotel,72,2016,February,6,Female,HB,Groups,Direct,0,0,0,D,Transient-Party,0,0,0,3,2.0,36.665,0,High,1,⚡ Reserva de Última Hora,4,219.99,0
City Hotel,226,2017,June,16,Male,BB,Offline TA/TO,TA/TO,0,0,0,A,Transient,0,1,0,3,2.0,52.5,0,High,4,🏙️ Viajero Estándar,5,315.0,0
Resort Hotel,63,2017,April,10,Female,HB,Offline TA/TO,TA/TO,0,0,0,A,Contract,0,1,0,3,1.0,63.95,0,Low,0,🗓️ Planificador Anticipado,0,191.85000000000002,0
City Hotel,127,2016,April,28,Male,BB,Offline TA/TO,TA/TO,0,0,0,A,Transient,0,1,0,4,2.0,45.0,0,Low,4,🏙️ Viajero Estándar,2,360.0,0
City Hotel,87,2017,April,15,Female,BB,Groups,TA/TO,0,0,0,A,Transient,0,1,0,4,2.0,47.5,0,High,4,🏙️ Viajero Estándar,3,380.0,0
City Hotel,19,2016,September,23,Female,BB,Online TA,TA/TO,0,0,0,A,Transient,1,1,0,3,2.0,79.5,0,Low,4,🏙️ Viajero Estándar,0,477.0,1
City Hotel,21,2017,February,20,Female,SC,Online TA,TA/TO,0,0,0,A,Transient,0,1,0,2,2.0,40.0,0,Low,4,🏙️ Viajero Estándar,0,160.0,0
Resort Hotel,39,2015,November,11,Male,BB,Online TA,TA/TO,0,0,0,D,Transient,0,1,0,5,2.0,33.32,0,Low,4,🏙️ Viajero Estándar,0,333.2,0
City Hotel,3,2015,September,5,Female,BB,Groups,TA/TO,0,0,0,A,Transient-Party,0,1,0,4,1.0,0.0,0,High,4,🏙️ Viajero Estándar,3,0.0,0
City Hotel,6,2016,September,22,Male,SC,Online TA,TA/TO,0,0,0,A,Transient,3,1,0,1,2.0,79.5,0,Medium,4,🏙️ Viajero Estándar,0,159.0,3
City Hotel,169,2017,April,21,Female,BB,Online TA,TA/TO,0,0,0,A,Transient,1,1,0,5,3.0,39.0,1,Low,3,👨‍👩‍👧 Turista Familiar,2,585.0,2
Resort Hotel,95,2017,April,8,Male,BB,Online TA,TA/TO,0,0,0,H,Transient,0,1,0,5,4.0,37.5,1,High,3,👨‍👩‍👧 Turista Familiar,2,750.0,1
City Hotel,27,2017,February,5,Male,BB,Online TA,TA/TO,0,0,0,A,Transient,1,1,0,4,1.0,68.0,0,Low,4,🏙️ Viajero Estándar,0,272.0,1
Resort Hotel,155,2015,October,31,Female,BB,Groups,Direct,0,0,0,A,Transient,0,0,0,1,2.0,18.0,0,High,1,⚡ Reserva de Última Hora,6,36.0,0
City Hotel,14,2017,May,2,Male,SC,Online TA,TA/TO,0,0,0,A,Transient,1,1,0,4,2.0,63.75,0,Medium,4,🏙️ Viajero Estándar,1,510.0,1
Resort Hotel,0,2017,July,12,Male,BB,Online TA,TA/TO,0,0,0,A,Transient,0,1,0,1,2.0,4.0,0,High,4,🏙️ Viajero Estándar,2,8.0,0
Resort Hotel,277,2015,October,6,Female,HB,Groups,Direct,0,0,0,D,Transient-Party,0,1,0,7,2.0,34.37,0,Low,4,🏙️ Viajero Estándar,4,481.17999999999995,0
City Hotel,6,2015,September,11,Female,BB,Online TA,TA/TO,0,0,0,A,Transient,0,1,0,3,2.0,63.5,0,High,4,🏙️ Viajero Estándar,2,381.0,0
City Hotel,46,2017,March,27,Male,BB,Online TA,TA/TO,0,0,0,A,Transient,0,1,0,3,2.0,53.1,0,Low,4,🏙️ Viajero Estándar,0,318.6,0
Resort Hotel,77,2015,September,28,Male,BB,Offline TA/TO,TA/TO,0,0,0,E,Transient,1,1,0,4,2.0,37.3,0,High,4,🏙️ Viajero Estándar,2,298.4,1
Resort Hotel,315,2015,September,29,Female,HB,Offline TA/TO,TA/TO,0,0,0,D,Contract,0,1,0,9,2.0,35.63,0,Low,0,🗓️ Planificador Anticipado,3,641.34,0
City Hotel,263,2017,June,23,Female,BB,Groups,TA/TO,0,0,0,A,Transient-Party,1,1,0,4,2.0,52.5,0,High,4,🏙️ Viajero Estándar,6,420.0,1
City Hotel,112,2017,April,12,Female,BB,Online TA,TA/TO,0,0,0,D,Transient,1,1,0,3,3.0,57.5,0,Low,4,🏙️ Viajero Estándar,0,517.5,1
City Hotel,3,2017,January,5,Male,BB,Online TA,TA/TO,0,0,0,A,Transient,1,1,0,3,1.0,90.1,0,Low,4,🏙️ Viajero Estándar,0,270.29999999999995,1
Resort Hotel,222,2017,June,23,Male,BB,Online TA,TA/TO,0,0,0,A,Transient,1,1,0,5,2.0,38.115,0,Low,4,🏙️ Viajero Estándar,3,381.15000000000003,1
City Hotel,128,2017,August,4,Male,BB,Online TA,TA/TO,0,0,0,D,Transient,0,1,0,1,3.0,65.0,0,Low,4,🏙️ Viajero Estándar,2,195.0,0
City Hotel,40,2017,March,29,Female,BB,Online TA,TA/TO,0,0,0,E,Transient,0,1,0,3,2.0,79.0,0,Low,4,🏙️ Viajero Estándar,0,474.0,0
Resort Hotel,34,2016,March,8,Female,FB,Offline TA/TO,TA/TO,0,0,0,E,Transient,1,1,0,7,2.0,41.665,0,Low,4,🏙️ Viajero Estándar,0,583.31,1
City Hotel,8,2015,October,29,Female,SC,Online TA,TA/TO,0,0,0,A,Contract,0,1,0,4,2.0,47.12,0,Low,0,🗓️ Planificador Anticipado,0,376.96,0
City Hotel,196,2016,August,4,Female,BB,Online TA,TA/TO,0,0,0,A,Transient,0,1,0,3,2.0,52.65,0,Low,4,🏙️ Viajero Estándar,2,315.9,0
Resort Hotel,3,2016,December,1,Female,BB,Online TA,TA/TO,0,0,0,A,Transient,1,1,0,2,2.0,24.0,0,High,4,🏙️ Viajero Estándar,2,96.0,1
Resort Hotel,274,2017,August,16,Female,HB,Direct,Direct,0,0,0,C,Transient,3,1,0,6,3.0,74.7,1,High,3,👨‍👩‍👧 Turista Familiar,4,1344.6000000000001,4
Resort Hotel,6,2016,March,15,Male,BB,Corporate,Corporate,0,0,0,A,Transient,0,0,0,2,1.0,30.0,0,Low,1,⚡ Reserva de Última Hora,1,60.0,0
City Hotel,5,2015,December,9,Female,BB,Offline TA/TO,TA/TO,0,0,0,A,Transient-Party,1,1,0,3,2.0,29.0,0,Low,4,🏙️ Viajero Estándar,0,174.0,1
Resort Hotel,0,2015,September,30,Female,BB,Corporate,Corporate,0,0,0,G,Transient,0,1,0,1,2.0,45.05,0,Low,4,🏙️ Viajero Estándar,0,90.1,0
City Hotel,219,2017,June,18,Female,BB,Online TA,TA/TO,0,0,0,A,Transient,1,1,0,5,2.0,58.5,0,Low,4,🏙️ Viajero Estándar,3,585.0,1
City Hotel,115,2016,May,4,Female,BB,Online TA,TA/TO,0,0,0,A,Transient-Party,1,1,0,5,2.0,49.725,0,Low,4,🏙️ Viajero Estándar,0,497.25,1
City Hotel,115,2016,April,8,Male,BB,Groups,TA/TO,0,0,0,A,Transient-Party,0,1,0,2,1.0,57.5,0,High,4,🏙️ Viajero Estándar,3,115.0,0
Resort Hotel,77,2015,September,28,Female,HB,Online TA,TA/TO,0,0,0,D,Transient,2,1,0,7,2.0,39.05,0,Low,4,🏙️ Viajero Estándar,0,546.6999999999999,2
City Hotel,302,2016,October,6,Female,BB,Offline TA/TO,TA/TO,0,1,0,A,Transient,0,1,0,3,2.0,52.5,0,High,0,🗓️ Planificador Anticipado,8,315.0,0
Resort Hotel,1,2017,February,11,Female,BB,Online TA,TA/TO,1,0,1,A,Transient,1,1,0,1,2.0,24.0,0,High,5,🏙️ Viajero Estándar,0,48.0,1
Resort Hotel,129,2016,July,10,Male,BB,Online TA,TA/TO,0,0,0,A,Transient,3,1,0,6,2.0,79.335,0,High,4,🏙️ Viajero Estándar,3,952.02,3
City Hotel,0,2017,June,1,Male,SC,Online TA,TA/TO,0,0,0,A,Transient,0,1,0,1,2.0,46.49,0,Low,4,🏙️ Viajero Estándar,0,92.98,0
City Hotel,9,2016,June,17,Female,BB,Offline TA/TO,TA/TO,0,0,0,A,Transient,1,1,0,3,3.0,31.666666666666668,1,Low,3,👨‍👩‍👧 Turista Familiar,0,285.0,2
City Hotel,28,2016,June,14,Male,BB,Online TA,TA/TO,0,0,0,D,Transient,1,1,0,3,1.0,108.42,0,Low,4,🏙️ Viajero Estándar,0,325.26,1
City Hotel,10,2017,July,6,Female,BB,Corporate,Corporate,0,0,0,A,Transient-Party,0,1,0,1,1.0,95.0,0,High,4,🏙️ Viajero Estándar,2,95.0,0
Resort Hotel,295,2017,March,15,Female,BB,Online TA,TA/TO,0,0,0,A,Transient,1,1,0,6,1.0,26.64,0,Low,4,🏙️ Viajero Estándar,3,159.84,1
City Hotel,127,2016,April,28,Male,BB,Offline TA/TO,TA/TO,0,0,0,A,Transient-Party,0,1,0,4,1.0,80.0,0,High,4,🏙️ Viajero Estándar,4,320.0,0
Resort Hotel,22,2017,April,6,Male,BB,Online TA,TA/TO,0,0,0,E,Transient,0,1,0,3,2.0,57.5,0,High,4,🏙️ Viajero Estándar,2,345.0,0
City Hotel,97,2017,March,14,Female,BB,Offline TA/TO,TA/TO,0,0,0,A,Transient,0,1,0,2,2.0,42.5,0,High,4,🏙️ Viajero Estándar,2,170.0,0
City Hotel,59,2015,November,28,Female,BB,Online TA,TA/TO,0,0,0,A,Contract,1,1,0,6,2.0,53.1,0,Low,0,🗓️ Planificador Anticipado,0,637.2,1
Resort Hotel,21,2015,November,12,Male,BB,Corporate,Corporate,0,0,0,A,Transient-Party,0,1,1,3,1.0,40.0,0,High,4,🏙️ Viajero Estándar,2,120.0,0
City Hotel,95,2017,July,28,Female,SC,Online TA,TA/TO,0,0,0,A,Transient,1,1,0,2,2.0,62.5,0,Low,4,🏙️ Viajero Estándar,0,250.0,1
City Hotel,153,2016,July,23,Female,BB,Online TA,TA/TO,0,0,0,A,Transient,1,1,0,4,2.0,54.225,0,Low,4,🏙️ Viajero Estándar,2,433.8,1
City Hotel,88,2017,August,12,Male,BB,Online TA,TA/TO,0,0,0,D,Transient,1,1,0,7,3.0,65.0,0,Low,4,🏙️ Viajero Estándar,0,1365.0,1
City Hotel,3,2017,August,31,Male,SC,Online TA,TA/TO,0,0,0,A,Transient,1,1,0,1,2.0,70.0,0,High,4,🏙️ Viajero Estándar,2,140.0,1
City Hotel,31,2016,November,23,Female,BB,Online TA,TA/TO,0,0,0,B,Transient,2,1,0,4,2.0,38.93,0,Low,4,🏙️ Viajero Estándar,0,311.44,2
Resort Hotel,231,2015,July,7,Male,BB,Online TA,TA/TO,0,1,0,A,Transient,0,1,0,8,2.0,55.35,0,High,0,🗓️ Planificador Anticipado,8,885.6,0
City Hotel,97,2017,March,4,Female,BB,Online TA,TA/TO,0,0,0,A,Transient,1,1,0,3,2.0,48.6,0,Low,4,🏙️ Viajero Estándar,0,291.6,1
City Hotel,6,2017,February,14,Female,BB,Online TA,TA/TO,0,0,0,A,Transient,0,1,0,1,3.0,42.66666666666666,1,Low,3,👨‍👩‍👧 Turista Familiar,0,127.99999999999997,1
City Hotel,34,2016,June,14,Female,SC,Online TA,TA/TO,0,0,0,A,Transient,1,1,0,3,2.0,53.55,0,High,4,🏙️ Viajero Estándar,2,321.29999999999995,1
City Hotel,1,2016,January,8,Male,SC,Online TA,TA/TO,1,11,0,A,Transient-Party,0,1,0,2,2.0,33.75,0,Medium,5,🏙️ Viajero Estándar,2,135.0,0
City Hotel,13,2017,January,21,Female,SC,Online TA,TA/TO,0,0,0,A,Transient,1,1,0,2,2.0,44.5,0,Low,4,🏙️ Viajero Estándar,0,178.0,1
City Hotel,14,2016,April,16,Female,BB,Online TA,TA/TO,0,0,0,A,Transient,0,1,0,3,3.0,42.556666666666665,1,High,3,👨‍👩‍👧 Turista Familiar,2,383.01,1
City Hotel,4,2015,November,14,Female,BB,Direct,Direct,0,0,0,B,Transient,1,1,0,3,2.0,40.5,0,Low,4,🏙️ Viajero Estándar,0,243.0,1
City Hotel,157,2017,August,1,Female,BB,Online TA,TA/TO,0,0,0,A,Transient,0,1,0,4,2.0,68.625,0,Low,4,🏙️ Viajero Estándar,2,549.0,0
City Hotel,212,2016,October,9,Female,BB,Online TA,TA/TO,0,0,0,A,Transient,0,1,0,4,2.0,37.615,0,High,4,🏙️ Viajero Estándar,5,300.92,0
City Hotel,163,2016,June,5,Female,BB,Offline TA/TO,TA/TO,0,0,0,A,Transient,0,1,0,4,1.0,100.0,0,High,4,🏙️ Viajero Estándar,4,400.0,0
City Hotel,116,2016,October,23,Female,BB,Online TA,TA/TO,0,0,0,A,Transient,2,1,0,4,3.0,34.95,1,Low,3,👨‍👩‍👧 Turista Familiar,0,419.40000000000003,3
Resort Hotel,106,2016,July,21,Male,BB,Online TA,TA/TO,0,0,0,G,Transient,0,1,0,4,4.0,63.0,1,Low,3,👨‍👩‍👧 Turista Familiar,0,1008.0,1
Resort Hotel,72,2016,February,6,Male,HB,Groups,Direct,0,0,0,D,Transient-Party,0,0,0,3,2.0,36.665,0,High,1,⚡ Reserva de Última Hora,4,219.99,0
Resort Hotel,30,2016,February,20,Male,BB,Direct,Direct,0,0,0,A,Transient,1,0,0,7,3.0,16.0,1,Low,3,👨‍👩‍👧 Turista Familiar,1,336.0,2
Resort Hotel,222,2016,April,2,Female,BB,Online TA,TA/TO,0,0,0,A,Transient,2,1,0,7,2.0,21.095,0,Low,4,🏙️ Viajero Estándar,2,295.33,2
City Hotel,9,2016,April,19,Female,SC,Online TA,TA/TO,0,0,0,A,Transient,0,1,0,1,2.0,44.5,0,Low,4,🏙️ Viajero Estándar,0,89.0,0
City Hotel,317,2016,September,15,Female,BB,Offline TA/TO,TA/TO,0,0,0,A,Transient,0,1,0,2,2.0,60.0,0,High,4,🏙️ Viajero Estándar,5,240.0,0
Resort Hotel,129,2016,March,28,Female,BB,Direct,Direct,0,0,0,C,Transient,1,0,0,7,3.0,29.613333333333333,0,Low,1,⚡ Reserva de Última Hora,3,621.88,1
City Hotel,240,2016,December,10,Male,SC,Online TA,TA/TO,0,0,0,A,Transient,2,1,0,3,2.0,33.75,0,Medium,4,🏙️ Viajero Estándar,3,202.5,2
City Hotel,87,2016,May,22,Male,SC,Offline TA/TO,TA/TO,0,0,0,A,Transient,0,1,0,7,2.0,42.5,0,Low,4,🏙️ Viajero Estándar,0,595.0,0
City Hotel,23,2016,March,18,Male,BB,Online TA,TA/TO,0,0,0,A,Transient-Party,2,1,0,1,3.0,36.333333333333336,1,High,3,👨‍👩‍👧 Turista Familiar,1,109.0,3
Resort Hotel,0,2016,October,28,Male,BB,Direct,Direct,0,0,0,D,Transient,0,0,0,1,2.0,34.0,0,Low,1,⚡ Reserva de Última Hora,1,68.0,0
Resort Hotel,132,2016,July,18,Female,BB,Online TA,TA/TO,0,0,0,C,Transient,0,1,0,4,4.0,49.625,1,High,3,👨‍👩‍👧 Turista Familiar,4,794.0,1
City Hotel,479,2017,August,9,Female,BB,Offline TA/TO,TA/TO,0,0,0,A,Transient-Party,0,1,0,3,2.0,56.335,0,High,4,🏙️ Viajero Estándar,5,338.01,0
City Hotel,405,2017,July,4,Male,HB,Offline TA/TO,TA/TO,0,0,0,A,Transient-Party,0,1,0,2,2.0,57.2,0,Low,4,🏙️ Viajero Estándar,3,228.8,0
Resort Hotel,29,2017,April,10,Female,BB,Online TA,TA/TO,0,0,0,A,Transient,1,1,0,1,2.0,37.5,0,Low,4,🏙️ Viajero Estándar,0,75.0,1
Resort Hotel,109,2015,November,13,Female,BB,Direct,Direct,0,0,0,F,Transient,2,0,0,1,2.0,40.4,0,High,1,⚡ Reserva de Última Hora,2,80.8,2
City Hotel,184,2017,August,28,Male,BB,Direct,Direct,0,0,0,E,Transient,3,1,0,3,2.0,95.835,0,High,4,🏙️ Viajero Estándar,3,575.01,3
City Hotel,214,2017,May,28,Female,SC,Online TA,TA/TO,0,0,0,A,Transient,0,1,0,6,2.0,57.9,0,Low,4,🏙️ Viajero Estándar,3,694.8,0
City Hotel,39,2017,August,20,Female,BB,Offline TA/TO,TA/TO,0,0,0,A,Transient,0,1,0,2,1.0,140.0,0,High,4,🏙️ Viajero Estándar,2,280.0,0
City Hotel,28,2015,September,10,Female,BB,Offline TA/TO,TA/TO,0,0,0,D,Transient,0,1,0,2,2.0,48.5,0,Low,4,🏙️ Viajero Estándar,0,194.0,0
Resort Hotel,283,2015,October,12,Male,BB,Groups,Direct,0,0,0,E,Transient-Party,0,1,0,7,2.0,38.645,0,Low,4,🏙️ Viajero Estándar,4,541.0300000000001,0
City Hotel,57,2016,February,7,Female,BB,Direct,Direct,0,0,0,B,Transient,1,0,0,4,2.0,32.5,0,Low,1,⚡ Reserva de Última Hora,1,260.0,1
Resort Hotel,1,2015,July,4,Female,BB,Online TA,TA/TO,0,0,0,A,Transient,0,1,0,2,2.0,57.25,0,High,4,🏙️ Viajero Estándar,2,229.0,0
City Hotel,107,2016,April,14,Female,BB,Online TA,TA/TO,0,0,0,D,Transient,1,1,0,3,2.0,51.15,0,Low,4,🏙️ Viajero Estándar,0,306.9,1
City Hotel,74,2016,March,20,Female,BB,Online TA,TA/TO,0,0,0,A,Transient,1,1,0,4,2.0,41.225,0,Medium,4,🏙️ Viajero Estándar,1,329.8,1
City Hotel,133,2017,April,19,Female,BB,Offline TA/TO,TA/TO,0,0,0,A,Transient-Party,0,1,0,4,2.0,62.0,0,Low,4,🏙️ Viajero Estándar,2,496.0,0
City Hotel,0,2015,August,18,Female,SC,Direct,Direct,0,0,0,D,Transient,0,0,0,1,1.0,100.0,0,Low,1,⚡ Reserva de Última Hora,1,100.0,0
City Hotel,277,2016,November,7,Male,BB,Groups,TA/TO,0,0,0,A,Transient,0,0,0,3,2.0,50.0,0,High,1,⚡ Reserva de Última Hora,7,300.0,0
City Hotel,2,2016,August,13,Female,BB,Direct,Direct,0,0,0,D,Transient,2,1,0,1,3.0,58.55,1,High,3,👨‍👩‍👧 Turista Familiar,1,175.64999999999998,3
Resort Hotel,2,2017,May,7,Male,BB,Online TA,TA/TO,0,0,0,A,Transient,1,1,0,2,2.0,39.75,0,High,4,🏙️ Viajero Estándar,2,159.0,1
Resort Hotel,152,2016,September,26,Female,HB,Groups,TA/TO,0,0,0,A,Transient-Party,0,1,0,7,1.0,48.5,0,Low,4,🏙️ Viajero Estándar,3,339.5,0
City Hotel,44,2016,June,19,Male,BB,Online TA,TA/TO,0,0,0,A,Transient,1,1,0,1,2.0,49.55,0,High,4,🏙️ Viajero Estándar,2,99.1,1
Resort Hotel,178,2016,July,11,Male,BB,Direct,Direct,0,0,0,A,Transient,0,1,0,4,2.0,51.45,0,High,4,🏙️ Viajero Estándar,4,411.6,0
City Hotel,71,2016,June,14,Female,BB,Offline TA/TO,TA/TO,0,0,0,A,Transient,0,1,0,3,1.0,120.0,0,High,4,🏙️ Viajero Estándar,2,360.0,0
City Hotel,13,2016,June,20,Female,BB,Online TA,TA/TO,0,0,0,A,Transient,1,1,0,4,2.0,65.5,0,Low,4,🏙️ Viajero Estándar,0,524.0,1
City Hotel,1,2017,February,2,Female,BB,Direct,Direct,1,1,6,E,Transient,0,0,0,1,1.0,110.0,0,High,5,🏙️ Viajero Estándar,4,110.0,0
Resort Hotel,1,2016,May,2,Male,HB,Online TA,TA/TO,0,0,0,D,Transient,0,1,0,1,2.0,45.0,0,High,4,🏙️ Viajero Estándar,2,90.0,0
City Hotel,130,2016,September,29,Female,BB,Online TA,TA/TO,0,0,0,D,Transient,2,1,0,3,2.0,69.75,0,Low,4,🏙️ Viajero Estándar,1,418.5,2
City Hotel,10,2017,February,16,Female,SC,Online TA,TA/TO,0,0,0,A,Transient,0,1,0,3,2.0,49.0,0,Medium,4,🏙️ Viajero Estándar,1,294.0,0
Resort Hotel,101,2015,September,18,Female,BB,Online TA,TA/TO,0,0,0,A,Transient,0,1,0,3,2.0,41.5,0,High,4,🏙️ Viajero Estándar,2,249.0,0
City Hotel,97,2015,December,28,Male,SC,Online TA,TA/TO,0,0,0,A,Transient,0,1,0,4,2.0,26.69,0,High,4,🏙️ Viajero Estándar,2,213.52,0
City Hotel,48,2017,February,22,Male,BB,Groups,TA/TO,0,0,0,A,Transient-Party,1,0,0,2,1.0,65.0,0,Low,1,⚡ Reserva de Última Hora,2,130.0,1
Resort Hotel,69,2017,July,14,Male,BB,Online TA,TA/TO,0,0,0,A,Transient,0,1,0,7,2.0,80.0,0,Low,4,🏙️ Viajero Estándar,0,1120.0,0
City Hotel,184,2016,October,12,Male,SC,Online TA,TA/TO,0,0,0,A,Transient,0,1,0,1,2.0,49.05,0,Low,4,🏙️ Viajero Estándar,2,98.1,0
City Hotel,67,2015,December,5,Female,SC,Online TA,TA/TO,0,0,0,A,Transient,3,1,0,3,3.0,37.63333333333333,1,High,3,👨‍👩‍👧 Turista Familiar,1,338.70000000000005,4
Resort Hotel,38,2015,August,10,Male,BB,Online TA,TA/TO,0,0,0,A,Transient,2,1,0,7,2.0,92.785,0,High,4,🏙️ Viajero Estándar,1,1298.99,2
Resort Hotel,107,2015,August,10,Female,BB,Direct,Direct,0,0,0,A,Transient-Party,1,0,0,3,2.0,67.0,0,High,1,⚡ Reserva de Última Hora,3,402.0,1
City Hotel,19,2016,December,30,Female,BB,Online TA,TA/TO,0,0,0,D,Transient,0,1,0,1,2.0,74.0,0,Low,4,🏙️ Viajero Estándar,0,148.0,0
City Hotel,78,2017,May,28,Female,BB,Offline TA/TO,TA/TO,0,0,0,A,Transient,1,1,0,4,2.0,44.55,0,Low,4,🏙️ Viajero Estándar,0,356.4,1
City Hotel,221,2015,October,3,Male,HB,Groups,TA/TO,0,1,0,A,Transient-Party,0,1,0,3,2.0,43.0,0,High,0,🗓️ Planificador Anticipado,9,258.0,0
Resort Hotel,145,2017,January,2,Female,HB,Online TA,TA/TO,0,0,0,G,Transient,0,1,0,3,2.0,49.32,0,Low,4,🏙️ Viajero Estándar,2,295.92,0
Resort Hotel,35,2017,March,28,Female,BB,Offline TA/TO,TA/TO,0,0,0,A,Transient,0,1,0,8,1.0,36.0,0,Low,4,🏙️ Viajero Estándar,0,288.0,0
City Hotel,0,2015,November,12,Male,BB,Online TA,TA/TO,0,0,0,A,Transient,1,0,0,1,1.0,79.0,0,Low,1,⚡ Reserva de Última Hora,1,79.0,1
Resort Hotel,8,2016,December,13,Male,BB,Online TA,TA/TO,0,0,0,A,Transient,3,1,0,2,1.0,43.0,0,Low,4,🏙️ Viajero Estándar,0,86.0,3
Resort Hotel,0,2017,April,18,Female,BB,Direct,Direct,0,0,0,A,Transient,0,0,0,2,2.0,45.5,0,Low,1,⚡ Reserva de Última Hora,1,182.0,0
City Hotel,186,2017,May,30,Female,BB,Groups,TA/TO,0,0,0,A,Transient,0,1,0,2,2.0,65.0,0,High,4,🏙️ Viajero Estándar,5,260.0,0
City Hotel,36,2016,May,7,Female,SC,Online TA,TA/TO,0,0,0,A,Transient,0,1,0,1,2.0,52.245,0,Low,4,🏙️ Viajero Estándar,0,104.49,0
City Hotel,184,2016,August,17,Female,HB,Online TA,TA/TO,0,0,0,A,Transient-Party,1,1,0,1,2.0,69.75,0,Low,4,🏙️ Viajero Estándar,2,139.5,1
City Hotel,78,2016,November,4,Female,BB,Direct,Direct,0,0,0,A,Transient,1,0,0,3,2.0,40.0,0,High,1,⚡ Reserva de Última Hora,3,240.0,1
City Hotel,256,2016,June,15,Female,HB,Offline TA/TO,TA/TO,0,0,0,A,Transient-Party,1,1,0,2,2.0,56.0,0,Low,4,🏙️ Viajero Estándar,3,224.0,1
City Hotel,221,2016,June,10,Male,BB,Offline TA/TO,TA/TO,0,1,0,A,Transient,0,1,0,3,2.0,40.0,0,High,0,🗓️ Planificador Anticipado,8,240.0,0
City Hotel,3,2016,September,22,Male,BB,Online TA,TA/TO,0,0,0,G,Transient,1,1,0,3,2.0,109.36,0,Low,4,🏙️ Viajero Estándar,0,656.16,1
City Hotel,85,2016,October,6,Female,BB,Offline TA/TO,TA/TO,0,0,0,A,Transient-Party,1,1,0,4,2.0,42.5,0,Low,4,🏙️ Viajero Estándar,0,340.0,1
City Hotel,20,2016,September,9,Male,HB,Online TA,TA/TO,0,0,0,A,Transient,2,1,0,2,3.0,64.35000000000001,1,Low,3,👨‍👩‍👧 Turista Familiar,0,386.1,3
City Hotel,33,2015,September,15,Female,BB,Online TA,TA/TO,0,0,0,A,Contract,2,1,0,3,2.0,47.25,0,Low,0,🗓️ Planificador Anticipado,0,283.5,2
City Hotel,31,2017,April,21,Male,BB,Offline TA/TO,TA/TO,0,0,0,A,Transient-Party,0,1,0,5,2.0,42.5,0,Low,4,🏙️ Viajero Estándar,0,425.0,0
City Hotel,162,2015,September,17,Male,BB,Offline TA/TO,TA/TO,0,0,0,A,Transient-Party,0,1,0,3,2.0,17.5,0,Low,4,🏙️ Viajero Estándar,2,105.0,0
Resort Hotel,45,2016,March,22,Female,BB,Direct,Direct,0,0,0,D,Transient,1,1,0,2,2.0,22.5,0,Low,4,🏙️ Viajero Estándar,0,90.0,1
Resort Hotel,7,2016,December,13,Male,BB,Corporate,Corporate,0,0,6,A,Transient,0,0,1,1,1.0,35.0,0,Low,1,⚡ Reserva de Última Hora,1,35.0,0
Resort Hotel,131,2016,October,28,Female,BB,Online TA,TA/TO,0,0,0,E,Transient,0,1,0,7,2.0,31.515,0,Low,4,🏙️ Viajero Estándar,2,441.21000000000004,0
Resort Hotel,0,2016,February,24,Female,BB,Direct,Direct,1,0,0,E,Transient,0,0,0,1,2.0,32.5,0,Low,5,🏙️ Viajero Estándar,0,65.0,0
Resort Hotel,82,2016,February,7,Female,Undefined,Groups,TA/TO,1,1,0,A,Transient-Party,0,1,0,2,2.0,33.0,0,High,5,🏙️ Viajero Estándar,4,132.0,0
Resort Hotel,137,2016,May,30,Female,HB,Online TA,TA/TO,0,0,0,D,Transient,2,1,0,5,1.0,106.38,0,Low,4,🏙️ Viajero Estándar,1,531.9,2
Resort Hotel,98,2015,August,8,Female,HB,Offline TA/TO,TA/TO,0,0,0,A,Transient,0,1,0,7,2.0,69.0,0,High,4,🏙️ Viajero Estándar,2,966.0,0
City Hotel,101,2016,June,27,Male,BB,Groups,TA/TO,0,0,0,A,Transient,0,0,0,6,1.0,140.0,0,High,1,⚡ Reserva de Última Hora,4,840.0,0
Resort Hotel,38,2016,March,25,Female,BB,Direct,Direct,0,0,0,D,Transient,0,1,0,2,2.0,36.0,0,High,4,🏙️ Viajero Estándar,2,144.0,0
City Hotel,48,2016,November,4,Female,BB,Online TA,TA/TO,0,0,0,A,Transient,2,1,0,2,2.0,48.6,0,Low,4,🏙️ Viajero Estándar,0,194.4,2
Resort Hotel,70,2016,August,4,Male,HB,Online TA,TA/TO,0,0,0,D,Transient,1,1,0,5,2.0,122.5,0,Low,4,🏙️ Viajero Estándar,0,1225.0,1
Resort Hotel,107,2016,August,13,Male,HB,Online TA,TA/TO,0,0,0,F,Transient,0,1,0,4,3.0,75.97333333333333,0,High,4,🏙️ Viajero Estándar,2,911.68,0
Resort Hotel,171,2017,August,27,Female,BB,Offline TA/TO,TA/TO,0,0,0,D,Transient,0,1,0,7,2.0,60.75,0,High,4,🏙️ Viajero Estándar,4,850.5,0
City Hotel,10,2016,April,17,Female,SC,Online TA,TA/TO,0,0,0,A,Transient,0,1,0,1,2.0,44.5,0,Medium,4,🏙️ Viajero Estándar,1,89.0,0
City Hotel,20,2017,June,20,Female,BB,Corporate,Corporate,1,1,23,D,Transient,2,0,1,1,1.0,119.0,0,High,5,🏙️ Viajero Estándar,3,119.0,2
City Hotel,69,2016,November,10,Female,BB,Direct,Direct,0,0,0,A,Transient,2,1,0,4,2.0,52.09,0,Low,4,🏙️ Viajero Estándar,0,416.72,2
Resort Hotel,8,2017,January,14,Female,BB,Online TA,TA/TO,0,0,0,E,Transient,1,1,0,1,2.0,34.0,0,High,4,🏙️ Viajero Estándar,2,68.0,1
City Hotel,82,2017,May,31,Male,BB,Online TA,TA/TO,0,0,0,D,Transient-Party,2,1,0,3,3.0,51.0,0,Low,4,🏙️ Viajero Estándar,0,459.0,2
City Hotel,80,2016,December,27,Female,BB,Online TA,TA/TO,0,0,0,D,Transient,1,1,0,3,2.0,57.45,1,Low,3,👨‍👩‍👧 Turista Familiar,0,344.70000000000005,2
City Hotel,5,2016,June,14,Male,BB,Corporate,Corporate,0,0,0,A,Transient,0,0,1,1,1.0,95.0,0,High,1,⚡ Reserva de Última Hora,3,95.0,0
City Hotel,50,2017,June,11,Female,BB,Direct,Direct,0,0,0,A,Transient,0,1,0,4,1.0,126.0,0,Low,4,🏙️ Viajero Estándar,0,504.0,0
City Hotel,173,2017,June,4,Female,BB,Groups,TA/TO,0,0,0,A,Transient,0,1,0,4,2.0,60.0,0,High,4,🏙️ Viajero Estándar,5,480.0,0
City Hotel,39,2016,September,25,Female,BB,Online TA,TA/TO,0,0,0,A,Transient,0,1,0,1,1.0,129.7,0,Low,4,🏙️ Viajero Estándar,0,129.7,0
Resort Hotel,146,2016,September,29,Female,BB,Offline TA/TO,TA/TO,0,0,0,E,Transient-Party,0,0,1,1,2.0,58.05,0,Low,1,⚡ Reserva de Última Hora,3,116.1,0
City Hotel,1,2015,November,19,Female,BB,Corporate,Corporate,0,0,0,A,Transient,0,0,1,1,1.0,65.0,0,High,1,⚡ Reserva de Última Hora,3,65.0,0
Resort Hotel,45,2016,September,18,Female,BB,Online TA,TA/TO,0,0,0,A,Transient,2,1,0,3,2.0,43.0,0,High,4,🏙️ Viajero Estándar,1,258.0,2
City Hotel,2,2016,September,22,Male,BB,Online TA,TA/TO,0,0,0,A,Transient,3,1,0,1,1.0,194.0,0,Low,4,🏙️ Viajero Estándar,0,194.0,3
City Hotel,158,2016,May,25,Female,BB,Online TA,TA/TO,0,0,0,D,Transient,1,1,0,4,2.0,61.625,0,Low,4,🏙️ Viajero Estándar,2,493.0,1
Resort Hotel,33,2017,August,7,Male,BB,Online TA,TA/TO,0,0,0,A,Transient,2,1,0,5,2.0,122.0,0,Low,4,🏙️ Viajero Estándar,0,1220.0,2
Resort Hotel,25,2016,March,28,Female,BB,Online TA,TA/TO,0,0,0,A,Transient,1,1,0,2,2.0,30.0,0,High,4,🏙️ Viajero Estándar,2,120.0,1
Resort Hotel,9,2015,October,11,Male,BB,Direct,Direct,0,0,0,A,Transient,0,1,0,1,2.0,28.0,0,High,4,🏙️ Viajero Estándar,2,56.0,0
City Hotel,241,2017,March,31,Female,BB,Online TA,TA/TO,0,0,0,A,Transient,0,1,0,4,1.0,103.6,0,Low,4,🏙️ Viajero Estándar,3,414.4,0
City Hotel,71,2016,June,17,Male,BB,Offline TA/TO,TA/TO,0,0,0,A,Transient-Party,1,1,0,4,3.0,31.026666666666667,1,High,3,👨‍👩‍👧 Turista Familiar,2,372.32,2
Resort Hotel,100,2015,July,6,Female,BB,Offline TA/TO,TA/TO,0,0,0,D,Transient,1,1,0,10,2.0,31.93,0,Low,4,🏙️ Viajero Estándar,0,638.6,1
Resort Hotel,50,2016,March,5,Male,BB,Online TA,TA/TO,0,0,0,A,Transient,1,1,0,1,2.0,24.0,0,High,4,🏙️ Viajero Estándar,2,48.0,1
City Hotel,68,2016,February,17,Female,BB,Groups,TA/TO,0,1,0,A,Transient,0,1,0,2,2.0,37.5,0,High,0,🗓️ Planificador Anticipado,6,150.0,0
City Hotel,0,2016,March,8,Female,BB,Corporate,TA/TO,0,0,0,D,Transient-Party,0,0,1,2,1.0,75.0,0,High,1,⚡ Reserva de Última Hora,3,150.0,0
City Hotel,265,2016,June,24,Male,HB,Offline TA/TO,TA/TO,0,0,0,A,Transient-Party,1,1,0,2,2.0,57.5,0,High,4,🏙️ Viajero Estándar,5,230.0,1
Resort Hotel,160,2016,May,17,Male,BB,Offline TA/TO,TA/TO,0,0,0,D,Transient,1,1,0,1,2.0,29.5,0,Low,4,🏙️ Viajero Estándar,2,59.0,1
Resort Hotel,9,2017,February,18,Male,BB,Online TA,Direct,1,0,1,A,Transient,2,1,0,2,2.0,30.0,0,High,5,🏙️ Viajero Estándar,0,120.0,2
Resort Hotel,28,2015,October,21,Male,HB,Offline TA/TO,TA/TO,0,0,0,A,Transient-Party,0,1,0,2,2.0,35.0,0,Low,4,🏙️ Viajero Estándar,0,140.0,0
City Hotel,48,2016,April,1,Female,SC,Online TA,TA/TO,0,0,0,A,Transient,1,1,0,5,2.0,31.61,0,Low,4,🏙️ Viajero Estándar,0,316.1,1
City Hotel,12,2015,October,5,Female,BB,Direct,Direct,0,0,0,A,Transient,3,1,0,5,2.0,57.0,0,High,4,🏙️ Viajero Estándar,1,570.0,3
City Hotel,45,2016,July,5,Female,BB,Offline TA/TO,TA/TO,0,0,0,A,Transient,0,1,0,1,2.0,38.25,0,High,4,🏙️ Viajero Estándar,2,76.5,0
City Hotel,4,2016,September,27,Male,BB,Offline TA/TO,TA/TO,0,0,0,A,Transient,2,1,0,1,2.0,37.5,0,High,4,🏙️ Viajero Estándar,1,75.0,2
City Hotel,0,2017,May,29,Male,BB,Online TA,TA/TO,0,0,0,A,Transient,1,1,0,1,2.0,69.5,0,High,4,🏙️ Viajero Estándar,2,139.0,1
Resort Hotel,130,2016,June,5,Female,HB,Offline TA/TO,TA/TO,0,0,0,A,Contract,0,1,0,7,2.0,39.925,0,Low,0,🗓️ Planificador Anticipado,2,558.9499999999999,0
City Hotel,216,2015,October,19,Female,BB,Groups,TA/TO,0,0,0,A,Transient-Party,0,1,0,3,2.0,6.0,0,High,4,🏙️ Viajero Estándar,6,36.0,0
Resort Hotel,210,2016,August,2,Male,BB,Online TA,TA/TO,0,0,0,A,Transient,1,1,0,3,2.0,63.0,0,High,4,🏙️ Viajero Estándar,5,378.0,1
City Hotel,0,2015,August,10,Male,SC,Online TA,TA/TO,0,0,0,A,Transient,0,1,0,1,2.0,57.5,0,High,4,🏙️ Viajero Estándar,2,115.0,0
City Hotel,78,2017,April,23,Male,BB,Online TA,TA/TO,0,0,0,A,Transient,1,1,0,3,2.0,46.085,0,Low,4,🏙️ Viajero Estándar,0,276.51,1
City Hotel,20,2017,June,1,Male,BB,Direct,Direct,0,0,0,G,Transient,0,0,0,4,2.0,120.0,0,High,1,⚡ Reserva de Última Hora,3,960.0,0
City Hotel,142,2016,May,22,Female,BB,Online TA,TA/TO,0,0,0,D,Transient-Party,0,1,0,3,2.0,57.15,0,Low,4,🏙️ Viajero Estándar,2,342.9,0
City Hotel,342,2015,September,24,Female,BB,Groups,TA/TO,0,1,0,A,Transient,0,1,0,6,2.0,85.0,0,High,0,🗓️ Planificador Anticipado,9,1020.0,0
Resort Hotel,0,2015,August,26,Female,BB,Online TA,TA/TO,0,0,0,A,Transient,0,1,0,1,1.0,153.0,0,Low,4,🏙️ Viajero Estándar,0,153.0,0
City Hotel,1,2015,September,22,Male,BB,Online TA,TA/TO,0,0,0,A,Contract,1,1,0,2,2.0,72.5,0,High,0,🗓️ Planificador Anticipado,2,290.0,1
City Hotel,40,2017,June,8,Female,BB,Online TA,TA/TO,0,0,0,A,Transient,2,1,0,1,2.0,70.0,0,High,4,🏙️ Viajero Estándar,1,140.0,2
City Hotel,160,2017,August,22,Female,BB,Online TA,TA/TO,0,0,0,E,Transient,0,1,0,4,3.0,67.5,0,Low,4,🏙️ Viajero Estándar,2,810.0,0
Resort Hotel,179,2016,April,27,Male,BB,Online TA,TA/TO,0,0,0,A,Transient,1,1,0,2,2.0,26.1,0,High,4,🏙️ Viajero Estándar,4,104.4,1
City Hotel,128,2017,May,11,Female,BB,Online TA,TA/TO,0,0,0,A,Transient,0,1,0,3,1.0,130.8,0,Low,4,🏙️ Viajero Estándar,2,392.40000000000003,0
City Hotel,167,2016,July,23,Female,BB,Online TA,TA/TO,0,0,0,A,Transient,0,1,0,7,2.0,49.725,0,Low,4,🏙️ Viajero Estándar,2,696.15,0
City Hotel,3,2016,May,9,Male,BB,Aviation,Corporate,0,0,0,D,Transient,0,0,1,15,1.0,110.0,0,Low,2,💼 Viajero Premium,1,1650.0,0
City Hotel,1,2017,March,30,Female,SC,Online TA,TA/TO,0,0,0,A,Transient,1,1,0,2,2.0,53.5,0,Low,4,🏙️ Viajero Estándar,0,214.0,1
City Hotel,10,2016,March,29,Female,BB,Online TA,TA/TO,0,0,0,D,Transient,0,1,0,1,3.0,45.66666666666666,0,High,4,🏙️ Viajero Estándar,2,136.99999999999997,0
Resort Hotel,118,2015,July,29,Male,HB,Online TA,TA/TO,0,0,0,D,Transient,2,1,0,5,2.0,93.0,0,High,4,🏙️ Viajero Estándar,1,930.0,2
Resort Hotel,209,2016,July,23,Female,BB,Online TA,TA/TO,0,0,0,H,Transient,0,1,0,7,4.0,52.5,1,High,3,👨‍👩‍👧 Turista Familiar,5,1470.0,1
Resort Hotel,4,2016,April,30,Male,BB,Direct,Direct,0,0,0,D,Transient,3,0,0,1,3.0,31.666666666666668,1,High,3,👨‍👩‍👧 Turista Familiar,2,95.0,4
Resort Hotel,6,2016,March,30,Male,BB,Corporate,Corporate,0,0,0,A,Transient-Party,0,0,1,1,2.0,25.0,0,High,1,⚡ Reserva de Última Hora,3,50.0,0
City Hotel,7,2017,February,15,Male,BB,Direct,Direct,0,0,0,D,Transient,1,0,0,1,2.0,61.5,0,Low,1,⚡ Reserva de Última Hora,1,123.0,1
Resort Hotel,168,2017,May,2,Female,BB,Offline TA/TO,TA/TO,0,0,0,D,Transient,0,1,0,1,2.0,31.0,0,Low,4,🏙️ Viajero Estándar,2,62.0,0
Resort Hotel,19,2016,October,30,Female,HB,Online TA,TA/TO,0,0,0,A,Transient,2,1,0,4,2.0,39.0,0,High,4,🏙️ Viajero Estándar,1,312.0,2
City Hotel,89,2015,October,3,Female,BB,Groups,TA/TO,0,0,0,A,Transient,0,1,0,4,2.0,31.0,0,High,4,🏙️ Viajero Estándar,3,248.0,0
Resort Hotel,30,2016,August,8,Male,HB,Online TA,TA/TO,0,0,0,D,Transient,2,1,0,5,2.0,135.5,0,High,4,🏙️ Viajero Estándar,1,1355.0,2
Resort Hotel,3,2016,January,3,Male,BB,Online TA,TA/TO,0,0,0,A,Transient,1,1,0,3,2.0,24.0,0,Low,4,🏙️ Viajero Estándar,0,144.0,1
City Hotel,18,2017,February,21,Male,SC,Online TA,TA/TO,0,0,0,A,Transient,1,1,0,2,1.0,51.21,0,Low,4,🏙️ Viajero Estándar,0,102.42,1
Resort Hotel,195,2017,July,24,Female,BB,Offline TA/TO,TA/TO,0,0,0,A,Transient,0,1,0,7,3.0,49.81666666666666,0,Low,4,🏙️ Viajero Estándar,2,1046.1499999999999,0
City Hotel,99,2016,February,19,Female,BB,Corporate,TA/TO,0,0,0,A,Transient-Party,0,0,1,1,1.0,81.0,0,High,1,⚡ Reserva de Última Hora,3,81.0,0
City Hotel,7,2017,January,12,Male,BB,Online TA,TA/TO,0,0,0,A,Transient,1,1,0,3,2.0,35.845,0,Low,4,🏙️ Viajero Estándar,0,215.07,1
Resort Hotel,1,2017,February,3,Female,BB,Direct,Direct,0,0,0,A,Transient,1,1,0,1,2.0,21.6,0,High,4,🏙️ Viajero Estándar,2,43.2,1
City Hotel,56,2016,June,1,Male,BB,Online TA,TA/TO,0,0,0,D,Transient,1,1,0,3,2.0,70.2,0,Low,4,🏙️ Viajero Estándar,0,421.20000000000005,1
City Hotel,37,2017,January,12,Female,BB,Online TA,TA/TO,0,0,0,D,Transient,1,1,0,1,3.0,39.52666666666666,0,High,4,🏙️ Viajero Estándar,2,118.57999999999997,1
City Hotel,17,2016,December,2,Male,BB,Online TA,TA/TO,0,0,0,D,Transient,2,1,0,2,3.0,52.5,0,Low,4,🏙️ Viajero Estándar,0,315.0,2
City Hotel,52,2015,October,23,Female,BB,Online TA,TA/TO,0,0,0,A,Contract,3,1,0,3,2.0,47.25,0,Low,0,🗓️ Planificador Anticipado,0,283.5,3
City Hotel,38,2017,February,26,Female,BB,Offline TA/TO,TA/TO,0,0,0,A,Transient,0,1,0,3,2.0,37.5,0,High,4,🏙️ Viajero Estándar,2,225.0,0
City Hotel,86,2015,September,9,Male,BB,Corporate,Corporate,0,0,0,A,Transient-Party,0,0,1,3,1.0,90.0,0,Low,1,⚡ Reserva de Última Hora,1,270.0,0
City Hotel,4,2016,April,21,Female,BB,Online TA,TA/TO,0,0,0,D,Transient,1,1,0,5,2.0,51.59,0,Low,4,🏙️ Viajero Estándar,0,515.9000000000001,1
City Hotel,2,2017,August,20,Male,SC,Online TA,TA/TO,0,0,0,A,Transient,0,1,0,3,2.0,40.85,0,High,4,🏙️ Viajero Estándar,2,245.10000000000002,0
Resort Hotel,221,2015,October,10,Female,HB,Offline TA/TO,TA/TO,0,1,0,A,Transient,0,1,0,2,2.0,17.0,0,High,0,🗓️ Planificador Anticipado,8,68.0,0
Resort Hotel,7,2017,April,29,Female,BB,Online TA,TA/TO,0,0,0,D,Transient,1,1,0,3,2.0,57.835,0,Low,4,🏙️ Viajero Estándar,0,347.01,1
City Hotel,444,2016,December,1,Female,BB,Offline TA/TO,TA/TO,0,1,0,A,Transient,0,1,0,3,1.0,75.0,0,High,0,🗓️ Planificador Anticipado,8,225.0,0
Resort Hotel,53,2017,March,5,Male,BB,Groups,TA/TO,0,0,0,A,Transient-Party,0,1,0,7,1.0,30.0,0,High,4,🏙️ Viajero Estándar,3,210.0,0
City Hotel,110,2017,July,10,Male,BB,Online TA,TA/TO,0,0,0,A,Transient,0,1,0,2,3.0,48.0,1,Low,3,👨‍👩‍👧 Turista Familiar,0,288.0,1
Resort Hotel,105,2015,November,18,Male,Undefined,Offline TA/TO,TA/TO,0,0,0,A,Transient-Party,0,1,0,6,2.0,34.5,0,Low,0,🗓️ Planificador Anticipado,0,414.0,0
City Hotel,50,2017,March,22,Female,BB,Online TA,TA/TO,0,0,0,D,Transient,1,1,0,2,1.0,78.31,0,Low,4,🏙️ Viajero Estándar,0,156.62,1
City Hotel,56,2016,May,30,Male,BB,Groups,TA/TO,0,0,0,A,Transient-Party,0,0,0,1,1.0,120.0,0,High,1,⚡ Reserva de Última Hora,4,120.0,0
City Hotel,315,2016,September,17,Female,BB,Groups,TA/TO,0,0,0,A,Transient-Party,1,1,0,2,2.0,32.5,0,Low,4,🏙️ Viajero Estándar,4,130.0,1
City Hotel,59,2016,May,21,Male,SC,Online TA,TA/TO,0,0,0,A,Transient,1,1,0,5,2.0,58.05,0,Medium,4,🏙️ Viajero Estándar,1,580.5,1
Resort Hotel,1,2017,August,6,Female,BB,Online TA,TA/TO,0,0,0,A,Transient,1,1,0,1,2.0,72.2,0,High,4,🏙️ Viajero Estándar,2,144.4,1
City Hotel,3,2016,March,31,Female,BB,Online TA,TA/TO,0,0,0,A,Transient,1,1,0,1,1.0,106.0,0,Low,4,🏙️ Viajero Estándar,0,106.0,1
City Hotel,0,2016,February,15,Female,BB,Aviation,TA/TO,0,0,0,A,Transient,0,1,0,4,1.0,88.0,0,High,4,🏙️ Viajero Estándar,2,352.0,0
Resort Hotel,125,2016,September,11,Male,BB,Direct,Direct,0,0,0,F,Transient,0,1,0,3,2.0,90.5,0,High,4,🏙️ Viajero Estándar,4,543.0,0
City Hotel,94,2016,April,12,Male,BB,Online TA,TA/TO,0,0,0,A,Transient,1,1,0,7,2.0,34.55,0,Low,4,🏙️ Viajero Estándar,0,483.69999999999993,1
City Hotel,274,2017,January,9,Female,BB,Online TA,TA/TO,0,0,0,D,Transient,0,1,0,3,3.0,38.1,0,Low,4,🏙️ Viajero Estándar,3,342.90000000000003,0
City Hotel,153,2016,August,19,Female,BB,Online TA,TA/TO,0,0,0,F,Transient,0,1,0,1,4.0,46.575,1,Low,3,👨‍👩‍👧 Turista Familiar,2,186.3,1
Resort Hotel,186,2015,September,4,Female,BB,Offline TA/TO,TA/TO,0,0,0,A,Transient-Party,1,1,0,3,1.0,52.2,0,Low,4,🏙️ Viajero Estándar,2,156.60000000000002,1
Resort Hotel,231,2015,September,15,Female,BB,Direct,Direct,0,1,0,A,Transient,1,1,0,5,3.0,26.58,0,High,0,🗓️ Planificador Anticipado,8,398.7,1
City Hotel,346,2016,September,13,Male,HB,Offline TA/TO,TA/TO,0,0,0,A,Transient-Party,1,1,0,2,2.0,57.5,0,High,4,🏙️ Viajero Estándar,5,230.0,1
City Hotel,131,2016,July,3,Female,BB,Online TA,TA/TO,0,0,0,A,Transient,2,1,0,2,3.0,40.5,1,Low,3,👨‍👩‍👧 Turista Familiar,1,243.0,3
City Hotel,318,2015,August,31,Female,BB,Groups,TA/TO,0,1,0,A,Contract,0,1,0,2,2.0,31.0,0,High,0,🗓️ Planificador Anticipado,9,124.0,0
Resort Hotel,104,2016,November,5,Female,BB,Online TA,TA/TO,0,0,0,D,Transient-Party,1,1,0,7,2.0,27.0,0,Low,4,🏙️ Viajero Estándar,0,378.0,1
Resort Hotel,50,2016,August,5,Female,HB,Offline TA/TO,TA/TO,0,0,0,C,Transient-Party,0,1,0,6,2.0,115.585,0,Low,4,🏙️ Viajero Estándar,0,1387.02,0
City Hotel,17,2017,February,26,Male,BB,Groups,TA/TO,0,0,0,D,Transient-Party,0,1,0,3,1.0,75.0,0,Low,4,🏙️ Viajero Estándar,1,225.0,0
City Hotel,93,2017,April,11,Female,BB,Online TA,TA/TO,0,0,0,A,Transient,1,1,0,3,2.0,60.0,0,Low,4,🏙️ Viajero Estándar,0,360.0,1
City Hotel,0,2015,October,15,Female,BB,Offline TA/TO,TA/TO,0,0,0,A,Transient,0,1,0,2,1.0,100.0,0,High,4,🏙️ Viajero Estándar,2,200.0,0
Resort Hotel,26,2017,January,28,Female,HB,Online TA,TA/TO,0,0,0,D,Transient,1,1,0,1,2.0,44.0,0,Low,4,🏙️ Viajero Estándar,0,88.0,1
Resort Hotel,0,2017,April,3,Female,BB,Direct,Direct,0,0,0,D,Transient,0,0,0,2,2.0,51.0,0,Low,1,⚡ Reserva de Última Hora,1,204.0,0
City Hotel,157,2017,May,1,Female,HB,Direct,Direct,0,0,0,A,Transient,2,1,0,4,2.0,67.125,0,Low,4,🏙️ Viajero Estándar,1,537.0,2
City Hotel,330,2016,June,2,Male,BB,Groups,TA/TO,0,0,0,A,Transient,0,1,0,1,1.0,59.0,0,High,4,🏙️ Viajero Estándar,6,59.0,0
City Hotel,42,2017,March,22,Female,BB,Online TA,TA/TO,0,0,0,E,Transient,0,1,0,4,3.0,42.64333333333334,0,Low,4,🏙️ Viajero Estándar,0,511.72,0
City Hotel,124,2017,August,21,Female,BB,Offline TA/TO,TA/TO,0,0,0,A,Transient-Party,0,1,0,4,1.0,115.0,0,Low,4,🏙️ Viajero Estándar,2,460.0,0
City Hotel,288,2016,May,5,Male,HB,Groups,TA/TO,0,0,0,A,Transient-Party,0,1,0,3,2.0,40.835,0,Low,4,🏙️ Viajero Estándar,4,245.01,0
City Hotel,94,2016,April,16,Female,SC,Online TA,TA/TO,0,0,0,A,Transient,0,1,0,4,2.0,38.25,0,Low,4,🏙️ Viajero Estándar,0,306.0,0
City Hotel,63,2015,September,4,Male,HB,Offline TA/TO,TA/TO,0,0,0,A,Transient-Party,0,1,0,2,2.0,58.0,0,High,4,🏙️ Viajero Estándar,2,232.0,0
City Hotel,143,2016,August,25,Male,BB,Offline TA/TO,TA/TO,0,0,0,A,Transient-Party,0,1,0,3,2.0,50.0,0,Low,4,🏙️ Viajero Estándar,2,300.0,0
City Hotel,52,2016,October,29,Female,SC,Online TA,TA/TO,0,0,0,A,Transient,1,1,0,2,2.0,49.5,0,Low,4,🏙️ Viajero Estándar,0,198.0,1
City Hotel,171,2017,August,29,Male,HB,Online TA,TA/TO,0,0,0,A,Transient,0,1,0,4,2.0,84.04,0,Low,4,🏙️ Viajero Estándar,2,672.32,0
Resort Hotel,14,2015,July,24,Female,BB,Online TA,TA/TO,0,0,0,A,Transient,1,1,0,4,2.0,74.85,0,Low,4,🏙️ Viajero Estándar,0,598.8,1
City Hotel,140,2015,November,18,Male,BB,Groups,TA/TO,0,0,0,A,Transient-Party,0,1,0,3,2.0,37.5,0,High,4,🏙️ Viajero Estándar,5,225.0,0
City Hotel,129,2017,January,8,Female,BB,Groups,TA/TO,0,0,0,D,Transient,0,0,0,3,1.0,67.0,0,High,1,⚡ Reserva de Última Hora,6,201.0,0
Resort Hotel,258,2015,September,17,Male,HB,Groups,TA/TO,0,0,0,A,Transient-Party,1,1,0,2,2.0,39.15,0,Low,4,🏙️ Viajero Estándar,4,156.6,1
City Hotel,160,2017,August,11,Male,SC,Online TA,TA/TO,0,0,0,A,Transient,0,1,0,3,2.0,60.415,0,Low,4,🏙️ Viajero Estándar,2,362.49,0
Resort Hotel,24,2017,June,8,Female,BB,Offline TA/TO,TA/TO,0,0,0,A,Transient,0,1,0,2,2.0,33.0,0,High,4,🏙️ Viajero Estándar,2,132.0,0
City Hotel,48,2017,June,26,Male,BB,Online TA,TA/TO,0,0,0,F,Transient,0,1,0,1,4.0,57.5,1,Low,3,👨‍👩‍👧 Turista Familiar,0,230.0,1
Resort Hotel,243,2016,September,19,Female,FB,Offline TA/TO,TA/TO,0,0,0,A,Transient,1,1,0,7,1.0,71.9,0,Low,4,🏙️ Viajero Estándar,3,503.30000000000007,1
Resort Hotel,2,2017,May,8,Male,BB,Online TA,Direct,0,0,1,G,Transient,3,1,0,1,4.0,38.0,1,High,3,👨‍👩‍👧 Turista Familiar,1,152.0,4
City Hotel,78,2016,March,31,Male,BB,Online TA,TA/TO,0,0,0,A,Transient,0,1,0,5,2.0,41.225,0,Low,4,🏙️ Viajero Estándar,0,412.25,0
Resort Hotel,20,2016,December,4,Female,BB,Online TA,TA/TO,0,0,0,E,Transient,1,1,0,1,2.0,37.5,0,High,4,🏙️ Viajero Estándar,2,75.0,1
Resort Hotel,234,2016,August,26,Male,BB,Direct,Direct,0,0,0,A,Transient,1,1,0,2,2.0,59.5,0,High,4,🏙️ Viajero Estándar,5,238.0,1
City Hotel,173,2017,August,5,Male,BB,Online TA,TA/TO,0,0,0,A,Transient,0,1,0,7,3.0,49.5,1,Low,3,👨‍👩‍👧 Turista Familiar,2,1039.5,1
Resort Hotel,168,2016,April,28,Female,BB,Groups,TA/TO,0,0,0,A,Transient,0,1,0,4,2.0,40.0,0,High,4,🏙️ Viajero Estándar,5,320.0,0
City Hotel,17,2017,January,23,Female,BB,Online TA,GDS,0,0,0,A,Transient,0,1,0,3,1.0,88.0,0,Low,4,🏙️ Viajero Estándar,0,264.0,0
Resort Hotel,220,2016,July,4,Male,BB,Offline TA/TO,TA/TO,0,0,0,D,Transient,0,1,0,10,2.0,35.0,0,Low,4,🏙️ Viajero Estándar,3,700.0,0
Resort Hotel,1,2017,January,2,Male,BB,Direct,Direct,0,0,0,F,Transient,0,1,0,1,2.0,35.5,0,Low,4,🏙️ Viajero Estándar,0,71.0,0
Resort Hotel,154,2016,December,3,Female,BB,Direct,Direct,0,0,0,D,Transient,0,1,0,6,2.0,21.06,0,Low,4,🏙️ Viajero Estándar,2,252.71999999999997,0
Resort Hotel,286,2015,October,14,Female,BB,Groups,Corporate,0,0,0,A,Transient-Party,0,0,1,1,2.0,22.25,0,Low,1,⚡ Reserva de Última Hora,5,44.5,0
City Hotel,39,2016,November,21,Male,BB,Offline TA/TO,TA/TO,0,0,0,A,Transient,0,1,0,3,2.0,36.0,0,Low,4,🏙️ Viajero Estándar,0,216.0,0
Resort Hotel,178,2017,June,26,Male,BB,Online TA,TA/TO,0,0,0,C,Transient,1,1,0,7,2.0,53.28,0,Low,4,🏙️ Viajero Estándar,2,745.9200000000001,1
City Hotel,79,2017,July,23,Female,BB,Online TA,TA/TO,0,0,0,D,Transient,2,1,0,4,3.0,63.333333333333336,0,Low,4,🏙️ Viajero Estándar,0,760.0,2
Resort Hotel,178,2015,September,13,Female,BB,Online TA,TA/TO,0,0,0,A,Transient-Party,1,1,0,4,2.0,45.5,0,High,4,🏙️ Viajero Estándar,4,364.0,1
Resort Hotel,41,2015,November,12,Male,BB,Corporate,Corporate,0,0,0,A,Transient-Party,0,1,0,2,1.0,40.0,0,High,4,🏙️ Viajero Estándar,2,80.0,0
City Hotel,24,2016,January,31,Female,HB,Online TA,TA/TO,0,0,0,A,Transient,0,1,0,3,2.0,61.0,0,Low,4,🏙️ Viajero Estándar,0,366.0,0
City Hotel,77,2016,July,7,Male,BB,Online TA,TA/TO,0,0,0,D,Transient,0,1,0,4,2.0,64.8,0,High,4,🏙️ Viajero Estándar,2,518.4,0
City Hotel,36,2015,October,13,Female,HB,Offline TA/TO,TA/TO,0,0,0,A,Transient-Party,0,1,0,3,2.0,56.0,0,High,4,🏙️ Viajero Estándar,2,336.0,0
City Hotel,44,2016,April,23,Male,BB,Offline TA/TO,TA/TO,0,0,0,B,Transient-Party,0,1,0,3,2.0,47.5,0,Low,4,🏙️ Viajero Estándar,0,285.0,0
City Hotel,12,2017,July,31,Female,SC,Online TA,TA/TO,0,0,0,A,Transient,1,1,0,3,2.0,71.5,0,Low,4,🏙️ Viajero Estándar,0,429.0,1
City Hotel,128,2016,October,11,Female,BB,Online TA,TA/TO,0,0,0,D,Transient,0,1,0,5,3.0,45.0,1,Low,3,👨‍👩‍👧 Turista Familiar,2,675.0,1
City Hotel,110,2016,April,30,Female,SC,Online TA,TA/TO,0,0,0,A,Transient,0,1,0,4,2.0,44.625,0,Medium,4,🏙️ Viajero Estándar,1,357.0,0
City Hotel,46,2016,November,3,Female,BB,Online TA,TA/TO,0,0,0,D,Transient,2,1,0,3,2.0,53.1,0,Low,4,🏙️ Viajero Estándar,0,318.6,2
Resort Hotel,36,2017,May,8,Female,BB,Direct,Direct,0,0,0,F,Transient,0,1,0,7,2.0,67.0,0,Low,4,🏙️ Viajero Estándar,0,938.0,0
City Hotel,276,2015,July,20,Female,BB,Groups,TA/TO,0,1,0,A,Contract,0,1,0,2,2.0,31.0,0,High,0,🗓️ Planificador Anticipado,9,124.0,0
Resort Hotel,0,2016,December,20,Male,BB,Direct,Direct,0,0,0,A,Transient,0,0,0,1,2.0,45.0,0,Low,1,⚡ Reserva de Última Hora,1,90.0,0
City Hotel,78,2016,March,25,Female,BB,Online TA,TA/TO,0,0,0,D,Transient,0,1,0,3,2.0,52.65,0,Medium,4,🏙️ Viajero Estándar,1,315.9,0
City Hotel,323,2016,May,26,Male,BB,Groups,TA/TO,0,0,0,A,Transient,0,1,0,2,2.0,31.0,0,High,4,🏙️ Viajero Estándar,6,124.0,0
City Hotel,173,2016,July,11,Female,BB,Online TA,TA/TO,0,0,0,A,Transient,1,1,0,4,2.0,32.745,1,Low,3,👨‍👩‍👧 Turista Familiar,2,261.96,2
City Hotel,131,2016,July,15,Male,BB,Online TA,TA/TO,0,0,0,F,Transient,0,1,0,1,4.0,44.325,1,Medium,3,👨‍👩‍👧 Turista Familiar,3,177.3,1
City Hotel,205,2016,July,22,Male,BB,Online TA,TA/TO,0,0,0,A,Transient-Party,0,1,0,5,2.0,45.475,0,Low,4,🏙️ Viajero Estándar,3,454.75,0
Resort Hotel,32,2016,February,28,Male,BB,Online TA,TA/TO,0,0,0,A,Transient,0,1,0,7,2.0,24.0,0,High,4,🏙️ Viajero Estándar,2,336.0,0
Resort Hotel,65,2017,August,18,Male,BB,Online TA,TA/TO,0,0,0,A,Transient,1,1,0,7,2.0,95.3,0,Low,4,🏙️ Viajero Estándar,0,1334.2,1
City Hotel,50,2017,April,11,Female,SC,Online TA,TA/TO,0,0,0,A,Transient,1,1,0,3,2.0,54.0,0,Low,4,🏙️ Viajero Estándar,0,324.0,1
City Hotel,61,2015,October,4,Female,BB,Offline TA/TO,TA/TO,0,0,0,A,Transient-Party,0,1,0,2,2.0,45.5,0,Low,4,🏙️ Viajero Estándar,0,182.0,0
City Hotel,188,2016,June,15,Male,BB,Offline TA/TO,TA/TO,0,0,0,A,Transient,0,1,0,2,1.0,130.0,0,High,4,🏙️ Viajero Estándar,4,260.0,0
City Hotel,93,2016,October,29,Male,BB,Online TA,TA/TO,0,0,0,B,Transient,2,1,0,2,2.0,40.75,0,Low,4,🏙️ Viajero Estándar,0,163.0,2
Resort Hotel,0,2015,October,4,Male,BB,Direct,Direct,0,0,0,C,Transient,0,0,0,1,2.0,38.0,0,High,1,⚡ Reserva de Última Hora,3,76.0,0
City Hotel,93,2017,June,22,Male,BB,Groups,TA/TO,0,0,0,A,Transient-Party,0,1,0,5,2.0,42.5,0,Low,4,🏙️ Viajero Estándar,1,425.0,0
City Hotel,99,2016,October,16,Female,BB,Online TA,TA/TO,0,0,0,A,Transient,1,1,0,3,2.0,59.4,0,Low,4,🏙️ Viajero Estándar,0,356.4,1
Resort Hotel,82,2016,February,7,Female,Undefined,Groups,TA/TO,1,0,0,A,Transient-Party,0,1,0,2,3.0,28.666666666666668,1,High,5,🏙️ Viajero Estándar,1,172.0,1
Resort Hotel,101,2016,March,8,Male,HB,Offline TA/TO,TA/TO,0,0,0,A,Transient,0,1,0,7,2.0,24.7,0,Low,4,🏙️ Viajero Estándar,0,345.8,0
City Hotel,58,2016,January,27,Male,BB,Offline TA/TO,TA/TO,0,1,0,A,Transient-Party,0,1,0,2,1.0,80.0,0,High,0,🗓️ Planificador Anticipado,5,160.0,0
City Hotel,31,2017,June,7,Female,BB,Online TA,TA/TO,0,0,0,D,Transient,1,1,0,1,2.0,75.0,0,Medium,4,🏙️ Viajero Estándar,1,150.0,1
Resort Hotel,165,2017,July,5,Male,BB,Online TA,TA/TO,0,0,0,F,Transient,1,1,0,4,2.0,65.715,0,Low,4,🏙️ Viajero Estándar,2,525.72,1
Resort Hotel,0,2016,October,25,Female,BB,Offline TA/TO,TA/TO,0,0,0,A,Transient,0,1,0,2,2.0,24.0,0,High,4,🏙️ Viajero Estándar,2,96.0,0
Resort Hotel,27,2017,July,14,Female,BB,Direct,Direct,0,0,0,A,Transient,2,1,0,2,2.0,90.0,0,Low,4,🏙️ Viajero Estándar,0,360.0,2
Resort Hotel,22,2017,August,19,Female,BB,Online TA,TA/TO,0,0,0,H,Transient,1,1,0,4,4.0,85.0,1,Low,3,👨‍👩‍👧 Turista Familiar,0,1360.0,2
City Hotel,34,2016,September,18,Male,BB,Offline TA/TO,TA/TO,0,0,0,A,Transient,0,1,0,3,2.0,42.75,0,Low,4,🏙️ Viajero Estándar,0,256.5,0
Resort Hotel,100,2015,July,4,Female,BB,Online TA,TA/TO,0,0,0,A,Transient-Party,1,1,0,2,2.0,36.9,0,Low,4,🏙️ Viajero Estándar,0,147.6,1
City Hotel,7,2016,February,11,Female,HB,Offline TA/TO,TA/TO,0,0,0,A,Transient-Party,1,1,0,3,2.0,58.0,0,Low,4,🏙️ Viajero Estándar,0,348.0,1
City Hotel,405,2017,July,4,Male,HB,Offline TA/TO,TA/TO,0,0,0,A,Transient-Party,0,1,0,2,1.0,91.5,0,Low,4,🏙️ Viajero Estándar,3,183.0,0
Resort Hotel,0,2016,August,11,Male,BB,Direct,Direct,0,0,0,E,Transient,0,0,0,1,2.0,114.5,0,High,1,⚡ Reserva de Última Hora,3,229.0,0
City Hotel,134,2017,February,25,Female,BB,Groups,TA/TO,0,0,0,A,Transient-Party,0,1,0,1,1.0,75.0,0,High,4,🏙️ Viajero Estándar,5,75.0,0
Resort Hotel,346,2016,September,1,Male,BB,Online TA,TA/TO,0,0,0,A,Transient,2,1,0,1,2.0,40.5,0,High,4,🏙️ Viajero Estándar,4,81.0,2
Resort Hotel,177,2016,June,10,Female,HB,Online TA,TA/TO,0,0,0,E,Transient,2,1,0,7,2.0,71.0,0,Low,4,🏙️ Viajero Estándar,1,994.0,2
Resort Hotel,271,2017,June,12,Female,Undefined,Offline TA/TO,TA/TO,0,0,0,E,Transient,1,1,0,8,2.0,68.85,0,High,4,🏙️ Viajero Estándar,5,1101.6,1
City Hotel,155,2017,June,19,Male,BB,Online TA,TA/TO,0,0,0,D,Transient,1,1,0,3,2.0,63.9,0,High,4,🏙️ Viajero Estándar,4,383.4,1
City Hotel,175,2017,May,27,Female,BB,Online TA,TA/TO,0,0,0,A,Transient,1,1,0,2,2.0,63.0,0,Medium,4,🏙️ Viajero Estándar,3,252.0,1
City Hotel,275,2016,October,5,Female,BB,Offline TA/TO,TA/TO,0,0,0,A,Transient,0,1,0,5,2.0,45.0,0,High,4,🏙️ Viajero Estándar,5,450.0,0
City Hotel,5,2016,April,8,Female,BB,Direct,Direct,0,0,0,A,Transient,0,1,0,1,2.0,54.0,0,Low,4,🏙️ Viajero Estándar,0,108.0,0
Resort Hotel,59,2017,August,13,Female,FB,Direct,Direct,0,0,0,H,Transient,0,1,0,6,4.0,109.25,1,High,3,👨‍👩‍👧 Turista Familiar,2,2622.0,1
City Hotel,26,2017,April,27,Female,SC,Online TA,TA/TO,0,0,0,A,Transient,3,1,0,1,2.0,62.0,0,Low,4,🏙️ Viajero Estándar,0,124.0,3
City Hotel,1,2017,February,23,Female,SC,Online TA,TA/TO,0,0,0,A,Transient,0,1,0,1,1.0,70.4,0,Low,4,🏙️ Viajero Estándar,0,70.4,0
City Hotel,286,2016,October,28,Female,BB,Groups,TA/TO,0,0,0,A,Transient,0,1,0,2,2.0,32.5,0,High,4,🏙️ Viajero Estándar,6,130.0,0
City Hotel,102,2016,July,8,Female,BB,Offline TA/TO,TA/TO,0,0,0,A,Transient,0,1,0,4,2.0,36.125,0,High,4,🏙️ Viajero Estándar,2,289.0,0
Resort Hotel,16,2015,October,25,Female,BB,Online TA,TA/TO,0,0,0,G,Transient,0,1,0,5,4.0,26.5,1,High,3,👨‍👩‍👧 Turista Familiar,2,530.0,1
City Hotel,90,2016,June,28,Female,BB,Online TA,TA/TO,0,0,0,A,Transient,0,1,0,6,2.0,57.15,0,Low,4,🏙️ Viajero Estándar,0,685.8,0
Resort Hotel,7,2016,June,13,Male,BB,Corporate,Corporate,0,0,0,A,Transient,0,0,1,3,1.0,75.0,0,High,1,⚡ Reserva de Última Hora,3,225.0,0
Resort Hotel,237,2017,May,2,Male,BB,Offline TA/TO,TA/TO,0,0,0,A,Transient,1,1,0,7,2.0,21.6,0,Low,4,🏙️ Viajero Estándar,3,302.40000000000003,1
City Hotel,43,2016,August,7,Female,BB,Online TA,TA/TO,0,0,0,A,Transient,1,1,0,2,2.0,67.95,0,Low,4,🏙️ Viajero Estándar,0,271.8,1
Resort Hotel,1,2017,February,26,Female,BB,Online TA,TA/TO,0,0,0,C,Transient,0,1,0,1,4.0,18.75,1,Low,3,👨‍👩‍👧 Turista Familiar,0,75.0,1
Resort Hotel,22,2015,July,16,Female,BB,Direct,Direct,0,0,0,F,Transient,0,1,0,7,2.0,80.0,0,High,4,🏙️ Viajero Estándar,2,1120.0,0
City Hotel,175,2017,March,10,Male,BB,Online TA,TA/TO,0,0,0,A,Transient,0,1,0,3,2.0,46.8,0,Low,4,🏙️ Viajero Estándar,2,280.79999999999995,0
City Hotel,219,2016,August,20,Female,HB,Groups,TA/TO,0,0,0,A,Transient-Party,0,1,0,2,2.0,48.0,0,Medium,4,🏙️ Viajero Estándar,5,192.0,0
City Hotel,120,2017,August,23,Female,BB,Direct,Direct,0,0,0,E,Transient,2,1,0,2,1.0,180.0,0,Low,4,🏙️ Viajero Estándar,0,360.0,2
City Hotel,301,2016,July,30,Female,HB,Offline TA/TO,TA/TO,0,0,0,A,Transient-Party,1,1,0,2,2.0,57.5,0,Low,4,🏙️ Viajero Estándar,3,230.0,1
City Hotel,98,2016,July,15,Male,BB,Online TA,TA/TO,0,0,0,A,Transient,1,1,0,3,3.0,40.5,1,Low,3,👨‍👩‍👧 Turista Familiar,0,364.5,2
Resort Hotel,3,2016,May,19,Female,BB,Online TA,TA/TO,0,0,0,D,Transient,0,1,0,1,1.0,94.0,0,High,4,🏙️ Viajero Estándar,2,94.0,0
Resort Hotel,99,2016,April,27,Male,HB,Groups,TA/TO,0,0,0,A,Transient-Party,0,1,0,9,2.0,35.945,0,Low,4,🏙️ Viajero Estándar,1,647.01,0
City Hotel,1,2015,December,31,Female,SC,Online TA,TA/TO,0,0,0,A,Transient,0,1,0,3,3.0,61.16666666666666,0,Medium,4,🏙️ Viajero Estándar,1,550.4999999999999,0
City Hotel,29,2015,October,27,Female,BB,Offline TA/TO,TA/TO,0,0,0,D,Group,0,1,0,3,2.0,37.5,0,Low,0,🗓️ Planificador Anticipado,0,225.0,0
Resort Hotel,1,2016,January,12,Female,BB,Corporate,Corporate,1,0,1,A,Transient,0,0,1,1,1.0,30.0,0,High,5,🏙️ Viajero Estándar,1,30.0,0
City Hotel,109,2017,March,30,Female,BB,Online TA,TA/TO,0,0,0,A,Transient,2,1,0,1,2.0,48.6,0,Low,4,🏙️ Viajero Estándar,0,97.2,2
City Hotel,90,2015,November,24,Female,BB,Online TA,TA/TO,0,0,0,A,Contract,2,1,0,7,2.0,36.125,0,High,0,🗓️ Planificador Anticipado,1,505.75,2
Resort Hotel,17,2015,July,2,Female,BB,Direct,Direct,0,0,0,F,Transient,1,1,0,3,2.0,66.5,0,Low,4,🏙️ Viajero Estándar,0,399.0,1
City Hotel,46,2016,October,16,Female,BB,Offline TA/TO,TA/TO,0,0,0,A,Transient,0,1,0,4,2.0,42.75,0,Low,4,🏙️ Viajero Estándar,0,342.0,0
City Hotel,1,2017,June,11,Female,SC,Online TA,TA/TO,0,0,0,A,Transient,1,1,0,1,2.0,64.0,0,High,4,🏙️ Viajero Estándar,2,128.0,1
City Hotel,12,2017,April,21,Male,SC,Online TA,TA/TO,0,0,0,A,Transient,1,1,0,3,2.0,75.0,0,Low,4,🏙️ Viajero Estándar,0,450.0,1
City Hotel,147,2015,December,29,Female,BB,Online TA,TA/TO,0,0,0,A,Contract,2,1,0,3,2.0,36.125,0,High,0,🗓️ Planificador Anticipado,3,216.75,2
City Hotel,283,2016,December,5,Female,BB,Corporate,Corporate,0,0,0,E,Transient-Party,0,0,1,3,1.0,106.0,0,High,1,⚡ Reserva de Última Hora,6,318.0,0
City Hotel,140,2016,August,12,Male,BB,Online TA,TA/TO,0,0,0,D,Transient,0,1,0,2,3.0,48.9,0,Low,4,🏙️ Viajero Estándar,2,293.4,0
City Hotel,43,2017,April,27,Male,SC,Offline TA/TO,TA/TO,0,0,0,A,Transient,1,1,0,1,2.0,49.0,0,High,4,🏙️ Viajero Estándar,2,98.0,1
City Hotel,219,2017,August,25,Female,BB,Online TA,TA/TO,0,0,0,A,Transient,0,1,0,4,2.0,58.5,0,Medium,4,🏙️ Viajero Estándar,4,468.0,0
City Hotel,464,2017,July,25,Female,BB,Offline TA/TO,TA/TO,0,0,0,A,Transient,0,1,0,1,2.0,45.0,0,High,4,🏙️ Viajero Estándar,5,90.0,0
City Hotel,1,2016,February,20,Female,BB,Direct,Direct,0,0,0,A,Transient,0,0,0,1,2.0,45.5,0,High,1,⚡ Reserva de Última Hora,3,91.0,0
City Hotel,75,2016,April,29,Female,BB,Online TA,TA/TO,0,0,0,A,Transient,0,1,0,5,3.0,45.05,1,Low,3,👨‍👩‍👧 Turista Familiar,0,675.7499999999999,1
Resort Hotel,143,2016,June,4,Female,HB,Offline TA/TO,TA/TO,0,0,0,E,Transient,3,1,0,7,2.0,49.3,0,Low,4,🏙️ Viajero Estándar,1,690.1999999999999,3
Resort Hotel,48,2017,February,25,Male,BB,Online TA,TA/TO,0,0,0,D,Transient-Party,3,1,0,2,2.0,29.0,0,High,4,🏙️ Viajero Estándar,1,116.0,3
City Hotel,41,2016,March,8,Female,SC,Online TA,TA/TO,0,0,0,A,Transient,0,1,0,7,2.0,35.705,0,Low,4,🏙️ Viajero Estándar,0,499.87,0
City Hotel,208,2017,August,2,Female,HB,Groups,TA/TO,0,0,0,A,Transient-Party,1,1,0,1,2.0,78.5,0,Low,4,🏙️ Viajero Estándar,4,157.0,1
City Hotel,210,2015,July,30,Female,BB,Online TA,TA/TO,0,1,0,A,Transient,2,1,0,4,2.0,38.25,0,High,0,🗓️ Planificador Anticipado,7,306.0,2
Resort Hotel,0,2016,February,10,Female,BB,Online TA,TA/TO,0,0,0,A,Transient,1,1,0,1,1.0,53.0,0,Low,4,🏙️ Viajero Estándar,0,53.0,1
Resort Hotel,191,2016,November,5,Male,BB,Online TA,TA/TO,0,0,0,A,Transient,0,1,0,7,2.0,15.12,0,High,4,🏙️ Viajero Estándar,4,211.67999999999998,0
City Hotel,36,2016,October,31,Female,SC,Online TA,TA/TO,0,0,0,A,Transient,0,1,0,3,2.0,47.5,0,Low,4,🏙️ Viajero Estándar,0,285.0,0
Resort Hotel,90,2015,September,7,Female,BB,Offline TA/TO,TA/TO,0,0,0,D,Transient,0,1,0,4,2.0,38.8,0,Low,4,🏙️ Viajero Estándar,0,310.4,0
City Hotel,110,2017,April,26,Female,SC,Online TA,TA/TO,0,0,0,A,Transient,0,1,0,5,3.0,33.6,0,Low,4,🏙️ Viajero Estándar,0,504.00000000000006,0
Resort Hotel,59,2017,July,1,Female,HB,Online TA,TA/TO,0,0,0,A,Transient,1,1,0,7,3.0,59.43666666666667,1,High,3,👨‍👩‍👧 Turista Familiar,2,1248.17,2
City Hotel,14,2017,July,17,Female,BB,Direct,Direct,1,0,7,A,Transient,2,0,1,3,1.0,75.0,0,Low,5,🏙️ Viajero Estándar,0,225.0,2
Resort Hotel,1,2016,March,28,Female,BB,Online TA,TA/TO,0,0,0,A,Transient,1,1,0,1,2.0,24.0,0,High,4,🏙️ Viajero Estándar,2,48.0,1
Resort Hotel,13,2016,January,22,Male,BB,Online TA,TA/TO,0,0,0,D,Transient,2,1,0,6,2.0,22.4,0,High,4,🏙️ Viajero Estándar,1,268.79999999999995,2
City Hotel,247,2016,June,6,Female,HB,Offline TA/TO,TA/TO,0,0,0,A,Transient-Party,0,1,0,2,2.0,57.5,0,Low,4,🏙️ Viajero Estándar,3,230.0,0
Resort Hotel,0,2015,November,24,Male,BB,Online TA,TA/TO,0,0,0,A,Transient,0,1,0,1,1.0,40.0,0,High,4,🏙️ Viajero Estándar,2,40.0,0
Resort Hotel,25,2017,May,23,Female,BB,Online TA,TA/TO,0,0,0,D,Transient,1,1,0,1,2.0,38.0,0,Low,4,🏙️ Viajero Estándar,0,76.0,1
City Hotel,69,2016,January,29,Female,BB,Offline TA/TO,TA/TO,0,0,0,F,Transient,0,1,0,3,2.0,41.0,0,High,4,🏙️ Viajero Estándar,2,246.0,0
City Hotel,27,2015,September,30,Female,BB,Offline TA/TO,TA/TO,0,0,0,A,Transient,0,1,0,2,2.0,54.0,0,High,4,🏙️ Viajero Estándar,2,216.0,0
City Hotel,223,2016,June,14,Female,HB,Groups,TA/TO,0,1,0,A,Transient,0,1,0,2,2.0,67.5,0,High,0,🗓️ Planificador Anticipado,9,270.0,0
Resort Hotel,225,2016,May,28,Female,HB,Groups,TA/TO,0,0,0,A,Transient-Party,0,1,0,2,2.0,42.5,0,Low,4,🏙️ Viajero Estándar,4,170.0,0
City Hotel,296,2016,September,21,Male,HB,Offline TA/TO,TA/TO,0,0,0,A,Transient-Party,0,1,0,4,2.0,58.5,0,Medium,4,🏙️ Viajero Estándar,4,468.0,0
City Hotel,93,2016,October,22,Female,HB,Online TA,TA/TO,0,0,0,D,Transient,1,1,0,7,3.0,50.18666666666667,1,Low,3,👨‍👩‍👧 Turista Familiar,0,1053.92,2
Resort Hotel,13,2017,June,12,Female,BB,Corporate,Corporate,0,0,0,A,Transient,0,0,1,3,1.0,75.0,0,High,1,⚡ Reserva de Última Hora,3,225.0,0
Resort Hotel,77,2015,October,8,Female,BB,Direct,Direct,0,0,0,A,Contract,2,1,0,3,3.0,23.666666666666668,1,High,3,👨‍👩‍👧 Turista Familiar,1,213.0,3
Resort Hotel,356,2016,July,10,Female,HB,Offline TA/TO,TA/TO,0,0,0,E,Contract,0,1,0,9,2.0,68.365,0,Low,2,💼 Viajero Premium,3,1230.57,0
City Hotel,32,2015,November,20,Male,BB,Offline TA/TO,TA/TO,0,0,0,A,Transient-Party,0,1,0,2,1.0,73.0,0,High,4,🏙️ Viajero Estándar,2,146.0,0
Resort Hotel,35,2016,December,25,Female,BB,Online TA,TA/TO,0,0,0,A,Transient-Party,2,1,0,3,2.0,30.0,0,Low,4,🏙️ Viajero Estándar,0,180.0,2
Resort Hotel,60,2016,May,15,Female,BB,Offline TA/TO,TA/TO,0,0,0,D,Transient,0,1,0,7,2.0,26.995,0,Low,4,🏙️ Viajero Estándar,0,377.93,0
City Hotel,38,2016,December,2,Female,BB,Online TA,TA/TO,0,0,0,B,Transient,1,1,0,4,2.0,38.93,0,Low,4,🏙️ Viajero Estándar,0,311.44,1
City Hotel,53,2017,June,14,Female,BB,Direct,Direct,0,0,0,A,Transient,1,1,0,5,2.0,63.0,0,Low,4,🏙️ Viajero Estándar,0,630.0,1
Resort Hotel,3,2016,February,29,Female,Undefined,Offline TA/TO,TA/TO,0,0,0,A,Transient,0,1,0,3,2.0,27.5,0,High,4,🏙️ Viajero Estándar,2,165.0,0
City Hotel,102,2016,May,16,Male,BB,Offline TA/TO,TA/TO,0,0,0,A,Transient,0,1,0,3,2.0,37.5,0,Low,4,🏙️ Viajero Estándar,0,225.0,0
Resort Hotel,142,2016,June,4,Female,BB,Offline TA/TO,TA/TO,0,0,0,D,Transient,0,1,0,15,2.0,34.2,0,Low,2,💼 Viajero Premium,2,1026.0,0
Resort Hotel,57,2015,July,15,Female,FB,Groups,Direct,0,0,0,A,Transient-Party,0,1,0,2,2.0,53.5,0,High,4,🏙️ Viajero Estándar,3,214.0,0
Resort Hotel,204,2017,May,20,Male,HB,Offline TA/TO,TA/TO,0,0,0,A,Contract,0,1,0,10,2.0,34.475,0,Low,0,🗓️ Planificador Anticipado,3,689.5,0
City Hotel,47,2016,October,16,Male,BB,Offline TA/TO,TA/TO,0,0,0,A,Transient,0,1,0,4,2.0,40.375,0,Low,4,🏙️ Viajero Estándar,0,323.0,0
Resort Hotel,214,2017,March,25,Male,BB,Offline TA/TO,TA/TO,0,0,0,A,Transient,0,1,0,4,1.0,27.0,0,Low,4,🏙️ Viajero Estándar,3,108.0,0
City Hotel,42,2015,September,19,Male,BB,Offline TA/TO,TA/TO,0,0,0,A,Transient,0,1,0,3,2.0,38.25,0,Low,4,🏙️ Viajero Estándar,0,229.5,0
City Hotel,74,2015,September,18,Female,HB,Offline TA/TO,TA/TO,0,0,0,A,Transient-Party,0,1,0,2,2.0,54.5,0,High,4,🏙️ Viajero Estándar,2,218.0,0
Resort Hotel,29,2016,November,4,Female,BB,Online TA,TA/TO,0,0,0,E,Transient-Party,2,1,0,2,2.0,27.9,0,Low,4,🏙️ Viajero Estándar,0,111.6,2
City Hotel,475,2016,October,27,Male,BB,Groups,TA/TO,0,0,0,A,Transient,0,1,0,2,2.0,31.0,0,High,4,🏙️ Viajero Estándar,6,124.0,0
Resort Hotel,85,2016,April,7,Male,HB,Groups,TA/TO,0,0,0,A,Transient-Party,0,1,0,3,2.0,32.0,0,High,4,🏙️ Viajero Estándar,3,192.0,0
Resort Hotel,0,2017,August,9,Female,BB,Direct,Direct,0,0,0,A,Transient,0,0,0,1,2.0,122.0,0,High,1,⚡ Reserva de Última Hora,3,244.0,0
Resort Hotel,28,2016,January,5,Male,BB,Online TA,TA/TO,0,1,0,D,Transient,0,1,0,1,2.0,28.0,0,High,0,🗓️ Planificador Anticipado,5,56.0,0
City Hotel,256,2016,June,15,Male,HB,Offline TA/TO,TA/TO,0,0,0,A,Transient-Party,1,1,0,2,2.0,57.5,0,Low,4,🏙️ Viajero Estándar,3,230.0,1
Resort Hotel,23,2016,March,24,Male,HB,Direct,Direct,1,1,5,E,Transient,4,0,0,4,2.0,49.25,0,High,5,🏙️ Viajero Estándar,3,394.0,4
Resort Hotel,7,2016,March,21,Female,BB,Offline TA/TO,TA/TO,0,0,0,A,Transient,0,1,0,1,2.0,13.05,0,Low,4,🏙️ Viajero Estándar,0,26.1,0
City Hotel,12,2016,August,14,Male,SC,Online TA,TA/TO,0,0,0,A,Transient,3,1,0,4,2.0,65.75,0,Low,4,🏙️ Viajero Estándar,0,526.0,3
Resort Hotel,82,2016,November,15,Male,BB,Direct,Direct,0,0,0,D,Transient,2,1,0,5,2.0,21.06,0,Low,4,🏙️ Viajero Estándar,0,210.6,2
City Hotel,11,2015,August,18,Female,BB,Corporate,Corporate,0,0,0,A,Transient,0,0,1,2,2.0,37.5,0,High,1,⚡ Reserva de Última Hora,3,150.0,0
City Hotel,2,2016,January,3,Male,BB,Online TA,TA/TO,0,0,0,A,Transient,0,1,0,2,2.0,40.3,0,Low,4,🏙️ Viajero Estándar,0,161.2,0
City Hotel,73,2016,October,28,Female,BB,Offline TA/TO,TA/TO,0,0,1,A,Transient-Party,0,1,0,1,1.0,62.5,0,Low,4,🏙️ Viajero Estándar,0,62.5,0
Resort Hotel,43,2017,July,24,Female,BB,Direct,Direct,0,0,0,E,Transient,0,1,0,4,2.0,121.0,0,Low,4,🏙️ Viajero Estándar,0,968.0,0
City Hotel,302,2015,August,15,Male,BB,Groups,TA/TO,0,1,0,A,Transient-Party,0,1,0,4,2.0,31.0,0,High,0,🗓️ Planificador Anticipado,9,248.0,0
Resort Hotel,185,2015,September,19,Female,BB,Offline TA/TO,TA/TO,0,0,0,A,Contract,0,1,0,10,2.0,25.875,0,Low,0,🗓️ Planificador Anticipado,2,517.5,0
City Hotel,12,2016,February,7,Female,BB,Direct,Direct,0,0,0,F,Transient,1,1,0,2,3.0,45.5,1,High,3,👨‍👩‍👧 Turista Familiar,2,273.0,2
City Hotel,40,2016,August,29,Female,BB,Online TA,TA/TO,0,0,0,A,Transient,0,1,0,4,2.0,55.915,0,Low,4,🏙️ Viajero Estándar,0,447.32,0
Resort Hotel,154,2016,March,19,Female,BB,Offline TA/TO,TA/TO,0,0,0,A,Transient,0,1,0,7,2.0,12.825,0,Low,4,🏙️ Viajero Estándar,2,179.54999999999998,0
City Hotel,34,2015,October,15,Male,BB,Online TA,TA/TO,0,1,0,A,Transient,0,1,0,3,2.0,54.45,0,High,0,🗓️ Planificador Anticipado,5,326.70000000000005,0
City Hotel,3,2017,February,27,Female,SC,Online TA,TA/TO,0,0,0,A,Transient,2,1,0,2,1.0,88.0,0,Low,4,🏙️ Viajero Estándar,0,176.0,2
City Hotel,7,2017,July,23,Female,SC,Online TA,TA/TO,0,0,0,A,Transient,1,1,0,4,2.0,73.375,0,Low,4,🏙️ Viajero Estándar,0,587.0,1
Resort Hotel,166,2016,June,27,Female,BB,Offline TA/TO,TA/TO,0,0,0,E,Transient,1,1,0,10,2.0,45.1,0,Low,4,🏙️ Viajero Estándar,2,902.0,1
City Hotel,21,2016,November,30,Male,BB,Groups,Direct,0,0,0,A,Transient-Party,0,0,0,2,1.0,76.0,0,Low,1,⚡ Reserva de Última Hora,2,152.0,0
Resort Hotel,10,2016,September,5,Female,BB,Direct,Direct,0,0,0,F,Transient,0,1,0,7,3.0,62.81,1,High,3,👨‍👩‍👧 Turista Familiar,2,1319.01,1
City Hotel,89,2017,July,7,Female,BB,Online TA,TA/TO,0,0,0,D,Transient,0,1,0,2,2.0,75.0,0,High,4,🏙️ Viajero Estándar,2,300.0,0
City Hotel,0,2016,November,23,Female,SC,Direct,Direct,0,0,0,A,Transient,0,0,0,1,2.0,0.0,0,High,1,⚡ Reserva de Última Hora,3,0.0,0
City Hotel,14,2016,January,21,Female,BB,Online TA,TA/TO,0,0,0,B,Transient-Party,0,1,0,3,2.0,39.625,0,High,4,🏙️ Viajero Estándar,2,237.75,0
City Hotel,12,2016,August,13,Female,BB,Online TA,TA/TO,0,0,0,D,Transient,1,1,0,3,3.0,66.66666666666667,0,Low,4,🏙️ Viajero Estándar,0,600.0,1
City Hotel,193,2016,July,9,Female,BB,Online TA,TA/TO,0,0,0,A,Transient,1,1,0,7,2.0,45.475,0,Low,4,🏙️ Viajero Estándar,2,636.65,1
City Hotel,22,2015,July,22,Female,BB,Groups,TA/TO,0,0,0,A,Transient-Party,0,1,0,2,2.0,31.0,0,High,4,🏙️ Viajero Estándar,3,124.0,0
Resort Hotel,22,2017,February,23,Male,Undefined,Groups,TA/TO,0,0,0,A,Transient-Party,0,1,0,2,2.0,30.0,0,High,0,🗓️ Planificador Anticipado,3,120.0,0
City Hotel,101,2016,April,14,Female,BB,Online TA,TA/TO,0,0,0,B,Transient-Party,1,1,0,4,2.0,38.89,0,Low,4,🏙️ Viajero Estándar,0,311.12,1
City Hotel,162,2017,June,28,Female,BB,Direct,Direct,0,0,0,A,Transient,3,0,0,4,1.0,117.85,0,Low,1,⚡ Reserva de Última Hora,2,471.4,3
Resort Hotel,22,2016,January,20,Male,BB,Online TA,TA/TO,1,0,1,A,Transient,2,1,0,1,1.0,39.0,0,High,5,🏙️ Viajero Estándar,0,39.0,2
Resort Hotel,4,2016,December,10,Male,BB,Online TA,TA/TO,0,0,0,A,Transient,2,1,0,1,2.0,32.5,0,High,4,🏙️ Viajero Estándar,1,65.0,2
City Hotel,101,2017,March,18,Female,BB,Online TA,TA/TO,0,0,0,A,Transient,2,1,0,2,2.0,48.6,0,Low,4,🏙️ Viajero Estándar,0,194.4,2
Resort Hotel,22,2017,August,5,Female,BB,Online TA,TA/TO,0,0,0,A,Transient-Party,1,1,0,3,2.0,94.3,0,Low,4,🏙️ Viajero Estándar,0,565.8,1
Resort Hotel,183,2016,December,3,Male,FB,Groups,TA/TO,0,0,0,A,Transient,0,1,0,3,2.0,36.0,0,High,4,🏙️ Viajero Estándar,5,216.0,0
City Hotel,75,2017,January,7,Female,BB,Online TA,TA/TO,0,0,0,A,Transient,1,1,0,2,1.0,86.4,0,Low,4,🏙️ Viajero Estándar,0,172.8,1
Resort Hotel,4,2016,January,15,Female,HB,Direct,Direct,0,0,0,A,Transient,1,1,0,2,2.0,36.5,0,Medium,4,🏙️ Viajero Estándar,1,146.0,1
City Hotel,16,2015,August,8,Male,BB,Groups,TA/TO,0,0,0,A,Transient-Party,0,1,0,4,2.0,31.0,0,Low,4,🏙️ Viajero Estándar,1,248.0,0
City Hotel,127,2016,December,27,Female,BB,Online TA,TA/TO,0,0,0,D,Transient,1,1,0,3,2.0,42.025,1,High,3,👨‍👩‍👧 Turista Familiar,4,252.14999999999998,2
Resort Hotel,3,2017,June,1,Female,BB,Corporate,Corporate,0,0,4,A,Transient,0,0,1,1,1.0,75.0,0,High,1,⚡ Reserva de Última Hora,3,75.0,0
City Hotel,90,2016,December,26,Female,SC,Online TA,TA/TO,0,0,0,A,Transient,0,1,0,5,2.0,44.37,0,Low,4,🏙️ Viajero Estándar,0,443.7,0
Resort Hotel,51,2017,July,12,Male,BB,Online TA,TA/TO,0,0,0,A,Transient,1,1,0,5,2.0,92.0,0,Low,4,🏙️ Viajero Estándar,0,920.0,1
Resort Hotel,137,2017,March,14,Female,BB,Online TA,TA/TO,0,0,0,F,Transient,1,1,0,10,2.0,30.15,0,Low,4,🏙️ Viajero Estándar,2,603.0,1
Resort Hotel,43,2015,August,7,Female,HB,Online TA,TA/TO,0,0,0,A,Transient,0,1,0,6,2.0,101.0,0,High,4,🏙️ Viajero Estándar,2,1212.0,0
City Hotel,61,2017,July,3,Male,BB,Online TA,TA/TO,0,0,0,B,Transient,0,1,0,9,1.0,94.8,0,Low,4,🏙️ Viajero Estándar,0,853.1999999999999,0
City Hotel,313,2017,April,29,Male,BB,Offline TA/TO,TA/TO,0,0,0,A,Transient,0,1,0,3,2.0,45.0,0,High,4,🏙️ Viajero Estándar,5,270.0,0
City Hotel,0,2017,April,15,Female,BB,Offline TA/TO,TA/TO,0,0,0,D,Transient,0,1,0,1,2.0,72.0,0,High,4,🏙️ Viajero Estándar,2,144.0,0
Resort Hotel,24,2017,January,28,Male,BB,Online TA,TA/TO,0,0,0,A,Transient,2,1,0,1,2.0,24.0,0,Low,4,🏙️ Viajero Estándar,0,48.0,2
Resort Hotel,52,2017,July,7,Female,BB,Online TA,TA/TO,0,0,0,C,Transient,0,1,0,2,4.0,52.5,1,High,3,👨‍👩‍👧 Turista Familiar,2,420.0,1
Resort Hotel,181,2017,March,1,Female,HB,Groups,TA/TO,0,0,0,A,Transient-Party,1,1,0,25,2.0,28.9,0,High,2,💼 Viajero Premium,5,1445.0,1
City Hotel,122,2016,November,14,Female,SC,Online TA,TA/TO,0,0,0,A,Transient,2,1,0,4,2.0,37.95,0,Low,4,🏙️ Viajero Estándar,1,303.6,2
Resort Hotel,280,2017,May,23,Female,BB,Online TA,TA/TO,0,0,0,A,Transient,1,1,0,2,2.0,27.0,0,Low,4,🏙️ Viajero Estándar,3,108.0,1
City Hotel,28,2017,March,2,Male,BB,Groups,TA/TO,0,0,0,A,Transient,0,0,0,3,2.0,47.5,0,High,1,⚡ Reserva de Última Hora,4,285.0,0
City Hotel,475,2016,October,27,Female,BB,Groups,TA/TO,0,0,0,A,Transient,0,1,0,2,2.0,31.0,0,High,4,🏙️ Viajero Estándar,6,124.0,0
Resort Hotel,9,2016,May,15,Female,BB,Groups,TA/TO,0,0,0,A,Transient-Party,0,0,0,1,2.0,35.0,0,Low,1,⚡ Reserva de Última Hora,2,70.0,0
City Hotel,146,2017,June,20,Male,BB,Online TA,TA/TO,0,0,0,A,Transient,0,1,0,2,2.0,58.5,0,Low,4,🏙️ Viajero Estándar,2,234.0,0
Resort Hotel,0,2015,September,12,Female,HB,Offline TA/TO,TA/TO,0,0,0,A,Transient,0,1,0,7,1.0,58.05,0,Low,4,🏙️ Viajero Estándar,0,406.34999999999997,0
Resort Hotel,6,2017,January,24,Female,BB,Online TA,TA/TO,0,0,0,A,Transient,0,1,1,1,1.0,43.0,0,High,4,🏙️ Viajero Estándar,2,43.0,0
Resort Hotel,29,2017,August,29,Female,BB,Direct,Direct,0,0,0,A,Transient,0,1,0,3,2.0,90.0,0,High,4,🏙️ Viajero Estándar,2,540.0,0
City Hotel,121,2016,August,15,Female,BB,Online TA,TA/TO,0,0,0,D,Transient,1,1,0,4,2.0,62.775,0,Low,4,🏙️ Viajero Estándar,2,502.2,1
City Hotel,300,2015,August,13,Female,BB,Groups,TA/TO,0,1,0,A,Contract,0,1,0,2,2.0,31.0,0,High,0,🗓️ Planificador Anticipado,9,124.0,0
City Hotel,5,2015,September,20,Female,SC,Online TA,TA/TO,0,0,0,A,Transient,2,1,0,1,2.0,57.0,0,High,4,🏙️ Viajero Estándar,1,114.0,2
Resort Hotel,75,2017,April,29,Female,BB,Online TA,TA/TO,0,0,0,A,Transient,1,1,0,2,2.0,41.0,0,Low,4,🏙️ Viajero Estándar,0,164.0,1
Resort Hotel,18,2017,January,26,Male,BB,Online TA,TA/TO,0,0,0,A,Transient-Party,2,1,0,3,2.0,24.0,0,Medium,4,🏙️ Viajero Estándar,0,144.0,2
City Hotel,32,2017,January,6,Female,BB,Online TA,TA/TO,0,0,0,A,Transient,1,1,0,2,2.0,52.0,0,Low,4,🏙️ Viajero Estándar,0,208.0,1
Resort Hotel,16,2017,February,11,Female,BB,Online TA,TA/TO,0,0,0,D,Transient,2,1,0,4,2.0,29.0,0,Low,4,🏙️ Viajero Estándar,0,232.0,2
City Hotel,0,2016,June,15,Male,BB,Complementary,Direct,0,0,0,A,Transient,0,0,1,1,1.0,0.0,0,High,1,⚡ Reserva de Última Hora,3,0.0,0
City Hotel,114,2016,May,2,Female,BB,Online TA,TA/TO,0,0,0,A,Transient,0,1,0,2,1.0,99.9,0,Medium,4,🏙️ Viajero Estándar,1,199.8,0
Resort Hotel,117,2016,May,15,Male,HB,Offline TA/TO,TA/TO,0,0,0,D,Contract,0,1,0,11,2.0,37.195,0,Low,0,🗓️ Planificador Anticipado,0,818.29,0
City Hotel,61,2016,April,16,Female,BB,Direct,Direct,0,0,0,F,Transient,3,1,0,3,3.0,50.43333333333334,0,Low,4,🏙️ Viajero Estándar,0,453.90000000000003,3
City Hotel,11,2015,August,18,Male,BB,Corporate,Corporate,0,0,0,A,Transient,0,0,1,2,2.0,37.5,0,High,1,⚡ Reserva de Última Hora,3,150.0,0
City Hotel,37,2015,September,20,Female,BB,Online TA,TA/TO,0,0,0,A,Transient,0,1,0,4,1.0,95.0,0,Low,4,🏙️ Viajero Estándar,0,380.0,0
City Hotel,44,2016,April,13,Male,SC,Online TA,TA/TO,0,0,0,A,Transient,0,1,0,4,1.0,116.0,0,Low,4,🏙️ Viajero Estándar,0,464.0,0
Resort Hotel,0,2017,May,5,Female,BB,Direct,Direct,0,0,0,E,Transient,0,0,0,1,2.0,50.0,0,Low,1,⚡ Reserva de Última Hora,1,100.0,0
City Hotel,38,2016,April,17,Male,SC,Online TA,TA/TO,0,0,0,A,Transient,1,1,0,3,2.0,34.07,0,Low,4,🏙️ Viajero Estándar,0,204.42000000000002,1
Resort Hotel,14,2017,August,5,Female,BB,Online TA,TA/TO,0,0,0,A,Transient,2,1,0,4,2.0,114.25,0,Low,4,🏙️ Viajero Estándar,0,914.0,2
City Hotel,16,2017,August,9,Female,BB,Online TA,TA/TO,0,0,0,A,Transient,1,1,0,3,2.0,90.0,0,Low,4,🏙️ Viajero Estándar,0,540.0,1
Resort Hotel,34,2017,August,21,Male,BB,Online TA,TA/TO,0,0,0,E,Transient,3,1,0,4,2.0,135.0,0,High,4,🏙️ Viajero Estándar,1,1080.0,3
City Hotel,295,2015,August,8,Female,BB,Groups,TA/TO,0,1,0,A,Transient-Party,0,1,0,4,2.0,31.0,0,High,0,🗓️ Planificador Anticipado,9,248.0,0
City Hotel,240,2017,July,7,Female,HB,Online TA,TA/TO,0,0,0,A,Transient,1,1,0,2,2.0,70.65,0,Medium,4,🏙️ Viajero Estándar,4,282.6,1
City Hotel,65,2016,November,11,Female,BB,Direct,Direct,0,0,0,A,Transient,0,1,0,3,2.0,42.875,0,Low,4,🏙️ Viajero Estándar,0,257.25,0
City Hotel,101,2016,April,14,Male,BB,Groups,TA/TO,0,0,0,A,Transient,0,0,0,3,2.0,65.0,0,High,1,⚡ Reserva de Última Hora,4,390.0,0
City Hotel,265,2017,June,24,Male,BB,Online TA,TA/TO,0,0,0,A,Transient,0,1,0,12,2.0,58.465,0,Low,4,🏙️ Viajero Estándar,3,1403.16,0
Resort Hotel,112,2017,May,8,Female,HB,Direct,Direct,0,0,0,D,Transient,1,1,0,9,2.0,62.0,0,Low,4,🏙️ Viajero Estándar,0,1116.0,1
City Hotel,29,2017,April,28,Male,BB,Online TA,TA/TO,0,0,0,E,Transient,1,1,0,2,3.0,71.66666666666667,0,Low,4,🏙️ Viajero Estándar,0,430.0,1
Resort Hotel,79,2017,May,26,Male,BB,Direct,Direct,0,0,0,F,Transient,0,1,0,7,2.0,63.5,0,Low,4,🏙️ Viajero Estándar,0,889.0,0
Resort Hotel,44,2016,November,15,Male,BB,Online TA,TA/TO,0,0,0,A,Transient,2,1,0,2,2.0,18.9,0,Low,4,🏙️ Viajero Estándar,0,75.6,2
City Hotel,282,2016,June,9,Female,BB,Groups,TA/TO,0,0,0,A,Transient-Party,1,1,0,3,2.0,36.665,0,Low,4,🏙️ Viajero Estándar,4,219.99,1
Resort Hotel,41,2015,July,19,Male,HB,Online TA,TA/TO,0,0,0,C,Transient,1,1,0,7,4.0,32.8425,1,Low,3,👨‍👩‍👧 Turista Familiar,0,919.59,2
Resort Hotel,42,2015,December,30,Male,BB,Direct,Direct,0,0,0,D,Transient,0,0,0,4,2.0,75.0,0,High,1,⚡ Reserva de Última Hora,3,600.0,0
Resort Hotel,4,2016,May,30,Female,BB,Online TA,TA/TO,0,0,0,A,Transient,0,1,0,3,2.0,31.6,0,High,4,🏙️ Viajero Estándar,2,189.60000000000002,0
City Hotel,0,2016,April,15,Female,BB,Online TA,TA/TO,0,0,0,A,Transient,1,1,0,3,2.0,50.5,0,Low,4,🏙️ Viajero Estándar,0,303.0,1
City Hotel,110,2015,July,25,Female,HB,Offline TA/TO,TA/TO,0,0,0,A,Transient-Party,0,1,0,3,2.0,47.25,0,Medium,4,🏙️ Viajero Estándar,1,283.5,0
City Hotel,98,2015,November,23,Female,BB,Groups,TA/TO,0,0,0,A,Transient-Party,0,1,0,3,1.0,70.0,0,Low,4,🏙️ Viajero Estándar,1,210.0,0
Resort Hotel,32,2016,April,8,Female,BB,Offline TA/TO,TA/TO,0,0,0,A,Transient,2,1,0,3,2.0,28.7,0,Low,4,🏙️ Viajero Estándar,0,172.2,2
City Hotel,108,2016,March,18,Female,BB,Offline TA/TO,TA/TO,0,1,0,A,Transient,0,1,0,2,2.0,40.0,0,High,0,🗓️ Planificador Anticipado,5,160.0,0
Resort Hotel,0,2017,May,15,Male,BB,Direct,Direct,0,0,0,A,Transient,1,0,0,1,2.0,46.0,0,Low,1,⚡ Reserva de Última Hora,1,92.0,1
City Hotel,30,2016,May,21,Male,BB,Direct,Direct,0,0,0,A,Transient,3,1,0,2,2.0,58.05,0,Medium,4,🏙️ Viajero Estándar,0,232.2,3
City Hotel,112,2017,April,4,Male,BB,Offline TA/TO,TA/TO,0,0,0,A,Transient,0,0,1,2,2.0,47.5,0,High,1,⚡ Reserva de Última Hora,3,190.0,0
City Hotel,26,2016,June,8,Female,BB,Offline TA/TO,Corporate,0,0,0,A,Transient-Party,0,1,0,1,2.0,60.0,0,High,4,🏙️ Viajero Estándar,2,120.0,0
City Hotel,198,2016,July,17,Male,BB,Online TA,TA/TO,0,0,0,B,Transient-Party,0,1,0,1,2.0,43.375,0,Low,4,🏙️ Viajero Estándar,2,86.75,0
City Hotel,313,2015,August,26,Female,BB,Groups,TA/TO,0,1,0,A,Transient-Party,0,1,0,2,2.0,31.0,0,High,0,🗓️ Planificador Anticipado,9,124.0,0
City Hotel,61,2017,January,25,Female,BB,Groups,TA/TO,0,0,0,A,Transient,0,1,0,2,2.0,40.0,0,High,4,🏙️ Viajero Estándar,3,160.0,0
City Hotel,170,2017,June,29,Male,BB,Online TA,TA/TO,0,0,0,D,Transient,1,1,0,3,2.0,63.6,0,Low,4,🏙️ Viajero Estándar,2,381.6,1
Resort Hotel,13,2017,June,21,Female,BB,Direct,TA/TO,0,0,0,A,Transient,0,0,0,1,2.0,68.0,0,High,1,⚡ Reserva de Última Hora,3,136.0,0
Resort Hotel,90,2016,August,6,Female,BB,Online TA,TA/TO,0,0,0,A,Transient,0,1,0,2,2.0,89.5,0,Low,4,🏙️ Viajero Estándar,0,358.0,0
Resort Hotel,75,2017,May,15,Female,BB,Offline TA/TO,TA/TO,0,0,0,A,Contract,1,1,0,3,2.0,20.475,0,Low,0,🗓️ Planificador Anticipado,0,122.85000000000001,1
City Hotel,274,2017,June,14,Female,BB,Online TA,TA/TO,0,0,0,A,Transient,0,1,0,2,3.0,43.333333333333336,1,Low,3,👨‍👩‍👧 Turista Familiar,3,260.0,1
City Hotel,172,2017,July,30,Female,BB,Direct,Direct,0,0,0,A,Transient,2,1,0,5,2.0,56.25,0,Low,4,🏙️ Viajero Estándar,1,562.5,2
City Hotel,21,2016,September,12,Female,SC,Online TA,TA/TO,0,0,0,A,Transient,2,1,0,1,2.0,44.5,0,Low,4,🏙️ Viajero Estándar,0,89.0,2
City Hotel,279,2016,October,12,Female,BB,Offline TA/TO,TA/TO,0,0,0,A,Transient,0,1,0,3,2.0,55.0,0,High,4,🏙️ Viajero Estándar,5,330.0,0
City Hotel,247,2016,June,6,Female,HB,Offline TA/TO,TA/TO,0,0,0,A,Transient-Party,0,1,0,2,1.0,90.0,0,Low,4,🏙️ Viajero Estándar,3,180.0,0
City Hotel,76,2016,November,6,Female,SC,Online TA,TA/TO,0,0,0,A,Transient,1,1,0,5,2.0,76.86,0,Low,4,🏙️ Viajero Estándar,0,768.6,1
City Hotel,0,2016,October,15,Female,SC,Online TA,TA/TO,0,0,0,A,Transient,0,1,0,3,2.0,55.835,0,Low,4,🏙️ Viajero Estándar,0,335.01,0
City Hotel,1,2017,May,12,Male,SC,Direct,Direct,0,0,0,A,Transient,1,1,0,2,2.0,82.25,0,Low,4,🏙️ Viajero Estándar,0,329.0,1
Resort Hotel,230,2016,August,30,Female,HB,Online TA,TA/TO,0,0,0,E,Transient,0,1,0,7,2.0,72.9,0,High,4,🏙️ Viajero Estándar,5,1020.6000000000001,0
City Hotel,110,2017,March,18,Male,BB,Online TA,TA/TO,0,0,0,D,Transient,2,1,0,2,2.0,53.1,0,Low,4,🏙️ Viajero Estándar,0,212.4,2
City Hotel,4,2017,July,2,Female,SC,Online TA,TA/TO,0,0,0,A,Transient,0,1,0,1,2.0,43.87,0,Low,4,🏙️ Viajero Estándar,0,87.74,0
City Hotel,87,2016,August,12,Female,BB,Online TA,TA/TO,0,0,0,D,Transient,0,1,0,2,3.0,50.1,0,Low,4,🏙️ Viajero Estándar,0,300.6,0
City Hotel,22,2017,March,8,Female,SC,Online TA,TA/TO,0,0,0,A,Transient,0,1,0,2,2.0,39.6,0,Low,4,🏙️ Viajero Estándar,0,158.4,0
City Hotel,149,2016,August,27,Male,BB,Offline TA/TO,TA/TO,0,0,0,A,Transient,0,1,0,5,2.0,40.375,0,Low,4,🏙️ Viajero Estándar,2,403.75,0
Resort Hotel,183,2016,April,16,Male,HB,Groups,TA/TO,0,0,0,A,Transient-Party,0,1,0,2,2.0,42.5,0,Low,4,🏙️ Viajero Estándar,3,170.0,0
City Hotel,27,2017,February,12,Female,BB,Offline TA/TO,TA/TO,0,0,0,A,Transient,0,1,0,3,2.0,37.5,0,Low,4,🏙️ Viajero Estándar,0,225.0,0
Resort Hotel,143,2015,October,10,Male,BB,Groups,TA/TO,0,0,0,A,Transient,0,1,0,7,2.0,18.025,0,High,4,🏙️ Viajero Estándar,5,252.34999999999997,0
Resort Hotel,139,2016,May,24,Male,HB,Online TA,TA/TO,0,0,0,E,Transient,1,1,0,4,2.0,59.0,0,High,4,🏙️ Viajero Estándar,4,472.0,1
City Hotel,0,2015,August,29,Female,SC,Online TA,TA/TO,0,0,0,A,Transient,0,1,0,7,2.0,49.57,0,Low,4,🏙️ Viajero Estándar,0,693.98,0
Resort Hotel,7,2015,October,12,Female,FB,Corporate,Corporate,0,0,0,A,Transient-Party,0,0,1,4,2.0,54.5,0,High,1,⚡ Reserva de Última Hora,3,436.0,0
Resort Hotel,101,2016,April,23,Male,HB,Offline TA/TO,TA/TO,0,0,0,A,Transient,1,1,0,7,2.0,17.815,0,Low,4,🏙️ Viajero Estándar,0,249.41000000000003,1
Resort Hotel,74,2015,August,1,Female,BB,Direct,Direct,0,0,0,C,Transient,0,1,0,7,4.0,44.285,1,High,3,👨‍👩‍👧 Turista Familiar,2,1239.98,1
Resort Hotel,13,2017,January,24,Female,BB,Offline TA/TO,TA/TO,0,0,0,A,Transient,0,1,0,2,1.0,35.0,0,High,4,🏙️ Viajero Estándar,2,70.0,0
Resort Hotel,259,2015,September,17,Male,BB,Groups,Corporate,0,1,0,A,Transient,0,0,1,3,1.0,33.3,0,Low,1,⚡ Reserva de Última Hora,8,99.89999999999999,0
City Hotel,2,2017,August,19,Female,BB,Online TA,TA/TO,0,0,0,D,Transient,1,1,0,1,2.0,74.5,0,Low,4,🏙️ Viajero Estándar,0,149.0,1
City Hotel,3,2016,April,23,Male,BB,Online TA,TA/TO,0,0,0,A,Transient,2,1,0,2,3.0,34.266666666666666,1,High,3,👨‍👩‍👧 Turista Familiar,1,205.6,3
City Hotel,125,2017,June,4,Female,SC,Online TA,TA/TO,0,0,0,A,Transient,0,1,0,3,2.0,63.0,0,Low,4,🏙️ Viajero Estándar,2,378.0,0
City Hotel,66,2016,June,20,Female,BB,Offline TA/TO,TA/TO,0,0,0,A,Transient,0,1,0,2,2.0,44.875,0,Low,4,🏙️ Viajero Estándar,0,179.5,0
City Hotel,296,2017,July,28,Female,BB,Online TA,TA/TO,0,0,0,F,Transient,0,1,0,5,3.0,61.02666666666667,1,Low,3,👨‍👩‍👧 Turista Familiar,3,915.4000000000001,1
City Hotel,32,2015,November,20,Female,BB,Offline TA/TO,TA/TO,0,0,0,A,Transient-Party,0,1,0,2,1.0,73.0,0,High,4,🏙️ Viajero Estándar,2,146.0,0
Resort Hotel,173,2016,October,17,Female,BB,Online TA,TA/TO,0,0,0,A,Transient-Party,1,1,0,7,2.0,28.5,0,Low,4,🏙️ Viajero Estándar,2,399.0,1
City Hotel,315,2017,August,3,Female,SC,Online TA,TA/TO,0,0,0,A,Transient,2,1,0,7,2.0,44.55,0,Medium,4,🏙️ Viajero Estándar,3,623.6999999999999,2
City Hotel,12,2015,August,5,Female,BB,Corporate,Corporate,0,0,0,A,Transient-Party,0,0,1,3,1.0,60.0,0,Low,1,⚡ Reserva de Última Hora,1,180.0,0
City Hotel,256,2016,October,20,Male,BB,Online TA,TA/TO,0,0,0,A,Transient-Party,3,1,0,3,2.0,48.15,0,Low,4,🏙️ Viajero Estándar,2,288.9,3
City Hotel,26,2017,May,17,Female,BB,Offline TA/TO,TA/TO,0,0,0,A,Transient-Party,0,1,0,2,1.0,130.0,0,Low,4,🏙️ Viajero Estándar,0,260.0,0
City Hotel,75,2016,December,24,Male,HB,Online TA,TA/TO,0,0,0,A,Transient,2,1,0,4,2.0,60.35,0,Low,4,🏙️ Viajero Estándar,0,482.8,2
Resort Hotel,46,2015,November,17,Female,BB,Offline TA/TO,TA/TO,0,0,0,A,Transient,0,1,0,4,2.0,14.05,0,Low,4,🏙️ Viajero Estándar,0,112.4,0
City Hotel,100,2015,July,31,Male,BB,Online TA,TA/TO,0,0,0,A,Transient,1,1,0,2,2.0,27.98,0,Low,4,🏙️ Viajero Estándar,0,111.92,1
City Hotel,53,2017,July,8,Female,BB,Online TA,TA/TO,0,0,0,A,Transient,1,1,0,3,2.0,80.0,0,Low,4,🏙️ Viajero Estándar,0,480.0,1
Resort Hotel,23,2015,December,3,Male,BB,Online TA,TA/TO,0,0,0,D,Transient,1,1,0,1,2.0,23.2,0,High,4,🏙️ Viajero Estándar,2,46.4,1
City Hotel,64,2016,April,17,Male,BB,Online TA,TA/TO,0,0,0,A,Transient-Party,1,1,0,3,2.0,49.65,0,Low,4,🏙️ Viajero Estándar,0,297.9,1
Resort Hotel,70,2016,March,23,Male,HB,Direct,Direct,0,0,0,D,Transient,0,1,0,4,2.0,47.25,0,Low,4,🏙️ Viajero Estándar,0,378.0,0
City Hotel,168,2016,April,22,Female,BB,Offline TA/TO,TA/TO,0,0,0,A,Transient,0,1,0,3,2.0,42.5,0,High,4,🏙️ Viajero Estándar,4,255.0,0
Resort Hotel,33,2015,August,12,Female,BB,Groups,Corporate,0,0,0,A,Transient,0,0,1,1,2.0,95.5,0,High,1,⚡ Reserva de Última Hora,4,191.0,0
City Hotel,296,2016,September,21,Female,HB,Offline TA/TO,TA/TO,0,0,0,A,Transient-Party,1,1,0,4,2.0,58.5,0,Medium,4,🏙️ Viajero Estándar,4,468.0,1
City Hotel,9,2016,October,27,Female,BB,Online TA,TA/TO,0,0,0,A,Transient,1,1,0,5,2.0,70.0,0,Low,4,🏙️ Viajero Estándar,0,700.0,1
City Hotel,10,2016,March,7,Male,SC,Online TA,TA/TO,0,0,0,A,Transient,0,1,0,3,2.0,39.5,0,Medium,4,🏙️ Viajero Estándar,1,237.0,0
Resort Hotel,194,2016,August,6,Female,HB,Online TA,TA/TO,0,0,0,D,Transient,0,1,0,9,2.0,95.0,0,High,2,💼 Viajero Premium,4,1710.0,0
City Hotel,37,2015,October,24,Female,SC,Online TA,TA/TO,0,0,0,A,Transient,0,1,0,7,2.0,43.89,1,High,3,👨‍👩‍👧 Turista Familiar,2,614.46,1
City Hotel,86,2015,October,3,Female,HB,Groups,TA/TO,0,0,0,A,Transient-Party,0,1,0,3,2.0,43.0,0,High,4,🏙️ Viajero Estándar,3,258.0,0
Resort Hotel,5,2016,March,28,Female,BB,Online TA,TA/TO,0,0,0,A,Transient,1,1,0,3,3.0,14.8,0,Low,4,🏙️ Viajero Estándar,0,133.20000000000002,1
Resort Hotel,17,2017,February,15,Male,BB,Direct,Direct,0,0,0,E,Transient,3,1,0,1,2.0,82.5,0,High,4,🏙️ Viajero Estándar,1,165.0,3
City Hotel,11,2015,December,29,Male,BB,Offline TA/TO,TA/TO,0,0,0,E,Transient,0,1,0,3,1.0,157.67,0,Low,4,🏙️ Viajero Estándar,0,473.01,0
City Hotel,301,2016,July,30,Male,HB,Offline TA/TO,TA/TO,0,0,0,A,Transient-Party,1,1,0,2,2.0,57.5,0,Low,4,🏙️ Viajero Estándar,3,230.0,1
Resort Hotel,21,2017,August,31,Female,BB,Offline TA/TO,TA/TO,0,0,0,E,Contract,2,1,0,7,2.0,50.85,0,Low,0,🗓️ Planificador Anticipado,0,711.9,2
City Hotel,25,2015,July,27,Male,BB,Groups,TA/TO,0,0,0,A,Transient-Party,0,1,0,2,2.0,31.0,0,High,4,🏙️ Viajero Estándar,3,124.0,0
City Hotel,97,2016,March,20,Female,HB,Groups,TA/TO,0,1,0,A,Transient,0,1,0,7,1.0,79.43,0,High,0,🗓️ Planificador Anticipado,6,556.01,0
City Hotel,166,2016,November,1,Male,BB,Offline TA/TO,TA/TO,0,0,0,A,Transient,0,1,0,3,1.0,110.0,0,High,4,🏙️ Viajero Estándar,4,330.0,0
City Hotel,149,2017,August,3,Male,BB,Offline TA/TO,TA/TO,0,0,0,A,Transient,1,1,0,7,2.0,40.05,0,Low,4,🏙️ Viajero Estándar,2,560.6999999999999,1
City Hotel,16,2016,February,26,Male,BB,Offline TA/TO,TA/TO,0,0,0,A,Transient,0,1,0,2,2.0,43.5,0,Low,4,🏙️ Viajero Estándar,0,174.0,0
City Hotel,98,2017,April,28,Male,BB,Online TA,TA/TO,0,0,0,A,Transient,1,1,0,1,2.0,58.5,0,Low,4,🏙️ Viajero Estándar,0,117.0,1
City Hotel,35,2016,November,28,Female,BB,Groups,TA/TO,0,0,0,D,Transient-Party,0,0,0,3,1.0,80.0,0,Low,1,⚡ Reserva de Última Hora,2,240.0,0
Resort Hotel,80,2017,February,2,Male,HB,Offline TA/TO,TA/TO,0,0,0,A,Contract,0,1,0,10,2.0,31.06,0,Low,0,🗓️ Planificador Anticipado,0,621.1999999999999,0
Resort Hotel,51,2015,August,7,Female,HB,Online TA,TA/TO,0,0,0,D,Transient,2,1,0,7,2.0,102.5,0,High,4,🏙️ Viajero Estándar,1,1435.0,2
City Hotel,30,2016,August,29,Female,BB,Online TA,TA/TO,0,0,0,A,Transient,1,1,0,2,2.0,61.425,0,High,4,🏙️ Viajero Estándar,2,245.7,1
City Hotel,27,2015,September,30,Male,BB,Offline TA/TO,TA/TO,0,0,0,A,Transient,0,1,0,2,2.0,54.0,0,High,4,🏙️ Viajero Estándar,2,216.0,0
City Hotel,60,2017,February,3,Male,SC,Online TA,TA/TO,0,0,0,A,Transient,1,1,0,2,2.0,39.6,0,Low,4,🏙️ Viajero Estándar,0,158.4,1
City Hotel,14,2016,December,28,Female,BB,Online TA,TA/TO,0,0,0,A,Transient,1,1,0,1,2.0,69.0,0,High,4,🏙️ Viajero Estándar,2,138.0,1
City Hotel,91,2017,March,24,Female,BB,Direct,Direct,0,0,0,D,Transient,0,1,0,4,2.0,50.85,0,Low,4,🏙️ Viajero Estándar,0,406.8,0
Resort Hotel,40,2016,May,18,Male,BB,Groups,Corporate,0,0,0,A,Transient,0,0,0,2,1.0,0.0,0,High,1,⚡ Reserva de Última Hora,4,0.0,0
City Hotel,16,2017,August,26,Female,SC,Online TA,TA/TO,0,0,0,A,Transient,2,1,0,3,3.0,42.0,1,Low,3,👨‍👩‍👧 Turista Familiar,0,378.0,3
Resort Hotel,327,2016,September,14,Female,BB,Groups,TA/TO,0,0,0,A,Transient-Party,0,1,0,4,2.0,30.7,0,Low,4,🏙️ Viajero Estándar,4,245.6,0
Resort Hotel,0,2016,May,30,Female,BB,Groups,Direct,0,0,0,A,Transient-Party,0,0,1,0,1.0,0.0,0,Low,1,⚡ Reserva de Última Hora,2,0.0,0
City Hotel,320,2016,August,18,Male,HB,Offline TA/TO,TA/TO,0,0,0,A,Transient-Party,1,1,0,2,2.0,57.5,0,Low,4,🏙️ Viajero Estándar,3,230.0,1
City Hotel,39,2015,August,14,Male,HB,Offline TA/TO,TA/TO,0,0,0,A,Transient-Party,0,1,0,2,2.0,54.5,0,Low,4,🏙️ Viajero Estándar,0,218.0,0
City Hotel,40,2017,June,10,Female,HB,Online TA,TA/TO,0,0,0,A,Transient,1,1,0,8,2.0,74.875,0,Low,4,🏙️ Viajero Estándar,0,1198.0,1
City Hotel,47,2015,December,19,Female,BB,Direct,Direct,0,0,0,B,Transient,0,1,0,4,2.0,35.75,0,High,4,🏙️ Viajero Estándar,2,286.0,0
City Hotel,1,2017,July,12,Female,BB,Complementary,Direct,1,5,17,A,Transient,3,0,1,1,1.0,0.0,0,High,5,🏙️ Viajero Estándar,3,0.0,3
City Hotel,47,2017,July,30,Female,BB,Online TA,TA/TO,0,0,0,A,Transient,2,1,0,3,2.0,82.0,0,Low,4,🏙️ Viajero Estándar,0,492.0,2
City Hotel,54,2016,October,19,Female,BB,Direct,Direct,0,0,0,A,Transient,0,1,0,2,3.0,43.333333333333336,1,Low,3,👨‍👩‍👧 Turista Familiar,0,260.0,1
Resort Hotel,74,2017,February,18,Female,BB,Corporate,Corporate,0,0,0,A,Transient-Party,0,0,1,2,2.0,20.0,0,High,1,⚡ Reserva de Última Hora,3,80.0,0
Resort Hotel,263,2017,June,29,Female,BB,Online TA,TA/TO,0,0,0,E,Transient,0,1,0,5,2.0,57.87,0,Low,4,🏙️ Viajero Estándar,3,578.6999999999999,0
Resort Hotel,74,2016,May,3,Female,BB,Online TA,TA/TO,0,0,0,D,Transient,0,1,0,9,2.0,36.5,0,High,4,🏙️ Viajero Estándar,2,657.0,0
City Hotel,16,2015,September,21,Female,BB,Online TA,TA/TO,0,0,0,A,Transient,2,1,0,4,2.0,62.0,0,Low,4,🏙️ Viajero Estándar,0,496.0,2
City Hotel,47,2016,October,3,Female,HB,Online TA,TA/TO,0,0,0,A,Transient,1,1,0,3,2.0,76.5,0,Low,4,🏙️ Viajero Estándar,0,459.0,1
Resort Hotel,33,2015,July,26,Female,BB,Offline TA/TO,TA/TO,0,0,0,E,Transient,1,1,0,6,2.0,65.6,0,High,4,🏙️ Viajero Estándar,2,787.1999999999999,1
Resort Hotel,240,2016,June,10,Female,BB,Direct,Direct,0,0,0,A,Transient,0,1,0,2,1.0,60.35,0,High,4,🏙️ Viajero Estándar,5,120.7,0
City Hotel,19,2017,January,21,Male,BB,Online TA,TA/TO,0,0,0,A,Transient,1,1,0,5,3.0,27.626666666666665,1,Low,3,👨‍👩‍👧 Turista Familiar,0,414.4,2
City Hotel,92,2015,September,30,Male,BB,Groups,TA/TO,0,0,0,A,Transient,0,1,0,1,2.0,85.0,0,High,4,🏙️ Viajero Estándar,3,170.0,0
Resort Hotel,7,2016,February,17,Male,BB,Online TA,TA/TO,0,0,0,A,Transient-Party,1,1,0,3,1.0,43.0,0,Low,4,🏙️ Viajero Estándar,0,129.0,1
Resort Hotel,17,2016,November,5,Male,BB,Direct,Direct,0,0,0,F,Transient-Party,0,1,0,1,2.0,36.0,0,High,4,🏙️ Viajero Estándar,2,72.0,0
Resort Hotel,22,2015,August,14,Male,HB,Direct,Direct,0,0,0,C,Transient,2,1,0,7,4.0,65.5,1,High,3,👨‍👩‍👧 Turista Familiar,1,1834.0,3
City Hotel,192,2015,September,25,Male,BB,Offline TA/TO,TA/TO,0,0,0,A,Transient-Party,0,1,0,5,2.0,51.0,0,High,4,🏙️ Viajero Estándar,4,510.0,0
City Hotel,68,2016,December,4,Female,BB,Offline TA/TO,TA/TO,0,0,0,A,Transient,0,1,0,2,2.0,37.5,0,Low,4,🏙️ Viajero Estándar,0,150.0,0
Resort Hotel,151,2016,August,8,Male,BB,Online TA,TA/TO,0,0,0,G,Transient,0,1,0,3,2.0,102.25,0,Low,4,🏙️ Viajero Estándar,2,613.5,0
City Hotel,133,2017,May,10,Female,BB,Offline TA/TO,TA/TO,0,0,0,A,Transient,0,1,0,5,2.0,44.55,0,High,4,🏙️ Viajero Estándar,4,445.5,0
Resort Hotel,57,2016,June,12,Female,BB,Online TA,TA/TO,0,0,0,G,Transient,0,1,0,5,4.0,50.25,1,Low,3,👨‍👩‍👧 Turista Familiar,0,1005.0,1
City Hotel,433,2016,September,8,Female,BB,Offline TA/TO,TA/TO,0,0,0,A,Transient,0,1,0,3,2.0,35.0,0,High,4,🏙️ Viajero Estándar,5,210.0,0
Resort Hotel,191,2016,April,22,Male,Undefined,Offline TA/TO,TA/TO,0,0,0,A,Transient-Party,0,0,0,3,2.0,42.665,0,High,1,⚡ Reserva de Última Hora,5,255.99,0
City Hotel,2,2016,October,30,Female,BB,Aviation,Corporate,0,0,0,D,Transient,0,0,1,1,1.0,110.0,0,Low,1,⚡ Reserva de Última Hora,1,110.0,0
City Hotel,58,2016,September,8,Female,BB,Offline TA/TO,TA/TO,0,0,0,D,Transient,1,1,0,4,2.0,45.475,0,Low,4,🏙️ Viajero Estándar,0,363.8,1
Resort Hotel,80,2016,July,16,Female,BB,Online TA,TA/TO,0,0,0,A,Transient-Party,1,1,0,4,2.0,93.0,0,Low,4,🏙️ Viajero Estándar,0,744.0,1
City Hotel,9,2015,December,10,Male,BB,Corporate,Corporate,0,0,0,A,Transient-Party,0,0,1,1,1.0,65.0,0,High,1,⚡ Reserva de Última Hora,3,65.0,0
City Hotel,233,2017,May,22,Female,HB,Online TA,TA/TO,0,0,0,A,Transient,0,1,0,3,2.0,68.25,0,Low,4,🏙️ Viajero Estándar,3,409.5,0
Resort Hotel,45,2016,November,27,Female,BB,Complementary,Direct,0,0,0,A,Transient,0,0,0,2,2.0,0.0,0,High,1,⚡ Reserva de Última Hora,3,0.0,0
City Hotel,5,2016,March,14,Female,BB,Online TA,TA/TO,0,0,0,A,Transient,1,1,0,4,2.0,54.5,0,Low,4,🏙️ Viajero Estándar,0,436.0,1
City Hotel,280,2017,July,18,Male,BB,Online TA,TA/TO,0,0,0,A,Transient-Party,4,1,0,6,2.0,53.55,0,Low,4,🏙️ Viajero Estándar,2,642.5999999999999,4
Resort Hotel,31,2016,October,28,Female,BB,Online TA,TA/TO,0,0,0,C,Transient,0,1,0,7,2.0,31.735,0,Low,4,🏙️ Viajero Estándar,0,444.28999999999996,0
City Hotel,259,2017,August,4,Female,SC,Online TA,TA/TO,0,0,0,A,Transient,1,1,0,3,2.0,44.55,0,Low,4,🏙️ Viajero Estándar,3,267.29999999999995,1
City Hotel,55,2015,August,26,Female,BB,Groups,TA/TO,0,0,0,A,Transient-Party,0,1,0,2,2.0,31.0,0,Low,4,🏙️ Viajero Estándar,1,124.0,0
City Hotel,55,2015,December,27,Female,BB,Online TA,TA/TO,0,1,0,D,Contract,0,1,0,8,2.0,58.5,0,High,0,🗓️ Planificador Anticipado,5,936.0,0
Resort Hotel,0,2016,January,23,Male,BB,Direct,Direct,0,0,0,A,Transient,0,0,0,1,2.0,22.5,0,High,1,⚡ Reserva de Última Hora,3,45.0,0
Resort Hotel,113,2016,July,23,Male,BB,Online TA,TA/TO,0,0,0,A,Transient,1,1,0,5,2.0,86.0,0,Medium,4,🏙️ Viajero Estándar,1,860.0,1
Resort Hotel,238,2015,December,26,Female,BB,Online TA,TA/TO,0,0,0,E,Transient,0,1,0,7,2.0,39.93,0,High,4,🏙️ Viajero Estándar,5,559.02,0
City Hotel,155,2016,August,1,Female,BB,Online TA,TA/TO,0,0,0,A,Transient,1,1,0,2,3.0,43.5,1,Low,3,👨‍👩‍👧 Turista Familiar,2,261.0,2
City Hotel,104,2017,May,15,Male,BB,Groups,TA/TO,0,0,0,A,Transient,0,0,0,3,1.0,160.0,0,High,1,⚡ Reserva de Última Hora,4,480.0,0
Resort Hotel,18,2017,February,25,Male,BB,Online TA,TA/TO,0,0,0,D,Transient,1,1,0,2,2.0,31.0,0,Low,4,🏙️ Viajero Estándar,0,124.0,1
City Hotel,0,2015,August,8,Female,BB,Direct,Direct,0,0,0,A,Transient,0,0,0,1,2.0,42.5,0,Low,1,⚡ Reserva de Última Hora,1,85.0,0
City Hotel,125,2017,June,24,Female,BB,Online TA,TA/TO,0,0,0,D,Transient-Party,0,1,0,3,2.0,63.0,0,Low,4,🏙️ Viajero Estándar,2,378.0,0
Resort Hotel,172,2016,April,18,Male,HB,Offline TA/TO,TA/TO,0,0,0,A,Transient-Party,1,1,0,8,1.0,48.8,0,Medium,4,🏙️ Viajero Estándar,3,390.4,1
Resort Hotel,165,2015,December,30,Female,HB,Groups,TA/TO,0,0,0,A,Transient-Party,0,1,0,4,1.0,0.0,0,High,4,🏙️ Viajero Estándar,5,0.0,0
City Hotel,17,2015,September,1,Male,BB,Online TA,TA/TO,0,0,0,A,Transient,0,1,0,3,2.0,52.5,0,Low,4,🏙️ Viajero Estándar,0,315.0,0
City Hotel,178,2016,August,23,Female,BB,Online TA,TA/TO,0,0,0,B,Transient-Party,1,1,0,3,2.0,47.31,1,Medium,3,👨‍👩‍👧 Turista Familiar,3,283.86,2
Resort Hotel,45,2015,November,19,Male,HB,Online TA,TA/TO,0,0,0,E,Transient,2,1,0,3,2.0,43.0,0,Low,4,🏙️ Viajero Estándar,0,258.0,2
City Hotel,22,2017,January,10,Female,BB,Online TA,TA/TO,0,0,0,A,Transient,0,1,0,1,1.0,89.5,0,Low,4,🏙️ Viajero Estándar,0,89.5,0
City Hotel,299,2015,August,12,Female,BB,Groups,TA/TO,0,1,0,A,Transient-Party,0,1,0,2,2.0,31.0,0,High,0,🗓️ Planificador Anticipado,9,124.0,0
City Hotel,120,2017,June,29,Female,BB,Online TA,TA/TO,0,0,0,A,Transient,1,1,0,1,3.0,42.0,1,Low,3,👨‍👩‍👧 Turista Familiar,0,126.0,2
Resort Hotel,223,2016,September,5,Female,BB,Online TA,TA/TO,0,0,0,D,Transient,1,1,0,5,2.0,50.0,0,High,4,🏙️ Viajero Estándar,5,500.0,1
City Hotel,6,2017,April,27,Female,BB,Online TA,TA/TO,0,0,0,D,Transient,1,1,0,3,3.0,48.13333333333333,1,Low,3,👨‍👩‍👧 Turista Familiar,0,433.20000000000005,2
Resort Hotel,97,2016,March,4,Female,BB,Offline TA/TO,TA/TO,0,0,0,A,Transient,1,1,0,10,2.0,13.0,0,Low,4,🏙️ Viajero Estándar,0,260.0,1
City Hotel,14,2015,October,15,Male,BB,Offline TA/TO,TA/TO,0,0,0,A,Transient-Party,0,1,0,1,1.0,100.0,0,Medium,4,🏙️ Viajero Estándar,1,100.0,0
City Hotel,52,2017,March,13,Female,BB,Offline TA/TO,TA/TO,0,0,0,A,Transient,0,1,0,2,1.0,80.0,0,High,4,🏙️ Viajero Estándar,2,160.0,0
City Hotel,287,2016,August,24,Male,BB,Direct,Direct,0,0,0,A,Transient,1,0,0,5,3.0,30.03333333333333,1,Low,3,👨‍👩‍👧 Turista Familiar,4,450.5,2
City Hotel,121,2017,April,12,Male,BB,Online TA,TA/TO,0,0,0,D,Transient,0,1,0,4,3.0,57.75,0,Low,4,🏙️ Viajero Estándar,2,693.0,0
Resort Hotel,7,2017,May,30,Female,BB,Online TA,TA/TO,0,0,0,E,Transient,1,1,0,3,2.0,60.0,0,Low,4,🏙️ Viajero Estándar,0,360.0,1
Resort Hotel,129,2016,August,6,Female,HB,Online TA,TA/TO,0,0,0,C,Transient,2,1,0,7,4.0,81.85,1,Low,3,👨‍👩‍👧 Turista Familiar,1,2291.7999999999997,3
City Hotel,4,2015,November,27,Male,BB,Groups,TA/TO,0,0,0,A,Transient-Party,0,1,0,2,1.0,62.0,0,Low,4,🏙️ Viajero Estándar,1,124.0,0
City Hotel,47,2016,November,12,Male,BB,Direct,Direct,0,0,0,A,Transient,1,1,0,4,2.0,42.875,0,Low,4,🏙️ Viajero Estándar,0,343.0,1
City Hotel,110,2016,October,9,Female,BB,Offline TA/TO,TA/TO,0,0,0,A,Transient-Party,0,1,0,1,1.0,120.0,0,Low,4,🏙️ Viajero Estándar,0,120.0,0
Resort Hotel,257,2015,September,15,Male,BB,Offline TA/TO,TA/TO,0,0,0,A,Contract,0,1,0,5,2.0,25.075,0,Low,0,🗓️ Planificador Anticipado,3,250.75,0
City Hotel,8,2016,December,17,Male,SC,Online TA,TA/TO,0,0,0,A,Transient,1,1,0,1,2.0,39.0,0,High,4,🏙️ Viajero Estándar,2,78.0,1
City Hotel,51,2017,June,12,Male,BB,Offline TA/TO,TA/TO,0,0,0,A,Transient,0,1,0,4,2.0,44.55,0,High,4,🏙️ Viajero Estándar,2,356.4,0
City Hotel,4,2016,February,5,Female,SC,Online TA,TA/TO,0,0,0,A,Transient,0,1,0,2,2.0,40.5,0,Low,4,🏙️ Viajero Estándar,0,162.0,0
Resort Hotel,5,2016,May,9,Female,BB,Corporate,Corporate,0,0,1,A,Transient,0,0,1,4,1.0,45.0,0,Low,1,⚡ Reserva de Última Hora,1,180.0,0
Resort Hotel,153,2015,October,29,Male,BB,Groups,Direct,0,0,0,A,Transient-Party,0,0,0,5,2.0,18.0,0,High,1,⚡ Reserva de Última Hora,6,180.0,0
Resort Hotel,70,2015,September,22,Male,BB,Offline TA/TO,TA/TO,0,0,0,E,Transient,0,1,0,7,2.0,40.315,0,Low,4,🏙️ Viajero Estándar,0,564.41,0
Resort Hotel,315,2017,July,9,Female,BB,Online TA,TA/TO,0,0,0,H,Transient,0,1,0,8,4.0,60.6875,1,Low,3,👨‍👩‍👧 Turista Familiar,3,1942.0,1
Resort Hotel,339,2017,March,11,Male,HB,Groups,TA/TO,0,0,0,D,Transient-Party,0,1,0,7,2.0,32.0,0,Low,4,🏙️ Viajero Estándar,4,448.0,0
City Hotel,150,2016,January,2,Female,HB,Offline TA/TO,TA/TO,0,0,0,A,Transient,0,1,0,3,2.0,50.5,0,High,4,🏙️ Viajero Estándar,4,303.0,0
City Hotel,46,2016,November,18,Female,BB,Online TA,TA/TO,0,0,0,A,Transient,5,1,0,5,2.0,34.035,0,Medium,4,🏙️ Viajero Estándar,0,340.34999999999997,5
City Hotel,50,2016,September,2,Female,SC,Online TA,TA/TO,0,0,0,A,Transient,0,1,0,1,2.0,49.5,0,Low,4,🏙️ Viajero Estándar,0,99.0,0
Resort Hotel,93,2015,December,19,Female,FB,Groups,Direct,0,0,0,A,Transient,0,0,0,1,2.0,40.0,0,High,1,⚡ Reserva de Última Hora,4,80.0,0
Resort Hotel,98,2016,August,7,Female,HB,Online TA,TA/TO,0,0,0,D,Transient,0,1,0,5,2.0,120.5,0,Low,4,🏙️ Viajero Estándar,0,1205.0,0
City Hotel,58,2016,November,20,Female,BB,Offline TA/TO,TA/TO,0,0,0,A,Transient,1,1,0,3,2.0,37.5,0,Low,4,🏙️ Viajero Estándar,0,225.0,1
City Hotel,35,2017,March,2,Male,BB,Offline TA/TO,TA/TO,0,0,0,A,Transient,1,1,0,3,3.0,31.666666666666668,1,Low,3,👨‍👩‍👧 Turista Familiar,0,285.0,2
Resort Hotel,38,2016,July,12,Female,BB,Direct,Direct,0,0,0,F,Transient,1,1,0,3,2.0,106.0,0,Low,4,🏙️ Viajero Estándar,0,636.0,1
Resort Hotel,0,2016,January,12,Female,BB,Direct,Direct,1,0,2,A,Transient,0,0,0,1,2.0,21.5,0,High,5,🏙️ Viajero Estándar,1,43.0,0
Resort Hotel,13,2017,January,12,Female,BB,Direct,Corporate,1,0,3,A,Transient,0,0,0,2,2.0,20.0,0,High,5,🏙️ Viajero Estándar,1,80.0,0
City Hotel,0,2016,January,1,Female,SC,Online TA,TA/TO,0,0,0,A,Transient,0,1,0,1,2.0,43.0,0,Medium,4,🏙️ Viajero Estándar,1,86.0,0
City Hotel,322,2017,May,5,Female,BB,Offline TA/TO,TA/TO,0,0,0,A,Transient-Party,0,1,0,1,2.0,37.5,0,High,4,🏙️ Viajero Estándar,5,75.0,0
Resort Hotel,2,2017,August,16,Female,HB,Direct,Direct,0,0,0,E,Transient-Party,1,1,0,2,1.0,238.3,0,High,4,🏙️ Viajero Estándar,2,476.6,1
Resort Hotel,0,2017,August,22,Female,BB,Direct,Direct,0,0,0,F,Transient,0,0,0,1,3.0,76.66666666666667,0,Low,1,⚡ Reserva de Última Hora,1,230.0,0
City Hotel,37,2015,November,6,Male,BB,Offline TA/TO,TA/TO,0,0,0,A,Transient,0,1,0,3,1.0,37.33,0,High,4,🏙️ Viajero Estándar,2,111.99,0
City Hotel,11,2016,November,5,Female,BB,Online TA,TA/TO,0,0,0,A,Transient,1,1,0,1,2.0,65.0,0,Low,4,🏙️ Viajero Estándar,0,130.0,1
City Hotel,40,2016,July,23,Female,SC,Online TA,TA/TO,0,0,0,A,Transient,1,1,0,1,2.0,67.05,0,Low,4,🏙️ Viajero Estándar,0,134.1,1
Resort Hotel,33,2015,November,12,Female,BB,Corporate,Corporate,0,0,0,A,Transient-Party,0,1,1,2,1.0,36.0,0,Low,4,🏙️ Viajero Estándar,0,72.0,0
City Hotel,316,2017,July,11,Female,BB,Online TA,TA/TO,0,0,0,B,Transient,3,1,0,5,2.0,45.925,0,Low,4,🏙️ Viajero Estándar,2,459.25,3
City Hotel,177,2016,August,5,Female,BB,Offline TA/TO,TA/TO,0,0,0,A,Transient-Party,1,1,0,4,2.0,36.125,0,Low,4,🏙️ Viajero Estándar,2,289.0,1
City Hotel,1,2016,November,22,Female,BB,Corporate,Corporate,1,0,1,A,Transient,0,0,1,1,1.0,88.0,0,High,5,🏙️ Viajero Estándar,1,88.0,0
City Hotel,79,2016,October,20,Female,BB,Online TA,TA/TO,0,0,0,D,Transient,1,1,0,5,2.0,66.15,0,Low,4,🏙️ Viajero Estándar,0,661.5,1
Resort Hotel,0,2015,August,28,Female,BB,Offline TA/TO,TA/TO,0,0,0,A,Transient,1,0,0,1,2.0,76.5,0,Low,1,⚡ Reserva de Última Hora,1,153.0,1
City Hotel,11,2016,August,13,Female,BB,Online TA,TA/TO,0,0,0,A,Transient,1,1,0,3,2.0,75.5,0,Low,4,🏙️ Viajero Estándar,0,453.0,1
City Hotel,103,2016,August,7,Female,BB,Online TA,TA/TO,0,0,0,D,Transient,2,1,0,3,2.0,65.7,0,Low,4,🏙️ Viajero Estándar,0,394.20000000000005,2
City Hotel,58,2017,January,23,Female,BB,Online TA,TA/TO,0,0,0,A,Transient,1,1,0,4,2.0,44.2,0,Low,4,🏙️ Viajero Estándar,0,353.6,1
Resort Hotel,13,2016,May,1,Female,BB,Online TA,TA/TO,0,0,0,D,Transient,0,1,0,2,2.0,36.0,0,Low,4,🏙️ Viajero Estándar,0,144.0,0
City Hotel,14,2015,August,21,Female,BB,Online TA,TA/TO,0,0,0,A,Contract,3,1,0,15,2.0,47.0,0,High,2,💼 Viajero Premium,1,1410.0,3
City Hotel,136,2015,July,17,Male,BB,Groups,TA/TO,0,1,0,A,Transient,0,1,0,3,2.0,30.0,0,High,0,🗓️ Planificador Anticipado,8,180.0,0
City Hotel,1,2016,December,13,Male,SC,Online TA,TA/TO,0,0,0,A,Transient,1,1,0,3,1.0,78.0,0,Low,4,🏙️ Viajero Estándar,0,234.0,1
City Hotel,112,2016,June,2,Female,BB,Offline TA/TO,TA/TO,0,0,0,A,Transient-Party,0,1,0,3,2.0,60.0,0,High,4,🏙️ Viajero Estándar,2,360.0,0
Resort Hotel,300,2017,July,30,Male,BB,Online TA,TA/TO,0,0,0,A,Transient,2,1,0,7,2.0,69.19,0,High,4,🏙️ Viajero Estándar,4,968.66,2
City Hotel,29,2017,May,21,Female,BB,Online TA,TA/TO,0,0,0,D,Transient,2,1,0,7,2.0,95.0,0,Medium,4,🏙️ Viajero Estándar,0,1330.0,2
Resort Hotel,79,2015,July,3,Male,BB,Offline TA/TO,TA/TO,0,0,0,A,Transient,2,1,0,21,3.0,36.24333333333333,1,High,3,👨‍👩‍👧 Turista Familiar,1,2283.33,3
City Hotel,43,2016,January,1,Female,BB,Direct,Direct,0,0,0,A,Transient,0,0,0,3,1.0,80.0,0,High,1,⚡ Reserva de Última Hora,3,240.0,0
Resort Hotel,43,2016,March,26,Male,BB,Online TA,TA/TO,0,0,0,E,Transient,2,1,0,3,2.0,39.835,0,Medium,4,🏙️ Viajero Estándar,0,239.01,2
Resort Hotel,160,2016,June,26,Male,BB,Offline TA/TO,TA/TO,0,0,0,D,Contract,0,1,0,11,2.0,35.0,0,Low,0,🗓️ Planificador Anticipado,2,770.0,0
Resort Hotel,27,2016,October,16,Female,HB,Offline TA/TO,TA/TO,0,0,0,A,Transient,0,1,0,3,2.0,31.7,0,Low,4,🏙️ Viajero Estándar,0,190.2,0
City Hotel,391,2016,August,4,Female,BB,Groups,TA/TO,0,0,0,A,Transient,0,1,0,2,2.0,31.0,0,High,4,🏙️ Viajero Estándar,6,124.0,0
Resort Hotel,84,2017,August,17,Female,BB,Online TA,TA/TO,0,0,0,E,Transient,2,1,0,7,2.0,135.0,0,Low,2,💼 Viajero Premium,0,1890.0,2
City Hotel,159,2017,July,8,Male,HB,Online TA,TA/TO,0,0,0,D,Transient,0,1,0,13,2.0,76.05,0,Medium,2,💼 Viajero Premium,3,1977.3,0
Resort Hotel,1,2015,October,16,Female,HB,Complementary,Direct,0,0,0,E,Transient,3,0,0,1,1.0,0.0,0,High,1,⚡ Reserva de Última Hora,2,0.0,3
City Hotel,4,2016,October,28,Male,BB,Online TA,TA/TO,0,0,0,F,Transient,0,1,0,3,4.0,58.3325,1,High,3,👨‍👩‍👧 Turista Familiar,2,699.99,1
City Hotel,157,2016,August,28,Female,BB,Offline TA/TO,TA/TO,0,0,0,A,Transient,2,1,0,4,2.0,40.375,0,Low,4,🏙️ Viajero Estándar,1,323.0,2
Resort Hotel,57,2016,April,5,Female,BB,Offline TA/TO,TA/TO,0,0,0,A,Transient,0,1,0,7,2.0,21.735,0,Low,4,🏙️ Viajero Estándar,0,304.28999999999996,0
City Hotel,0,2016,July,10,Female,BB,Online TA,TA/TO,0,0,0,A,Transient,0,1,0,1,3.0,5.0,1,High,3,👨‍👩‍👧 Turista Familiar,2,15.0,1
City Hotel,326,2017,August,8,Female,BB,Online TA,TA/TO,0,0,0,F,Transient,0,1,0,2,4.0,49.75,1,Low,3,👨‍👩‍👧 Turista Familiar,3,398.0,1
Resort Hotel,100,2015,August,17,Female,BB,Offline TA/TO,TA/TO,0,0,0,A,Transient,0,1,0,4,2.0,53.5,0,High,4,🏙️ Viajero Estándar,2,428.0,0
City Hotel,82,2016,July,1,Male,BB,Online TA,TA/TO,0,0,0,A,Transient,1,1,0,6,2.0,57.15,0,Low,4,🏙️ Viajero Estándar,0,685.8,1
City Hotel,291,2016,September,21,Male,HB,Offline TA/TO,TA/TO,0,0,1,A,Transient-Party,0,1,0,1,1.0,91.0,0,Medium,4,🏙️ Viajero Estándar,4,91.0,0
City Hotel,129,2016,July,4,Female,BB,Online TA,TA/TO,0,0,0,A,Transient,1,1,0,7,2.0,38.15,0,Low,4,🏙️ Viajero Estándar,2,534.1,1
City Hotel,2,2016,January,31,Female,BB,Online TA,TA/TO,0,0,0,A,Transient,1,1,0,4,2.0,51.0,0,Low,4,🏙️ Viajero Estándar,0,408.0,1
City Hotel,165,2017,May,3,Female,BB,Online TA,TA/TO,0,0,0,D,Transient,0,1,0,3,2.0,65.25,0,Medium,4,🏙️ Viajero Estándar,3,391.5,0
City Hotel,6,2015,September,20,Male,BB,Corporate,Corporate,0,1,0,A,Transient,0,1,0,2,2.0,50.0,0,High,0,🗓️ Planificador Anticipado,5,200.0,0
City Hotel,10,2017,February,26,Female,SC,Online TA,TA/TO,0,0,0,A,Transient,3,1,0,4,2.0,37.4,0,Low,4,🏙️ Viajero Estándar,0,299.2,3
City Hotel,314,2015,August,27,Female,BB,Groups,TA/TO,0,1,0,A,Contract,0,1,0,2,2.0,31.0,0,High,0,🗓️ Planificador Anticipado,9,124.0,0
Resort Hotel,3,2017,July,8,Female,HB,Online TA,TA/TO,0,0,0,G,Transient,0,1,0,1,3.0,107.33333333333331,0,Low,4,🏙️ Viajero Estándar,0,321.99999999999994,0
City Hotel,100,2016,April,18,Female,BB,Online TA,TA/TO,0,0,0,A,Transient,1,1,0,2,1.0,91.9,0,Low,4,🏙️ Viajero Estándar,0,183.8,1
Resort Hotel,0,2017,May,8,Male,BB,Direct,Direct,1,0,0,G,Transient,0,0,0,0,2.0,0.0,0,High,5,🏙️ Viajero Estándar,1,0.0,0
City Hotel,5,2015,August,13,Male,BB,Online TA,TA/TO,0,0,0,A,Transient,1,1,0,3,2.0,49.0,0,High,4,🏙️ Viajero Estándar,2,294.0,1
City Hotel,62,2016,September,27,Female,BB,Online TA,TA/TO,0,0,0,D,Transient,1,1,0,2,1.0,115.04,0,Low,4,🏙️ Viajero Estándar,0,230.08,1
City Hotel,33,2016,May,9,Female,BB,Online TA,TA/TO,0,0,0,A,Transient,0,1,0,4,3.0,47.7,1,Medium,3,👨‍👩‍👧 Turista Familiar,1,572.4000000000001,1
City Hotel,94,2017,June,8,Female,BB,Online TA,TA/TO,0,0,0,D,Transient,0,1,0,3,3.0,63.0,0,Low,4,🏙️ Viajero Estándar,0,567.0,0
Resort Hotel,6,2016,March,8,Female,BB,Direct,Direct,1,0,3,A,Transient,0,0,0,2,1.0,40.0,0,High,5,🏙️ Viajero Estándar,1,80.0,0
City Hotel,29,2016,December,1,Female,BB,Online TA,TA/TO,0,0,0,A,Transient,1,1,0,5,2.0,52.0,0,Low,4,🏙️ Viajero Estándar,0,520.0,1
Resort Hotel,243,2016,July,2,Male,HB,Offline TA/TO,TA/TO,0,0,0,A,Transient,0,1,0,14,2.0,56.1,0,Low,4,🏙️ Viajero Estándar,3,1570.8,0
Resort Hotel,36,2016,July,29,Female,BB,Online TA,TA/TO,0,0,0,E,Transient,0,1,0,2,2.0,104.5,0,Low,4,🏙️ Viajero Estándar,0,418.0,0
City Hotel,8,2015,October,10,Female,BB,Groups,TA/TO,0,1,0,A,Transient,0,1,0,3,2.0,31.0,0,High,0,🗓️ Planificador Anticipado,6,186.0,0
Resort Hotel,0,2016,October,18,Male,BB,Corporate,Corporate,1,0,2,A,Transient,0,0,1,2,1.0,50.0,0,High,5,🏙️ Viajero Estándar,1,100.0,0
City Hotel,2,2016,April,23,Female,BB,Online TA,TA/TO,0,0,0,D,Transient,0,1,0,3,2.0,68.0,0,Low,4,🏙️ Viajero Estándar,0,408.0,0
Resort Hotel,189,2016,April,26,Female,BB,Groups,TA/TO,0,0,0,A,Transient-Party,0,1,0,2,2.0,23.0,0,High,4,🏙️ Viajero Estándar,5,92.0,0
City Hotel,38,2016,July,19,Female,BB,Online TA,TA/TO,0,0,0,D,Transient,1,1,0,2,3.0,53.1,0,Low,4,🏙️ Viajero Estándar,0,318.6,1
City Hotel,36,2016,September,11,Female,BB,Corporate,Corporate,0,0,0,D,Transient,0,0,1,5,1.0,110.0,0,Medium,1,⚡ Reserva de Última Hora,2,550.0,0
City Hotel,65,2016,July,9,Female,BB,Online TA,TA/TO,0,0,0,D,Transient,0,1,0,2,3.0,49.5,0,Low,4,🏙️ Viajero Estándar,0,297.0,0
Resort Hotel,2,2016,January,20,Female,BB,Online TA,TA/TO,0,0,0,A,Transient,0,1,0,1,2.0,24.0,0,High,4,🏙️ Viajero Estándar,2,48.0,0
City Hotel,504,2017,August,12,Female,BB,Offline TA/TO,TA/TO,0,0,0,A,Transient-Party,1,1,0,3,2.0,56.335,0,Low,4,🏙️ Viajero Estándar,3,338.01,1
Resort Hotel,167,2017,July,22,Male,HB,Online TA,TA/TO,0,0,0,D,Transient,0,1,0,8,2.0,77.4,0,High,4,🏙️ Viajero Estándar,4,1238.4,0
Resort Hotel,41,2016,August,12,Female,BB,Direct,Direct,0,0,0,F,Transient,0,1,0,4,3.0,78.2,1,Low,3,👨‍👩‍👧 Turista Familiar,0,938.4000000000001,1
City Hotel,118,2016,June,6,Male,BB,Offline TA/TO,Corporate,0,0,0,A,Transient-Party,0,1,0,3,1.0,110.0,0,Low,4,🏙️ Viajero Estándar,0,330.0,0
City Hotel,174,2017,March,18,Female,SC,Online TA,TA/TO,0,0,0,A,Transient,1,1,0,1,2.0,39.6,0,Low,4,🏙️ Viajero Estándar,2,79.2,1
City Hotel,3,2015,August,13,Female,BB,Online TA,TA/TO,0,0,0,A,Contract,2,1,0,6,2.0,47.0,0,Low,0,🗓️ Planificador Anticipado,0,564.0,2
Resort Hotel,1,2015,September,11,Male,BB,Direct,Direct,0,0,0,A,Transient,0,0,0,1,2.0,65.5,0,High,1,⚡ Reserva de Última Hora,3,131.0,0
City Hotel,137,2016,January,27,Male,BB,Groups,TA/TO,0,1,0,A,Transient,0,1,0,2,1.0,70.0,0,High,0,🗓️ Planificador Anticipado,8,140.0,0
City Hotel,68,2017,July,11,Female,BB,Direct,Direct,0,0,0,A,Transient,2,0,0,2,2.0,54.0,0,Low,1,⚡ Reserva de Última Hora,0,216.0,2
Resort Hotel,16,2016,March,30,Male,BB,Online TA,TA/TO,0,0,0,A,Transient,1,1,0,1,2.0,19.5,0,High,4,🏙️ Viajero Estándar,2,39.0,1
Resort Hotel,337,2016,October,9,Female,HB,Groups,Direct,0,0,0,D,Transient-Party,0,1,0,7,2.0,33.14,0,Low,4,🏙️ Viajero Estándar,4,463.96000000000004,0
City Hotel,195,2017,February,24,Female,BB,Online TA,TA/TO,0,0,0,A,Transient,1,1,0,1,2.0,45.0,0,Medium,4,🏙️ Viajero Estándar,3,90.0,1
Resort Hotel,143,2016,March,27,Female,BB,Online TA,TA/TO,0,0,0,A,Transient,2,1,0,6,2.0,22.8,0,High,4,🏙️ Viajero Estándar,3,273.6,2
City Hotel,6,2017,August,7,Male,SC,Online TA,TA/TO,0,0,0,A,Transient,2,1,0,3,2.0,80.0,0,High,4,🏙️ Viajero Estándar,1,480.0,2
City Hotel,158,2017,May,5,Female,BB,Online TA,TA/TO,0,0,0,D,Transient,3,1,0,4,2.0,72.25,0,Low,4,🏙️ Viajero Estándar,1,578.0,3
City Hotel,190,2017,July,17,Female,BB,Online TA,TA/TO,0,0,0,A,Transient,2,1,0,3,3.0,41.7,1,Medium,3,👨‍👩‍👧 Turista Familiar,2,375.3,3
City Hotel,265,2016,April,20,Female,BB,Groups,TA/TO,0,0,0,A,Transient,0,1,0,4,2.0,50.5,0,High,4,🏙️ Viajero Estándar,6,404.0,0
Resort Hotel,2,2016,March,31,Male,BB,Direct,Direct,0,0,0,E,Transient,0,1,0,2,3.0,43.66666666666666,0,High,4,🏙️ Viajero Estándar,2,261.99999999999994,0
Resort Hotel,0,2017,April,20,Female,HB,Online TA,TA/TO,0,0,0,A,Transient,0,1,0,2,2.0,51.0,0,Low,4,🏙️ Viajero Estándar,0,204.0,0
City Hotel,5,2015,September,19,Female,BB,Direct,Direct,0,0,0,F,Transient,2,0,0,6,3.0,63.056666666666665,0,Low,1,⚡ Reserva de Última Hora,0,1135.02,2
City Hotel,0,2016,June,23,Male,BB,Online TA,TA/TO,0,0,0,A,Transient,1,1,0,1,2.0,48.5,0,High,4,🏙️ Viajero Estándar,2,97.0,1
Resort Hotel,6,2016,September,12,Female,BB,Corporate,Corporate,1,0,5,A,Transient,0,0,1,3,1.0,65.0,0,High,5,🏙️ Viajero Estándar,1,195.0,0
City Hotel,175,2017,March,17,Male,SC,Online TA,TA/TO,0,0,0,A,Transient,2,1,0,3,2.0,39.6,0,Low,4,🏙️ Viajero Estándar,1,237.60000000000002,2
City Hotel,0,2016,May,13,Female,BB,Direct,Direct,1,0,0,A,Transient,0,0,0,1,2.0,69.5,0,High,5,🏙️ Viajero Estándar,1,139.0,0
City Hotel,49,2017,February,23,Male,BB,Groups,TA/TO,0,0,0,A,Transient-Party,1,0,0,1,1.0,65.0,0,Low,1,⚡ Reserva de Última Hora,2,65.0,1
City Hotel,118,2016,April,3,Female,BB,Online TA,TA/TO,0,0,0,A,Transient,1,1,0,3,2.0,43.65,0,Medium,4,🏙️ Viajero Estándar,1,261.9,1
City Hotel,61,2017,May,6,Female,BB,Online TA,TA/TO,0,0,0,A,Transient,0,1,0,3,2.0,72.0,0,Low,4,🏙️ Viajero Estándar,0,432.0,0
City Hotel,34,2017,January,18,Male,BB,Groups,TA/TO,0,0,0,A,Transient-Party,0,1,0,1,1.0,75.0,0,Medium,4,🏙️ Viajero Estándar,2,75.0,0
Resort Hotel,201,2017,May,23,Female,BB,Groups,TA/TO,0,0,0,C,Transient-Party,0,0,1,8,4.0,19.97,1,Low,3,👨‍👩‍👧 Turista Familiar,5,639.04,1
City Hotel,52,2017,April,12,Female,BB,Online TA,TA/TO,0,0,0,D,Transient,0,1,0,1,3.0,57.0,0,Low,4,🏙️ Viajero Estándar,0,171.0,0
Resort Hotel,320,2017,June,4,Male,BB,Direct,Direct,0,0,0,A,Transient,0,1,0,6,2.0,34.415,0,Low,4,🏙️ Viajero Estándar,3,412.98,0
City Hotel,120,2015,August,20,Male,HB,Offline TA/TO,TA/TO,0,0,0,A,Transient-Party,2,1,0,7,2.0,44.19,0,High,4,🏙️ Viajero Estándar,1,618.66,2
City Hotel,447,2016,September,29,Female,BB,Groups,TA/TO,0,0,0,A,Transient,0,1,0,2,2.0,31.0,0,High,4,🏙️ Viajero Estándar,6,124.0,0
Resort Hotel,215,2017,June,30,Female,BB,Online TA,TA/TO,0,0,0,A,Transient,0,1,0,6,2.0,55.0,0,Low,4,🏙️ Viajero Estándar,3,660.0,0
Resort Hotel,143,2015,July,30,Female,BB,Offline TA/TO,TA/TO,0,0,0,A,Transient-Party,1,1,0,5,2.0,45.475,0,Low,4,🏙️ Viajero Estándar,2,454.75,1
City Hotel,1,2017,August,11,Female,BB,Online TA,TA/TO,0,0,0,D,Transient,0,1,0,1,3.0,76.66666666666667,1,Low,3,👨‍👩‍👧 Turista Familiar,0,230.0,1
City Hotel,92,2017,April,11,Male,BB,Online TA,TA/TO,0,0,0,D,Transient,1,1,0,4,2.0,67.5,0,Low,4,🏙️ Viajero Estándar,0,540.0,1
City Hotel,6,2016,June,12,Male,SC,Online TA,TA/TO,0,0,0,A,Transient,1,1,0,1,1.0,119.0,0,High,4,🏙️ Viajero Estándar,2,119.0,1
City Hotel,258,2016,October,16,Female,BB,Offline TA/TO,TA/TO,0,0,0,A,Transient,0,1,0,1,2.0,55.0,0,High,4,🏙️ Viajero Estándar,5,110.0,0
Resort Hotel,106,2017,January,31,Male,HB,Online TA,TA/TO,0,0,0,A,Transient,0,1,0,4,2.0,28.12,0,High,4,🏙️ Viajero Estándar,2,224.96,0
City Hotel,3,2016,June,20,Male,BB,Corporate,Corporate,1,0,21,A,Transient,1,0,1,2,1.0,67.0,0,High,5,🏙️ Viajero Estándar,1,134.0,1
Resort Hotel,12,2015,August,16,Female,BB,Corporate,Corporate,0,0,0,E,Transient,0,1,0,1,2.0,92.225,0,High,4,🏙️ Viajero Estándar,2,184.45,0
Resort Hotel,10,2017,May,29,Female,HB,Online TA,TA/TO,0,0,0,D,Transient,1,1,0,4,2.0,64.75,0,Low,4,🏙️ Viajero Estándar,0,518.0,1
City Hotel,123,2016,September,20,Female,BB,Online TA,TA/TO,0,0,0,D,Transient,1,1,0,6,2.0,71.55,0,Low,4,🏙️ Viajero Estándar,2,858.5999999999999,1
City Hotel,118,2016,June,6,Female,BB,Offline TA/TO,Corporate,0,0,0,A,Transient-Party,0,1,0,2,1.0,110.0,0,Low,4,🏙️ Viajero Estándar,0,220.0,0
Resort Hotel,24,2017,February,16,Female,BB,Online TA,TA/TO,0,0,0,E,Transient,1,1,0,3,2.0,34.0,0,Low,4,🏙️ Viajero Estándar,0,204.0,1
Resort Hotel,119,2016,July,19,Male,HB,Online TA,TA/TO,0,0,0,E,Transient,1,1,0,7,2.0,113.5,0,Low,2,💼 Viajero Premium,0,1589.0,1
City Hotel,47,2016,March,7,Male,SC,Online TA,TA/TO,0,0,0,A,Transient,0,1,0,4,2.0,32.875,0,Low,4,🏙️ Viajero Estándar,0,263.0,0
City Hotel,0,2015,November,17,Female,BB,Direct,Direct,0,0,0,A,Transient,0,0,0,1,2.0,44.5,0,Low,1,⚡ Reserva de Última Hora,1,89.0,0
City Hotel,89,2017,August,16,Male,BB,Online TA,TA/TO,0,0,0,D,Transient,2,1,0,3,3.0,66.66666666666667,0,Medium,4,🏙️ Viajero Estándar,0,600.0,2
City Hotel,5,2016,August,20,Male,BB,Online TA,TA/TO,0,0,0,A,Transient,1,1,0,1,2.0,65.0,0,Low,4,🏙️ Viajero Estándar,0,130.0,1
City Hotel,273,2015,July,17,Female,HB,Offline TA/TO,TA/TO,0,0,0,A,Transient-Party,0,1,0,2,2.0,54.5,0,High,4,🏙️ Viajero Estándar,5,218.0,0
City Hotel,105,2017,June,21,Female,SC,Online TA,TA/TO,0,0,0,A,Transient,0,1,0,2,2.0,63.0,0,Low,4,🏙️ Viajero Estándar,0,252.0,0
Resort Hotel,5,2017,August,25,Female,BB,Online TA,TA/TO,0,0,0,E,Transient,2,1,0,2,2.0,137.0,0,Low,4,🏙️ Viajero Estándar,0,548.0,2
Resort Hotel,95,2016,June,14,Female,BB,Offline TA/TO,TA/TO,0,0,0,A,Transient,1,1,0,7,2.0,28.8,0,High,4,🏙️ Viajero Estándar,2,403.2,1
City Hotel,2,2015,September,20,Male,BB,Offline TA/TO,TA/TO,0,0,0,A,Transient,0,1,0,2,1.0,77.0,0,Low,4,🏙️ Viajero Estándar,0,154.0,0
City Hotel,89,2015,November,17,Female,BB,Online TA,TA/TO,0,0,0,A,Transient-Party,1,1,0,3,1.0,63.75,0,Low,4,🏙️ Viajero Estándar,0,191.25,1
Resort Hotel,112,2016,February,12,Male,FB,Groups,TA/TO,0,0,0,A,Transient-Party,0,1,0,2,2.0,34.0,0,High,4,🏙️ Viajero Estándar,3,136.0,0
Resort Hotel,74,2016,February,26,Female,Undefined,Groups,TA/TO,0,0,0,A,Transient,0,1,0,3,2.0,35.0,0,High,0,🗓️ Planificador Anticipado,3,210.0,0
Resort Hotel,39,2016,March,29,Male,BB,Online TA,TA/TO,0,0,0,D,Transient,1,1,0,7,2.0,22.23,0,Low,4,🏙️ Viajero Estándar,0,311.22,1
City Hotel,93,2017,March,18,Male,SC,Online TA,TA/TO,0,0,0,A,Transient,2,1,0,1,2.0,39.6,0,Low,4,🏙️ Viajero Estándar,0,79.2,2
City Hotel,32,2015,October,19,Female,BB,Online TA,TA/TO,0,0,0,A,Contract,1,1,0,3,2.0,48.15,0,Low,0,🗓️ Planificador Anticipado,0,288.9,1
Resort Hotel,65,2017,May,3,Female,Undefined,Groups,Corporate,0,0,0,A,Transient,0,0,0,12,2.0,62.5,0,High,2,💼 Viajero Premium,4,1500.0,0
Resort Hotel,100,2017,April,29,Male,Undefined,Groups,TA/TO,0,0,0,A,Transient-Party,1,1,0,3,2.0,41.5,0,High,0,🗓️ Planificador Anticipado,3,249.0,1
City Hotel,422,2017,June,13,Male,BB,Groups,TA/TO,0,0,0,A,Transient,0,1,0,1,2.0,45.0,0,High,4,🏙️ Viajero Estándar,6,90.0,0
Resort Hotel,221,2017,July,17,Female,BB,Direct,Direct,0,0,0,C,Transient,2,1,0,7,3.0,78.18666666666667,1,High,3,👨‍👩‍👧 Turista Familiar,4,1641.92,3
Resort Hotel,15,2017,April,30,Female,BB,Online TA,TA/TO,0,0,0,A,Transient,0,1,0,3,1.0,83.67,0,High,4,🏙️ Viajero Estándar,2,251.01,0
City Hotel,0,2015,September,7,Female,BB,Offline TA/TO,TA/TO,0,0,0,D,Transient,0,1,0,2,2.0,59.4,0,High,4,🏙️ Viajero Estándar,2,237.6,0
City Hotel,45,2015,October,22,Male,BB,Online TA,TA/TO,0,0,0,D,Transient,1,1,0,4,2.0,39.27,0,Low,4,🏙️ Viajero Estándar,0,314.16,1
City Hotel,45,2016,December,18,Male,SC,Online TA,TA/TO,0,0,0,A,Transient,0,1,0,2,2.0,39.6,0,Low,4,🏙️ Viajero Estándar,0,158.4,0
Resort Hotel,7,2015,December,24,Female,Undefined,Direct,Direct,0,0,0,C,Transient,0,1,0,1,4.0,37.25,1,High,3,👨‍👩‍👧 Turista Familiar,2,149.0,1
City Hotel,224,2016,December,29,Female,BB,Online TA,TA/TO,0,0,0,A,Transient,0,1,0,5,2.0,41.055,0,Low,4,🏙️ Viajero Estándar,3,410.55,0
City Hotel,53,2017,May,8,Female,BB,Direct,Direct,0,0,0,D,Transient,4,1,0,4,2.0,90.875,0,Low,4,🏙️ Viajero Estándar,0,727.0,4
Resort Hotel,219,2016,June,26,Female,BB,Online TA,TA/TO,0,0,0,G,Transient,0,1,0,6,4.0,37.0425,1,Low,3,👨‍👩‍👧 Turista Familiar,3,889.02,1
City Hotel,10,2016,September,30,Female,BB,Aviation,Corporate,0,0,0,D,Transient,0,0,1,1,1.0,110.0,0,High,1,⚡ Reserva de Última Hora,3,110.0,0
City Hotel,5,2017,May,9,Female,BB,Groups,Corporate,0,0,0,A,Transient,0,1,0,1,2.0,45.0,0,High,4,🏙️ Viajero Estándar,3,90.0,0
City Hotel,34,2017,August,14,Male,BB,Online TA,TA/TO,0,0,0,D,Transient,2,1,0,1,3.0,73.0,0,Low,4,🏙️ Viajero Estándar,0,219.0,2
Resort Hotel,25,2017,February,13,Female,HB,Offline TA/TO,TA/TO,0,0,0,E,Transient,0,1,0,14,2.0,41.88,0,Low,4,🏙️ Viajero Estándar,0,1172.64,0
City Hotel,22,2015,September,1,Female,BB,Online TA,TA/TO,0,0,0,A,Contract,2,1,0,6,2.0,52.5,0,Medium,0,🗓️ Planificador Anticipado,0,630.0,2
Resort Hotel,40,2016,November,12,Female,HB,Online TA,TA/TO,0,0,0,A,Transient,1,1,0,1,2.0,32.4,0,Low,4,🏙️ Viajero Estándar,0,64.8,1
City Hotel,48,2017,August,4,Male,BB,Online TA,TA/TO,0,0,0,A,Transient,1,1,0,3,2.0,84.5,0,Low,4,🏙️ Viajero Estándar,0,507.0,1
Resort Hotel,188,2016,May,4,Female,BB,Online TA,TA/TO,0,0,0,D,Transient,0,1,0,4,2.0,35.85,0,High,4,🏙️ Viajero Estándar,4,286.8,0
City Hotel,110,2017,May,7,Male,BB,Online TA,TA/TO,0,0,0,A,Transient,0,1,0,4,1.0,126.0,0,Low,4,🏙️ Viajero Estándar,0,504.0,0
City Hotel,273,2016,May,13,Female,BB,Offline TA/TO,TA/TO,0,0,0,A,Transient,0,1,0,3,2.0,47.5,0,High,4,🏙️ Viajero Estándar,5,285.0,0
Resort Hotel,1,2017,January,13,Male,BB,Direct,Direct,1,0,0,A,Transient,1,0,0,1,2.0,22.0,0,Low,5,🏙️ Viajero Estándar,0,44.0,1
Resort Hotel,74,2016,January,8,Male,BB,Offline TA/TO,TA/TO,0,0,0,D,Transient,0,1,0,4,2.0,16.65,0,Low,4,🏙️ Viajero Estándar,0,133.2,0
City Hotel,83,2016,October,4,Male,BB,Online TA,TA/TO,0,0,0,A,Transient,1,1,0,1,2.0,59.4,0,Low,4,🏙️ Viajero Estándar,0,118.8,1
City Hotel,294,2015,August,7,Male,BB,Groups,TA/TO,0,1,0,A,Transient-Party,0,1,0,2,2.0,31.0,0,High,0,🗓️ Planificador Anticipado,9,124.0,0
Resort Hotel,15,2015,December,19,Male,BB,Direct,Direct,0,0,0,D,Transient,1,0,0,1,3.0,20.33333333333333,1,Low,3,👨‍👩‍👧 Turista Familiar,1,60.999999999999986,2
City Hotel,126,2017,June,20,Female,HB,Online TA,TA/TO,0,0,0,E,Transient,0,1,0,3,3.0,80.10000000000001,0,Low,4,🏙️ Viajero Estándar,2,720.9000000000001,0
City Hotel,89,2017,April,10,Male,BB,Online TA,TA/TO,0,0,0,D,Transient,0,1,0,4,3.0,53.126666666666665,0,Low,4,🏙️ Viajero Estándar,0,637.52,0
Resort Hotel,211,2017,August,19,Female,HB,Online TA,TA/TO,0,0,0,A,Transient,0,1,0,7,2.0,66.87,0,High,4,🏙️ Viajero Estándar,5,936.1800000000001,0
Resort Hotel,165,2016,August,21,Male,BB,Online TA,TA/TO,0,0,0,A,Transient,0,1,0,2,2.0,85.0,0,Low,4,🏙️ Viajero Estándar,2,340.0,0
City Hotel,84,2015,November,27,Female,BB,Groups,TA/TO,0,0,0,A,Transient-Party,0,1,0,3,2.0,32.0,0,High,4,🏙️ Viajero Estándar,3,192.0,0
Resort Hotel,9,2016,February,27,Female,BB,Online TA,TA/TO,0,0,0,E,Transient,1,1,0,2,1.0,68.0,0,High,4,🏙️ Viajero Estándar,2,136.0,1
City Hotel,60,2016,June,21,Female,BB,Online TA,TA/TO,0,0,0,A,Transient,1,1,0,3,2.0,49.95,0,Low,4,🏙️ Viajero Estándar,0,299.70000000000005,1
City Hotel,9,2017,January,2,Female,BB,Online TA,TA/TO,0,0,0,A,Transient,0,1,0,4,3.0,38.71666666666667,1,Medium,3,👨‍👩‍👧 Turista Familiar,1,464.6,1
City Hotel,129,2017,June,28,Female,BB,Direct,Direct,0,0,0,A,Transient,1,1,0,3,2.0,49.5,0,Low,4,🏙️ Viajero Estándar,2,297.0,1
Resort Hotel,13,2017,August,31,Female,BB,Online TA,TA/TO,0,0,0,C,Transient,1,1,0,4,4.0,55.625,1,Medium,3,👨‍👩‍👧 Turista Familiar,1,890.0,2
Resort Hotel,74,2017,January,24,Male,HB,Online TA,TA/TO,0,0,0,E,Transient,2,1,0,6,2.0,49.5,0,Low,4,🏙️ Viajero Estándar,0,594.0,2
City Hotel,350,2017,July,17,Male,BB,Online TA,TA/TO,0,0,0,D,Transient,1,1,0,7,2.0,56.7,0,Low,4,🏙️ Viajero Estándar,3,793.8000000000001,1
City Hotel,204,2017,July,27,Female,BB,Online TA,TA/TO,0,0,0,D,Transient,0,1,0,1,2.0,90.0,0,Medium,4,🏙️ Viajero Estándar,4,180.0,0
Resort Hotel,183,2016,April,16,Female,HB,Groups,TA/TO,0,0,0,A,Transient-Party,0,1,0,2,2.0,42.5,0,High,4,🏙️ Viajero Estándar,5,170.0,0
Resort Hotel,2,2016,August,26,Female,BB,Online TA,TA/TO,0,0,0,A,Transient-Party,3,1,0,4,3.0,66.33333333333333,1,Low,3,👨‍👩‍👧 Turista Familiar,0,796.0,4
Resort Hotel,42,2016,April,5,Female,HB,Offline TA/TO,TA/TO,0,0,0,A,Transient,0,1,0,9,2.0,32.39,0,Low,4,🏙️ Viajero Estándar,0,583.02,0
City Hotel,115,2016,March,18,Male,HB,Groups,TA/TO,0,0,0,A,Transient-Party,0,1,0,2,2.0,45.0,0,High,4,🏙️ Viajero Estándar,3,180.0,0
Resort Hotel,276,2017,April,22,Male,Undefined,Groups,TA/TO,0,0,0,A,Transient-Party,0,1,0,7,1.0,72.0,0,Low,0,🗓️ Planificador Anticipado,4,504.0,0
City Hotel,164,2017,May,15,Female,BB,Groups,TA/TO,0,0,0,A,Transient,0,0,0,3,1.0,160.0,0,High,1,⚡ Reserva de Última Hora,6,480.0,0
Resort Hotel,224,2016,May,25,Male,BB,Groups,Direct,0,0,0,A,Transient-Party,0,0,1,5,1.0,40.0,0,Low,1,⚡ Reserva de Última Hora,5,200.0,0
Resort Hotel,238,2017,February,10,Male,HB,Groups,TA/TO,0,0,0,A,Transient,0,1,0,2,2.0,27.0,0,High,4,🏙️ Viajero Estándar,6,108.0,0
Resort Hotel,4,2017,May,2,Male,BB,Direct,Direct,0,0,0,A,Transient,0,0,0,2,1.0,58.9,0,High,1,⚡ Reserva de Última Hora,3,117.8,0
Resort Hotel,152,2017,April,5,Male,BB,Groups,TA/TO,0,0,0,A,Transient-Party,0,0,1,4,1.0,42.0,0,Low,1,⚡ Reserva de Última Hora,4,168.0,0
City Hotel,177,2017,March,2,Female,BB,Online TA,TA/TO,0,0,0,A,Transient,1,1,0,5,3.0,34.56666666666667,1,Low,3,👨‍👩‍👧 Turista Familiar,2,518.5000000000001,2
City Hotel,72,2015,October,28,Female,BB,Groups,TA/TO,0,0,0,A,Transient-Party,0,1,0,3,2.0,42.835,0,High,4,🏙️ Viajero Estándar,3,257.01,0
Resort Hotel,203,2017,May,25,Female,BB,Groups,TA/TO,0,0,0,A,Transient-Party,0,0,1,3,2.0,24.0,0,Low,1,⚡ Reserva de Última Hora,5,144.0,0
Resort Hotel,35,2017,February,6,Female,BB,Online TA,TA/TO,0,0,0,A,Transient,0,1,0,4,2.0,24.0,0,Low,4,🏙️ Viajero Estándar,0,192.0,0
Resort Hotel,3,2016,April,16,Female,BB,Online TA,TA/TO,0,0,0,E,Transient,1,1,0,1,2.0,47.5,0,Low,4,🏙️ Viajero Estándar,0,95.0,1
City Hotel,100,2015,October,16,Female,HB,Offline TA/TO,TA/TO,0,0,0,A,Transient,0,1,0,1,2.0,54.0,0,High,4,🏙️ Viajero Estándar,2,108.0,0
City Hotel,272,2016,August,5,Female,BB,Groups,TA/TO,0,1,0,A,Transient,0,1,0,1,2.0,32.5,0,High,0,🗓️ Planificador Anticipado,9,65.0,0
City Hotel,99,2017,June,26,Male,BB,Online TA,TA/TO,0,0,0,A,Transient,0,1,0,4,2.0,63.0,0,Low,4,🏙️ Viajero Estándar,0,504.0,0
City Hotel,339,2015,September,21,Female,BB,Groups,TA/TO,0,1,0,A,Contract,0,1,0,2,2.0,31.0,0,High,0,🗓️ Planificador Anticipado,9,124.0,0
City Hotel,119,2016,February,10,Male,BB,Online TA,TA/TO,0,0,0,B,Transient,1,1,0,3,2.0,40.5,0,High,4,🏙️ Viajero Estándar,2,243.0,1
City Hotel,211,2017,July,19,Male,BB,Online TA,TA/TO,0,0,0,F,Transient,2,1,0,4,3.0,61.65,1,Low,3,👨‍👩‍👧 Turista Familiar,2,739.8,3
City Hotel,0,2015,August,18,Male,BB,Direct,Direct,0,0,0,A,Transient,0,0,0,1,2.0,37.5,0,High,1,⚡ Reserva de Última Hora,3,75.0,0
City Hotel,365,2017,May,15,Female,BB,Online TA,TA/TO,0,0,0,D,Transient,2,1,0,1,2.0,61.2,0,Low,4,🏙️ Viajero Estándar,2,122.4,2
City Hotel,14,2016,March,24,Female,BB,Online TA,TA/TO,0,0,0,D,Transient,2,1,0,3,3.0,64.22333333333333,0,Low,4,🏙️ Viajero Estándar,0,578.01,2
City Hotel,55,2016,September,3,Female,BB,Online TA,TA/TO,0,0,0,D,Transient,2,1,0,2,2.0,61.65,0,Low,4,🏙️ Viajero Estándar,0,246.6,2
Resort Hotel,101,2017,August,3,Female,BB,Direct,Direct,0,0,0,A,Transient,0,1,0,2,2.0,106.875,0,High,4,🏙️ Viajero Estándar,2,427.5,0
City Hotel,45,2016,March,12,Female,SC,Online TA,TA/TO,0,0,0,A,Transient,0,1,0,2,2.0,35.55,0,Medium,4,🏙️ Viajero Estándar,1,142.2,0
Resort Hotel,177,2017,August,19,Female,BB,Direct,Direct,0,0,0,F,Transient,1,1,0,6,2.0,119.5,0,High,4,🏙️ Viajero Estándar,4,1434.0,1
City Hotel,17,2016,December,8,Female,SC,Online TA,TA/TO,0,0,0,A,Transient,0,1,0,3,2.0,46.335,0,Low,4,🏙️ Viajero Estándar,0,278.01,0
City Hotel,341,2015,September,23,Female,BB,Groups,TA/TO,0,1,0,A,Transient-Party,0,1,0,2,2.0,31.0,0,High,0,🗓️ Planificador Anticipado,9,124.0,0
Resort Hotel,65,2016,March,12,Female,HB,Offline TA/TO,TA/TO,0,0,0,A,Contract,0,1,0,5,1.0,34.2,0,High,0,🗓️ Planificador Anticipado,2,171.0,0
City Hotel,349,2015,October,1,Female,BB,Groups,TA/TO,0,1,0,A,Contract,0,1,0,2,2.0,31.0,0,High,0,🗓️ Planificador Anticipado,9,124.0,0
Resort Hotel,202,2017,May,24,Male,BB,Groups,TA/TO,0,0,0,A,Transient-Party,0,0,1,5,1.0,65.2,0,Low,1,⚡ Reserva de Última Hora,5,326.0,0
Resort Hotel,54,2016,April,17,Male,BB,Offline TA/TO,TA/TO,0,0,0,A,Transient,0,1,0,5,2.0,21.15,0,High,4,🏙️ Viajero Estándar,2,211.5,0
Resort Hotel,63,2016,October,18,Male,BB,Online TA,TA/TO,0,0,0,D,Transient,2,1,0,4,2.0,37.0,0,Low,4,🏙️ Viajero Estándar,0,296.0,2
City Hotel,61,2017,January,25,Male,BB,Groups,TA/TO,0,0,0,A,Transient,0,1,0,2,2.0,40.0,0,High,4,🏙️ Viajero Estándar,3,160.0,0
City Hotel,13,2016,December,5,Female,BB,Online TA,TA/TO,0,0,0,A,Transient,0,1,0,1,1.0,96.0,0,Low,4,🏙️ Viajero Estándar,0,96.0,0
Resort Hotel,95,2017,May,17,Male,BB,Offline TA/TO,TA/TO,0,0,0,A,Transient,0,1,0,7,2.0,24.0,0,Low,4,🏙️ Viajero Estándar,0,336.0,0
City Hotel,34,2015,December,8,Female,BB,Offline TA/TO,TA/TO,0,1,0,A,Transient,0,1,0,2,1.0,90.0,0,High,0,🗓️ Planificador Anticipado,5,180.0,0
Resort Hotel,3,2016,November,7,Male,BB,Online TA,TA/TO,0,0,0,A,Transient,2,1,0,1,1.0,70.0,0,High,4,🏙️ Viajero Estándar,1,70.0,2
Resort Hotel,112,2016,August,18,Male,BB,Online TA,TA/TO,0,0,0,A,Transient,1,1,0,5,3.0,57.06666666666666,0,High,4,🏙️ Viajero Estándar,2,856.0,1
Resort Hotel,3,2016,April,17,Female,BB,Complementary,Direct,0,0,0,F,Transient,0,0,0,2,1.0,0.0,0,Low,1,⚡ Reserva de Última Hora,1,0.0,0
City Hotel,143,2017,August,8,Male,BB,Online TA,TA/TO,0,0,0,A,Transient,1,1,0,4,3.0,51.75,1,Low,3,👨‍👩‍👧 Turista Familiar,2,621.0,2
City Hotel,83,2016,December,18,Female,BB,Offline TA/TO,TA/TO,0,0,0,A,Transient,0,1,0,2,2.0,37.5,0,Low,4,🏙️ Viajero Estándar,0,150.0,0
Resort Hotel,28,2017,February,20,Male,HB,Direct,Direct,0,0,0,A,Transient,1,1,0,3,2.0,42.0,0,High,4,🏙️ Viajero Estándar,2,252.0,1
Resort Hotel,267,2015,September,26,Female,BB,Offline TA/TO,TA/TO,0,1,0,A,Transient,0,1,0,7,2.0,27.495,0,High,0,🗓️ Planificador Anticipado,8,384.93,0
City Hotel,80,2016,November,24,Female,BB,Offline TA/TO,TA/TO,0,0,0,A,Transient,1,1,0,3,2.0,34.0,0,Low,4,🏙️ Viajero Estándar,0,204.0,1
City Hotel,63,2015,September,4,Female,HB,Offline TA/TO,TA/TO,0,0,0,A,Transient-Party,0,1,0,2,2.0,58.0,0,High,4,🏙️ Viajero Estándar,2,232.0,0
City Hotel,29,2016,August,8,Female,SC,Online TA,TA/TO,0,0,0,A,Transient,1,1,0,1,2.0,69.5,0,Low,4,🏙️ Viajero Estándar,0,139.0,1
City Hotel,0,2017,June,28,Female,BB,Direct,Direct,0,0,0,A,Transient,0,0,0,2,2.0,62.0,1,High,3,👨‍👩‍👧 Turista Familiar,3,248.0,1
City Hotel,83,2015,September,23,Female,BB,Groups,TA/TO,0,0,0,A,Transient-Party,0,1,0,2,2.0,31.0,0,Low,4,🏙️ Viajero Estándar,1,124.0,0
Resort Hotel,273,2015,October,4,Male,BB,Offline TA/TO,TA/TO,0,0,0,D,Contract,0,1,0,4,2.0,24.3,0,Low,0,🗓️ Planificador Anticipado,3,194.4,0
Resort Hotel,2,2017,March,1,Female,BB,Direct,Direct,1,0,5,A,Transient,2,0,0,1,1.0,34.2,0,High,5,🏙️ Viajero Estándar,0,34.2,2
City Hotel,31,2016,September,16,Female,BB,Offline TA/TO,TA/TO,0,0,0,A,Transient-Party,0,1,0,3,2.0,37.5,0,Low,4,🏙️ Viajero Estándar,0,225.0,0
City Hotel,0,2016,February,27,Male,BB,Offline TA/TO,TA/TO,0,0,0,A,Transient-Party,0,1,0,1,1.0,60.0,0,High,4,🏙️ Viajero Estándar,2,60.0,0
City Hotel,2,2016,June,30,Female,SC,Online TA,TA/TO,0,0,0,A,Transient,0,1,0,1,1.0,127.0,0,High,4,🏙️ Viajero Estándar,2,127.0,0
City Hotel,48,2016,May,22,Female,BB,Online TA,TA/TO,0,0,0,A,Transient,2,1,0,3,2.0,46.415,0,Low,4,🏙️ Viajero Estándar,0,278.49,2
Resort Hotel,239,2017,May,1,Female,BB,Online TA,TA/TO,0,0,0,A,Transient,2,1,0,7,2.0,32.0,0,Low,4,🏙️ Viajero Estándar,2,448.0,2
City Hotel,33,2016,June,27,Male,BB,Online TA,TA/TO,0,0,0,D,Transient,2,1,0,2,3.0,47.1,0,Low,4,🏙️ Viajero Estándar,0,282.6,2
City Hotel,294,2017,January,21,Female,BB,Online TA,TA/TO,0,0,0,A,Transient,0,1,0,4,2.0,38.675,0,Medium,4,🏙️ Viajero Estándar,4,309.4,0
City Hotel,44,2016,February,18,Male,HB,Offline TA/TO,TA/TO,0,0,0,A,Transient,0,1,0,4,2.0,45.79,0,Low,4,🏙️ Viajero Estándar,0,366.32,0
Resort Hotel,131,2016,October,9,Female,BB,Groups,Corporate,0,0,0,A,Transient-Party,0,0,0,3,2.0,27.5,0,High,1,⚡ Reserva de Última Hora,6,165.0,0
City Hotel,20,2015,October,18,Female,BB,Offline TA/TO,TA/TO,0,0,0,D,Group,1,1,0,3,3.0,35.0,0,Low,4,🏙️ Viajero Estándar,0,315.0,1
Resort Hotel,108,2017,July,15,Male,BB,Direct,Direct,0,0,0,D,Transient,2,0,0,7,2.0,102.0,0,High,2,💼 Viajero Premium,2,1428.0,2
Resort Hotel,31,2015,November,10,Male,BB,Corporate,Corporate,0,0,0,A,Transient-Party,0,0,1,4,3.0,18.0,0,Low,1,⚡ Reserva de Última Hora,1,216.0,0
City Hotel,443,2016,October,7,Female,BB,Groups,TA/TO,0,0,0,A,Transient,0,1,0,2,2.0,32.5,0,High,4,🏙️ Viajero Estándar,6,130.0,0
Resort Hotel,5,2017,May,22,Female,BB,Offline TA/TO,TA/TO,0,0,0,A,Transient,0,1,0,1,1.0,67.0,0,High,4,🏙️ Viajero Estándar,2,67.0,0
Resort Hotel,7,2017,April,1,Female,BB,Direct,Direct,0,0,0,A,Transient,0,1,0,1,3.0,38.66666666666666,0,Low,4,🏙️ Viajero Estándar,0,115.99999999999997,0
City Hotel,306,2017,July,22,Female,SC,Online TA,TA/TO,0,0,0,A,Transient,2,1,0,7,2.0,44.55,0,Low,4,🏙️ Viajero Estándar,2,623.6999999999999,2
Resort Hotel,63,2016,April,25,Female,BB,Online TA,TA/TO,0,0,0,D,Transient,1,1,0,3,2.0,39.5,0,Low,4,🏙️ Viajero Estándar,0,237.0,1
City Hotel,43,2016,January,14,Female,BB,Online TA,TA/TO,0,0,0,B,Transient-Party,0,1,0,3,4.0,21.6875,1,Low,3,👨‍👩‍👧 Turista Familiar,0,260.25,1
Resort Hotel,0,2016,June,16,Female,BB,Direct,Direct,0,0,0,F,Transient,0,0,0,1,2.0,69.5,0,Low,1,⚡ Reserva de Última Hora,1,139.0,0
Resort Hotel,279,2015,October,8,Male,HB,Groups,TA/TO,0,1,0,A,Transient-Party,0,1,0,7,2.0,31.7,0,Low,0,🗓️ Planificador Anticipado,7,443.8,0
City Hotel,16,2017,February,5,Male,HB,Offline TA/TO,TA/TO,0,0,0,A,Transient,0,1,0,3,3.0,50.0,0,Low,4,🏙️ Viajero Estándar,0,450.0,0
Resort Hotel,92,2016,February,26,Male,Undefined,Groups,TA/TO,0,1,0,A,Transient,0,1,0,3,2.0,39.5,0,High,0,🗓️ Planificador Anticipado,6,237.0,0
City Hotel,26,2017,May,8,Male,BB,Direct,Direct,0,0,0,A,Transient,0,1,0,1,1.0,164.0,0,Low,4,🏙️ Viajero Estándar,0,164.0,0
City Hotel,594,2017,February,23,Female,BB,Groups,TA/TO,0,0,0,A,Transient,0,1,0,2,2.0,31.0,0,High,4,🏙️ Viajero Estándar,6,124.0,0
City Hotel,26,2017,April,27,Female,SC,Online TA,TA/TO,0,0,0,A,Transient,2,1,0,3,2.0,57.5,0,Low,4,🏙️ Viajero Estándar,0,345.0,2
Resort Hotel,36,2016,October,20,Male,BB,Groups,Corporate,0,0,0,A,Transient-Party,0,0,0,4,2.0,24.5,0,Low,1,⚡ Reserva de Última Hora,2,196.0,0
City Hotel,219,2015,September,4,Male,HB,Offline TA/TO,TA/TO,0,0,0,A,Transient-Party,0,1,0,1,2.0,54.0,0,High,4,🏙️ Viajero Estándar,5,108.0,0
City Hotel,79,2016,December,26,Female,HB,Online TA,TA/TO,0,0,0,D,Transient,0,1,0,4,2.0,68.955,0,Medium,4,🏙️ Viajero Estándar,1,551.64,0
City Hotel,0,2016,September,30,Male,SC,Online TA,TA/TO,1,0,0,A,Transient,0,1,0,0,1.0,0.0,0,High,5,🏙️ Viajero Estándar,0,0.0,0
City Hotel,129,2017,January,5,Female,BB,Online TA,TA/TO,0,0,0,D,Transient,3,1,0,1,3.0,45.0,0,Low,4,🏙️ Viajero Estándar,1,135.0,3
Resort Hotel,1,2015,July,24,Female,BB,Online TA,TA/TO,0,0,0,H,Transient,0,1,0,3,3.0,74.22333333333333,0,Low,4,🏙️ Viajero Estándar,0,668.01,0
City Hotel,205,2016,May,29,Male,BB,Offline TA/TO,TA/TO,0,0,0,A,Transient,0,1,0,3,2.0,45.0,0,High,4,🏙️ Viajero Estándar,5,270.0,0
City Hotel,47,2016,August,31,Female,BB,Online TA,TA/TO,0,0,0,D,Transient,2,1,0,7,2.0,70.265,0,Low,4,🏙️ Viajero Estándar,0,983.71,2
Resort Hotel,4,2016,February,26,Male,HB,Offline TA/TO,TA/TO,0,0,0,D,Transient,1,1,0,3,3.0,24.33333333333333,1,Low,3,👨‍👩‍👧 Turista Familiar,0,218.99999999999994,2
City Hotel,34,2017,March,10,Female,BB,Online TA,TA/TO,0,0,0,D,Transient,1,1,0,3,2.0,47.995,0,Low,4,🏙️ Viajero Estándar,0,287.96999999999997,1
Resort Hotel,139,2015,July,8,Male,HB,Direct,Direct,0,0,0,A,Transient,1,1,0,8,3.0,35.733333333333334,1,High,3,👨‍👩‍👧 Turista Familiar,4,857.6,2
Resort Hotel,2,2017,January,25,Male,BB,Direct,Direct,0,0,2,A,Transient,1,0,1,1,1.0,35.0,0,Low,1,⚡ Reserva de Última Hora,1,35.0,1
Resort Hotel,9,2017,February,4,Female,BB,Offline TA/TO,TA/TO,0,0,0,D,Transient,0,1,0,7,2.0,24.5,0,Low,4,🏙️ Viajero Estándar,0,343.0,0
City Hotel,10,2017,July,6,Male,BB,Corporate,Corporate,0,0,0,A,Transient-Party,0,1,0,1,1.0,95.0,0,High,4,🏙️ Viajero Estándar,2,95.0,0
Resort Hotel,83,2017,May,3,Male,HB,Online TA,TA/TO,0,0,0,E,Transient,0,1,0,4,2.0,73.5,0,Low,4,🏙️ Viajero Estándar,0,588.0,0
Resort Hotel,128,2015,October,8,Female,BB,Offline TA/TO,TA/TO,0,0,0,E,Transient,0,1,0,12,2.0,31.235,0,Low,4,🏙️ Viajero Estándar,2,749.64,0
City Hotel,207,2016,July,11,Female,BB,Direct,Direct,0,0,0,A,Transient,0,1,0,6,2.0,40.375,0,Low,4,🏙️ Viajero Estándar,3,484.5,0
City Hotel,4,2016,September,26,Female,BB,Offline TA/TO,TA/TO,0,0,0,A,Transient-Party,0,1,0,1,1.0,98.1,0,High,4,🏙️ Viajero Estándar,2,98.1,0
City Hotel,6,2017,May,4,Female,BB,Online TA,TA/TO,0,0,0,D,Transient,0,1,0,2,2.0,90.0,0,Low,4,🏙️ Viajero Estándar,0,360.0,0
City Hotel,342,2015,September,24,Male,BB,Groups,TA/TO,0,1,0,A,Contract,0,1,0,2,2.0,31.0,0,High,0,🗓️ Planificador Anticipado,9,124.0,0
City Hotel,97,2017,April,3,Female,BB,Direct,Direct,0,0,0,A,Transient,2,1,0,4,2.0,48.125,0,Low,4,🏙️ Viajero Estándar,0,385.0,2
Resort Hotel,1,2017,January,21,Female,BB,Direct,Direct,0,0,0,F,Transient,0,1,0,1,2.0,38.5,0,High,4,🏙️ Viajero Estándar,2,77.0,0
Resort Hotel,105,2016,August,5,Female,BB,Online TA,TA/TO,0,0,0,A,Transient,0,1,0,3,2.0,94.5,0,Low,4,🏙️ Viajero Estándar,0,567.0,0
City Hotel,164,2017,May,15,Male,BB,Groups,TA/TO,0,0,0,A,Transient,0,0,0,3,1.0,160.0,0,High,1,⚡ Reserva de Última Hora,6,480.0,0
City Hotel,30,2017,April,14,Female,BB,Online TA,TA/TO,0,0,0,E,Transient,1,1,0,5,3.0,71.33333333333333,0,Low,4,🏙️ Viajero Estándar,0,1070.0,1
Resort Hotel,60,2017,February,21,Male,BB,Online TA,TA/TO,0,0,0,A,Transient-Party,0,1,0,4,2.0,24.0,0,Low,4,🏙️ Viajero Estándar,0,192.0,0
City Hotel,8,2016,March,2,Female,BB,Online TA,TA/TO,0,0,0,A,Transient-Party,0,1,0,1,1.0,86.0,0,High,4,🏙️ Viajero Estándar,2,86.0,0
City Hotel,84,2016,April,10,Female,SC,Online TA,TA/TO,0,0,0,A,Transient,0,1,0,4,2.0,29.07,0,Low,4,🏙️ Viajero Estándar,0,232.56,0
City Hotel,314,2017,July,26,Female,BB,Groups,TA/TO,0,0,0,A,Transient,0,0,0,4,2.0,55.0,0,High,1,⚡ Reserva de Última Hora,7,440.0,0
Resort Hotel,0,2016,February,20,Female,BB,Direct,Direct,0,0,0,A,Transient,0,0,0,1,2.0,22.5,0,High,1,⚡ Reserva de Última Hora,3,45.0,0
City Hotel,122,2016,July,9,Female,BB,Online TA,TA/TO,0,0,0,A,Transient-Party,2,1,0,4,2.0,52.915,0,High,4,🏙️ Viajero Estándar,3,423.32,2
Resort Hotel,157,2016,June,23,Female,BB,Offline TA/TO,TA/TO,0,0,0,A,Contract,1,1,0,7,2.0,26.925,0,Low,0,🗓️ Planificador Anticipado,2,376.95,1
City Hotel,26,2017,January,1,Female,BB,Online TA,TA/TO,0,0,0,D,Transient,0,1,0,4,2.0,51.85,0,Low,4,🏙️ Viajero Estándar,0,414.8,0
City Hotel,40,2015,October,5,Male,BB,Online TA,TA/TO,0,0,0,A,Contract,1,1,0,4,2.0,47.25,0,Low,0,🗓️ Planificador Anticipado,0,378.0,1
Resort Hotel,12,2017,July,11,Female,BB,Corporate,Corporate,0,0,0,A,Transient-Party,0,0,1,1,1.0,135.0,0,High,1,⚡ Reserva de Última Hora,3,135.0,0
City Hotel,93,2017,April,6,Female,BB,Offline TA/TO,TA/TO,0,0,0,A,Transient,0,1,0,3,2.0,47.5,0,High,4,🏙️ Viajero Estándar,2,285.0,0
City Hotel,90,2017,April,17,Female,BB,Offline TA/TO,TA/TO,0,0,0,A,Transient,0,1,0,3,2.0,42.5,0,Low,4,🏙️ Viajero Estándar,0,255.0,0
Resort Hotel,2,2016,February,19,Female,HB,Online TA,TA/TO,0,0,0,A,Transient,0,1,0,2,2.0,40.0,0,High,4,🏙️ Viajero Estándar,2,160.0,0
Resort Hotel,23,2016,September,28,Male,BB,Corporate,Corporate,1,3,2,A,Transient,0,0,1,1,1.0,89.1,0,High,5,🏙️ Viajero Estándar,4,89.1,0
City Hotel,219,2015,September,4,Male,HB,Offline TA/TO,TA/TO,0,0,0,A,Transient-Party,0,1,0,1,1.0,84.0,0,High,4,🏙️ Viajero Estándar,5,84.0,0
Resort Hotel,26,2017,July,24,Male,BB,Online TA,TA/TO,0,0,0,H,Transient,0,1,0,4,4.0,78.75,1,Low,3,👨‍👩‍👧 Turista Familiar,0,1260.0,1
City Hotel,4,2016,May,29,Male,BB,Online TA,TA/TO,0,0,0,D,Transient,1,1,0,3,2.0,68.0,0,Low,4,🏙️ Viajero Estándar,0,408.0,1
Resort Hotel,286,2017,May,18,Female,HB,Offline TA/TO,TA/TO,0,0,0,A,Contract,1,1,0,4,2.0,39.475,0,Low,0,🗓️ Planificador Anticipado,3,315.8,1
City Hotel,351,2016,June,23,Female,BB,Groups,TA/TO,0,0,0,A,Transient,0,1,0,1,1.0,59.0,0,High,4,🏙️ Viajero Estándar,6,59.0,0
City Hotel,18,2016,May,29,Male,BB,Online TA,TA/TO,0,0,0,A,Transient,0,1,0,4,2.0,49.3,0,Low,4,🏙️ Viajero Estándar,0,394.4,0
Resort Hotel,1,2016,August,21,Female,BB,Direct,Direct,0,0,0,A,Transient,1,1,0,1,2.0,100.0,0,High,4,🏙️ Viajero Estándar,2,200.0,1
Resort Hotel,1,2017,January,21,Female,BB,Online TA,TA/TO,0,0,0,A,Transient,1,1,0,1,2.0,24.0,0,Low,4,🏙️ Viajero Estándar,0,48.0,1
City Hotel,67,2017,March,10,Male,BB,Online TA,TA/TO,0,0,0,A,Transient,1,1,0,3,2.0,53.1,0,Low,4,🏙️ Viajero Estándar,0,318.6,1
Resort Hotel,55,2017,January,11,Female,BB,Online TA,TA/TO,0,0,0,E,Transient,1,1,0,3,2.0,22.205,0,Low,4,🏙️ Viajero Estándar,0,133.23,1
Resort Hotel,32,2016,August,20,Female,BB,Online TA,TA/TO,0,0,0,D,Transient,0,1,0,6,2.0,117.835,0,Low,4,🏙️ Viajero Estándar,0,1414.02,0
City Hotel,204,2015,October,9,Female,BB,Offline TA/TO,TA/TO,0,0,0,A,Transient-Party,0,1,0,4,2.0,36.375,0,High,4,🏙️ Viajero Estándar,5,291.0,0
City Hotel,1,2016,May,30,Female,BB,Online TA,TA/TO,0,0,0,A,Transient,1,1,0,4,2.0,55.675,0,Low,4,🏙️ Viajero Estándar,0,445.4,1
Resort Hotel,0,2016,February,20,Male,BB,Online TA,TA/TO,0,0,0,A,Transient,0,1,0,1,2.0,24.0,0,Low,4,🏙️ Viajero Estándar,0,48.0,0
City Hotel,335,2016,October,13,Female,BB,Offline TA/TO,TA/TO,0,0,0,A,Transient-Party,0,1,0,3,1.0,80.0,0,Low,4,🏙️ Viajero Estándar,3,240.0,0
City Hotel,45,2016,June,17,Male,BB,Online TA,TA/TO,0,0,0,D,Transient,1,1,0,6,2.0,67.95,0,Low,4,🏙️ Viajero Estándar,0,815.4000000000001,1
Resort Hotel,8,2016,September,30,Female,BB,Corporate,Corporate,0,0,0,A,Transient-Party,0,0,1,1,1.0,99.0,0,High,1,⚡ Reserva de Última Hora,3,99.0,0
City Hotel,157,2016,July,14,Female,BB,Online TA,TA/TO,0,0,0,A,Transient-Party,2,1,0,2,3.0,40.5,1,Low,3,👨‍👩‍👧 Turista Familiar,1,243.0,3
City Hotel,15,2017,July,15,Male,BB,Online TA,TA/TO,0,0,0,D,Transient,2,1,0,2,2.0,74.5,0,Low,4,🏙️ Viajero Estándar,0,298.0,2
Resort Hotel,31,2017,July,14,Female,BB,Online TA,TA/TO,0,0,0,E,Transient,1,1,0,2,2.0,107.5,0,Low,4,🏙️ Viajero Estándar,0,430.0,1
Resort Hotel,229,2016,June,9,Female,BB,Online TA,TA/TO,0,0,0,A,Transient,1,1,0,4,1.0,63.9,0,High,4,🏙️ Viajero Estándar,5,255.6,1
City Hotel,0,2017,January,8,Male,SC,Online TA,TA/TO,0,0,0,D,Transient,0,1,0,1,2.0,29.52,0,High,4,🏙️ Viajero Estándar,2,59.04,0
City Hotel,104,2017,August,18,Male,BB,Offline TA/TO,TA/TO,0,0,0,E,Transient,0,1,0,2,4.0,34.875,1,Low,3,👨‍👩‍👧 Turista Familiar,0,279.0,1
Resort Hotel,217,2015,September,24,Male,BB,Offline TA/TO,TA/TO,0,1,0,C,Contract,2,1,0,4,4.0,27.0825,1,High,2,💼 Viajero Premium,7,433.32,3
City Hotel,7,2016,March,24,Female,BB,Online TA,TA/TO,0,0,0,A,Transient,2,1,0,3,3.0,58.22333333333333,1,High,3,👨‍👩‍👧 Turista Familiar,1,524.01,3
City Hotel,1,2015,August,10,Female,BB,Online TA,TA/TO,0,0,0,A,Contract,0,1,0,1,2.0,52.5,0,Low,0,🗓️ Planificador Anticipado,0,105.0,0
Resort Hotel,307,2017,August,14,Female,BB,Online TA,TA/TO,0,0,0,A,Transient,1,1,0,2,1.0,138.38,0,Medium,4,🏙️ Viajero Estándar,4,276.76,1
City Hotel,85,2016,June,2,Male,BB,Online TA,TA/TO,0,0,0,D,Transient,0,1,0,1,2.0,70.2,0,Medium,4,🏙️ Viajero Estándar,1,140.4,0
Resort Hotel,140,2017,August,27,Female,BB,Online TA,TA/TO,0,0,0,E,Transient,1,1,0,3,2.0,114.5,0,Low,4,🏙️ Viajero Estándar,2,687.0,1
City Hotel,538,2016,December,29,Male,BB,Groups,TA/TO,0,0,0,A,Transient,0,1,0,1,1.0,51.4,0,High,4,🏙️ Viajero Estándar,6,51.4,0
Resort Hotel,92,2016,June,17,Female,BB,Online TA,TA/TO,0,0,0,A,Transient,1,1,0,5,2.0,59.0,0,Low,4,🏙️ Viajero Estándar,0,590.0,1
City Hotel,177,2016,August,16,Female,SC,Online TA,TA/TO,0,0,0,A,Transient,1,1,0,2,2.0,47.25,0,Low,4,🏙️ Viajero Estándar,2,189.0,1
Resort Hotel,90,2015,September,6,Female,BB,Online TA,TA/TO,0,0,0,G,Transient,0,1,0,11,4.0,34.795,1,Low,3,👨‍👩‍👧 Turista Familiar,0,1530.98,1
Resort Hotel,277,2016,June,12,Male,Undefined,Groups,TA/TO,0,0,0,A,Transient,0,0,0,4,2.0,55.0,0,High,1,⚡ Reserva de Última Hora,7,440.0,0
City Hotel,34,2015,December,8,Male,BB,Offline TA/TO,TA/TO,0,1,0,A,Transient,0,1,0,2,1.0,90.0,0,High,0,🗓️ Planificador Anticipado,5,180.0,0
Resort Hotel,88,2016,August,30,Male,BB,Online TA,TA/TO,0,0,0,G,Transient,0,1,0,7,4.0,55.8225,1,High,3,👨‍👩‍👧 Turista Familiar,2,1563.03,1
City Hotel,2,2017,August,3,Female,BB,Online TA,TA/TO,0,0,0,D,Transient,1,1,0,2,2.0,70.0,0,Low,4,🏙️ Viajero Estándar,0,280.0,1
City Hotel,125,2017,August,10,Male,BB,Online TA,TA/TO,0,0,0,D,Transient,0,1,0,3,2.0,57.195,0,High,4,🏙️ Viajero Estándar,4,343.17,0
Resort Hotel,214,2015,October,3,Female,HB,Offline TA/TO,TA/TO,0,1,0,A,Transient,0,1,0,2,2.0,17.0,0,High,0,🗓️ Planificador Anticipado,8,68.0,0
City Hotel,457,2017,August,25,Female,HB,Offline TA/TO,TA/TO,0,0,0,A,Transient-Party,1,1,0,2,2.0,61.2,0,Low,4,🏙️ Viajero Estándar,3,244.8,1
City Hotel,170,2017,August,11,Female,BB,Online TA,TA/TO,0,0,0,D,Transient,0,1,0,4,3.0,46.5,0,Low,4,🏙️ Viajero Estándar,2,558.0,0
City Hotel,69,2016,September,11,Female,BB,Online TA,TA/TO,0,0,0,A,Transient,0,1,0,2,2.0,67.95,0,Low,4,🏙️ Viajero Estándar,0,271.8,0
City Hotel,19,2017,July,25,Male,SC,Direct,Direct,0,0,0,A,Transient,1,0,0,2,2.0,65.0,0,Low,1,⚡ Reserva de Última Hora,1,260.0,1
City Hotel,98,2015,November,23,Male,BB,Groups,TA/TO,0,0,0,A,Transient-Party,0,1,0,3,1.0,70.0,0,Low,4,🏙️ Viajero Estándar,1,210.0,0
City Hotel,192,2016,October,21,Female,BB,Groups,TA/TO,0,0,0,A,Transient-Party,0,1,0,2,2.0,47.5,0,Low,4,🏙️ Viajero Estándar,3,190.0,0
City Hotel,278,2017,January,16,Female,BB,Direct,Direct,0,0,0,D,Transient,1,1,0,1,3.0,38.9,0,Low,4,🏙️ Viajero Estándar,3,116.69999999999999,1
City Hotel,4,2016,November,19,Female,BB,Online TA,TA/TO,0,0,0,A,Transient,3,1,0,3,3.0,42.88999999999999,1,High,3,👨‍👩‍👧 Turista Familiar,1,386.01,4
City Hotel,10,2015,October,22,Male,BB,Offline TA/TO,TA/TO,0,0,0,D,Transient,0,1,0,4,2.0,31.875,0,Low,4,🏙️ Viajero Estándar,0,255.0,0
City Hotel,23,2016,November,17,Female,SC,Online TA,TA/TO,0,0,0,A,Transient,2,1,0,2,2.0,44.0,0,Medium,4,🏙️ Viajero Estándar,0,176.0,2
City Hotel,249,2016,October,22,Female,BB,Online TA,TA/TO,0,0,0,A,Transient,0,1,0,4,1.0,80.75,0,High,4,🏙️ Viajero Estándar,5,323.0,0
City Hotel,333,2016,September,20,Male,BB,Offline TA/TO,TA/TO,0,1,0,A,Transient,0,1,0,2,2.0,45.0,0,High,0,🗓️ Planificador Anticipado,8,180.0,0
City Hotel,32,2015,November,20,Female,BB,Offline TA/TO,TA/TO,0,0,0,A,Transient-Party,0,1,0,2,1.0,73.0,0,Low,4,🏙️ Viajero Estándar,0,146.0,0
City Hotel,193,2016,June,20,Male,BB,Offline TA/TO,TA/TO,0,0,0,A,Transient,0,1,0,3,2.0,60.0,0,High,4,🏙️ Viajero Estándar,4,360.0,0
City Hotel,28,2017,May,16,Male,BB,Online TA,TA/TO,0,0,0,D,Transient,2,1,0,3,2.0,70.665,0,Low,4,🏙️ Viajero Estándar,0,423.99,2
City Hotel,7,2015,August,31,Female,HB,Groups,TA/TO,0,0,0,A,Transient-Party,0,1,0,3,1.0,60.0,0,Low,4,🏙️ Viajero Estándar,1,180.0,0
Resort Hotel,21,2016,March,12,Female,BB,Direct,Direct,0,0,0,A,Transient,1,0,0,1,2.0,28.0,0,High,1,⚡ Reserva de Última Hora,3,56.0,1
City Hotel,178,2017,August,22,Female,BB,Online TA,TA/TO,0,0,0,D,Transient,2,1,0,4,3.0,54.0,0,Low,4,🏙️ Viajero Estándar,1,648.0,2
Resort Hotel,129,2015,November,20,Female,HB,Offline TA/TO,TA/TO,0,0,0,A,Transient,0,1,0,3,1.0,22.5,0,High,4,🏙️ Viajero Estándar,4,67.5,0
Resort Hotel,73,2015,July,26,Female,HB,Direct,Direct,0,0,0,E,Transient,1,1,0,5,3.0,69.66666666666667,0,High,4,🏙️ Viajero Estándar,2,1045.0,1
City Hotel,0,2015,August,6,Female,BB,Online TA,TA/TO,0,0,0,A,Transient,0,0,1,1,2.0,40.5,0,High,1,⚡ Reserva de Última Hora,3,81.0,0
Resort Hotel,34,2017,August,24,Female,BB,Direct,Direct,0,0,0,F,Transient,3,0,0,7,2.0,128.0,0,High,2,💼 Viajero Premium,2,1792.0,3
City Hotel,112,2016,June,2,Female,BB,Offline TA/TO,TA/TO,0,0,0,A,Transient-Party,1,1,0,3,2.0,60.0,0,High,4,🏙️ Viajero Estándar,2,360.0,1
Resort Hotel,9,2016,September,18,Female,BB,Groups,Corporate,0,0,0,E,Transient-Party,0,1,0,1,2.0,45.0,0,Low,4,🏙️ Viajero Estándar,1,90.0,0
City Hotel,327,2015,September,9,Male,BB,Groups,TA/TO,0,1,0,A,Transient-Party,0,1,0,2,2.0,31.0,0,High,0,🗓️ Planificador Anticipado,9,124.0,0
Resort Hotel,328,2015,October,6,Male,BB,Direct,Direct,0,0,0,A,Group,0,0,0,7,5.0,0.0,0,High,1,⚡ Reserva de Última Hora,6,0.0,0
Resort Hotel,157,2016,October,5,Male,HB,Online TA,TA/TO,0,0,0,A,Transient,1,1,0,3,2.0,50.5,0,High,4,🏙️ Viajero Estándar,4,303.0,1
Resort Hotel,3,2017,February,18,Male,BB,Direct,Direct,0,0,0,D,Transient,0,1,0,2,2.0,30.6,0,Low,4,🏙️ Viajero Estándar,0,122.4,0
City Hotel,131,2015,August,15,Male,HB,Offline TA/TO,TA/TO,0,0,0,A,Transient-Party,0,1,0,3,2.0,47.25,0,Medium,4,🏙️ Viajero Estándar,3,283.5,0
City Hotel,0,2016,January,5,Male,BB,Complementary,Corporate,1,0,12,D,Transient,2,0,1,3,1.0,0.0,0,High,5,🏙️ Viajero Estándar,0,0.0,2
Resort Hotel,197,2016,April,30,Male,HB,Groups,TA/TO,0,0,0,A,Transient-Party,0,1,0,2,2.0,42.5,0,Low,4,🏙️ Viajero Estándar,3,170.0,0
Resort Hotel,31,2016,December,26,Female,BB,Direct,Direct,0,0,0,C,Transient,0,1,0,4,4.0,16.5,1,Low,3,👨‍👩‍👧 Turista Familiar,0,264.0,1
Resort Hotel,18,2017,April,12,Male,BB,Direct,Direct,0,0,0,A,Transient,0,1,0,5,2.0,55.9,0,Low,4,🏙️ Viajero Estándar,0,559.0,0
City Hotel,134,2017,February,25,Male,BB,Groups,TA/TO,0,0,0,A,Transient-Party,0,1,0,1,1.0,75.0,0,High,4,🏙️ Viajero Estándar,5,75.0,0
City Hotel,9,2015,September,7,Female,HB,Offline TA/TO,TA/TO,0,0,0,A,Transient,0,1,0,5,2.0,58.02,0,High,4,🏙️ Viajero Estándar,2,580.2,0
City Hotel,0,2016,June,22,Female,BB,Complementary,Direct,0,0,0,A,Transient,1,0,1,0,2.0,0.0,0,High,1,⚡ Reserva de Última Hora,3,0.0,1
City Hotel,0,2016,January,4,Female,BB,Corporate,Corporate,0,0,0,A,Transient,0,0,1,1,1.0,65.0,0,High,1,⚡ Reserva de Última Hora,3,65.0,0
City Hotel,4,2016,September,15,Male,BB,Online TA,TA/TO,0,0,0,A,Transient,2,1,0,1,1.0,159.0,0,High,4,🏙️ Viajero Estándar,1,159.0,2
City Hotel,183,2016,September,8,Female,BB,Offline TA/TO,TA/TO,0,0,0,A,Transient-Party,1,1,0,3,2.0,55.0,0,High,4,🏙️ Viajero Estándar,4,330.0,1
Resort Hotel,98,2015,September,28,Female,HB,Online TA,TA/TO,0,0,0,A,Transient,0,1,0,4,2.0,49.75,0,High,4,🏙️ Viajero Estándar,2,398.0,0
City Hotel,27,2016,April,29,Male,BB,Online TA,TA/TO,0,0,0,D,Transient,0,1,0,3,3.0,59.0,0,Medium,4,🏙️ Viajero Estándar,1,531.0,0
Resort Hotel,160,2016,October,3,Female,BB,Online TA,TA/TO,0,0,0,A,Transient,0,1,0,5,2.0,34.5,0,Low,4,🏙️ Viajero Estándar,2,345.0,0
City Hotel,93,2016,October,15,Female,BB,Offline TA/TO,TA/TO,0,0,0,A,Transient,0,1,0,3,1.0,115.0,0,High,4,🏙️ Viajero Estándar,2,345.0,0
Resort Hotel,299,2017,May,19,Male,BB,Online TA,TA/TO,0,0,0,D,Transient,0,1,0,7,2.0,33.75,0,Low,4,🏙️ Viajero Estándar,3,472.5,0
City Hotel,88,2017,April,24,Female,BB,Online TA,TA/TO,0,0,0,A,Transient,1,1,0,6,2.0,60.75,0,Medium,4,🏙️ Viajero Estándar,1,729.0,1
City Hotel,112,2016,December,5,Female,HB,Online TA,TA/TO,0,0,0,A,Transient,2,1,0,4,2.0,63.15,0,Low,4,🏙️ Viajero Estándar,0,505.2,2
City Hotel,200,2016,October,24,Female,BB,Direct,Direct,0,0,0,D,Transient,0,1,0,4,2.0,50.15,0,Low,4,🏙️ Viajero Estándar,2,401.2,0
Resort Hotel,167,2017,June,11,Female,BB,Online TA,TA/TO,0,0,0,A,Transient,2,1,0,5,1.0,101.0,0,Low,4,🏙️ Viajero Estándar,1,505.0,2
City Hotel,74,2015,September,18,Female,HB,Offline TA/TO,TA/TO,0,0,0,A,Transient-Party,0,1,0,2,2.0,54.5,0,High,4,🏙️ Viajero Estándar,2,218.0,0
City Hotel,30,2017,January,3,Female,SC,Online TA,TA/TO,0,0,0,A,Transient,1,1,0,4,2.0,37.4,0,Low,4,🏙️ Viajero Estándar,0,299.2,1
City Hotel,7,2017,April,29,Male,SC,Online TA,TA/TO,0,0,0,A,Transient,1,1,0,4,2.0,80.0,0,Low,4,🏙️ Viajero Estándar,0,640.0,1
Resort Hotel,26,2015,November,3,Female,BB,Offline TA/TO,TA/TO,0,0,0,A,Transient-Party,0,1,0,4,1.0,22.5,0,High,4,🏙️ Viajero Estándar,2,90.0,0
City Hotel,330,2017,August,27,Male,BB,Online TA,TA/TO,0,0,0,F,Transient,1,1,0,3,4.0,49.75,1,Low,3,👨‍👩‍👧 Turista Familiar,3,597.0,2
Resort Hotel,173,2016,August,15,Female,BB,Offline TA/TO,TA/TO,0,0,0,D,Transient,0,1,0,4,3.0,47.66666666666666,0,High,4,🏙️ Viajero Estándar,4,571.9999999999999,0
City Hotel,142,2017,January,8,Female,BB,Online TA,TA/TO,0,0,0,A,Transient,2,1,0,4,2.0,44.2,0,Low,4,🏙️ Viajero Estándar,1,353.6,2
Resort Hotel,69,2016,May,25,Female,BB,Online TA,TA/TO,0,0,0,F,Transient,0,1,0,1,2.0,40.425,0,High,4,🏙️ Viajero Estándar,2,80.85,0
City Hotel,104,2017,May,15,Male,BB,Groups,TA/TO,0,0,0,A,Transient,0,0,0,3,2.0,85.0,0,High,1,⚡ Reserva de Última Hora,4,510.0,0
City Hotel,0,2016,June,20,Female,BB,Corporate,Corporate,0,0,0,A,Transient,0,0,1,1,1.0,95.0,0,Low,1,⚡ Reserva de Última Hora,1,95.0,0
City Hotel,28,2016,June,21,Male,BB,Online TA,TA/TO,0,0,0,D,Transient,1,1,0,1,2.0,63.0,0,Low,4,🏙️ Viajero Estándar,0,126.0,1
City Hotel,150,2017,June,17,Female,BB,Offline TA/TO,TA/TO,0,0,0,A,Transient,0,0,0,5,1.0,120.0,0,High,1,⚡ Reserva de Última Hora,5,600.0,0
City Hotel,34,2015,December,8,Female,BB,Offline TA/TO,TA/TO,0,1,0,A,Transient,0,1,0,2,1.0,90.0,0,High,0,🗓️ Planificador Anticipado,5,180.0,0
City Hotel,64,2016,December,25,Female,BB,Online TA,TA/TO,0,0,0,D,Transient,2,1,0,4,2.0,37.305,0,Medium,4,🏙️ Viajero Estándar,0,298.44,2
City Hotel,11,2016,February,13,Male,BB,Online TA,TA/TO,0,0,0,A,Transient,0,1,0,2,3.0,27.85,1,High,3,👨‍👩‍👧 Turista Familiar,2,167.10000000000002,1
Resort Hotel,131,2016,October,9,Male,BB,Groups,Corporate,0,0,0,A,Transient-Party,0,0,0,3,2.0,27.5,0,High,1,⚡ Reserva de Última Hora,6,165.0,0
Resort Hotel,68,2015,August,19,Male,BB,Offline TA/TO,TA/TO,0,0,0,A,Transient,0,1,0,9,1.0,107.0,0,High,4,🏙️ Viajero Estándar,2,963.0,0
City Hotel,122,2016,May,30,Female,BB,Online TA,TA/TO,0,0,0,F,Transient,3,1,0,6,3.0,62.61666666666667,1,Medium,3,👨‍👩‍👧 Turista Familiar,2,1127.1,4
Resort Hotel,5,2016,May,30,Male,BB,Corporate,Corporate,0,0,3,A,Transient-Party,0,0,0,2,1.0,54.0,0,Low,1,⚡ Reserva de Última Hora,1,108.0,0
Resort Hotel,14,2016,January,3,Female,BB,Direct,Direct,0,0,0,A,Transient,1,1,0,2,2.0,21.5,0,High,4,🏙️ Viajero Estándar,2,86.0,1
City Hotel,66,2017,April,9,Female,BB,Groups,TA/TO,0,0,0,A,Transient,0,0,0,2,2.0,50.0,0,High,1,⚡ Reserva de Última Hora,4,200.0,0
Resort Hotel,2,2016,February,5,Female,BB,Online TA,TA/TO,0,0,0,A,Transient,0,1,0,1,2.0,29.0,0,Low,4,🏙️ Viajero Estándar,0,58.0,0
City Hotel,182,2017,July,14,Female,BB,Online TA,TA/TO,0,0,0,D,Transient,0,1,0,5,2.0,58.95,0,Low,4,🏙️ Viajero Estándar,2,589.5,0
City Hotel,181,2016,October,11,Female,BB,Offline TA/TO,TA/TO,0,0,0,A,Transient-Party,0,1,0,2,1.0,120.0,0,High,4,🏙️ Viajero Estándar,4,240.0,0
City Hotel,279,2016,October,12,Male,BB,Offline TA/TO,TA/TO,0,0,0,A,Transient,0,1,0,3,2.0,55.0,0,High,4,🏙️ Viajero Estándar,5,330.0,0
Resort Hotel,2,2016,April,13,Female,BB,Corporate,Corporate,1,0,5,A,Transient,0,0,1,1,1.0,59.4,0,High,5,🏙️ Viajero Estándar,1,59.4,0
Resort Hotel,36,2017,May,28,Female,BB,Direct,Direct,0,0,0,F,Transient,2,1,0,3,2.0,71.0,0,Low,4,🏙️ Viajero Estándar,0,426.0,2
City Hotel,130,2016,March,25,Male,BB,Complementary,Direct,0,0,0,A,Contract,2,0,0,1,2.0,3.0,1,Medium,3,👨‍👩‍👧 Turista Familiar,3,6.0,3
Resort Hotel,3,2016,February,26,Male,HB,Offline TA/TO,TA/TO,0,0,0,E,Transient,0,1,0,4,2.0,34.375,0,Low,4,🏙️ Viajero Estándar,0,275.0,0
City Hotel,14,2015,September,15,Male,BB,Online TA,TA/TO,0,0,0,A,Contract,1,1,0,3,1.0,114.0,0,Low,0,🗓️ Planificador Anticipado,0,342.0,1
Resort Hotel,135,2016,October,22,Female,BB,Online TA,TA/TO,0,0,0,D,Transient,0,1,0,4,2.0,34.0,0,Low,4,🏙️ Viajero Estándar,2,272.0,0
City Hotel,61,2016,November,23,Female,BB,Offline TA/TO,TA/TO,0,0,0,A,Transient,1,1,0,3,2.0,37.5,0,Low,4,🏙️ Viajero Estándar,0,225.0,1
City Hotel,298,2016,May,10,Male,BB,Offline TA/TO,TA/TO,0,0,0,A,Transient-Party,0,1,0,2,2.0,37.5,0,High,4,🏙️ Viajero Estándar,5,150.0,0
City Hotel,6,2017,February,4,Female,SC,Direct,Direct,1,0,2,A,Transient,1,1,0,1,2.0,48.5,0,High,5,🏙️ Viajero Estándar,0,97.0,1
Resort Hotel,193,2015,October,13,Female,BB,Offline TA/TO,TA/TO,0,0,0,A,Transient,0,1,0,1,2.0,23.0,0,Low,4,🏙️ Viajero Estándar,2,46.0,0
Resort Hotel,323,2017,June,3,Female,BB,Groups,TA/TO,0,0,0,A,Transient,0,0,0,7,2.0,36.0,0,High,1,⚡ Reserva de Última Hora,7,504.0,0
City Hotel,21,2015,September,10,Female,BB,Offline TA/TO,TA/TO,0,0,0,A,Transient,1,1,0,4,1.0,58.65,0,High,4,🏙️ Viajero Estándar,2,234.6,1
City Hotel,229,2016,September,3,Male,SC,Online TA,TA/TO,0,0,0,A,Transient,0,1,0,1,2.0,42.75,0,Low,4,🏙️ Viajero Estándar,3,85.5,0
City Hotel,16,2015,October,8,Male,BB,Online TA,TA/TO,0,0,0,A,Transient,1,1,0,0,2.0,0.0,0,High,4,🏙️ Viajero Estándar,2,0.0,1
City Hotel,0,2016,December,5,Female,SC,Direct,Direct,0,0,0,A,Transient,0,0,0,1,2.0,48.5,0,Low,1,⚡ Reserva de Última Hora,1,97.0,0
City Hotel,58,2016,November,3,Male,SC,Online TA,TA/TO,0,0,0,A,Transient,0,1,0,3,2.0,39.6,0,Low,4,🏙️ Viajero Estándar,0,237.60000000000002,0
City Hotel,0,2016,June,1,Male,SC,Online TA,TA/TO,0,0,0,A,Transient,0,1,0,1,2.0,59.5,0,Low,4,🏙️ Viajero Estándar,0,119.0,0
City Hotel,73,2017,February,18,Male,BB,Online TA,TA/TO,0,0,0,A,Transient,1,1,0,5,2.0,44.2,0,Low,4,🏙️ Viajero Estándar,0,442.0,1
City Hotel,178,2016,August,1,Female,BB,Online TA,TA/TO,0,0,0,D,Transient,1,1,0,5,3.0,45.75,0,Low,4,🏙️ Viajero Estándar,2,686.25,1
City Hotel,59,2017,March,20,Female,BB,Online TA,TA/TO,0,0,0,D,Transient,2,1,0,2,2.0,53.1,0,Low,4,🏙️ Viajero Estándar,0,212.4,2
City Hotel,208,2017,May,24,Female,HB,Groups,TA/TO,0,0,0,A,Transient-Party,0,1,0,2,2.0,57.2,0,Low,4,🏙️ Viajero Estándar,4,228.8,0
City Hotel,141,2017,April,11,Female,BB,Online TA,TA/TO,0,0,0,D,Transient,0,1,0,1,2.0,65.25,0,Medium,4,🏙️ Viajero Estándar,3,130.5,0
City Hotel,35,2016,December,2,Male,BB,Online TA,TA/TO,0,0,0,A,Transient,1,1,0,4,2.0,48.7,0,Low,4,🏙️ Viajero Estándar,0,389.6,1
City Hotel,31,2017,March,20,Male,SC,Online TA,TA/TO,0,0,0,A,Transient,1,1,0,4,2.0,37.4,0,Low,4,🏙️ Viajero Estándar,0,299.2,1
Resort Hotel,35,2017,August,28,Female,BB,Online TA,TA/TO,0,0,0,E,Transient,1,1,0,4,2.0,115.0,0,Low,4,🏙️ Viajero Estándar,0,920.0,1
City Hotel,320,2016,August,18,Male,HB,Offline TA/TO,TA/TO,0,0,0,A,Transient-Party,1,1,0,2,2.0,57.5,0,Low,4,🏙️ Viajero Estándar,3,230.0,1
City Hotel,85,2016,April,7,Female,BB,Online TA,TA/TO,0,0,0,D,Transient,0,1,0,3,2.0,49.65,0,Medium,4,🏙️ Viajero Estándar,1,297.9,0
Resort Hotel,61,2017,August,28,Male,BB,Offline TA/TO,TA/TO,0,0,0,D,Transient,2,1,0,7,2.0,68.5,0,Low,4,🏙️ Viajero Estándar,0,959.0,2
Resort Hotel,314,2016,June,28,Male,BB,Offline TA/TO,TA/TO,0,0,0,A,Contract,0,1,0,10,2.0,29.9,0,Low,0,🗓️ Planificador Anticipado,3,598.0,0
City Hotel,69,2015,September,9,Male,BB,Groups,TA/TO,0,0,0,A,Transient-Party,0,1,0,2,2.0,31.0,0,High,4,🏙️ Viajero Estándar,3,124.0,0
City Hotel,112,2017,April,4,Female,BB,Offline TA/TO,TA/TO,0,0,0,A,Transient,0,0,1,2,2.0,47.5,0,High,1,⚡ Reserva de Última Hora,3,190.0,0
Resort Hotel,28,2017,April,9,Female,BB,Online TA,TA/TO,0,0,0,C,Transient,0,1,0,5,4.0,39.5,1,Low,3,👨‍👩‍👧 Turista Familiar,0,790.0,1
Resort Hotel,0,2016,March,3,Male,BB,Online TA,TA/TO,0,0,0,D,Transient,2,1,0,3,2.0,29.0,0,High,4,🏙️ Viajero Estándar,1,174.0,2
City Hotel,119,2016,November,4,Female,SC,Online TA,TA/TO,0,0,0,A,Transient,2,1,0,2,1.0,79.2,0,Low,4,🏙️ Viajero Estándar,0,158.4,2
City Hotel,23,2016,June,23,Male,SC,Online TA,TA/TO,0,0,0,A,Transient,0,1,0,1,2.0,44.5,0,Low,4,🏙️ Viajero Estándar,0,89.0,0
City Hotel,1,2015,October,10,Female,BB,Direct,Direct,0,0,0,A,Transient,0,0,0,2,2.0,64.0,0,Low,1,⚡ Reserva de Última Hora,1,256.0,0
Resort Hotel,264,2016,June,4,Female,BB,Online TA,TA/TO,0,0,0,A,Transient,3,1,0,2,2.0,50.4,0,High,4,🏙️ Viajero Estándar,4,201.6,3
Resort Hotel,3,2016,February,1,Female,BB,Corporate,Corporate,0,0,0,A,Transient-Party,0,0,1,1,1.0,39.0,0,High,1,⚡ Reserva de Última Hora,3,39.0,0
Resort Hotel,44,2015,July,22,Female,BB,Online TA,TA/TO,0,0,0,D,Transient,1,1,0,4,2.0,67.5,0,High,4,🏙️ Viajero Estándar,2,540.0,1
City Hotel,208,2017,August,14,Female,HB,Direct,Direct,0,0,0,E,Transient,0,1,0,3,4.0,62.25,1,Low,3,👨‍👩‍👧 Turista Familiar,3,747.0,1
Resort Hotel,0,2017,January,12,Female,BB,Online TA,TA/TO,0,0,0,A,Transient,1,1,0,1,2.0,17.555,0,Low,4,🏙️ Viajero Estándar,0,35.11,1
City Hotel,29,2016,October,16,Female,SC,Online TA,TA/TO,0,0,0,A,Transient,1,1,0,1,2.0,59.5,0,Medium,4,🏙️ Viajero Estándar,1,119.0,1
City Hotel,50,2016,March,31,Male,BB,Groups,TA/TO,0,0,0,A,Transient-Party,0,1,0,4,2.0,32.5,0,High,4,🏙️ Viajero Estándar,3,260.0,0
City Hotel,49,2015,November,9,Male,BB,Offline TA/TO,TA/TO,0,0,0,D,Transient,0,1,0,3,2.0,30.0,0,Low,4,🏙️ Viajero Estándar,0,180.0,0
City Hotel,56,2015,November,19,Female,BB,Offline TA/TO,TA/TO,0,0,0,D,Transient,1,1,0,3,2.0,30.0,0,Low,4,🏙️ Viajero Estándar,0,180.0,1
City Hotel,283,2015,July,27,Male,BB,Groups,TA/TO,0,1,0,A,Contract,0,1,0,2,2.0,31.0,0,High,0,🗓️ Planificador Anticipado,9,124.0,0
Resort Hotel,368,2016,October,8,Female,HB,Offline TA/TO,TA/TO,0,0,0,A,Contract,0,1,0,14,2.0,30.6,0,High,2,💼 Viajero Premium,5,856.8000000000001,0
Resort Hotel,160,2017,August,29,Male,BB,Online TA,TA/TO,0,0,0,E,Transient,0,1,0,8,2.0,106.25,0,Low,2,💼 Viajero Premium,2,1700.0,0
City Hotel,48,2017,July,7,Female,BB,Online TA,TA/TO,0,0,0,A,Transient,1,1,0,1,1.0,170.0,0,Low,4,🏙️ Viajero Estándar,0,170.0,1
City Hotel,86,2016,April,5,Male,BB,Online TA,TA/TO,0,0,0,A,Transient,1,1,0,3,2.0,45.15,0,Low,4,🏙️ Viajero Estándar,0,270.9,1
Resort Hotel,0,2017,February,4,Female,BB,Direct,Direct,0,0,0,A,Transient-Party,0,0,0,1,1.0,43.0,0,High,1,⚡ Reserva de Última Hora,3,43.0,0
Resort Hotel,0,2016,January,26,Male,BB,Offline TA/TO,TA/TO,0,0,0,A,Transient,0,1,0,9,1.0,29.73,0,Low,4,🏙️ Viajero Estándar,0,267.57,0
Resort Hotel,259,2015,September,17,Female,BB,Groups,Corporate,0,1,0,A,Transient,0,0,1,3,2.0,20.025,0,Low,1,⚡ Reserva de Última Hora,8,120.14999999999999,0
City Hotel,178,2016,April,28,Female,BB,Offline TA/TO,TA/TO,0,1,0,A,Transient,0,1,0,3,1.0,110.0,0,High,0,🗓️ Planificador Anticipado,7,330.0,0
City Hotel,10,2016,February,9,Female,BB,Online TA,TA/TO,0,0,0,A,Transient-Party,1,1,0,2,2.0,46.5,0,Low,4,🏙️ Viajero Estándar,0,186.0,1
City Hotel,216,2016,August,27,Male,BB,Online TA,TA/TO,0,0,0,A,Transient-Party,2,1,0,3,2.0,48.15,0,Low,4,🏙️ Viajero Estándar,2,288.9,2
City Hotel,264,2015,July,8,Female,BB,Groups,TA/TO,0,0,0,A,Transient-Party,0,1,0,2,2.0,31.0,0,High,4,🏙️ Viajero Estándar,6,124.0,0
City Hotel,405,2016,August,10,Female,BB,Groups,TA/TO,0,0,0,A,Transient,0,1,0,2,2.0,32.5,0,High,4,🏙️ Viajero Estándar,6,130.0,0
Resort Hotel,219,2016,September,10,Female,BB,Direct,Direct,0,0,0,E,Transient,1,1,0,1,2.0,57.5,0,High,4,🏙️ Viajero Estándar,5,115.0,1
City Hotel,168,2016,April,22,Male,BB,Offline TA/TO,TA/TO,0,0,0,A,Transient,0,1,0,3,2.0,42.5,0,High,4,🏙️ Viajero Estándar,4,255.0,0
Resort Hotel,196,2016,December,30,Male,HB,Groups,TA/TO,0,0,0,A,Transient-Party,0,0,1,3,2.0,90.0,0,High,1,⚡ Reserva de Última Hora,6,540.0,0
Resort Hotel,47,2016,April,25,Female,BB,Direct,Direct,0,0,0,D,Transient,0,0,0,7,1.0,73.5,0,Low,1,⚡ Reserva de Última Hora,1,514.5,0
City Hotel,33,2016,July,17,Male,BB,Online TA,TA/TO,0,0,0,D,Transient,2,1,0,5,3.0,53.7,0,Low,4,🏙️ Viajero Estándar,0,805.5000000000001,2
Resort Hotel,231,2016,September,30,Male,BB,Offline TA/TO,TA/TO,0,0,0,A,Transient,0,1,0,3,2.0,28.8,0,High,4,🏙️ Viajero Estándar,5,172.8,0
City Hotel,59,2016,October,9,Female,BB,Online TA,TA/TO,0,0,0,D,Transient,0,1,0,1,2.0,75.6,0,Low,4,🏙️ Viajero Estándar,0,151.2,0
City Hotel,122,2017,May,26,Male,BB,Online TA,TA/TO,0,0,0,A,Transient,0,1,0,3,2.0,65.335,0,Low,4,🏙️ Viajero Estándar,2,392.01,0
City Hotel,164,2017,June,28,Female,BB,Online TA,TA/TO,0,0,0,A,Transient,1,1,0,2,2.0,63.0,0,Low,4,🏙️ Viajero Estándar,2,252.0,1
City Hotel,30,2017,May,22,Female,BB,Direct,Direct,0,0,0,A,Transient-Party,0,0,0,2,1.0,144.0,0,High,1,⚡ Reserva de Última Hora,3,288.0,0
Resort Hotel,12,2016,December,2,Male,BB,Online TA,TA/TO,0,0,1,A,Transient,1,1,0,1,2.0,24.0,0,High,4,🏙️ Viajero Estándar,2,48.0,1
City Hotel,17,2016,July,23,Male,SC,Online TA,TA/TO,0,0,0,A,Transient,1,1,0,1,2.0,69.5,0,High,4,🏙️ Viajero Estándar,2,139.0,1
City Hotel,9,2016,August,19,Male,BB,Online TA,TA/TO,0,0,0,A,Transient,2,1,0,1,2.0,70.0,0,Low,4,🏙️ Viajero Estándar,0,140.0,2
City Hotel,0,2017,April,18,Female,BB,Complementary,Direct,1,0,1,A,Transient,2,0,0,1,1.0,0.0,0,High,5,🏙️ Viajero Estándar,0,0.0,2
City Hotel,2,2016,January,30,Female,BB,Online TA,TA/TO,0,0,0,A,Transient-Party,1,1,0,1,1.0,80.0,0,Medium,4,🏙️ Viajero Estándar,1,80.0,1
City Hotel,83,2016,July,18,Female,BB,Online TA,TA/TO,0,0,0,A,Transient,0,1,0,4,3.0,41.25,1,Low,3,👨‍👩‍👧 Turista Familiar,0,495.0,1
City Hotel,221,2017,May,11,Female,BB,Online TA,TA/TO,0,0,0,A,Transient-Party,1,1,0,4,2.0,69.3,0,Low,4,🏙️ Viajero Estándar,3,554.4,1
City Hotel,8,2016,November,15,Male,BB,Online TA,TA/TO,0,0,0,A,Transient,3,1,0,4,1.0,97.0,0,Low,4,🏙️ Viajero Estándar,0,388.0,3
City Hotel,48,2016,October,4,Female,SC,Online TA,TA/TO,0,0,0,A,Transient,1,1,0,3,2.0,54.0,0,Medium,4,🏙️ Viajero Estándar,1,324.0,1
City Hotel,7,2016,December,29,Female,BB,Online TA,TA/TO,0,0,0,D,Transient,0,1,0,2,2.0,62.9,0,Low,4,🏙️ Viajero Estándar,0,251.6,0
City Hotel,47,2016,November,12,Female,BB,Direct,Direct,0,0,0,A,Transient,1,1,0,4,1.0,85.75,0,Low,4,🏙️ Viajero Estándar,0,343.0,1
City Hotel,0,2015,September,21,Female,BB,Online TA,TA/TO,0,0,0,D,Contract,1,1,0,4,2.0,77.5,0,Low,0,🗓️ Planificador Anticipado,0,620.0,1
Resort Hotel,24,2016,July,7,Female,BB,Online TA,TA/TO,0,0,0,A,Transient,1,1,0,2,2.0,85.5,0,Low,4,🏙️ Viajero Estándar,0,342.0,1
Resort Hotel,0,2017,February,21,Male,BB,Corporate,Corporate,0,0,0,A,Transient,0,0,1,1,1.0,35.0,0,High,1,⚡ Reserva de Última Hora,3,35.0,0
City Hotel,12,2017,May,20,Female,BB,Online TA,TA/TO,0,0,0,D,Transient,1,1,0,2,2.0,85.0,0,Low,4,🏙️ Viajero Estándar,0,340.0,1
City Hotel,243,2017,August,30,Female,BB,Online TA,TA/TO,0,0,0,F,Transient,3,1,0,3,4.0,47.25,1,Low,3,👨‍👩‍👧 Turista Familiar,2,567.0,4
Resort Hotel,4,2015,October,30,Female,BB,Online TA,TA/TO,0,0,0,A,Transient,1,1,0,3,2.0,24.0,0,Low,4,🏙️ Viajero Estándar,0,144.0,1
City Hotel,76,2015,November,19,Female,BB,Online TA,TA/TO,0,0,0,A,Contract,2,1,0,3,2.0,36.125,0,High,0,🗓️ Planificador Anticipado,1,216.75,2
Resort Hotel,30,2016,October,9,Male,BB,Groups,Corporate,0,0,0,A,Transient-Party,0,0,0,2,2.0,27.5,0,Low,1,⚡ Reserva de Última Hora,2,110.0,0
City Hotel,85,2015,July,5,Female,BB,Online TA,TA/TO,0,0,0,A,Transient,0,1,0,3,2.0,26.18,0,High,4,🏙️ Viajero Estándar,2,157.07999999999998,0
City Hotel,0,2016,June,14,Female,BB,Direct,Direct,1,0,2,A,Transient,0,0,0,1,2.0,25.0,0,High,5,🏙️ Viajero Estándar,1,50.0,0
City Hotel,265,2016,June,24,Female,HB,Offline TA/TO,TA/TO,0,0,0,A,Transient-Party,1,1,0,2,2.0,57.5,0,Low,4,🏙️ Viajero Estándar,3,230.0,1
City Hotel,5,2016,February,20,Female,SC,Online TA,TA/TO,0,0,0,A,Transient,0,1,0,1,2.0,39.5,0,High,4,🏙️ Viajero Estándar,2,79.0,0
City Hotel,138,2015,July,25,Male,BB,Groups,TA/TO,0,0,0,A,Transient-Party,0,1,0,1,1.0,57.0,0,Medium,4,🏙️ Viajero Estándar,4,57.0,0
City Hotel,21,2017,February,14,Female,BB,Online TA,TA/TO,0,0,0,A,Transient,1,1,0,1,2.0,54.0,0,Low,4,🏙️ Viajero Estándar,0,108.0,1
Resort Hotel,5,2016,December,18,Female,BB,Online TA,TA/TO,0,0,0,A,Transient,1,1,0,1,2.0,17.555,0,Low,4,🏙️ Viajero Estándar,0,35.11,1
City Hotel,15,2016,February,5,Female,BB,Corporate,Corporate,0,0,0,G,Transient-Party,0,0,1,3,1.0,100.0,0,Low,1,⚡ Reserva de Última Hora,1,300.0,0
City Hotel,15,2016,December,27,Male,BB,Offline TA/TO,TA/TO,0,0,0,A,Transient-Party,2,1,0,1,3.0,30.0,0,Medium,4,🏙️ Viajero Estándar,0,90.0,2
Resort Hotel,108,2017,May,28,Male,BB,Offline TA/TO,TA/TO,0,0,0,A,Transient,0,1,0,4,2.0,22.75,0,High,4,🏙️ Viajero Estándar,2,182.0,0
City Hotel,136,2016,June,9,Male,BB,Direct,Direct,0,0,0,A,Transient,2,0,0,4,2.0,51.84,0,High,1,⚡ Reserva de Última Hora,4,414.72,2
City Hotel,25,2015,November,22,Female,BB,Offline TA/TO,TA/TO,0,0,0,A,Transient-Party,0,1,0,5,2.0,32.5,0,Low,4,🏙️ Viajero Estándar,0,325.0,0
Resort Hotel,118,2016,May,19,Female,BB,Offline TA/TO,TA/TO,0,0,0,A,Contract,0,1,0,7,2.0,18.7,0,Low,0,🗓️ Planificador Anticipado,0,261.8,0
City Hotel,412,2016,August,25,Male,BB,Groups,TA/TO,0,0,0,A,Transient,0,1,0,2,2.0,31.0,0,High,4,🏙️ Viajero Estándar,6,124.0,0
City Hotel,316,2016,May,26,Male,BB,Groups,TA/TO,0,0,0,A,Transient-Party,0,1,0,3,2.0,55.0,0,High,4,🏙️ Viajero Estándar,6,330.0,0
City Hotel,95,2016,October,20,Female,BB,Online TA,TA/TO,0,0,0,D,Transient,0,1,0,3,2.0,66.15,0,Low,4,🏙️ Viajero Estándar,0,396.90000000000003,0
City Hotel,158,2017,July,26,Female,BB,Online TA,TA/TO,0,0,0,A,Transient,0,1,0,3,2.0,69.75,0,Low,4,🏙️ Viajero Estándar,2,418.5,0
City Hotel,134,2016,April,29,Male,BB,Online TA,TA/TO,0,0,0,A,Transient,2,1,0,2,2.0,48.15,0,Low,4,🏙️ Viajero Estándar,1,192.6,2
City Hotel,109,2016,March,20,Female,BB,Offline TA/TO,TA/TO,0,0,0,A,Transient,0,1,0,3,2.0,29.0,0,Low,4,🏙️ Viajero Estándar,0,174.0,0
City Hotel,74,2016,March,29,Female,BB,Online TA,TA/TO,0,0,0,A,Transient,0,1,0,5,1.0,72.25,0,Low,4,🏙️ Viajero Estándar,0,361.25,0
City Hotel,147,2017,August,21,Female,BB,Direct,Direct,0,0,0,A,Transient,0,1,0,3,2.0,50.94,0,Low,4,🏙️ Viajero Estándar,2,305.64,0
City Hotel,36,2016,April,30,Female,BB,Online TA,TA/TO,0,0,0,D,Transient,0,1,0,4,1.0,140.4,0,Low,4,🏙️ Viajero Estándar,0,561.6,0
Resort Hotel,184,2017,August,31,Male,BB,Online TA,TA/TO,0,0,0,E,Transient,1,1,0,7,2.0,100.43,0,Low,4,🏙️ Viajero Estándar,2,1406.02,1
City Hotel,192,2016,June,24,Female,BB,Offline TA/TO,TA/TO,0,0,0,A,Transient-Party,0,1,0,2,1.0,95.0,0,Low,4,🏙️ Viajero Estándar,2,190.0,0
Resort Hotel,182,2016,July,18,Male,BB,Online TA,TA/TO,0,0,0,A,Transient,3,1,0,5,3.0,51.43333333333334,0,High,4,🏙️ Viajero Estándar,3,771.5,3
City Hotel,171,2017,August,22,Female,BB,Direct,Direct,0,0,0,E,Transient,1,1,0,9,3.0,60.0,1,Medium,3,👨‍👩‍👧 Turista Familiar,3,1620.0,2
City Hotel,122,2016,August,21,Female,BB,Offline TA/TO,TA/TO,0,0,0,A,Transient-Party,2,1,0,8,2.0,40.63,0,Low,4,🏙️ Viajero Estándar,1,650.08,2
Resort Hotel,203,2016,July,17,Female,HB,Online TA,TA/TO,0,0,0,D,Transient,1,1,0,6,2.0,85.0,0,High,4,🏙️ Viajero Estándar,5,1020.0,1
City Hotel,10,2015,December,23,Female,BB,Online TA,TA/TO,0,0,0,A,Transient,0,1,0,4,2.0,43.5,0,Medium,4,🏙️ Viajero Estándar,1,348.0,0
City Hotel,11,2016,January,26,Female,BB,Online TA,TA/TO,0,0,0,A,Transient,0,1,0,2,2.0,35.035,0,High,4,🏙️ Viajero Estándar,2,140.14,0
City Hotel,179,2016,October,28,Female,BB,Online TA,TA/TO,0,0,0,A,Transient,2,1,0,5,3.0,35.7,1,Low,3,👨‍👩‍👧 Turista Familiar,1,535.5,3
Resort Hotel,189,2015,August,31,Male,HB,Offline TA/TO,TA/TO,0,0,0,E,Transient,0,1,0,7,2.0,52.49,0,Low,4,🏙️ Viajero Estándar,2,734.86,0
City Hotel,28,2016,May,19,Female,BB,Corporate,Corporate,0,0,0,A,Transient-Party,0,0,1,2,1.0,95.0,0,High,1,⚡ Reserva de Última Hora,3,190.0,0
City Hotel,0,2016,February,29,Male,BB,Corporate,Corporate,1,0,10,A,Transient,1,0,1,1,1.0,65.0,0,High,5,🏙️ Viajero Estándar,1,65.0,1
City Hotel,74,2016,July,9,Male,BB,Online TA,TA/TO,0,0,0,D,Transient,0,1,0,1,2.0,63.9,0,Low,4,🏙️ Viajero Estándar,0,127.8,0
City Hotel,161,2017,June,23,Female,BB,Online TA,TA/TO,0,0,0,D,Transient,1,1,0,5,2.0,63.9,0,Low,4,🏙️ Viajero Estándar,2,639.0,1
Resort Hotel,8,2017,January,26,Female,BB,Online TA,TA/TO,0,0,0,D,Transient-Party,0,1,0,4,2.0,29.0,0,Medium,4,🏙️ Viajero Estándar,1,232.0,0
Resort Hotel,30,2016,March,11,Female,BB,Offline TA/TO,TA/TO,0,0,0,A,Transient-Party,0,1,0,2,1.0,25.0,0,High,4,🏙️ Viajero Estándar,2,50.0,0
City Hotel,41,2016,December,27,Male,BB,Offline TA/TO,TA/TO,0,0,0,A,Transient-Party,1,1,0,7,2.0,34.645,0,Medium,4,🏙️ Viajero Estándar,1,485.03000000000003,1
City Hotel,216,2016,August,30,Female,BB,Offline TA/TO,TA/TO,0,0,0,A,Transient,0,1,0,2,2.0,40.375,0,Low,4,🏙️ Viajero Estándar,3,161.5,0
City Hotel,1,2015,September,3,Male,BB,Online TA,TA/TO,0,0,0,A,Contract,0,1,0,3,2.0,65.165,0,Low,0,🗓️ Planificador Anticipado,0,390.99,0
Resort Hotel,29,2017,February,19,Female,BB,Offline TA/TO,TA/TO,0,0,0,E,Transient,0,1,0,7,2.0,25.855,0,Low,4,🏙️ Viajero Estándar,0,361.97,0
Resort Hotel,20,2016,June,30,Female,BB,Online TA,TA/TO,0,0,0,A,Transient,0,1,0,3,2.0,64.5,0,High,4,🏙️ Viajero Estándar,2,387.0,0
City Hotel,43,2017,January,24,Male,BB,Online TA,GDS,0,0,0,A,Transient,0,1,0,1,1.0,96.0,0,Low,4,🏙️ Viajero Estándar,0,96.0,0
Resort Hotel,59,2017,July,8,Female,BB,Corporate,Corporate,0,0,0,D,Transient,0,1,0,7,2.0,46.0,0,High,4,🏙️ Viajero Estándar,2,644.0,0
City Hotel,31,2017,February,19,Female,BB,Online TA,TA/TO,0,0,0,A,Transient,1,1,0,5,3.0,37.45333333333333,1,Medium,3,👨‍👩‍👧 Turista Familiar,1,561.8,2
City Hotel,212,2017,August,28,Female,BB,Online TA,TA/TO,0,0,0,A,Transient,0,1,0,7,2.0,42.795,0,High,4,🏙️ Viajero Estándar,5,599.13,0
Resort Hotel,11,2016,February,12,Female,BB,Online TA,TA/TO,0,0,0,E,Transient,2,1,0,2,2.0,37.0,0,High,4,🏙️ Viajero Estándar,1,148.0,2
City Hotel,92,2016,July,16,Male,BB,Direct,Direct,0,0,0,E,Transient,1,1,0,2,3.0,45.9,1,Medium,3,👨‍👩‍👧 Turista Familiar,1,275.4,2
Resort Hotel,7,2017,February,26,Female,HB,Online TA,TA/TO,0,0,0,E,Transient,1,1,0,2,2.0,53.5,0,Low,4,🏙️ Viajero Estándar,0,214.0,1
City Hotel,350,2016,June,17,Male,BB,Groups,TA/TO,0,0,0,A,Transient,0,1,0,2,1.0,130.0,0,High,4,🏙️ Viajero Estándar,6,260.0,0
City Hotel,140,2015,November,18,Female,BB,Groups,TA/TO,0,0,0,A,Transient-Party,0,1,0,3,2.0,37.5,0,High,4,🏙️ Viajero Estándar,5,225.0,0
City Hotel,365,2016,July,7,Female,BB,Groups,TA/TO,0,0,0,A,Transient,0,1,0,2,2.0,31.0,0,High,4,🏙️ Viajero Estándar,6,124.0,0
City Hotel,0,2016,October,29,Female,BB,Online TA,TA/TO,0,0,0,D,Transient,0,1,0,1,3.0,47.16333333333333,1,High,3,👨‍👩‍👧 Turista Familiar,2,141.48999999999998,1
Resort Hotel,0,2016,December,26,Female,BB,Direct,Direct,0,0,0,E,Transient,1,0,0,1,2.0,46.5,0,Low,1,⚡ Reserva de Última Hora,1,93.0,1
Resort Hotel,10,2017,April,3,Male,BB,Corporate,Corporate,0,0,0,A,Transient,0,0,1,2,1.0,45.0,0,High,1,⚡ Reserva de Última Hora,3,90.0,0
City Hotel,116,2016,February,28,Male,BB,Offline TA/TO,TA/TO,0,0,0,A,Transient-Party,0,1,0,3,1.0,61.0,0,High,4,🏙️ Viajero Estándar,2,183.0,0
Resort Hotel,55,2016,September,19,Female,BB,Online TA,TA/TO,0,0,0,A,Transient,1,1,0,2,2.0,40.0,0,Low,4,🏙️ Viajero Estándar,0,160.0,1
City Hotel,8,2017,April,19,Female,BB,Direct,Direct,0,0,0,A,Transient,0,0,0,1,1.0,135.0,0,High,1,⚡ Reserva de Última Hora,3,135.0,0
Resort Hotel,62,2017,April,19,Female,BB,Groups,Corporate,0,0,0,E,Transient-Party,0,0,0,5,1.0,74.6,0,Low,1,⚡ Reserva de Última Hora,2,373.0,0
City Hotel,1,2017,February,23,Female,SC,Online TA,TA/TO,0,0,0,A,Transient,0,1,0,2,2.0,41.5,0,Low,4,🏙️ Viajero Estándar,0,166.0,0
City Hotel,67,2017,May,15,Female,BB,Online TA,TA/TO,0,0,0,A,Transient,0,1,0,5,1.0,153.0,0,Low,4,🏙️ Viajero Estándar,0,765.0,0
City Hotel,18,2017,July,28,Male,BB,Online TA,TA/TO,0,0,0,A,Transient,0,1,0,4,2.0,64.37,0,Low,4,🏙️ Viajero Estándar,0,514.96,0
City Hotel,1,2016,January,21,Female,BB,Direct,Direct,0,0,0,A,Transient,1,0,0,1,1.0,80.0,0,High,1,⚡ Reserva de Última Hora,3,80.0,1
City Hotel,88,2016,June,8,Female,BB,Offline TA/TO,TA/TO,0,0,0,A,Transient,0,1,0,5,2.0,40.375,0,High,4,🏙️ Viajero Estándar,2,403.75,0
Resort Hotel,12,2016,August,22,Female,BB,Online TA,TA/TO,0,0,0,E,Transient,1,1,0,3,2.0,114.5,0,Low,4,🏙️ Viajero Estándar,0,687.0,1
City Hotel,92,2016,May,19,Male,BB,Direct,Direct,0,0,0,D,Transient,0,0,0,1,2.0,67.5,0,Low,1,⚡ Reserva de Última Hora,1,135.0,0
Resort Hotel,220,2017,July,26,Female,BB,Online TA,TA/TO,0,0,0,A,Transient,1,1,0,14,2.0,80.42,0,Low,2,💼 Viajero Premium,3,2251.76,1
City Hotel,50,2016,April,2,Male,BB,Online TA,TA/TO,0,0,0,A,Transient,0,1,0,1,1.0,85.5,0,Low,4,🏙️ Viajero Estándar,0,85.5,0
Resort Hotel,1,2015,November,26,Male,BB,Online TA,TA/TO,0,0,0,D,Transient,0,1,0,7,2.0,23.2,0,Low,4,🏙️ Viajero Estándar,0,324.8,0
Resort Hotel,462,2017,May,25,Male,HB,Groups,TA/TO,0,0,0,A,Transient,0,0,0,3,2.0,39.0,0,High,1,⚡ Reserva de Última Hora,7,234.0,0
City Hotel,207,2015,August,21,Female,BB,Online TA,TA/TO,0,0,0,A,Transient-Party,2,1,0,5,2.0,38.25,0,Low,4,🏙️ Viajero Estándar,2,382.5,2
Resort Hotel,21,2015,August,24,Male,BB,Online TA,TA/TO,0,0,0,A,Transient,2,1,0,3,2.0,86.0,0,Low,4,🏙️ Viajero Estándar,0,516.0,2
Resort Hotel,228,2016,May,25,Female,BB,Online TA,TA/TO,0,0,0,A,Transient,1,1,0,5,2.0,26.1,0,High,4,🏙️ Viajero Estándar,5,261.0,1
Resort Hotel,24,2016,August,13,Female,BB,Online TA,TA/TO,0,0,0,G,Transient,0,1,0,3,4.0,74.75,1,High,3,👨‍👩‍👧 Turista Familiar,2,897.0,1
City Hotel,62,2017,May,8,Female,BB,Offline TA/TO,TA/TO,0,0,0,F,Transient,0,1,0,7,2.0,114.105,0,High,4,🏙️ Viajero Estándar,2,1597.47,0
Resort Hotel,32,2016,June,5,Female,BB,Online TA,TA/TO,0,0,0,A,Transient,0,1,0,5,2.0,56.5,0,Low,4,🏙️ Viajero Estándar,0,565.0,0
City Hotel,43,2017,March,9,Male,BB,Offline TA/TO,TA/TO,0,0,0,D,Transient,0,1,0,3,3.0,40.0,0,Low,4,🏙️ Viajero Estándar,0,360.0,0
City Hotel,22,2017,March,14,Female,BB,Online TA,TA/TO,0,0,0,D,Transient,0,1,0,3,2.0,62.335,0,Low,4,🏙️ Viajero Estándar,0,374.01,0
City Hotel,88,2017,February,12,Male,BB,Groups,TA/TO,0,0,0,A,Transient,0,1,0,2,2.0,40.0,0,High,4,🏙️ Viajero Estándar,3,160.0,0
City Hotel,117,2017,March,10,Female,HB,Online TA,TA/TO,0,0,0,A,Transient,1,1,0,3,2.0,63.9,0,Low,4,🏙️ Viajero Estándar,0,383.4,1
City Hotel,429,2016,September,23,Female,BB,Groups,TA/TO,0,0,0,A,Transient-Party,0,1,0,2,2.0,32.5,0,Low,4,🏙️ Viajero Estándar,4,130.0,0
City Hotel,336,2015,September,18,Female,HB,Offline TA/TO,TA/TO,0,1,0,A,Transient-Party,0,1,0,2,2.0,50.75,0,High,0,🗓️ Planificador Anticipado,8,203.0,0
Resort Hotel,88,2016,August,4,Male,BB,Online TA,TA/TO,0,0,0,H,Transient,0,1,0,3,4.0,70.75,1,Low,3,👨‍👩‍👧 Turista Familiar,0,849.0,1
City Hotel,11,2016,June,14,Female,BB,Corporate,Corporate,0,0,0,D,Transient,0,0,1,3,2.0,45.0,0,High,1,⚡ Reserva de Última Hora,3,270.0,0
Resort Hotel,139,2016,May,29,Female,HB,Online TA,TA/TO,0,0,0,D,Transient,0,1,0,7,2.0,52.905,0,High,4,🏙️ Viajero Estándar,4,740.6700000000001,0
City Hotel,50,2017,January,10,Male,BB,Online TA,TA/TO,0,0,0,D,Transient,0,1,0,15,2.0,48.45,0,Low,4,🏙️ Viajero Estándar,0,1453.5,0
City Hotel,40,2016,March,7,Female,SC,Online TA,TA/TO,0,0,0,A,Transient-Party,1,1,0,3,2.0,41.05,0,Low,4,🏙️ Viajero Estándar,0,246.29999999999998,1
City Hotel,123,2017,June,16,Female,BB,Online TA,TA/TO,0,0,0,E,Transient,0,1,0,3,2.0,76.5,0,Low,4,🏙️ Viajero Estándar,2,459.0,0
Resort Hotel,6,2016,July,29,Male,BB,Direct,Direct,0,0,0,A,Transient-Party,1,0,0,3,1.0,182.0,0,High,1,⚡ Reserva de Última Hora,3,546.0,1
Resort Hotel,1,2016,November,5,Female,BB,Online TA,TA/TO,0,0,0,A,Transient-Party,1,1,0,1,1.0,70.0,0,High,4,🏙️ Viajero Estándar,2,70.0,1
City Hotel,263,2016,October,21,Female,BB,Offline TA/TO,TA/TO,0,0,0,A,Transient,0,1,0,2,2.0,55.0,0,High,4,🏙️ Viajero Estándar,5,220.0,0
City Hotel,14,2017,February,9,Male,SC,Offline TA/TO,TA/TO,0,0,0,A,Transient,0,1,0,7,2.0,29.75,0,Low,4,🏙️ Viajero Estándar,0,416.5,0
City Hotel,33,2016,October,3,Male,SC,Online TA,GDS,0,0,0,A,Transient,1,1,0,1,1.0,120.6,0,Low,4,🏙️ Viajero Estándar,0,120.6,1
City Hotel,18,2015,October,4,Female,BB,Groups,TA/TO,0,1,0,A,Transient,0,1,0,3,1.0,110.0,0,High,0,🗓️ Planificador Anticipado,6,330.0,0
Resort Hotel,48,2017,May,11,Male,HB,Online TA,TA/TO,0,0,0,E,Transient,2,1,0,2,2.0,73.5,0,Low,4,🏙️ Viajero Estándar,0,294.0,2
City Hotel,220,2015,October,17,Male,BB,Offline TA/TO,TA/TO,0,1,0,A,Transient-Party,0,1,0,3,2.0,32.5,0,High,0,🗓️ Planificador Anticipado,8,195.0,0
City Hotel,24,2016,April,11,Male,BB,Online TA,TA/TO,0,0,0,D,Transient,0,1,0,4,2.0,61.75,0,Medium,4,🏙️ Viajero Estándar,1,494.0,0
City Hotel,102,2016,June,5,Male,BB,Groups,TA/TO,0,0,0,A,Transient-Party,0,1,0,1,2.0,32.5,0,High,4,🏙️ Viajero Estándar,3,65.0,0
City Hotel,75,2016,November,18,Male,BB,Online TA,TA/TO,0,0,0,D,Transient,2,1,0,3,3.0,42.0,0,Medium,4,🏙️ Viajero Estándar,0,378.0,2
Resort Hotel,67,2015,August,23,Male,HB,Direct,Direct,0,0,0,D,Transient,2,0,0,10,3.0,48.98333333333333,0,High,2,💼 Viajero Premium,2,1469.5,2
City Hotel,292,2016,July,21,Female,HB,Offline TA/TO,TA/TO,0,0,0,A,Transient-Party,0,1,0,2,2.0,57.5,0,Low,4,🏙️ Viajero Estándar,3,230.0,0
City Hotel,105,2015,August,10,Male,BB,Online TA,TA/TO,0,0,0,A,Transient,1,1,0,3,2.0,38.25,0,Low,4,🏙️ Viajero Estándar,0,229.5,1
Resort Hotel,0,2016,January,5,Male,BB,Direct,Direct,0,0,0,A,Transient,0,0,0,1,1.0,38.0,0,High,1,⚡ Reserva de Última Hora,3,38.0,0
City Hotel,24,2016,December,25,Female,BB,Online TA,TA/TO,0,0,0,A,Transient,1,1,0,4,2.0,47.6,0,Low,4,🏙️ Viajero Estándar,0,380.8,1
City Hotel,80,2017,August,4,Male,SC,Online TA,TA/TO,0,0,0,A,Transient,0,1,0,2,2.0,65.0,0,Low,4,🏙️ Viajero Estándar,0,260.0,0
City Hotel,99,2017,April,15,Female,HB,Groups,TA/TO,0,0,0,A,Transient-Party,0,1,0,6,2.0,70.5,0,Low,4,🏙️ Viajero Estándar,1,846.0,0
Resort Hotel,1,2016,March,5,Female,BB,Direct,Direct,0,0,0,D,Transient,0,1,0,1,2.0,27.5,0,High,4,🏙️ Viajero Estándar,2,55.0,0
City Hotel,75,2017,April,1,Female,BB,Online TA,TA/TO,0,0,0,D,Transient,1,1,0,7,2.0,63.0,0,Low,4,🏙️ Viajero Estándar,0,882.0,1
Resort Hotel,136,2016,March,24,Female,Undefined,Offline TA/TO,TA/TO,0,0,0,A,Transient-Party,0,1,0,3,2.0,42.0,0,Low,0,🗓️ Planificador Anticipado,2,252.0,0
City Hotel,41,2015,September,4,Female,HB,Offline TA/TO,TA/TO,0,0,0,A,Transient-Party,0,1,0,1,1.0,83.0,0,Medium,4,🏙️ Viajero Estándar,1,83.0,0
City Hotel,31,2015,October,4,Male,BB,Online TA,TA/TO,0,0,0,A,Contract,1,1,0,3,2.0,47.25,0,Low,0,🗓️ Planificador Anticipado,0,283.5,1
City Hotel,148,2017,May,4,Female,BB,Groups,TA/TO,0,0,0,A,Transient,0,1,0,2,2.0,47.5,0,High,4,🏙️ Viajero Estándar,5,190.0,0
City Hotel,164,2017,April,22,Female,BB,Online TA,TA/TO,0,0,0,D,Transient,1,1,0,7,3.0,55.5,0,Low,4,🏙️ Viajero Estándar,2,1165.5,1
City Hotel,98,2017,April,20,Male,BB,Online TA,TA/TO,0,0,0,D,Transient,2,1,0,3,2.0,68.4,0,Low,4,🏙️ Viajero Estándar,0,410.40000000000003,2
City Hotel,12,2015,August,23,Female,BB,Online TA,TA/TO,0,0,0,A,Contract,3,1,0,4,2.0,45.0,0,High,0,🗓️ Planificador Anticipado,1,360.0,3
Resort Hotel,34,2017,April,9,Male,HB,Groups,TA/TO,0,0,0,A,Contract,0,1,0,7,2.0,40.0,0,Low,0,🗓️ Planificador Anticipado,1,560.0,0
City Hotel,26,2016,April,18,Female,HB,Offline TA/TO,TA/TO,0,0,0,A,Transient-Party,0,0,0,5,2.0,66.9,0,Low,1,⚡ Reserva de Última Hora,1,669.0,0
City Hotel,170,2016,April,23,Female,BB,Offline TA/TO,TA/TO,0,0,0,A,Transient-Party,1,1,0,3,2.0,35.0,0,Low,4,🏙️ Viajero Estándar,2,210.0,1
City Hotel,184,2017,April,18,Female,BB,Online TA,TA/TO,0,0,0,D,Transient,1,1,0,3,3.0,49.8,0,Low,4,🏙️ Viajero Estándar,2,448.19999999999993,1
City Hotel,211,2017,May,24,Female,SC,Online TA,TA/TO,0,0,0,A,Transient,0,1,0,4,2.0,53.55,0,Low,4,🏙️ Viajero Estándar,3,428.4,0
City Hotel,4,2016,July,15,Male,BB,Online TA,TA/TO,0,0,0,F,Transient,1,1,0,1,4.0,57.75,1,High,3,👨‍👩‍👧 Turista Familiar,2,231.0,2
Resort Hotel,255,2017,April,29,Female,BB,Online TA,TA/TO,0,0,0,E,Transient,1,1,0,2,2.0,40.5,0,Low,4,🏙️ Viajero Estándar,3,162.0,1
Resort Hotel,247,2016,June,16,Male,HB,Offline TA/TO,TA/TO,0,0,0,E,Transient,0,1,0,7,2.0,49.3,0,Low,4,🏙️ Viajero Estándar,3,690.1999999999999,0
Resort Hotel,3,2016,June,20,Male,BB,Corporate,Corporate,1,0,1,A,Transient,0,0,1,1,1.0,79.0,0,High,5,🏙️ Viajero Estándar,1,79.0,0
City Hotel,137,2016,January,27,Female,BB,Groups,TA/TO,0,1,0,A,Transient,0,1,0,2,1.0,70.0,0,High,0,🗓️ Planificador Anticipado,8,140.0,0
City Hotel,22,2016,June,16,Female,BB,Online TA,TA/TO,0,0,0,F,Transient,0,1,0,3,4.0,55.25,1,Low,3,👨‍👩‍👧 Turista Familiar,0,663.0,1
Resort Hotel,6,2016,May,23,Male,BB,Corporate,Corporate,0,0,0,A,Transient,0,0,1,1,1.0,42.0,0,High,1,⚡ Reserva de Última Hora,3,42.0,0
Resort Hotel,0,2017,February,13,Male,BB,Corporate,Corporate,0,2,8,A,Transient,2,0,1,3,1.0,35.0,0,High,1,⚡ Reserva de Última Hora,5,105.0,2
City Hotel,24,2016,January,6,Female,BB,Online TA,TA/TO,0,0,0,A,Transient-Party,1,1,0,2,2.0,57.75,0,Medium,4,🏙️ Viajero Estándar,1,231.0,1
City Hotel,162,2015,September,17,Female,BB,Offline TA/TO,TA/TO,0,0,0,A,Transient-Party,0,1,0,3,1.0,60.0,0,High,4,🏙️ Viajero Estándar,4,180.0,0
City Hotel,4,2017,April,4,Male,BB,Offline TA/TO,TA/TO,0,0,0,A,Transient,1,1,0,1,2.0,54.0,0,Low,4,🏙️ Viajero Estándar,0,108.0,1
City Hotel,68,2017,May,18,Female,BB,Online TA,TA/TO,0,0,0,A,Transient,0,1,0,4,2.0,81.0,0,Low,4,🏙️ Viajero Estándar,0,648.0,0
Resort Hotel,19,2015,December,2,Female,BB,Groups,Corporate,0,0,0,A,Transient-Party,0,0,1,2,1.0,36.0,0,Low,1,⚡ Reserva de Última Hora,2,72.0,0
Resort Hotel,339,2017,March,11,Female,HB,Groups,TA/TO,0,0,0,D,Transient-Party,0,1,0,7,2.0,16.0,0,Low,4,🏙️ Viajero Estándar,4,224.0,0
City Hotel,117,2016,August,9,Female,BB,Online TA,TA/TO,0,0,0,A,Transient,1,1,0,3,2.0,57.15,0,High,4,🏙️ Viajero Estándar,2,342.9,1
City Hotel,377,2016,October,14,Male,HB,Offline TA/TO,TA/TO,0,0,0,A,Transient-Party,0,1,0,2,1.0,90.0,0,Low,4,🏙️ Viajero Estándar,3,180.0,0
Resort Hotel,201,2016,August,15,Female,HB,Offline TA/TO,TA/TO,0,0,0,E,Transient,0,1,0,5,2.0,74.7,0,Low,4,🏙️ Viajero Estándar,3,747.0,0
City Hotel,81,2016,August,28,Female,BB,Online TA,TA/TO,0,0,0,A,Transient,0,1,0,6,3.0,35.65,0,Low,4,🏙️ Viajero Estándar,0,641.6999999999999,0
City Hotel,99,2015,October,30,Female,BB,Offline TA/TO,TA/TO,0,0,0,A,Transient,0,1,0,4,2.0,32.5,0,High,4,🏙️ Viajero Estándar,2,260.0,0
Resort Hotel,200,2016,May,2,Female,BB,Online TA,TA/TO,0,0,0,G,Transient,1,1,0,7,4.0,25.425,1,High,3,👨‍👩‍👧 Turista Familiar,4,711.9,2
Resort Hotel,22,2015,October,8,Male,BB,Offline TA/TO,TA/TO,0,0,0,A,Contract,0,1,0,7,2.0,18.06,0,Low,0,🗓️ Planificador Anticipado,0,252.83999999999997,0
City Hotel,468,2016,October,20,Male,BB,Groups,TA/TO,0,0,0,A,Transient,0,1,0,2,2.0,31.0,0,High,4,🏙️ Viajero Estándar,6,124.0,0
Resort Hotel,244,2016,September,20,Male,BB,Online TA,TA/TO,0,0,0,A,Transient,2,1,0,7,1.0,71.0,0,High,4,🏙️ Viajero Estándar,4,497.0,2
City Hotel,44,2016,December,6,Male,BB,Direct,Direct,0,0,0,A,Transient,0,1,0,4,3.0,30.0,1,Low,3,👨‍👩‍👧 Turista Familiar,0,360.0,1
City Hotel,214,2016,November,20,Female,BB,Groups,Corporate,0,0,0,A,Transient,1,0,1,3,2.0,42.5,0,Low,1,⚡ Reserva de Última Hora,5,255.0,1
Resort Hotel,82,2016,December,7,Female,BB,Groups,Direct,0,0,0,A,Transient-Party,0,0,0,4,2.0,19.65,0,Low,1,⚡ Reserva de Última Hora,2,157.2,0
City Hotel,0,2016,February,6,Female,SC,Online TA,TA/TO,0,0,0,A,Transient,0,1,0,1,1.0,0.0,0,High,4,🏙️ Viajero Estándar,2,0.0,0
Resort Hotel,95,2016,June,7,Female,BB,Online TA,TA/TO,0,0,0,A,Transient,1,1,0,7,2.0,59.43,0,Low,4,🏙️ Viajero Estándar,0,832.02,1
City Hotel,78,2016,June,28,Female,SC,Online TA,TA/TO,0,0,0,A,Transient,2,1,0,7,2.0,51.75,0,Low,4,🏙️ Viajero Estándar,0,724.5,2
Resort Hotel,96,2017,August,12,Female,HB,Online TA,TA/TO,0,0,0,A,Transient-Party,0,1,0,7,3.0,72.36666666666666,1,High,3,👨‍👩‍👧 Turista Familiar,2,1519.6999999999998,1
Resort Hotel,27,2015,December,24,Male,BB,Offline TA/TO,TA/TO,0,0,0,A,Transient,0,1,0,2,2.0,25.0,0,Medium,4,🏙️ Viajero Estándar,1,100.0,0
Resort Hotel,179,2016,July,10,Female,BB,Offline TA/TO,TA/TO,0,0,0,D,Transient-Party,3,1,0,11,2.0,53.275,0,Low,4,🏙️ Viajero Estándar,1,1172.05,3
City Hotel,260,2016,December,26,Female,BB,Online TA,TA/TO,0,0,0,A,Transient,0,1,0,4,2.0,36.975,0,Low,4,🏙️ Viajero Estándar,3,295.8,0
City Hotel,0,2016,June,10,Male,SC,Direct,Direct,0,0,0,A,Transient,0,1,0,1,2.0,54.5,0,Low,4,🏙️ Viajero Estándar,0,109.0,0
City Hotel,34,2017,May,12,Female,SC,Online TA,TA/TO,0,0,0,A,Transient,1,1,0,4,2.0,85.0,0,Low,4,🏙️ Viajero Estándar,0,680.0,1
Resort Hotel,53,2016,December,17,Female,BB,Online TA,TA/TO,0,0,0,A,Transient,2,1,0,2,1.0,43.0,0,Medium,4,🏙️ Viajero Estándar,0,86.0,2
Resort Hotel,261,2016,October,6,Female,HB,Groups,TA/TO,0,0,0,D,Transient-Party,0,1,0,2,2.0,43.5,0,High,4,🏙️ Viajero Estándar,6,174.0,0
Resort Hotel,0,2015,November,16,Male,BB,Corporate,Corporate,0,0,0,A,Transient,0,0,1,1,1.0,35.0,0,High,1,⚡ Reserva de Última Hora,3,35.0,0
City Hotel,0,2015,October,4,Male,BB,Online TA,TA/TO,0,0,0,A,Transient,0,1,0,2,2.0,63.0,0,Medium,4,🏙️ Viajero Estándar,1,252.0,0
Resort Hotel,37,2015,December,27,Male,BB,Online TA,TA/TO,0,0,0,D,Transient,1,1,0,1,2.0,26.0,0,Low,4,🏙️ Viajero Estándar,0,52.0,1
City Hotel,43,2017,June,3,Male,BB,Online TA,TA/TO,0,0,0,G,Transient,1,1,0,1,3.0,70.93333333333334,0,High,4,🏙️ Viajero Estándar,2,212.8,1
City Hotel,13,2016,March,8,Female,SC,Online TA,TA/TO,0,0,0,A,Transient,0,1,0,2,2.0,40.5,0,Low,4,🏙️ Viajero Estándar,0,162.0,0
City Hotel,14,2017,May,14,Female,HB,Online TA,TA/TO,0,0,0,D,Transient,2,1,0,4,2.0,75.24,0,Low,4,🏙️ Viajero Estándar,0,601.92,2
Resort Hotel,272,2016,August,25,Female,BB,Offline TA/TO,TA/TO,0,0,0,E,Transient-Party,0,1,0,5,2.0,65.8,0,Low,4,🏙️ Viajero Estándar,3,658.0,0
Resort Hotel,170,2016,June,14,Female,BB,Online TA,TA/TO,0,0,0,D,Transient,1,1,0,0,2.0,0.0,0,High,4,🏙️ Viajero Estándar,4,0.0,1
City Hotel,33,2016,March,2,Female,SC,Online TA,TA/TO,0,0,0,A,Transient,0,1,0,4,2.0,36.55,0,High,4,🏙️ Viajero Estándar,2,292.4,0
Resort Hotel,50,2015,July,12,Female,BB,Offline TA/TO,TA/TO,0,0,0,D,Contract,0,1,0,5,2.0,61.5,0,Low,0,🗓️ Planificador Anticipado,0,615.0,0
Resort Hotel,2,2016,February,13,Male,BB,Online TA,TA/TO,0,0,0,E,Transient,0,1,0,1,2.0,42.5,0,High,4,🏙️ Viajero Estándar,2,85.0,0
Resort Hotel,152,2017,April,5,Female,BB,Groups,TA/TO,0,0,0,D,Transient-Party,0,0,1,5,1.0,67.0,0,Low,1,⚡ Reserva de Última Hora,4,335.0,0
Resort Hotel,5,2015,September,7,Male,HB,Online TA,TA/TO,0,0,0,A,Transient,0,1,0,5,2.0,80.5,0,Low,4,🏙️ Viajero Estándar,0,805.0,0
City Hotel,19,2016,February,19,Male,BB,Online TA,TA/TO,0,0,0,A,Transient-Party,2,1,0,5,2.0,46.5,0,Low,4,🏙️ Viajero Estándar,0,465.0,2
City Hotel,56,2016,March,29,Male,BB,Online TA,TA/TO,0,0,0,A,Transient,1,1,0,4,2.0,42.925,0,Low,4,🏙️ Viajero Estándar,0,343.4,1
Resort Hotel,166,2016,October,20,Male,BB,Online TA,TA/TO,0,0,0,A,Transient-Party,3,1,0,7,2.0,26.355,0,Low,4,🏙️ Viajero Estándar,1,368.97,3
City Hotel,65,2017,July,29,Female,HB,Online TA,TA/TO,0,0,0,A,Transient,1,1,0,8,2.0,92.0,0,Medium,4,🏙️ Viajero Estándar,1,1472.0,1
Resort Hotel,11,2015,October,10,Male,BB,Corporate,Corporate,0,0,0,A,Contract,0,1,0,1,2.0,22.5,0,High,0,🗓️ Planificador Anticipado,2,45.0,0
Resort Hotel,77,2017,May,4,Male,BB,Offline TA/TO,TA/TO,0,0,0,A,Transient,0,1,0,5,2.0,24.0,0,Low,4,🏙️ Viajero Estándar,0,240.0,0
City Hotel,121,2017,August,18,Male,SC,Online TA,TA/TO,0,0,0,A,Transient,0,1,0,3,2.0,62.5,0,Low,4,🏙️ Viajero Estándar,2,375.0,0
City Hotel,3,2016,March,2,Female,BB,Online TA,TA/TO,0,0,0,A,Transient,0,1,0,2,2.0,50.5,0,Low,4,🏙️ Viajero Estándar,0,202.0,0
City Hotel,9,2017,April,2,Male,SC,Online TA,TA/TO,0,0,0,A,Transient,0,1,0,1,2.0,50.1,0,Low,4,🏙️ Viajero Estándar,0,100.2,0
Resort Hotel,173,2016,October,17,Female,BB,Online TA,TA/TO,0,0,0,A,Transient-Party,1,1,0,7,2.0,29.355,0,Low,4,🏙️ Viajero Estándar,2,410.97,1
Resort Hotel,179,2016,July,31,Female,BB,Offline TA/TO,TA/TO,0,0,0,A,Transient-Party,1,1,0,4,2.0,51.75,0,Low,4,🏙️ Viajero Estándar,2,414.0,1
City Hotel,518,2017,August,26,Female,BB,Groups,TA/TO,0,0,0,A,Transient-Party,1,1,0,3,2.0,56.335,0,Low,4,🏙️ Viajero Estándar,4,338.01,1
City Hotel,135,2015,December,5,Male,BB,Groups,TA/TO,0,0,0,A,Transient-Party,0,1,0,2,1.0,51.4,0,High,4,🏙️ Viajero Estándar,5,102.8,0
City Hotel,7,2016,October,6,Female,BB,Offline TA/TO,TA/TO,0,0,0,A,Transient-Party,0,1,0,2,1.0,125.0,0,Low,4,🏙️ Viajero Estándar,0,250.0,0
City Hotel,18,2016,January,16,Male,BB,Online TA,TA/TO,0,0,0,A,Transient,1,1,0,1,2.0,44.5,0,High,4,🏙️ Viajero Estándar,2,89.0,1
Resort Hotel,2,2016,March,30,Female,BB,Corporate,Corporate,0,0,1,A,Transient,0,0,1,2,1.0,42.0,0,Low,1,⚡ Reserva de Última Hora,1,84.0,0
Resort Hotel,146,2016,November,7,Male,HB,Offline TA/TO,TA/TO,0,0,0,E,Transient,2,1,0,21,2.0,35.3,0,Low,2,💼 Viajero Premium,1,1482.6,2
City Hotel,53,2017,April,28,Female,BB,Online TA,TA/TO,0,0,0,A,Transient,1,1,0,1,1.0,126.0,0,Low,4,🏙️ Viajero Estándar,0,126.0,1
City Hotel,175,2017,May,19,Female,BB,Groups,TA/TO,0,0,0,A,Transient,0,1,0,3,2.0,55.0,0,High,4,🏙️ Viajero Estándar,5,330.0,0
Resort Hotel,236,2015,August,25,Female,HB,Offline TA/TO,TA/TO,0,0,0,E,Contract,2,1,0,7,2.0,52.49,0,Low,0,🗓️ Planificador Anticipado,2,734.86,2
Resort Hotel,99,2016,August,13,Female,BB,Online TA,TA/TO,0,0,0,G,Transient,1,1,0,3,4.0,69.4175,1,Medium,3,👨‍👩‍👧 Turista Familiar,1,833.01,2
City Hotel,141,2017,June,15,Male,BB,Offline TA/TO,TA/TO,0,0,0,D,Transient,0,1,0,3,2.0,49.05,0,High,4,🏙️ Viajero Estándar,4,294.29999999999995,0
Resort Hotel,150,2017,May,11,Female,BB,Online TA,TA/TO,0,0,0,A,Transient,0,1,0,5,2.0,42.5,0,Low,4,🏙️ Viajero Estándar,2,425.0,0
City Hotel,99,2017,May,30,Female,HB,Online TA,TA/TO,0,0,0,E,Transient,2,1,0,4,3.0,68.39999999999999,0,Low,4,🏙️ Viajero Estándar,0,820.8,2
City Hotel,122,2016,March,28,Male,BB,Complementary,Direct,0,0,0,A,Transient,1,0,0,3,2.0,0.0,0,Low,1,⚡ Reserva de Última Hora,3,0.0,1
City Hotel,41,2017,February,26,Female,HB,Offline TA/TO,TA/TO,0,0,0,A,Transient,0,1,0,3,2.0,52.5,0,Low,4,🏙️ Viajero Estándar,0,315.0,0
City Hotel,12,2017,February,9,Male,SC,Online TA,TA/TO,0,0,0,A,Transient,1,1,0,4,2.0,28.8,0,Low,4,🏙️ Viajero Estándar,0,230.4,1
Resort Hotel,238,2017,February,10,Female,HB,Groups,TA/TO,0,0,0,A,Transient,0,1,0,2,1.0,47.0,0,High,4,🏙️ Viajero Estándar,6,94.0,0
Resort Hotel,10,2016,December,19,Female,BB,Direct,Corporate,0,1,9,E,Transient,1,0,0,1,1.0,57.0,0,High,1,⚡ Reserva de Última Hora,6,57.0,1
City Hotel,11,2015,September,9,Female,BB,Online TA,TA/TO,0,0,0,A,Transient,1,1,0,3,2.0,40.425,0,High,4,🏙️ Viajero Estándar,2,242.54999999999998,1
Resort Hotel,0,2015,August,3,Female,BB,Online TA,TA/TO,0,0,0,C,Transient,0,1,0,1,2.0,72.38,0,High,4,🏙️ Viajero Estándar,2,144.76,0
City Hotel,395,2017,May,17,Female,BB,Offline TA/TO,TA/TO,0,0,0,A,Transient-Party,0,1,0,3,2.0,45.0,0,High,4,🏙️ Viajero Estándar,5,270.0,0
Resort Hotel,111,2016,February,12,Male,FB,Groups,TA/TO,0,0,0,A,Transient,0,1,0,2,2.0,35.0,0,High,4,🏙️ Viajero Estándar,3,140.0,0
Resort Hotel,32,2016,April,19,Female,HB,Groups,Direct,0,0,0,D,Transient-Party,0,1,0,7,2.0,34.68,0,Low,4,🏙️ Viajero Estándar,1,485.52,0
Resort Hotel,22,2016,March,26,Female,HB,Direct,Direct,0,0,0,E,Transient,0,0,0,3,2.0,63.0,0,High,1,⚡ Reserva de Última Hora,3,378.0,0
Resort Hotel,0,2016,April,4,Female,BB,Corporate,Corporate,1,0,4,A,Transient,0,1,0,2,1.0,42.0,0,High,5,🏙️ Viajero Estándar,0,84.0,0
Resort Hotel,83,2016,April,4,Female,BB,Online TA,TA/TO,0,0,0,A,Transient,3,1,0,7,2.0,26.1,0,High,4,🏙️ Viajero Estándar,1,365.40000000000003,3
City Hotel,1,2016,June,13,Female,SC,Online TA,TA/TO,0,0,0,A,Transient,2,1,0,2,2.0,39.5,0,Low,4,🏙️ Viajero Estándar,0,158.0,2
Resort Hotel,209,2017,August,21,Male,HB,Direct,Direct,0,0,0,E,Transient,2,1,0,5,2.0,109.4,0,High,4,🏙️ Viajero Estándar,4,1094.0,2
Resort Hotel,306,2017,July,1,Female,HB,Online TA,TA/TO,0,0,0,A,Transient,2,1,0,14,2.0,69.125,0,Medium,2,💼 Viajero Premium,3,1935.5,2
City Hotel,386,2016,October,23,Female,HB,Offline TA/TO,TA/TO,0,0,0,A,Transient-Party,0,1,0,2,1.0,90.0,0,Low,4,🏙️ Viajero Estándar,3,180.0,0
Resort Hotel,213,2016,May,16,Male,HB,Groups,TA/TO,0,0,0,A,Transient-Party,0,1,0,2,2.0,42.5,0,Low,4,🏙️ Viajero Estándar,4,170.0,0
City Hotel,53,2015,November,18,Male,BB,Groups,TA/TO,0,1,0,A,Transient-Party,0,1,0,4,1.0,65.0,0,High,0,🗓️ Planificador Anticipado,6,260.0,0
City Hotel,233,2017,July,14,Female,BB,Online TA,TA/TO,0,0,0,D,Transient,0,1,0,3,2.0,60.3,0,Low,4,🏙️ Viajero Estándar,3,361.79999999999995,0
City Hotel,12,2017,July,30,Male,SC,Online TA,TA/TO,0,0,0,A,Transient,1,1,0,1,2.0,54.5,0,Low,4,🏙️ Viajero Estándar,0,109.0,1
City Hotel,78,2016,October,26,Female,HB,Online TA,TA/TO,0,0,0,D,Transient,1,1,0,2,2.0,69.3,0,Low,4,🏙️ Viajero Estándar,0,277.2,1
Resort Hotel,20,2017,February,21,Female,BB,Corporate,Corporate,0,0,0,A,Transient-Party,0,0,1,2,2.0,22.0,0,High,1,⚡ Reserva de Última Hora,3,88.0,0
City Hotel,42,2015,October,26,Female,SC,Online TA,TA/TO,0,0,0,A,Transient,1,1,0,5,1.0,73.15,0,Low,4,🏙️ Viajero Estándar,0,365.75,1
City Hotel,21,2016,December,28,Male,BB,Online TA,TA/TO,0,0,0,D,Transient,0,1,0,4,2.0,64.79,0,Low,4,🏙️ Viajero Estándar,0,518.32,0
City Hotel,5,2017,May,6,Male,BB,Online TA,TA/TO,0,0,0,A,Transient,2,1,0,1,3.0,53.333333333333336,1,High,3,👨‍👩‍👧 Turista Familiar,1,160.0,3
City Hotel,344,2016,June,16,Male,BB,Groups,TA/TO,0,0,0,A,Transient,0,1,0,2,2.0,31.0,0,High,4,🏙️ Viajero Estándar,6,124.0,0
City Hotel,8,2015,December,1,Male,BB,Direct,Direct,0,0,0,A,Transient-Party,0,1,0,2,1.0,75.0,0,Low,4,🏙️ Viajero Estándar,0,150.0,0
City Hotel,1,2017,June,21,Female,SC,Online TA,TA/TO,1,0,0,A,Group,2,1,0,1,2.0,64.0,0,Low,5,🏙️ Viajero Estándar,0,128.0,2
City Hotel,42,2016,August,25,Female,BB,Online TA,TA/TO,0,0,0,D,Transient,0,1,0,5,2.0,70.29,0,Low,4,🏙️ Viajero Estándar,0,702.9000000000001,0
City Hotel,43,2017,August,25,Male,SC,Online TA,TA/TO,0,0,0,A,Transient,2,1,0,2,2.0,70.0,0,Low,4,🏙️ Viajero Estándar,0,280.0,2
City Hotel,33,2015,October,28,Female,BB,Offline TA/TO,TA/TO,0,0,0,D,Transient,0,1,0,5,2.0,38.7,0,Low,4,🏙️ Viajero Estándar,0,387.0,0
City Hotel,59,2016,October,14,Male,BB,Online TA,TA/TO,0,0,0,D,Transient,2,1,0,7,2.0,45.275,0,Low,4,🏙️ Viajero Estándar,0,633.85,2
City Hotel,70,2016,April,14,Female,SC,Online TA,TA/TO,0,0,0,A,Transient,1,1,0,4,2.0,45.28,0,Low,4,🏙️ Viajero Estándar,0,362.24,1
City Hotel,12,2016,April,29,Female,SC,Online TA,TA/TO,0,0,0,A,Transient,0,1,0,3,2.0,61.165,0,Low,4,🏙️ Viajero Estándar,0,366.99,0
Resort Hotel,0,2016,October,12,Female,BB,Direct,Direct,0,0,0,G,Transient,0,0,0,1,2.0,65.0,0,Low,1,⚡ Reserva de Última Hora,1,130.0,0
Resort Hotel,66,2016,December,31,Female,BB,Direct,Direct,0,0,0,D,Transient-Party,1,0,0,2,2.0,104.25,0,High,1,⚡ Reserva de Última Hora,3,417.0,1
City Hotel,622,2017,March,23,Female,BB,Groups,TA/TO,0,0,0,A,Transient,0,1,0,2,2.0,31.0,0,High,4,🏙️ Viajero Estándar,6,124.0,0
City Hotel,0,2017,January,18,Female,SC,Direct,Direct,0,0,0,A,Transient,2,0,0,3,2.0,44.0,0,High,1,⚡ Reserva de Última Hora,2,264.0,2
Resort Hotel,35,2017,August,29,Female,BB,Direct,Direct,0,0,0,A,Transient,1,1,0,3,2.0,92.5,0,High,4,🏙️ Viajero Estándar,2,555.0,1
Resort Hotel,176,2016,July,12,Female,BB,Offline TA/TO,TA/TO,0,0,0,D,Transient,0,1,0,14,2.0,52.405,0,Low,4,🏙️ Viajero Estándar,2,1467.3400000000001,0
Resort Hotel,280,2017,May,25,Female,BB,Online TA,TA/TO,0,0,0,A,Transient,1,1,0,7,2.0,40.05,0,Low,4,🏙️ Viajero Estándar,3,560.6999999999999,1
Resort Hotel,112,2015,December,30,Female,Undefined,Groups,Direct,0,0,0,D,Transient-Party,0,0,0,3,2.0,118.665,0,High,1,⚡ Reserva de Última Hora,4,711.99,0
City Hotel,164,2015,August,14,Male,BB,Groups,TA/TO,0,1,0,A,Transient,0,1,0,1,2.0,30.0,0,High,0,🗓️ Planificador Anticipado,8,60.0,0
City Hotel,59,2016,June,26,Female,SC,Online TA,TA/TO,0,0,0,A,Transient,1,1,0,1,2.0,44.55,0,Medium,4,🏙️ Viajero Estándar,1,89.1,1
City Hotel,77,2015,September,18,Male,BB,Online TA,TA/TO,0,0,0,A,Transient,0,1,0,4,2.0,44.625,0,Low,4,🏙️ Viajero Estándar,0,357.0,0
Resort Hotel,151,2016,October,8,Male,BB,Online TA,TA/TO,0,0,0,A,Transient-Party,0,1,0,2,1.0,63.5,0,Medium,4,🏙️ Viajero Estándar,3,127.0,0
Resort Hotel,32,2017,March,28,Male,BB,Corporate,Corporate,1,0,17,A,Transient,0,0,1,3,1.0,35.0,0,High,5,🏙️ Viajero Estándar,1,105.0,0
City Hotel,28,2016,August,21,Female,SC,Online TA,TA/TO,0,0,0,A,Transient,1,1,0,3,2.0,67.185,0,Low,4,🏙️ Viajero Estándar,0,403.11,1
Resort Hotel,6,2016,April,27,Male,BB,Direct,Direct,0,0,0,D,Transient-Party,0,1,0,1,2.0,36.0,0,High,4,🏙️ Viajero Estándar,2,72.0,0
City Hotel,16,2015,September,26,Male,BB,Online TA,TA/TO,0,0,0,A,Contract,2,1,0,4,2.0,105.0,0,Medium,0,🗓️ Planificador Anticipado,0,840.0,2
City Hotel,109,2017,May,6,Female,HB,Offline TA/TO,TA/TO,0,0,0,A,Transient,1,1,0,4,2.0,60.5,0,High,4,🏙️ Viajero Estándar,2,484.0,1
Resort Hotel,62,2017,April,19,Male,BB,Corporate,Corporate,0,0,0,A,Transient-Party,0,0,1,5,1.0,85.0,0,Low,1,⚡ Reserva de Última Hora,1,425.0,0
Resort Hotel,0,2016,April,25,Female,BB,Online TA,TA/TO,0,0,0,A,Transient,0,1,0,1,1.0,50.0,0,Low,4,🏙️ Viajero Estándar,0,50.0,0
City Hotel,247,2016,June,6,Male,HB,Offline TA/TO,TA/TO,0,0,0,A,Transient-Party,1,1,0,2,2.0,57.5,0,Low,4,🏙️ Viajero Estándar,3,230.0,1
City Hotel,7,2016,February,13,Female,BB,Online TA,TA/TO,0,0,0,D,Transient,1,1,0,1,3.0,42.333333333333336,0,Low,4,🏙️ Viajero Estándar,0,127.0,1
City Hotel,227,2017,June,3,Female,BB,Online TA,TA/TO,0,0,0,D,Transient,2,1,0,5,2.0,69.3,0,Low,4,🏙️ Viajero Estándar,2,693.0,2
City Hotel,50,2015,August,25,Male,BB,Groups,TA/TO,0,0,0,A,Transient-Party,0,1,0,4,2.0,31.0,0,High,4,🏙️ Viajero Estándar,3,248.0,0
City Hotel,99,2017,May,19,Female,BB,Offline TA/TO,TA/TO,0,0,0,A,Transient,0,1,0,2,2.0,44.55,0,High,4,🏙️ Viajero Estándar,2,178.2,0
Resort Hotel,304,2017,June,8,Male,HB,Groups,TA/TO,0,0,0,A,Transient,0,1,0,5,2.0,47.0,0,High,4,🏙️ Viajero Estándar,6,470.0,0
City Hotel,118,2017,April,29,Female,BB,Online TA,TA/TO,0,0,0,D,Transient,0,1,0,2,2.0,65.25,0,Low,4,🏙️ Viajero Estándar,0,261.0,0
Resort Hotel,295,2016,June,22,Female,BB,Online TA,TA/TO,0,0,0,A,Transient,1,1,0,5,1.0,57.51,0,High,4,🏙️ Viajero Estándar,5,287.55,1
City Hotel,6,2016,June,23,Female,BB,Direct,Direct,0,0,0,A,Transient,2,1,0,1,1.0,91.0,0,Low,4,🏙️ Viajero Estándar,0,91.0,2
City Hotel,230,2016,September,6,Male,HB,Offline TA/TO,TA/TO,0,0,0,A,Transient-Party,0,1,0,5,2.0,68.5,0,High,4,🏙️ Viajero Estándar,5,685.0,0
Resort Hotel,24,2017,March,13,Female,BB,Online TA,TA/TO,0,0,0,A,Transient,1,1,0,3,2.0,30.0,0,Low,4,🏙️ Viajero Estándar,0,180.0,1
City Hotel,365,2016,July,7,Male,BB,Groups,TA/TO,0,0,0,A,Transient,0,1,0,2,2.0,31.0,0,High,4,🏙️ Viajero Estándar,6,124.0,0
Resort Hotel,108,2016,March,1,Female,BB,Online TA,TA/TO,0,1,0,D,Transient,2,1,0,1,2.0,23.2,0,High,0,🗓️ Planificador Anticipado,4,46.4,2
Resort Hotel,24,2016,December,3,Female,BB,Online TA,TA/TO,0,0,0,A,Transient,1,1,0,7,1.0,55.0,0,Low,4,🏙️ Viajero Estándar,0,385.0,1
City Hotel,325,2015,September,7,Female,BB,Groups,TA/TO,0,1,0,A,Contract,0,1,0,2,2.0,31.0,0,High,0,🗓️ Planificador Anticipado,9,124.0,0
City Hotel,454,2016,October,6,Female,BB,Groups,TA/TO,0,0,0,A,Transient,0,1,0,2,2.0,31.0,0,High,4,🏙️ Viajero Estándar,6,124.0,0
Resort Hotel,118,2015,August,10,Male,BB,Offline TA/TO,TA/TO,0,0,0,D,Transient,1,1,0,9,2.0,61.35,0,High,4,🏙️ Viajero Estándar,2,1104.3,1
City Hotel,48,2015,September,11,Female,HB,Offline TA/TO,TA/TO,0,0,0,A,Transient-Party,0,1,0,1,1.0,80.0,0,High,4,🏙️ Viajero Estándar,2,80.0,0
Resort Hotel,7,2017,May,23,Female,BB,Online TA,TA/TO,0,0,0,A,Transient-Party,0,1,0,2,1.0,49.6,0,High,4,🏙️ Viajero Estándar,2,99.2,0
City Hotel,78,2016,February,20,Male,BB,Offline TA/TO,TA/TO,0,0,0,A,Transient,1,1,0,4,2.0,30.0,0,Low,4,🏙️ Viajero Estándar,0,240.0,1
City Hotel,35,2016,February,7,Female,BB,Direct,Direct,0,0,0,A,Transient,0,1,0,3,2.0,34.75,0,Low,4,🏙️ Viajero Estándar,0,208.5,0
Resort Hotel,0,2015,November,5,Female,BB,Corporate,Corporate,0,0,0,A,Transient,0,0,1,1,1.0,35.0,0,High,1,⚡ Reserva de Última Hora,3,35.0,0
City Hotel,1,2016,June,26,Male,BB,Online TA,TA/TO,0,0,0,A,Transient,0,1,0,2,2.0,62.0,0,Low,4,🏙️ Viajero Estándar,0,248.0,0
City Hotel,147,2015,July,21,Female,BB,Groups,TA/TO,0,1,0,A,Transient,0,1,0,2,2.0,37.5,0,High,0,🗓️ Planificador Anticipado,8,150.0,0
City Hotel,4,2016,January,29,Male,BB,Offline TA/TO,TA/TO,0,0,0,A,Transient,0,1,0,3,2.0,33.0,0,Low,4,🏙️ Viajero Estándar,0,198.0,0
City Hotel,69,2017,April,6,Male,BB,Corporate,Corporate,0,0,0,A,Transient,0,0,1,3,1.0,85.0,0,High,1,⚡ Reserva de Última Hora,3,255.0,0
Resort Hotel,146,2017,June,13,Male,HB,Offline TA/TO,TA/TO,0,0,0,A,Contract,0,1,0,10,2.0,44.35,0,Low,0,🗓️ Planificador Anticipado,2,887.0,0
City Hotel,423,2017,July,22,Female,HB,Offline TA/TO,TA/TO,0,0,0,A,Transient-Party,1,1,0,2,2.0,61.2,0,Low,4,🏙️ Viajero Estándar,3,244.8,1
City Hotel,4,2016,October,17,Female,BB,Online TA,TA/TO,0,0,0,A,Transient,1,1,0,5,2.0,80.0,0,Low,4,🏙️ Viajero Estándar,0,800.0,1
Resort Hotel,145,2017,June,18,Male,BB,Offline TA/TO,TA/TO,0,0,0,A,Transient,0,1,0,4,2.0,29.35,0,Low,4,🏙️ Viajero Estándar,2,234.8,0
Resort Hotel,67,2015,September,25,Male,HB,Online TA,TA/TO,0,0,0,A,Transient,2,1,0,6,2.0,54.5,0,High,4,🏙️ Viajero Estándar,1,654.0,2
City Hotel,156,2017,April,26,Male,BB,Groups,TA/TO,0,0,0,A,Transient,0,1,0,3,2.0,50.0,0,High,4,🏙️ Viajero Estándar,5,300.0,0
City Hotel,58,2015,October,30,Female,BB,Online TA,TA/TO,0,0,0,A,Contract,2,1,0,1,1.0,85.5,0,High,0,🗓️ Planificador Anticipado,1,85.5,2
City Hotel,20,2016,November,14,Female,BB,Offline TA/TO,TA/TO,0,0,0,A,Transient,0,1,0,3,2.0,40.0,0,Low,4,🏙️ Viajero Estándar,0,240.0,0
City Hotel,6,2017,August,23,Female,BB,Direct,Direct,1,0,1,A,Transient,3,0,0,2,4.0,25.0,1,High,5,🏙️ Viajero Estándar,0,200.0,4
City Hotel,0,2016,May,10,Female,BB,Offline TA/TO,TA/TO,0,0,0,A,Transient,0,1,0,3,1.0,108.8,0,Low,4,🏙️ Viajero Estándar,0,326.4,0
City Hotel,53,2017,April,28,Male,BB,Online TA,TA/TO,0,0,0,A,Transient,1,1,0,1,2.0,58.5,0,High,4,🏙️ Viajero Estándar,2,117.0,1
City Hotel,257,2017,August,7,Female,SC,Online TA,TA/TO,0,0,0,A,Transient,0,1,0,5,2.0,44.55,0,Medium,4,🏙️ Viajero Estándar,4,445.5,0
Resort Hotel,0,2017,May,15,Female,BB,Direct,Direct,0,0,0,A,Transient,0,0,0,1,1.0,47.0,0,High,1,⚡ Reserva de Última Hora,3,47.0,0
City Hotel,164,2015,October,2,Female,BB,Offline TA/TO,TA/TO,0,0,0,A,Transient-Party,0,1,0,2,1.0,100.0,0,High,4,🏙️ Viajero Estándar,4,200.0,0
City Hotel,117,2016,May,22,Female,BB,Online TA,TA/TO,0,0,0,A,Transient,2,1,0,5,2.0,63.155,0,Low,4,🏙️ Viajero Estándar,0,631.55,2
City Hotel,53,2015,August,24,Female,BB,Groups,TA/TO,0,0,0,A,Transient-Party,0,1,0,2,1.0,60.0,0,High,4,🏙️ Viajero Estándar,3,120.0,0
City Hotel,52,2016,April,30,Male,BB,Direct,Direct,0,0,0,E,Transient-Party,1,1,0,5,3.0,54.583333333333336,1,Low,3,👨‍👩‍👧 Turista Familiar,0,818.75,2
Resort Hotel,148,2016,October,30,Female,BB,Online TA,TA/TO,0,0,0,A,Transient,2,1,0,14,2.0,20.05,0,Low,2,💼 Viajero Premium,1,561.4,2
Resort Hotel,115,2015,July,10,Male,BB,Online TA,TA/TO,0,0,0,A,Transient,2,1,0,9,2.0,60.3,0,Low,4,🏙️ Viajero Estándar,0,1085.3999999999999,2
Resort Hotel,59,2017,April,29,Male,BB,Online TA,TA/TO,0,0,0,E,Transient,1,1,0,5,1.0,115.0,0,Low,4,🏙️ Viajero Estándar,0,575.0,1
City Hotel,8,2016,October,7,Female,BB,Offline TA/TO,TA/TO,0,0,0,E,Transient,0,1,0,4,2.0,88.0,0,High,4,🏙️ Viajero Estándar,2,704.0,0
City Hotel,192,2016,October,21,Female,BB,Groups,TA/TO,0,0,0,A,Transient-Party,0,1,0,2,2.0,47.5,0,High,4,🏙️ Viajero Estándar,5,190.0,0
City Hotel,82,2017,July,16,Male,BB,Online TA,TA/TO,0,0,0,D,Transient,1,1,0,1,3.0,63.333333333333336,0,Low,4,🏙️ Viajero Estándar,0,190.0,1
Resort Hotel,169,2016,August,18,Male,HB,Offline TA/TO,TA/TO,0,0,0,A,Transient,1,1,0,7,2.0,67.815,0,High,4,🏙️ Viajero Estándar,4,949.41,1
City Hotel,167,2017,May,18,Male,BB,Online TA,TA/TO,0,0,0,A,Transient,2,1,0,1,2.0,59.4,0,Low,4,🏙️ Viajero Estándar,1,118.8,2
City Hotel,135,2017,February,25,Male,SC,Online TA,TA/TO,0,0,0,A,Transient,1,1,0,3,2.0,39.6,0,Medium,4,🏙️ Viajero Estándar,3,237.60000000000002,1
Resort Hotel,13,2016,February,5,Male,BB,Online TA,TA/TO,0,0,0,A,Transient,0,1,0,2,2.0,29.0,0,High,4,🏙️ Viajero Estándar,2,116.0,0
City Hotel,140,2016,December,27,Male,BB,Online TA,TA/TO,0,0,0,F,Transient,2,1,0,3,4.0,35.245,1,Medium,3,👨‍👩‍👧 Turista Familiar,2,422.93999999999994,3
Resort Hotel,6,2017,June,8,Female,BB,Online TA,TA/TO,1,0,1,A,Transient,0,1,0,1,1.0,105.6,0,High,5,🏙️ Viajero Estándar,0,105.6,0
City Hotel,29,2017,May,9,Female,BB,Groups,TA/TO,0,0,0,A,Transient-Party,0,1,0,2,1.0,130.0,0,Low,4,🏙️ Viajero Estándar,1,260.0,0
Resort Hotel,27,2016,June,9,Female,BB,Online TA,TA/TO,0,0,0,A,Transient,1,1,0,2,2.0,70.5,0,Low,4,🏙️ Viajero Estándar,0,282.0,1
City Hotel,93,2015,December,26,Male,BB,Online TA,TA/TO,0,1,0,A,Contract,1,1,0,3,2.0,53.1,0,High,0,🗓️ Planificador Anticipado,5,318.6,1
City Hotel,134,2017,June,7,Male,BB,Offline TA/TO,TA/TO,0,0,0,A,Transient,0,1,0,2,2.0,55.0,0,High,4,🏙️ Viajero Estándar,4,220.0,0
Resort Hotel,4,2016,March,7,Male,BB,Offline TA/TO,TA/TO,0,0,0,A,Transient,0,1,0,2,1.0,31.0,0,High,4,🏙️ Viajero Estándar,2,62.0,0
Resort Hotel,40,2017,January,16,Female,Undefined,Groups,Direct,0,0,0,A,Transient-Party,0,0,0,3,1.0,55.0,0,High,1,⚡ Reserva de Última Hora,4,165.0,0
Resort Hotel,393,2016,October,8,Male,HB,Groups,TA/TO,0,0,0,A,Transient,0,1,0,4,2.0,36.0,0,High,4,🏙️ Viajero Estándar,6,288.0,0
Resort Hotel,0,2016,January,12,Male,BB,Corporate,Corporate,1,0,3,A,Transient,0,0,1,1,1.0,38.0,0,High,5,🏙️ Viajero Estándar,1,38.0,0
Resort Hotel,14,2016,March,14,Female,BB,Online TA,TA/TO,0,0,0,A,Transient,0,1,0,2,1.0,52.0,0,High,4,🏙️ Viajero Estándar,2,104.0,0
City Hotel,330,2015,September,12,Female,BB,Groups,TA/TO,0,1,0,A,Transient-Party,0,1,0,4,2.0,31.0,0,High,0,🗓️ Planificador Anticipado,9,248.0,0
City Hotel,0,2017,June,19,Female,BB,Aviation,Corporate,0,0,0,D,Transient,0,0,1,2,1.0,110.0,0,Low,1,⚡ Reserva de Última Hora,1,220.0,0
City Hotel,198,2016,July,30,Male,BB,Offline TA/TO,TA/TO,0,0,0,F,Transient,1,1,0,4,4.0,34.125,1,Low,3,👨‍👩‍👧 Turista Familiar,2,546.0,2
City Hotel,135,2015,December,5,Male,BB,Groups,TA/TO,0,0,0,A,Transient-Party,0,1,0,3,2.0,31.0,0,Low,4,🏙️ Viajero Estándar,3,186.0,0
Resort Hotel,87,2017,April,30,Female,BB,Offline TA/TO,TA/TO,0,0,0,A,Transient,0,1,0,5,2.0,24.0,0,Low,4,🏙️ Viajero Estándar,0,240.0,0
City Hotel,71,2016,June,14,Male,BB,Offline TA/TO,TA/TO,0,0,0,A,Transient,0,1,0,3,1.0,120.0,0,High,4,🏙️ Viajero Estándar,2,360.0,0
City Hotel,359,2017,January,15,Female,BB,Online TA,TA/TO,0,0,0,A,Transient,0,1,0,5,2.0,38.675,0,Low,4,🏙️ Viajero Estándar,3,386.75,0
City Hotel,47,2017,February,8,Male,BB,Online TA,TA/TO,0,0,0,A,Transient,1,1,0,3,2.0,47.7,0,Low,4,🏙️ Viajero Estándar,0,286.20000000000005,1
City Hotel,90,2017,April,15,Male,BB,Online TA,TA/TO,0,0,0,E,Transient,2,1,0,2,2.0,85.5,0,Low,4,🏙️ Viajero Estándar,0,342.0,2
City Hotel,29,2017,May,28,Female,SC,Online TA,TA/TO,0,0,0,A,Transient,1,1,0,1,2.0,53.2,0,Low,4,🏙️ Viajero Estándar,0,106.4,1
City Hotel,4,2016,September,5,Female,SC,Online TA,TA/TO,0,0,0,A,Transient,0,1,0,2,2.0,74.5,0,Low,4,🏙️ Viajero Estándar,0,298.0,0
Resort Hotel,22,2017,February,23,Female,Undefined,Groups,TA/TO,0,0,0,A,Transient-Party,0,1,0,2,2.0,30.0,0,Low,0,🗓️ Planificador Anticipado,1,120.0,0
City Hotel,6,2017,April,28,Female,SC,Online TA,TA/TO,0,0,0,A,Transient,2,1,0,4,2.0,81.25,0,Low,4,🏙️ Viajero Estándar,0,650.0,2
Resort Hotel,71,2016,March,17,Male,BB,Online TA,TA/TO,0,0,0,E,Transient,2,1,0,3,2.0,30.7,0,Low,4,🏙️ Viajero Estándar,0,184.2,2
City Hotel,16,2017,March,2,Female,BB,Online TA,TA/TO,0,0,0,A,Transient,0,1,0,5,2.0,45.9,0,Low,4,🏙️ Viajero Estándar,0,459.0,0
Resort Hotel,1,2016,July,13,Male,BB,Online TA,TA/TO,0,0,0,D,Transient,0,1,0,1,2.0,72.0,0,Low,4,🏙️ Viajero Estándar,0,144.0,0
City Hotel,0,2017,August,1,Male,BB,Online TA,TA/TO,0,0,0,D,Transient,0,1,0,2,1.0,160.0,0,Low,4,🏙️ Viajero Estándar,0,320.0,0
Resort Hotel,19,2017,March,7,Female,HB,Direct,Direct,0,0,0,D,Transient-Party,0,0,0,4,2.0,37.5,0,Low,1,⚡ Reserva de Última Hora,1,300.0,0
City Hotel,59,2016,February,6,Male,BB,Groups,TA/TO,0,0,0,A,Transient-Party,0,1,0,4,2.0,31.0,0,Low,4,🏙️ Viajero Estándar,1,248.0,0
City Hotel,270,2017,April,29,Male,SC,Online TA,TA/TO,0,0,0,A,Transient,0,1,0,2,2.0,49.5,0,Medium,4,🏙️ Viajero Estándar,4,198.0,0
Resort Hotel,0,2017,February,22,Female,BB,Direct,Direct,0,0,0,E,Transient,0,0,0,1,2.0,40.0,0,Low,1,⚡ Reserva de Última Hora,1,80.0,0
City Hotel,65,2017,March,12,Female,BB,Offline TA/TO,TA/TO,0,0,0,A,Transient,1,1,0,4,2.0,36.5,0,Low,4,🏙️ Viajero Estándar,0,292.0,1
City Hotel,233,2016,August,22,Male,BB,Online TA,TA/TO,0,0,0,F,Transient,0,1,0,5,4.0,39.7375,1,Low,3,👨‍👩‍👧 Turista Familiar,3,794.75,1
City Hotel,115,2017,July,24,Female,SC,Online TA,TA/TO,0,0,0,A,Transient,1,1,0,3,2.0,62.5,0,Low,4,🏙️ Viajero Estándar,0,375.0,1
City Hotel,72,2015,December,27,Female,HB,Groups,TA/TO,0,1,0,A,Transient,0,1,0,2,1.0,65.0,0,High,0,🗓️ Planificador Anticipado,6,130.0,0
Resort Hotel,4,2016,July,1,Female,BB,Online TA,TA/TO,0,0,0,D,Transient,1,1,0,1,2.0,75.5,0,Low,4,🏙️ Viajero Estándar,0,151.0,1
Resort Hotel,181,2017,March,1,Female,HB,Groups,TA/TO,0,0,0,A,Transient-Party,0,1,0,25,2.0,29.3,0,High,2,💼 Viajero Premium,5,1465.0,0
City Hotel,50,2015,September,24,Male,SC,Online TA,TA/TO,0,0,0,A,Contract,1,1,0,1,2.0,43.2,0,High,0,🗓️ Planificador Anticipado,2,86.4,1
City Hotel,215,2016,November,21,Male,BB,Groups,Corporate,0,0,0,A,Transient,0,0,1,2,1.0,75.0,0,Low,1,⚡ Reserva de Última Hora,5,150.0,0
City Hotel,23,2015,October,4,Male,BB,Online TA,TA/TO,0,0,0,A,Contract,2,1,0,4,2.0,52.5,0,Medium,0,🗓️ Planificador Anticipado,0,420.0,2
City Hotel,66,2016,October,31,Female,BB,Online TA,TA/TO,0,0,0,D,Transient,1,1,0,4,2.0,52.425,0,Low,4,🏙️ Viajero Estándar,0,419.4,1
City Hotel,28,2017,March,2,Female,BB,Groups,TA/TO,0,0,0,A,Transient,0,0,0,3,2.0,47.5,0,High,1,⚡ Reserva de Última Hora,4,285.0,0
City Hotel,62,2017,June,26,Female,BB,Online TA,TA/TO,0,0,0,D,Transient,1,1,0,2,2.0,75.0,0,Low,4,🏙️ Viajero Estándar,0,300.0,1
City Hotel,121,2016,September,9,Male,SC,Online TA,TA/TO,0,0,0,A,Transient,0,1,0,6,3.0,29.92,1,Low,3,👨‍👩‍👧 Turista Familiar,2,538.5600000000001,1
Resort Hotel,0,2015,October,9,Male,BB,Online TA,TA/TO,0,0,0,A,Transient,0,1,0,1,2.0,33.5,0,High,4,🏙️ Viajero Estándar,2,67.0,0
City Hotel,240,2017,July,23,Female,BB,Groups,TA/TO,0,0,0,A,Transient,0,0,0,3,2.0,55.0,0,High,1,⚡ Reserva de Última Hora,7,330.0,0
Resort Hotel,2,2017,August,8,Male,BB,Online TA,TA/TO,0,0,0,H,Transient,1,1,0,1,4.0,75.0,1,Low,3,👨‍👩‍👧 Turista Familiar,0,300.0,2
City Hotel,251,2016,September,25,Female,BB,Online TA,TA/TO,0,0,0,A,Transient,2,1,0,4,2.0,50.15,0,Low,4,🏙️ Viajero Estándar,2,401.2,2
City Hotel,52,2017,January,21,Male,BB,Online TA,TA/TO,0,0,0,A,Transient,0,1,0,5,3.0,26.05,1,High,3,👨‍👩‍👧 Turista Familiar,2,390.75,1
Resort Hotel,179,2016,July,26,Female,HB,Offline TA/TO,TA/TO,0,0,0,A,Contract,1,1,0,7,2.0,57.1,0,Low,0,🗓️ Planificador Anticipado,2,799.4,1
Resort Hotel,278,2017,June,27,Female,HB,Offline TA/TO,TA/TO,0,0,0,A,Contract,0,1,0,7,2.0,50.1,0,Low,0,🗓️ Planificador Anticipado,3,701.4,0
Resort Hotel,7,2017,August,30,Female,BB,Online TA,TA/TO,0,0,0,A,Transient,1,1,0,5,2.0,96.0,0,Low,4,🏙️ Viajero Estándar,0,960.0,1
City Hotel,123,2017,June,17,Female,BB,Online TA,TA/TO,0,0,0,A,Transient-Party,1,1,0,3,2.0,52.65,0,Low,4,🏙️ Viajero Estándar,2,315.9,1
City Hotel,166,2016,November,1,Female,BB,Offline TA/TO,TA/TO,0,0,0,A,Transient,0,1,0,3,1.0,110.0,0,High,4,🏙️ Viajero Estándar,4,330.0,0
City Hotel,1,2016,April,17,Female,SC,Online TA,TA/TO,0,0,0,A,Transient,2,1,0,1,2.0,44.5,0,Low,4,🏙️ Viajero Estándar,0,89.0,2
City Hotel,219,2016,September,30,Male,BB,Groups,TA/TO,0,0,0,A,Transient,0,1,0,3,2.0,60.0,0,High,4,🏙️ Viajero Estándar,6,360.0,0
City Hotel,316,2016,May,26,Male,BB,Groups,TA/TO,0,0,0,A,Transient-Party,0,1,0,3,1.0,100.0,0,Low,4,🏙️ Viajero Estándar,4,300.0,0
City Hotel,134,2015,December,4,Female,BB,Offline TA/TO,TA/TO,0,0,0,A,Transient,0,1,0,4,2.0,32.5,0,High,4,🏙️ Viajero Estándar,4,260.0,0
City Hotel,4,2016,March,7,Female,HB,Offline TA/TO,TA/TO,0,0,0,A,Transient-Party,0,1,0,4,1.0,88.0,0,Low,4,🏙️ Viajero Estándar,0,352.0,0
City Hotel,3,2016,February,13,Male,BB,Offline TA/TO,TA/TO,0,0,0,A,Transient,0,1,0,3,2.0,42.5,0,Low,4,🏙️ Viajero Estándar,0,255.0,0
Resort Hotel,0,2015,October,31,Female,BB,Online TA,TA/TO,0,0,0,A,Transient,0,1,0,1,2.0,24.5,0,High,4,🏙️ Viajero Estándar,2,49.0,0
City Hotel,19,2015,October,6,Female,BB,Offline TA/TO,TA/TO,1,1,0,A,Transient,0,1,0,3,2.0,45.0,0,High,5,🏙️ Viajero Estándar,3,270.0,0
City Hotel,6,2016,April,7,Female,BB,Aviation,Corporate,0,0,0,A,Transient,0,0,1,1,1.0,95.0,0,High,1,⚡ Reserva de Última Hora,3,95.0,0
Resort Hotel,59,2017,August,14,Female,HB,Direct,Direct,0,0,0,A,Transient,1,0,0,5,3.0,87.33333333333333,1,High,3,👨‍👩‍👧 Turista Familiar,3,1310.0,2
Resort Hotel,1,2016,October,25,Male,BB,Corporate,Corporate,1,0,7,A,Transient-Party,0,1,0,1,1.0,42.0,0,High,5,🏙️ Viajero Estándar,0,42.0,0
City Hotel,6,2017,March,30,Female,BB,Online TA,TA/TO,0,0,0,A,Transient,2,1,0,1,2.0,59.0,0,Low,4,🏙️ Viajero Estándar,0,118.0,2
Resort Hotel,17,2017,April,13,Female,HB,Online TA,TA/TO,0,0,0,A,Transient-Party,2,1,0,3,2.0,76.0,0,Low,4,🏙️ Viajero Estándar,0,456.0,2
City Hotel,10,2016,September,15,Female,BB,Online TA,TA/TO,0,0,0,A,Transient,1,1,0,1,1.0,143.1,0,Low,4,🏙️ Viajero Estándar,0,143.1,1
City Hotel,42,2017,February,16,Male,SC,Online TA,TA/TO,0,0,0,A,Transient,2,1,0,3,2.0,33.88,0,High,4,🏙️ Viajero Estándar,1,203.28000000000003,2
Resort Hotel,1,2017,March,4,Female,BB,Online TA,TA/TO,0,0,0,A,Transient-Party,1,1,0,1,2.0,32.5,0,High,4,🏙️ Viajero Estándar,2,65.0,1
City Hotel,8,2016,April,26,Male,SC,Online TA,TA/TO,0,0,0,A,Transient,1,1,0,2,2.0,59.5,0,Medium,4,🏙️ Viajero Estándar,1,238.0,1
Resort Hotel,148,2015,October,24,Female,BB,Groups,Direct,0,0,0,A,Transient,0,0,0,1,2.0,23.5,0,High,1,⚡ Reserva de Última Hora,6,47.0,0
City Hotel,69,2016,June,17,Male,BB,Online TA,TA/TO,0,0,0,A,Transient,1,1,0,3,2.0,63.45,0,High,4,🏙️ Viajero Estándar,2,380.70000000000005,1
Resort Hotel,56,2017,January,18,Female,BB,Online TA,TA/TO,0,0,0,A,Transient,1,1,0,4,2.0,21.0,0,Low,4,🏙️ Viajero Estándar,0,168.0,1
Resort Hotel,103,2016,February,9,Female,HB,Groups,TA/TO,0,0,0,A,Transient-Party,0,1,0,2,2.0,25.0,0,Low,4,🏙️ Viajero Estándar,1,100.0,0
City Hotel,8,2016,May,25,Female,SC,Online TA,TA/TO,0,0,0,A,Transient,0,1,0,1,2.0,59.5,0,Low,4,🏙️ Viajero Estándar,0,119.0,0
City Hotel,96,2016,July,16,Female,BB,Online TA,TA/TO,0,0,0,A,Transient,2,1,0,3,3.0,27.026666666666667,1,Low,3,👨‍👩‍👧 Turista Familiar,0,243.24,3
City Hotel,6,2015,August,21,Female,BB,Online TA,TA/TO,0,0,0,A,Transient,0,1,0,5,2.0,48.2,0,Low,4,🏙️ Viajero Estándar,0,482.0,0
City Hotel,189,2016,May,19,Female,BB,Groups,TA/TO,0,0,0,A,Transient-Party,1,1,0,3,2.0,32.5,0,Low,4,🏙️ Viajero Estándar,3,195.0,1
City Hotel,79,2015,October,10,Female,BB,Groups,TA/TO,0,0,0,A,Transient-Party,0,1,0,2,2.0,31.0,0,High,4,🏙️ Viajero Estándar,3,124.0,0
City Hotel,5,2015,November,23,Female,BB,Groups,TA/TO,0,0,0,A,Transient-Party,0,1,0,4,1.0,70.0,0,High,4,🏙️ Viajero Estándar,3,280.0,0
City Hotel,38,2016,February,13,Female,BB,Online TA,TA/TO,0,0,0,B,Transient-Party,0,1,0,1,2.0,34.76,0,Low,4,🏙️ Viajero Estándar,0,69.52,0
Resort Hotel,1,2015,September,9,Male,HB,Online TA,TA/TO,0,0,0,A,Transient,0,1,0,5,2.0,79.2,0,Low,4,🏙️ Viajero Estándar,0,792.0,0
City Hotel,28,2016,July,29,Male,BB,Online TA,TA/TO,0,0,0,A,Transient,0,1,0,1,3.0,39.66666666666666,1,Low,3,👨‍👩‍👧 Turista Familiar,0,118.99999999999997,1
City Hotel,78,2017,April,25,Female,BB,Online TA,TA/TO,0,0,0,A,Transient,1,1,0,4,2.0,60.75,0,Low,4,🏙️ Viajero Estándar,0,486.0,1
City Hotel,233,2015,September,18,Female,HB,Offline TA/TO,TA/TO,0,1,0,A,Transient-Party,0,1,0,1,2.0,60.0,0,High,0,🗓️ Planificador Anticipado,8,120.0,0
City Hotel,9,2016,January,17,Female,BB,Online TA,TA/TO,0,0,0,A,Transient,1,1,0,6,2.0,41.5,0,Low,4,🏙️ Viajero Estándar,0,498.0,1
City Hotel,172,2016,May,22,Female,BB,Online TA,TA/TO,0,0,0,D,Transient,1,1,0,3,2.0,44.35,0,Low,4,🏙️ Viajero Estándar,2,266.1,1
Resort Hotel,70,2015,December,31,Male,BB,Direct,Direct,0,0,0,D,Transient,0,0,0,3,2.0,77.49,0,High,1,⚡ Reserva de Última Hora,3,464.93999999999994,0
Resort Hotel,228,2017,August,13,Female,HB,Online TA,TA/TO,0,0,0,D,Transient,2,1,0,13,2.0,103.615,0,Low,2,💼 Viajero Premium,2,2693.99,2
Resort Hotel,29,2016,May,17,Female,BB,Offline TA/TO,TA/TO,0,0,0,E,Transient,0,0,1,2,1.0,94.5,0,High,1,⚡ Reserva de Última Hora,3,189.0,0
City Hotel,178,2016,September,9,Male,BB,Groups,TA/TO,0,0,0,A,Transient,0,1,0,2,1.0,135.0,0,High,4,🏙️ Viajero Estándar,5,270.0,0
City Hotel,0,2017,July,24,Female,SC,Online TA,TA/TO,0,0,0,A,Transient,1,1,0,1,1.0,120.0,0,Low,4,🏙️ Viajero Estándar,0,120.0,1
City Hotel,10,2015,September,5,Female,SC,Online TA,TA/TO,0,0,0,A,Contract,2,1,0,6,2.0,55.085,0,Low,0,🗓️ Planificador Anticipado,0,661.02,2
City Hotel,210,2015,October,8,Male,BB,Offline TA/TO,TA/TO,0,0,0,A,Transient-Party,0,1,0,4,2.0,36.375,0,Low,4,🏙️ Viajero Estándar,3,291.0,0
City Hotel,151,2016,August,5,Male,SC,Offline TA/TO,TA/TO,0,0,0,A,Transient,0,1,0,3,2.0,31.875,0,Low,4,🏙️ Viajero Estándar,2,191.25,0
City Hotel,129,2017,June,24,Female,BB,Groups,TA/TO,0,0,0,A,Transient,0,1,0,3,1.0,120.0,0,High,4,🏙️ Viajero Estándar,5,360.0,0
City Hotel,97,2016,August,1,Female,BB,Online TA,TA/TO,0,0,0,D,Transient,2,1,0,3,3.0,50.1,0,Low,4,🏙️ Viajero Estándar,0,450.90000000000003,2
Resort Hotel,112,2016,February,12,Female,FB,Groups,TA/TO,0,0,0,A,Transient-Party,0,1,0,2,2.0,34.0,0,High,4,🏙️ Viajero Estándar,3,136.0,0
City Hotel,386,2016,October,23,Female,HB,Offline TA/TO,TA/TO,0,0,0,A,Transient-Party,1,1,0,2,2.0,57.5,0,Low,4,🏙️ Viajero Estándar,3,230.0,1
Resort Hotel,223,2016,May,24,Male,BB,Groups,Direct,0,0,0,A,Transient-Party,0,0,1,6,1.0,60.0,0,Low,1,⚡ Reserva de Última Hora,5,360.0,0
City Hotel,48,2016,October,5,Female,BB,Groups,TA/TO,0,0,0,A,Transient,0,1,0,2,2.0,60.0,0,High,4,🏙️ Viajero Estándar,3,240.0,0
City Hotel,51,2017,March,21,Male,BB,Online TA,TA/TO,0,0,0,F,Transient,0,1,0,14,4.0,50.6775,1,Low,3,👨‍👩‍👧 Turista Familiar,0,2837.94,1
City Hotel,451,2016,May,16,Male,BB,Groups,TA/TO,0,0,0,A,Transient,0,1,0,3,2.0,30.0,0,High,4,🏙️ Viajero Estándar,6,180.0,0
City Hotel,7,2016,July,11,Female,BB,Corporate,Corporate,1,1,16,A,Transient,1,0,1,2,1.0,67.0,0,High,5,🏙️ Viajero Estándar,4,134.0,1
City Hotel,49,2016,March,23,Female,BB,Online TA,TA/TO,0,0,0,A,Transient,1,1,0,2,2.0,49.5,0,Low,4,🏙️ Viajero Estándar,0,198.0,1
Resort Hotel,38,2017,May,1,Female,HB,Online TA,TA/TO,0,0,0,A,Transient,0,1,0,1,2.0,46.8,0,Low,4,🏙️ Viajero Estándar,0,93.6,0
Resort Hotel,5,2015,September,15,Male,BB,Direct,Direct,0,0,0,D,Transient,0,1,0,1,2.0,73.0,0,High,4,🏙️ Viajero Estándar,2,146.0,0
City Hotel,314,2015,August,27,Male,BB,Groups,TA/TO,1,1,0,A,Transient-Party,0,1,0,2,2.0,31.4,0,High,5,🏙️ Viajero Estándar,7,125.6,0
City Hotel,126,2016,April,14,Female,BB,Groups,TA/TO,0,0,0,A,Transient,0,1,0,3,2.0,32.5,0,High,4,🏙️ Viajero Estándar,5,195.0,0
City Hotel,24,2017,February,26,Female,BB,Offline TA/TO,TA/TO,0,0,0,A,Transient,2,1,0,5,2.0,34.0,0,Low,4,🏙️ Viajero Estándar,0,340.0,2
City Hotel,229,2016,August,21,Female,BB,Online TA,TA/TO,0,0,0,F,Transient,2,1,0,3,4.0,44.325,1,Low,3,👨‍👩‍👧 Turista Familiar,2,531.9000000000001,3
City Hotel,0,2016,March,16,Male,BB,Corporate,Corporate,1,0,2,A,Transient,1,0,1,1,1.0,65.0,0,High,5,🏙️ Viajero Estándar,1,65.0,1
City Hotel,178,2016,April,28,Male,BB,Offline TA/TO,TA/TO,0,1,0,A,Transient,0,1,0,3,2.0,60.0,0,High,0,🗓️ Planificador Anticipado,7,360.0,0
City Hotel,37,2016,December,2,Female,SC,Online TA,TA/TO,0,0,0,A,Transient,1,1,0,4,2.0,37.4,0,Low,4,🏙️ Viajero Estándar,0,299.2,1
Resort Hotel,214,2016,September,19,Male,BB,Offline TA/TO,TA/TO,0,0,0,D,Contract,0,1,0,14,2.0,24.16,0,Low,2,💼 Viajero Premium,3,676.48,0
City Hotel,48,2017,March,2,Female,BB,Direct,Direct,0,0,0,A,Transient,0,1,0,1,2.0,38.5,0,Low,4,🏙️ Viajero Estándar,0,77.0,0
City Hotel,72,2016,March,31,Male,BB,Online TA,TA/TO,0,0,0,A,Transient,1,1,0,3,2.0,33.61,0,Low,4,🏙️ Viajero Estándar,0,201.66,1
City Hotel,17,2016,December,10,Male,SC,Online TA,TA/TO,1,0,5,A,Transient,0,1,0,1,2.0,47.5,0,High,5,🏙️ Viajero Estándar,0,95.0,0
City Hotel,203,2016,August,26,Male,BB,Offline TA/TO,TA/TO,0,0,0,A,Transient-Party,0,1,0,3,2.0,36.125,0,Low,4,🏙️ Viajero Estándar,3,216.75,0
City Hotel,129,2017,April,3,Male,BB,Groups,TA/TO,0,0,0,A,Transient,0,1,0,2,2.0,50.0,0,High,4,🏙️ Viajero Estándar,5,200.0,0
Resort Hotel,193,2016,July,23,Female,BB,Online TA,TA/TO,0,0,0,A,Transient,2,1,0,10,2.0,64.0,0,High,4,🏙️ Viajero Estándar,3,1280.0,2
Resort Hotel,7,2016,August,19,Female,BB,Online TA,TA/TO,0,0,0,A,Transient-Party,0,1,0,1,2.0,70.0,0,Low,4,🏙️ Viajero Estándar,0,140.0,0
Resort Hotel,39,2016,September,18,Female,BB,Online TA,TA/TO,0,0,0,E,Transient,1,1,0,3,2.0,52.335,0,Low,4,🏙️ Viajero Estándar,0,314.01,1
City Hotel,109,2017,June,30,Female,BB,Online TA,TA/TO,0,0,0,E,Transient,0,1,0,3,2.0,99.0,0,Low,4,🏙️ Viajero Estándar,0,594.0,0
City Hotel,62,2015,November,15,Male,BB,Online TA,TA/TO,0,0,0,D,Contract,1,1,0,4,2.0,40.95,0,Low,0,🗓️ Planificador Anticipado,0,327.6,1
City Hotel,293,2015,August,6,Female,BB,Groups,TA/TO,0,1,0,A,Contract,0,1,0,2,2.0,31.0,0,High,0,🗓️ Planificador Anticipado,9,124.0,0
City Hotel,0,2017,February,24,Female,SC,Direct,Direct,0,0,0,A,Transient,0,0,0,1,1.0,78.0,0,Low,1,⚡ Reserva de Última Hora,1,78.0,0
Resort Hotel,236,2017,July,4,Male,BB,Online TA,TA/TO,0,0,0,H,Transient,0,1,0,7,4.0,49.965,1,Low,3,👨‍👩‍👧 Turista Familiar,3,1399.02,1
Resort Hotel,123,2016,February,27,Female,FB,Groups,Direct,0,0,0,A,Transient-Party,0,1,0,2,2.0,32.0,0,Low,4,🏙️ Viajero Estándar,3,128.0,0
City Hotel,179,2017,May,19,Male,HB,Online TA,TA/TO,0,0,0,A,Transient,0,1,0,3,2.0,81.0,0,Low,4,🏙️ Viajero Estándar,2,486.0,0
City Hotel,96,2017,May,14,Female,BB,Online TA,TA/TO,0,0,0,A,Transient,0,1,0,3,2.0,69.0,0,Low,4,🏙️ Viajero Estándar,0,414.0,0
City Hotel,56,2015,September,25,Female,BB,Offline TA/TO,TA/TO,0,0,0,A,Transient-Party,0,1,0,4,2.0,92.5,0,Low,4,🏙️ Viajero Estándar,0,740.0,0
City Hotel,138,2017,June,17,Female,BB,Online TA,TA/TO,0,0,0,A,Transient,0,1,0,6,2.0,49.05,0,Low,4,🏙️ Viajero Estándar,2,588.5999999999999,0
Resort Hotel,383,2016,October,6,Female,BB,Groups,TA/TO,0,0,0,A,Transient-Party,0,1,0,4,2.0,24.0,0,High,4,🏙️ Viajero Estándar,6,192.0,0
City Hotel,146,2016,April,24,Male,BB,Offline TA/TO,TA/TO,0,0,0,A,Transient,0,1,0,2,2.0,47.5,0,High,4,🏙️ Viajero Estándar,4,190.0,0
City Hotel,112,2016,May,20,Female,BB,Online TA,TA/TO,0,0,0,D,Transient,2,1,0,2,3.0,56.1,0,High,4,🏙️ Viajero Estándar,1,336.6,2
City Hotel,102,2015,October,16,Male,HB,Offline TA/TO,TA/TO,0,0,0,A,Transient-Party,0,1,0,2,2.0,50.75,0,High,4,🏙️ Viajero Estándar,2,203.0,0
Resort Hotel,169,2016,March,31,Female,BB,Groups,Direct,0,0,0,A,Transient-Party,0,0,1,4,1.0,60.0,0,Low,1,⚡ Reserva de Última Hora,4,240.0,0
City Hotel,127,2017,June,22,Male,BB,Online TA,TA/TO,0,0,0,A,Transient,0,1,0,4,1.0,108.0,0,Low,4,🏙️ Viajero Estándar,2,432.0,0
City Hotel,85,2016,November,24,Female,BB,Online TA,TA/TO,0,0,0,A,Transient,0,1,0,4,2.0,44.2,0,Low,4,🏙️ Viajero Estándar,0,353.6,0
City Hotel,2,2017,February,9,Female,SC,Online TA,TA/TO,0,0,0,A,Transient,1,1,0,1,1.0,88.0,0,High,4,🏙️ Viajero Estándar,2,88.0,1
City Hotel,128,2016,June,20,Female,BB,Online TA,TA/TO,0,0,0,A,Transient,0,1,0,3,2.0,60.0,0,Low,4,🏙️ Viajero Estándar,2,360.0,0
City Hotel,279,2015,July,23,Female,BB,Groups,TA/TO,1,1,0,A,Transient-Party,0,1,0,2,2.0,31.4,0,High,5,🏙️ Viajero Estándar,7,125.6,0
Resort Hotel,145,2017,July,18,Female,BB,Online TA,TA/TO,0,0,0,C,Transient,1,1,0,3,4.0,51.95,1,Low,3,👨‍👩‍👧 Turista Familiar,2,623.4000000000001,2
City Hotel,30,2016,September,7,Female,BB,Online TA,TA/TO,0,0,0,A,Transient,3,1,0,1,2.0,54.5,0,Medium,4,🏙️ Viajero Estándar,0,109.0,3
Resort Hotel,260,2015,September,19,Female,BB,Offline TA/TO,TA/TO,0,1,0,A,Transient,0,1,0,7,2.0,27.495,0,High,0,🗓️ Planificador Anticipado,8,384.93,0
City Hotel,195,2017,July,17,Female,BB,Direct,Direct,0,0,0,D,Transient,1,1,0,5,2.0,55.8,0,Low,4,🏙️ Viajero Estándar,2,558.0,1
City Hotel,44,2017,April,20,Male,BB,Offline TA/TO,TA/TO,0,0,0,A,Transient-Party,0,1,0,4,1.0,75.0,0,Low,4,🏙️ Viajero Estándar,0,300.0,0
City Hotel,2,2016,February,13,Female,SC,Online TA,TA/TO,0,0,0,A,Transient,1,1,0,1,2.0,39.5,0,High,4,🏙️ Viajero Estándar,2,79.0,1
Resort Hotel,23,2016,December,10,Female,BB,Online TA,TA/TO,0,0,0,D,Transient,1,1,0,2,2.0,36.0,0,Low,4,🏙️ Viajero Estándar,0,144.0,1
City Hotel,67,2016,April,9,Male,BB,Online TA,TA/TO,0,0,0,D,Transient,0,1,0,2,2.0,68.85,0,Low,4,🏙️ Viajero Estándar,0,275.4,0
City Hotel,328,2017,August,2,Male,HB,Online TA,TA/TO,0,0,0,D,Transient,2,1,0,7,2.0,86.0,0,Medium,4,🏙️ Viajero Estándar,3,1204.0,2
Resort Hotel,161,2016,June,4,Male,BB,Online TA,TA/TO,0,0,0,A,Transient,1,1,0,8,2.0,36.0,0,High,4,🏙️ Viajero Estándar,4,576.0,1
City Hotel,75,2016,October,22,Male,BB,Online TA,TA/TO,0,0,0,D,Transient,1,1,0,4,2.0,56.395,0,Low,4,🏙️ Viajero Estándar,0,451.16,1
Resort Hotel,3,2016,June,6,Female,BB,Corporate,Corporate,0,0,0,A,Transient,0,0,0,1,2.0,32.5,0,High,1,⚡ Reserva de Última Hora,3,65.0,0
Resort Hotel,0,2015,December,29,Female,HB,Online TA,TA/TO,0,0,0,F,Transient,1,1,0,2,2.0,52.555,0,Low,4,🏙️ Viajero Estándar,0,210.22,1
Resort Hotel,270,2017,July,6,Male,BB,Online TA,TA/TO,0,0,0,E,Transient,3,1,0,3,2.0,62.95,0,Medium,4,🏙️ Viajero Estándar,3,377.70000000000005,3
Resort Hotel,2,2016,June,5,Female,BB,Online TA,TA/TO,0,0,0,A,Transient,1,0,0,1,2.0,54.5,0,Low,1,⚡ Reserva de Última Hora,1,109.0,1
Resort Hotel,143,2016,August,3,Male,BB,Online TA,TA/TO,0,0,0,A,Transient,0,1,0,7,2.0,105.5,0,High,4,🏙️ Viajero Estándar,4,1477.0,0
City Hotel,56,2017,March,10,Male,BB,Online TA,TA/TO,0,0,0,A,Transient,0,1,0,3,2.0,48.6,0,Low,4,🏙️ Viajero Estándar,0,291.6,0
Resort Hotel,62,2015,October,25,Male,BB,Offline TA/TO,TA/TO,0,0,0,D,Contract,0,1,0,6,2.0,22.4,1,Low,3,👨‍👩‍👧 Turista Familiar,0,268.79999999999995,1
Resort Hotel,44,2016,February,27,Female,BB,Online TA,TA/TO,0,0,0,A,Transient,2,1,0,2,2.0,24.0,0,High,4,🏙️ Viajero Estándar,1,96.0,2
Resort Hotel,201,2016,March,19,Female,BB,Online TA,TA/TO,0,0,0,A,Transient,1,1,0,7,2.0,18.77,0,High,4,🏙️ Viajero Estándar,5,262.78,1
Resort Hotel,150,2017,August,16,Female,HB,Online TA,TA/TO,0,0,0,D,Transient,2,1,0,7,2.0,130.5,0,High,2,💼 Viajero Premium,3,1827.0,2
City Hotel,56,2017,March,18,Female,BB,Direct,Direct,0,0,0,A,Transient,1,1,0,1,2.0,39.6,0,High,4,🏙️ Viajero Estándar,2,79.2,1
Resort Hotel,154,2016,December,22,Female,BB,Online TA,TA/TO,0,0,0,A,Transient,2,1,0,7,2.0,23.9,0,Low,4,🏙️ Viajero Estándar,1,334.59999999999997,2
City Hotel,166,2016,October,6,Female,BB,Online TA,TA/TO,0,0,0,A,Transient,2,1,0,4,2.0,59.4,0,Low,4,🏙️ Viajero Estándar,1,475.2,2
City Hotel,65,2017,March,25,Female,BB,Online TA,TA/TO,0,0,0,D,Transient,0,1,0,3,3.0,47.4,0,Medium,4,🏙️ Viajero Estándar,1,426.59999999999997,0
Resort Hotel,163,2016,May,5,Female,BB,Online TA,TA/TO,0,0,0,E,Transient-Party,1,1,0,9,2.0,41.155,0,Low,4,🏙️ Viajero Estándar,2,740.79,1
Resort Hotel,185,2016,April,18,Female,HB,Groups,TA/TO,0,0,0,A,Transient-Party,0,1,0,2,2.0,43.0,0,High,4,🏙️ Viajero Estándar,5,172.0,0
City Hotel,53,2016,September,26,Female,BB,Groups,TA/TO,0,0,0,A,Transient,0,1,0,3,2.0,52.5,0,High,4,🏙️ Viajero Estándar,3,315.0,0
City Hotel,323,2017,August,29,Female,BB,Online TA,TA/TO,0,0,0,A,Transient,2,1,0,1,3.0,41.7,1,Medium,3,👨‍👩‍👧 Turista Familiar,3,125.10000000000001,3
City Hotel,31,2016,March,13,Female,BB,Offline TA/TO,TA/TO,0,0,0,A,Transient,0,1,0,3,2.0,42.5,0,Low,4,🏙️ Viajero Estándar,0,255.0,0
Resort Hotel,148,2015,October,24,Male,BB,Groups,Direct,0,0,0,A,Transient,0,0,0,1,1.0,39.0,0,High,1,⚡ Reserva de Última Hora,6,39.0,0
Resort Hotel,23,2016,March,12,Female,BB,Online TA,TA/TO,0,0,0,A,Transient,0,1,0,1,2.0,24.0,0,Low,4,🏙️ Viajero Estándar,0,48.0,0
City Hotel,6,2017,January,25,Male,SC,Online TA,TA/TO,0,0,0,A,Transient,0,1,0,1,2.0,44.0,0,Low,4,🏙️ Viajero Estándar,0,88.0,0
City Hotel,215,2016,November,21,Male,BB,Groups,Corporate,0,0,0,A,Transient,0,0,1,2,1.0,75.0,0,Medium,1,⚡ Reserva de Última Hora,6,150.0,0
City Hotel,61,2017,April,22,Male,BB,Online TA,TA/TO,0,0,0,D,Transient,1,1,0,3,2.0,67.5,0,Low,4,🏙️ Viajero Estándar,0,405.0,1
City Hotel,34,2016,November,27,Female,BB,Groups,TA/TO,0,0,0,A,Transient-Party,0,0,0,3,2.0,37.5,0,High,1,⚡ Reserva de Última Hora,4,225.0,0
City Hotel,50,2015,October,24,Male,HB,Groups,TA/TO,0,0,0,A,Transient,0,0,0,1,2.0,73.0,0,High,1,⚡ Reserva de Última Hora,4,146.0,0
City Hotel,144,2016,July,23,Female,BB,Online TA,TA/TO,0,0,0,A,Transient,1,1,0,2,2.0,52.65,0,Low,4,🏙️ Viajero Estándar,2,210.6,1
Resort Hotel,1,2016,March,22,Male,BB,Direct,Direct,1,0,2,A,Transient,1,0,0,1,1.0,45.0,0,High,5,🏙️ Viajero Estándar,1,45.0,1
City Hotel,74,2017,January,18,Female,BB,Online TA,TA/TO,0,0,0,A,Transient,3,1,0,4,2.0,44.195,0,Low,4,🏙️ Viajero Estándar,0,353.56,3
City Hotel,132,2017,May,28,Male,BB,Offline TA/TO,TA/TO,0,0,0,A,Transient,0,1,0,4,2.0,49.5,0,High,4,🏙️ Viajero Estándar,4,396.0,0
City Hotel,7,2017,March,20,Female,SC,Online TA,TA/TO,0,0,0,A,Transient,0,1,0,1,2.0,49.0,0,Low,4,🏙️ Viajero Estándar,0,98.0,0
City Hotel,46,2016,November,18,Female,BB,Online TA,TA/TO,0,0,0,A,Transient,1,1,0,2,1.0,89.2,0,Low,4,🏙️ Viajero Estándar,0,178.4,1
City Hotel,33,2017,March,23,Female,BB,Offline TA/TO,TA/TO,0,0,0,D,Transient,0,1,0,2,3.0,43.46666666666667,0,Low,4,🏙️ Viajero Estándar,0,260.8,0
City Hotel,323,2015,September,5,Male,BB,Groups,TA/TO,0,1,0,A,Transient-Party,0,1,0,4,2.0,31.0,0,High,0,🗓️ Planificador Anticipado,9,248.0,0
Resort Hotel,56,2017,January,3,Female,BB,Online TA,TA/TO,0,0,0,H,Transient,2,1,0,4,3.0,29.0,1,Low,3,👨‍👩‍👧 Turista Familiar,0,348.0,3
City Hotel,4,2015,December,8,Male,BB,Online TA,TA/TO,0,0,0,A,Transient,0,1,0,2,1.0,62.37,0,Low,4,🏙️ Viajero Estándar,0,124.74,0
City Hotel,301,2015,August,14,Female,HB,Offline TA/TO,TA/TO,0,1,0,A,Transient-Party,0,1,0,2,2.0,50.75,0,High,0,🗓️ Planificador Anticipado,8,203.0,0
Resort Hotel,218,2016,September,8,Female,BB,Online TA,TA/TO,0,0,0,E,Transient,1,1,0,4,2.0,60.0,0,High,4,🏙️ Viajero Estándar,5,480.0,1
City Hotel,138,2016,May,7,Male,BB,Online TA,TA/TO,0,0,0,A,Transient,1,1,0,1,2.0,57.15,0,Low,4,🏙️ Viajero Estándar,2,114.3,1
Resort Hotel,248,2016,June,17,Female,BB,Offline TA/TO,TA/TO,0,0,0,A,Transient,0,1,0,14,2.0,29.8,0,Low,2,💼 Viajero Premium,3,834.4,0
Resort Hotel,165,2017,July,27,Female,BB,Online TA,TA/TO,0,0,0,A,Transient,1,1,0,5,2.0,80.0,0,High,4,🏙️ Viajero Estándar,4,800.0,1
Resort Hotel,1,2017,August,10,Male,BB,Direct,TA/TO,0,0,0,D,Transient,2,0,0,1,2.0,102.5,0,Low,1,⚡ Reserva de Última Hora,0,205.0,2
City Hotel,67,2017,February,12,Female,BB,Groups,TA/TO,0,0,0,A,Transient,0,1,0,2,2.0,40.0,0,High,4,🏙️ Viajero Estándar,3,160.0,0
City Hotel,476,2017,July,15,Female,BB,Offline TA/TO,TA/TO,0,0,0,A,Transient-Party,2,1,0,3,2.0,56.335,0,Low,4,🏙️ Viajero Estándar,2,338.01,2
City Hotel,0,2017,March,16,Female,BB,Offline TA/TO,TA/TO,0,0,0,A,Transient,0,0,0,3,0.0,0.0,0,High,1,⚡ Reserva de Última Hora,3,0.0,0
Resort Hotel,0,2016,December,14,Male,BB,Direct,Direct,0,0,0,A,Transient,0,0,0,1,1.0,35.0,0,Low,1,⚡ Reserva de Última Hora,1,35.0,0
City Hotel,7,2017,April,20,Female,SC,Corporate,Corporate,0,0,0,A,Transient,1,0,1,5,0.0,0.0,0,High,1,⚡ Reserva de Última Hora,3,0.0,1
Resort Hotel,0,2016,August,26,Male,BB,Direct,Direct,0,0,0,E,Transient,0,0,0,1,2.0,84.5,0,High,1,⚡ Reserva de Última Hora,3,169.0,0
City Hotel,1,2015,December,16,Female,BB,Online TA,TA/TO,0,0,0,A,Transient,0,1,0,1,1.0,90.0,0,High,4,🏙️ Viajero Estándar,2,90.0,0
Resort Hotel,179,2016,July,11,Male,FB,Offline TA/TO,TA/TO,0,0,0,A,Transient-Party,1,1,0,5,2.0,12.35,1,High,3,👨‍👩‍👧 Turista Familiar,4,123.5,2
City Hotel,386,2016,October,23,Male,HB,Offline TA/TO,TA/TO,0,0,0,A,Transient-Party,1,1,0,2,2.0,57.5,0,High,4,🏙️ Viajero Estándar,5,230.0,1
City Hotel,566,2017,January,26,Female,BB,Groups,TA/TO,0,0,0,A,Transient,0,1,0,2,2.0,31.0,0,High,4,🏙️ Viajero Estándar,6,124.0,0
Resort Hotel,31,2015,November,10,Male,BB,Corporate,Corporate,0,0,0,A,Transient-Party,0,0,1,4,3.0,18.0,1,Low,3,👨‍👩‍👧 Turista Familiar,1,216.0,1
City Hotel,23,2015,November,5,Male,BB,Corporate,Corporate,0,0,0,A,Transient,0,0,1,1,1.0,65.0,0,High,1,⚡ Reserva de Última Hora,3,65.0,0
City Hotel,178,2016,August,26,Female,BB,Offline TA/TO,TA/TO,0,0,0,E,Transient,0,1,0,2,3.0,39.2,1,Low,3,👨‍👩‍👧 Turista Familiar,2,235.20000000000002,1
City Hotel,251,2017,July,8,Female,BB,Online TA,TA/TO,0,0,0,A,Transient,2,1,0,7,2.0,53.55,0,Low,4,🏙️ Viajero Estándar,2,749.6999999999999,2
Resort Hotel,43,2016,February,11,Male,BB,Online TA,TA/TO,0,0,0,D,Transient,0,1,0,4,2.0,23.2,0,High,4,🏙️ Viajero Estándar,2,185.6,0
City Hotel,265,2016,April,20,Female,BB,Groups,TA/TO,0,0,0,A,Transient-Party,0,1,0,4,2.0,49.5,0,Low,4,🏙️ Viajero Estándar,4,396.0,0
Resort Hotel,0,2017,March,17,Female,BB,Online TA,TA/TO,0,0,0,E,Transient,1,1,0,1,2.0,47.5,0,High,4,🏙️ Viajero Estándar,2,95.0,1
Resort Hotel,223,2016,May,24,Female,BB,Groups,Direct,0,0,0,A,Transient-Party,1,0,1,6,2.0,33.0,0,Low,1,⚡ Reserva de Última Hora,5,396.0,1
City Hotel,13,2016,February,21,Female,BB,Offline TA/TO,TA/TO,0,0,0,A,Transient,0,1,0,2,2.0,43.5,0,Low,4,🏙️ Viajero Estándar,0,174.0,0
City Hotel,49,2016,September,4,Female,BB,Online TA,TA/TO,0,0,0,A,Transient,3,1,0,2,2.0,54.9,0,Low,4,🏙️ Viajero Estándar,0,219.6,3
City Hotel,9,2017,March,18,Female,BB,Online TA,TA/TO,0,0,0,D,Transient,0,1,0,1,3.0,56.0,0,Low,4,🏙️ Viajero Estándar,0,168.0,0
City Hotel,231,2016,September,11,Female,BB,Online TA,TA/TO,0,0,0,B,Transient-Party,1,1,0,4,2.0,50.15,0,High,4,🏙️ Viajero Estándar,5,401.2,1
City Hotel,56,2016,May,13,Female,SC,Online TA,TA/TO,0,0,0,A,Transient,1,1,0,3,2.0,58.05,0,High,4,🏙️ Viajero Estándar,2,348.29999999999995,1
Resort Hotel,289,2015,November,20,Female,HB,Groups,TA/TO,0,0,0,A,Transient-Party,0,1,0,3,2.0,29.5,0,Low,4,🏙️ Viajero Estándar,4,177.0,0
City Hotel,115,2017,June,24,Male,BB,Online TA,TA/TO,0,0,0,E,Transient,0,1,0,3,3.0,66.0,0,Low,4,🏙️ Viajero Estándar,0,594.0,0
City Hotel,0,2015,October,28,Female,BB,Complementary,Direct,1,0,5,A,Transient,1,0,1,2,2.0,0.0,0,High,5,🏙️ Viajero Estándar,1,0.0,1
City Hotel,89,2016,September,2,Female,BB,Online TA,TA/TO,0,0,0,A,Transient,0,1,0,2,2.0,67.95,0,Low,4,🏙️ Viajero Estándar,0,271.8,0
Resort Hotel,57,2017,April,14,Female,HB,Groups,TA/TO,0,0,0,D,Contract,0,1,0,9,2.0,46.0,0,Low,0,🗓️ Planificador Anticipado,1,828.0,0
Resort Hotel,66,2016,May,20,Male,BB,Online TA,TA/TO,0,0,0,D,Transient,0,1,0,1,2.0,43.0,0,Low,4,🏙️ Viajero Estándar,0,86.0,0
City Hotel,115,2016,March,20,Female,BB,Groups,TA/TO,0,1,0,A,Transient,0,1,0,2,1.0,70.0,0,High,0,🗓️ Planificador Anticipado,6,140.0,0
City Hotel,66,2017,March,10,Male,BB,Groups,TA/TO,0,0,0,A,Transient-Party,0,1,0,3,2.0,40.0,0,High,4,🏙️ Viajero Estándar,3,240.0,0
Resort Hotel,19,2017,March,7,Male,HB,Direct,Direct,0,0,0,D,Transient-Party,0,0,0,4,2.0,37.5,0,Low,1,⚡ Reserva de Última Hora,1,300.0,0
City Hotel,86,2016,April,9,Male,BB,Offline TA/TO,TA/TO,0,0,0,A,Transient-Party,1,1,0,4,2.0,40.375,0,Low,4,🏙️ Viajero Estándar,0,323.0,1
City Hotel,151,2016,January,19,Female,BB,Offline TA/TO,TA/TO,0,0,0,A,Transient-Party,0,1,0,2,1.0,71.0,0,Low,4,🏙️ Viajero Estándar,2,142.0,0
City Hotel,13,2016,February,23,Male,HB,Direct,Direct,0,0,0,E,Transient,0,1,0,2,2.0,86.0,0,Low,4,🏙️ Viajero Estándar,0,344.0,0
City Hotel,54,2016,April,27,Male,SC,Online TA,TA/TO,0,0,0,A,Transient,1,1,0,3,2.0,39.385,0,Low,4,🏙️ Viajero Estándar,0,236.31,1
Resort Hotel,6,2016,February,5,Female,BB,Direct,Direct,0,0,0,A,Transient,0,1,0,4,2.0,22.5,0,High,4,🏙️ Viajero Estándar,2,180.0,0
City Hotel,0,2016,September,22,Male,BB,Direct,Direct,0,0,0,G,Transient,0,0,0,1,2.0,92.5,0,High,1,⚡ Reserva de Última Hora,3,185.0,0
City Hotel,316,2017,April,27,Male,BB,Online TA,TA/TO,0,0,0,A,Transient,0,1,0,3,2.0,54.9,0,Low,4,🏙️ Viajero Estándar,3,329.4,0
Resort Hotel,239,2017,April,15,Female,BB,Online TA,TA/TO,0,0,0,A,Transient,1,1,0,7,2.0,28.445,0,Low,4,🏙️ Viajero Estándar,3,398.23,1
Resort Hotel,27,2015,November,3,Female,HB,Online TA,TA/TO,0,0,0,A,Transient,2,1,0,3,2.0,32.85,0,Low,4,🏙️ Viajero Estándar,0,197.10000000000002,2
Resort Hotel,6,2016,December,27,Female,BB,Corporate,Corporate,1,0,1,A,Transient,0,1,0,1,1.0,30.0,0,High,5,🏙️ Viajero Estándar,0,30.0,0
Resort Hotel,212,2016,April,11,Female,HB,Groups,Direct,0,0,0,A,Transient,0,1,0,7,2.0,33.525,0,High,4,🏙️ Viajero Estándar,6,469.34999999999997,0
City Hotel,211,2017,August,3,Male,BB,Online TA,TA/TO,0,0,0,D,Transient,0,1,0,4,2.0,85.0,0,Medium,4,🏙️ Viajero Estándar,4,680.0,0
Resort Hotel,15,2016,April,7,Female,BB,Online TA,TA/TO,0,0,0,E,Transient,0,1,0,3,2.0,42.5,0,Low,4,🏙️ Viajero Estándar,0,255.0,0
Resort Hotel,0,2016,February,2,Male,BB,Offline TA/TO,TA/TO,0,0,0,A,Transient,0,1,0,1,2.0,15.25,0,High,4,🏙️ Viajero Estándar,2,30.5,0
City Hotel,1,2015,September,18,Female,BB,Complementary,Direct,1,0,4,A,Transient,1,0,1,1,1.0,0.0,0,High,5,🏙️ Viajero Estándar,1,0.0,1
City Hotel,364,2015,October,16,Male,HB,Offline TA/TO,TA/TO,0,1,0,A,Transient-Party,0,1,0,2,2.0,50.75,0,High,0,🗓️ Planificador Anticipado,8,203.0,0
City Hotel,181,2017,April,15,Male,BB,Online TA,TA/TO,0,0,0,D,Transient,0,1,0,2,2.0,65.25,0,Medium,4,🏙️ Viajero Estándar,3,261.0,0
Resort Hotel,245,2016,September,17,Male,BB,Online TA,TA/TO,0,0,0,D,Transient,2,1,0,4,2.0,47.5,0,Low,4,🏙️ Viajero Estándar,2,380.0,2
Resort Hotel,345,2017,July,21,Male,BB,Online TA,TA/TO,0,0,0,A,Transient,2,1,0,8,2.0,69.19,0,Low,4,🏙️ Viajero Estándar,2,1107.04,2
City Hotel,206,2016,September,8,Female,BB,Online TA,TA/TO,0,0,0,A,Transient,2,1,0,3,2.0,63.45,0,Low,4,🏙️ Viajero Estándar,2,380.70000000000005,2
Resort Hotel,23,2016,November,12,Male,HB,Online TA,TA/TO,0,0,0,A,Transient,0,1,0,7,2.0,28.695,0,Low,4,🏙️ Viajero Estándar,0,401.73,0
City Hotel,104,2015,August,30,Female,HB,Groups,TA/TO,0,0,0,A,Transient,0,1,0,3,2.0,45.0,0,Low,4,🏙️ Viajero Estándar,1,270.0,0
Resort Hotel,90,2016,May,18,Male,BB,Offline TA/TO,TA/TO,0,0,0,D,Transient,0,1,0,0,2.0,0.0,0,High,4,🏙️ Viajero Estándar,2,0.0,0
City Hotel,156,2017,July,15,Female,BB,Online TA,TA/TO,0,0,0,D,Transient,0,1,0,3,2.0,58.05,0,Low,4,🏙️ Viajero Estándar,2,348.29999999999995,0
City Hotel,57,2016,November,9,Female,SC,Direct,Direct,0,0,0,A,Transient,2,1,0,2,0.0,165.38,0,Low,4,🏙️ Viajero Estándar,0,0.0,2
City Hotel,96,2015,July,23,Male,BB,Online TA,TA/TO,0,0,0,A,Transient,1,1,0,2,1.0,68.0,0,High,4,🏙️ Viajero Estándar,2,136.0,1
City Hotel,1,2017,April,27,Male,BB,Corporate,Corporate,1,0,1,A,Transient,0,0,1,1,1.0,95.0,0,High,5,🏙️ Viajero Estándar,1,95.0,0
City Hotel,395,2017,May,17,Male,BB,Offline TA/TO,TA/TO,0,0,0,A,Transient-Party,0,1,0,3,2.0,56.335,0,Low,4,🏙️ Viajero Estándar,3,338.01,0
Resort Hotel,162,2016,March,24,Male,Undefined,Groups,TA/TO,0,0,0,A,Transient-Party,0,0,0,3,2.0,42.0,0,High,1,⚡ Reserva de Última Hora,6,252.0,0
City Hotel,14,2016,August,15,Female,BB,Online TA,TA/TO,0,0,0,D,Transient,1,1,0,2,2.0,83.0,0,Low,4,🏙️ Viajero Estándar,0,332.0,1
Resort Hotel,88,2016,December,1,Male,BB,Online TA,TA/TO,0,0,0,A,Transient,1,1,0,3,2.0,19.95,0,High,4,🏙️ Viajero Estándar,2,119.69999999999999,1
City Hotel,405,2017,July,4,Female,HB,Offline TA/TO,TA/TO,0,0,0,A,Transient-Party,0,1,0,2,2.0,57.2,0,Low,4,🏙️ Viajero Estándar,3,228.8,0
Resort Hotel,221,2015,October,10,Male,HB,Offline TA/TO,TA/TO,0,1,0,A,Transient,0,1,0,2,2.0,17.0,0,High,0,🗓️ Planificador Anticipado,8,68.0,0
Resort Hotel,9,2017,August,6,Female,BB,Direct,Direct,0,0,0,A,Transient,1,1,0,2,2.0,109.5,0,High,4,🏙️ Viajero Estándar,2,438.0,1
City Hotel,265,2017,February,23,Female,BB,Online TA,TA/TO,0,0,0,A,Transient,2,1,0,1,1.0,84.6,0,Low,4,🏙️ Viajero Estándar,2,84.6,2
City Hotel,136,2016,April,15,Female,BB,Direct,Direct,0,0,0,D,Transient,0,1,0,4,2.0,44.625,0,Low,4,🏙️ Viajero Estándar,2,357.0,0
City Hotel,3,2017,June,15,Female,BB,Online TA,TA/TO,0,0,0,A,Transient,1,1,0,4,2.0,88.75,0,Low,4,🏙️ Viajero Estándar,0,710.0,1
City Hotel,37,2017,June,12,Female,BB,Offline TA/TO,TA/TO,0,0,0,A,Transient,0,1,0,3,2.0,49.5,0,High,4,🏙️ Viajero Estándar,2,297.0,0
Resort Hotel,85,2015,August,22,Male,BB,Direct,Direct,0,0,0,D,Transient,1,0,0,7,2.0,73.15,0,High,1,⚡ Reserva de Última Hora,3,1024.1000000000001,1
City Hotel,457,2016,October,21,Male,BB,Groups,TA/TO,0,0,0,A,Transient,0,1,0,2,2.0,32.5,0,High,4,🏙️ Viajero Estándar,6,130.0,0
City Hotel,0,2016,February,2,Female,BB,Corporate,Corporate,1,1,2,A,Transient,0,0,1,2,1.0,65.0,0,High,5,🏙️ Viajero Estándar,4,130.0,0
Resort Hotel,1,2017,January,24,Female,BB,Online TA,Corporate,1,0,4,A,Transient,2,1,0,2,1.0,43.0,0,High,5,🏙️ Viajero Estándar,0,86.0,2
Resort Hotel,160,2017,June,1,Male,BB,Offline TA/TO,TA/TO,0,0,0,D,Contract,0,1,0,10,2.0,34.2,0,High,0,🗓️ Planificador Anticipado,4,684.0,0
City Hotel,36,2016,October,16,Female,BB,Online TA,TA/TO,0,0,0,A,Transient,1,1,0,1,1.0,107.1,0,Low,4,🏙️ Viajero Estándar,0,107.1,1
Resort Hotel,223,2017,August,13,Male,BB,Online TA,TA/TO,0,0,0,E,Transient,4,1,0,6,2.0,106.165,0,High,4,🏙️ Viajero Estándar,4,1273.98,4
City Hotel,46,2017,June,6,Female,BB,Online TA,TA/TO,0,0,0,D,Transient,1,1,0,4,3.0,70.0,0,Low,4,🏙️ Viajero Estándar,0,840.0,1
City Hotel,82,2016,April,8,Male,BB,Online TA,TA/TO,0,0,0,D,Transient,1,1,0,4,2.0,49.725,0,Low,4,🏙️ Viajero Estándar,0,397.8,1
Resort Hotel,1,2017,May,23,Female,BB,Online TA,TA/TO,0,0,2,A,Group,2,1,0,2,1.0,75.0,0,High,0,🗓️ Planificador Anticipado,1,150.0,2
City Hotel,143,2017,May,4,Female,BB,Groups,TA/TO,0,0,0,A,Transient,0,1,0,2,2.0,60.0,0,High,4,🏙️ Viajero Estándar,5,240.0,0
Resort Hotel,214,2015,October,2,Female,BB,Offline TA/TO,TA/TO,0,0,0,A,Transient,0,1,0,5,2.0,20.7,0,Low,4,🏙️ Viajero Estándar,3,207.0,0
City Hotel,46,2016,February,7,Female,BB,Direct,Direct,0,0,0,B,Transient,0,1,0,5,1.0,63.12,1,High,3,👨‍👩‍👧 Turista Familiar,2,315.59999999999997,1
Resort Hotel,126,2017,March,6,Female,BB,Online TA,TA/TO,0,0,0,D,Transient,2,1,0,5,2.0,32.0,0,Low,4,🏙️ Viajero Estándar,1,320.0,2
City Hotel,0,2015,October,2,Female,BB,Direct,Direct,0,0,0,A,Transient-Party,0,0,0,2,1.0,145.0,0,High,1,⚡ Reserva de Última Hora,3,290.0,0
City Hotel,346,2016,September,13,Male,HB,Offline TA/TO,TA/TO,0,0,0,A,Transient-Party,1,1,0,0,2.0,0.0,0,High,4,🏙️ Viajero Estándar,5,0.0,1
City Hotel,0,2016,May,23,Female,BB,Offline TA/TO,TA/TO,0,0,0,A,Transient-Party,1,1,0,1,1.0,115.0,0,Low,4,🏙️ Viajero Estándar,0,115.0,1
City Hotel,111,2016,September,16,Female,BB,Online TA,TA/TO,0,0,0,D,Transient,3,1,0,2,3.0,56.1,0,Low,4,🏙️ Viajero Estándar,0,336.6,3
City Hotel,14,2016,February,24,Female,BB,Offline TA/TO,TA/TO,0,0,0,A,Transient,1,1,0,3,3.0,39.333333333333336,0,Low,4,🏙️ Viajero Estándar,0,354.0,1
Resort Hotel,7,2017,March,2,Female,BB,Groups,Corporate,0,0,0,A,Transient-Party,0,0,1,3,2.0,18.5,0,Low,1,⚡ Reserva de Última Hora,2,111.0,0
Resort Hotel,4,2016,April,9,Female,BB,Online TA,TA/TO,0,0,0,A,Transient,1,1,0,5,2.0,33.5,0,Low,4,🏙️ Viajero Estándar,0,335.0,1
City Hotel,16,2016,September,22,Female,BB,Online TA,TA/TO,0,0,0,D,Transient,1,1,0,1,2.0,92.0,0,Low,4,🏙️ Viajero Estándar,0,184.0,1
City Hotel,308,2017,July,5,Male,BB,Online TA,TA/TO,0,0,0,A,Transient,1,1,0,7,2.0,51.75,0,Low,4,🏙️ Viajero Estándar,3,724.5,1
City Hotel,28,2015,September,12,Female,BB,Online TA,TA/TO,0,0,0,A,Transient,1,1,0,3,2.0,58.5,0,High,4,🏙️ Viajero Estándar,2,351.0,1
Resort Hotel,10,2017,January,14,Male,BB,Online TA,TA/TO,0,0,0,A,Transient,1,1,0,1,2.0,27.5,0,Low,4,🏙️ Viajero Estándar,0,55.0,1
City Hotel,239,2017,August,27,Male,BB,Direct,Direct,0,0,0,A,Transient,0,1,0,5,2.0,48.125,0,Low,4,🏙️ Viajero Estándar,3,481.25,0
Resort Hotel,8,2017,May,16,Female,BB,Online TA,TA/TO,0,0,0,E,Transient,1,1,0,1,2.0,57.5,0,Low,4,🏙️ Viajero Estándar,0,115.0,1
City Hotel,367,2015,October,19,Male,BB,Groups,TA/TO,0,1,0,A,Contract,0,1,0,2,2.0,31.0,0,High,0,🗓️ Planificador Anticipado,9,124.0,0
Resort Hotel,2,2017,February,3,Female,HB,Online TA,TA/TO,0,0,0,A,Transient-Party,1,1,0,2,2.0,43.5,0,Low,4,🏙️ Viajero Estándar,0,174.0,1
City Hotel,69,2015,December,29,Female,BB,Online TA,TA/TO,0,0,0,B,Contract,0,1,0,7,2.0,46.215,0,High,0,🗓️ Planificador Anticipado,2,647.01,0
City Hotel,4,2015,September,16,Male,BB,Direct,Direct,0,0,0,D,Transient,1,0,0,3,2.0,73.8,0,High,1,⚡ Reserva de Última Hora,3,442.79999999999995,1
Resort Hotel,129,2016,August,12,Male,BB,Online TA,TA/TO,0,0,0,A,Transient,0,1,0,3,2.0,94.5,0,Low,4,🏙️ Viajero Estándar,2,567.0,0
City Hotel,38,2016,August,15,Female,BB,Online TA,TA/TO,0,0,0,D,Transient,2,1,0,6,3.0,59.1,0,Low,4,🏙️ Viajero Estándar,0,1063.8000000000002,2
Resort Hotel,11,2017,June,16,Male,BB,Direct,Direct,0,0,0,A,Transient,1,1,0,2,2.0,74.5,0,High,4,🏙️ Viajero Estándar,2,298.0,1
City Hotel,140,2017,April,28,Male,BB,Offline TA/TO,TA/TO,0,0,0,A,Transient-Party,0,1,0,4,2.0,65.0,0,High,4,🏙️ Viajero Estándar,4,520.0,0
City Hotel,302,2015,August,15,Female,BB,Groups,TA/TO,0,1,0,A,Transient-Party,0,1,0,4,2.0,31.0,0,High,0,🗓️ Planificador Anticipado,9,248.0,0
City Hotel,8,2015,October,23,Female,BB,Corporate,Corporate,1,2,7,A,Transient,0,0,1,2,1.0,65.0,0,High,5,🏙️ Viajero Estándar,4,130.0,0
City Hotel,33,2016,February,8,Male,BB,Online TA,TA/TO,0,0,0,A,Transient,1,1,0,4,2.0,40.15,0,High,4,🏙️ Viajero Estándar,2,321.2,1
City Hotel,9,2017,February,25,Female,BB,Offline TA/TO,TA/TO,0,0,0,A,Contract,0,1,0,4,2.0,34.0,0,High,0,🗓️ Planificador Anticipado,2,272.0,0
City Hotel,149,2017,June,24,Female,BB,Groups,TA/TO,0,0,0,A,Transient-Party,0,0,0,1,1.0,120.0,0,High,1,⚡ Reserva de Última Hora,6,120.0,0
City Hotel,4,2016,January,2,Female,BB,Online TA,TA/TO,0,0,0,A,Transient-Party,2,1,0,2,1.0,97.0,0,Low,4,🏙️ Viajero Estándar,0,194.0,2
City Hotel,300,2015,August,13,Male,BB,Groups,TA/TO,0,1,0,A,Contract,0,1,0,2,2.0,31.0,0,High,0,🗓️ Planificador Anticipado,9,124.0,0
Resort Hotel,68,2017,January,3,Male,BB,Online TA,TA/TO,0,0,0,A,Transient,1,1,0,7,2.0,18.9,0,Low,4,🏙️ Viajero Estándar,0,264.59999999999997,1
Resort Hotel,1,2016,April,6,Female,BB,Online TA,TA/TO,0,0,0,A,Transient,1,1,0,7,2.0,32.5,0,High,4,🏙️ Viajero Estándar,2,455.0,1
City Hotel,332,2017,July,1,Female,BB,Online TA,TA/TO,0,0,0,D,Transient,2,1,0,4,2.0,56.7,0,Low,4,🏙️ Viajero Estándar,2,453.6,2
City Hotel,51,2017,July,11,Female,BB,Online TA,TA/TO,0,0,0,G,Transient,1,1,0,4,5.0,64.3,1,Low,3,👨‍👩‍👧 Turista Familiar,0,1286.0,2
Resort Hotel,35,2016,October,28,Female,HB,Online TA,TA/TO,0,0,0,A,Transient,2,1,0,2,2.0,39.0,0,Low,4,🏙️ Viajero Estándar,0,156.0,2
Resort Hotel,3,2017,July,10,Male,BB,Online TA,TA/TO,0,0,0,A,Transient,1,1,0,3,2.0,44.8,0,Low,4,🏙️ Viajero Estándar,0,268.79999999999995,1
City Hotel,19,2017,February,10,Female,BB,Online TA,TA/TO,0,0,0,A,Transient,1,1,0,2,2.0,60.25,0,Low,4,🏙️ Viajero Estándar,0,241.0,1
Resort Hotel,18,2016,April,11,Male,BB,Direct,Direct,0,0,0,A,Transient,0,0,0,1,1.0,56.0,0,High,1,⚡ Reserva de Última Hora,3,56.0,0
Resort Hotel,99,2015,September,18,Female,BB,Offline TA/TO,TA/TO,0,0,0,E,Transient,0,1,0,3,2.0,40.6,0,Low,4,🏙️ Viajero Estándar,0,243.60000000000002,0
City Hotel,66,2016,October,20,Female,BB,Online TA,TA/TO,0,0,0,F,Transient,1,1,0,2,4.0,47.7,1,Low,3,👨‍👩‍👧 Turista Familiar,0,381.6,2
City Hotel,2,2016,April,20,Female,BB,Corporate,Corporate,1,1,1,D,Transient,0,0,1,1,1.0,110.0,0,High,5,🏙️ Viajero Estándar,4,110.0,0
Resort Hotel,149,2015,September,12,Male,HB,Offline TA/TO,TA/TO,0,0,0,A,Transient,0,1,0,7,1.0,58.05,0,Low,4,🏙️ Viajero Estándar,2,406.34999999999997,0
City Hotel,60,2017,February,10,Female,BB,Online TA,TA/TO,0,0,0,A,Transient,1,1,0,2,2.0,36.73,0,Low,4,🏙️ Viajero Estándar,0,146.92,1
Resort Hotel,203,2017,April,25,Female,HB,Groups,TA/TO,0,0,0,A,Transient-Party,0,1,0,2,2.0,45.0,0,Low,4,🏙️ Viajero Estándar,4,180.0,0
City Hotel,28,2017,August,26,Female,SC,Online TA,TA/TO,0,0,0,A,Transient,2,1,0,2,2.0,57.25,0,Low,4,🏙️ Viajero Estándar,0,229.0,2
Resort Hotel,171,2016,April,4,Female,HB,Groups,TA/TO,0,0,0,A,Transient-Party,0,1,0,2,2.0,42.5,0,Low,4,🏙️ Viajero Estándar,3,170.0,0
City Hotel,11,2017,February,14,Female,BB,Direct,Direct,0,0,0,D,Transient,1,0,0,1,2.0,30.0,0,High,1,⚡ Reserva de Última Hora,3,60.0,1
Resort Hotel,2,2016,December,15,Female,BB,Corporate,Corporate,0,0,1,A,Transient,0,0,1,1,1.0,36.0,0,Low,1,⚡ Reserva de Última Hora,1,36.0,0
City Hotel,330,2016,October,14,Female,BB,Online TA,TA/TO,0,0,0,B,Contract,1,1,0,2,2.0,53.35,0,High,0,🗓️ Planificador Anticipado,5,213.4,1
City Hotel,46,2016,December,16,Female,SC,Online TA,TA/TO,0,0,0,A,Transient,1,1,0,3,2.0,39.6,0,Low,4,🏙️ Viajero Estándar,0,237.60000000000002,1
City Hotel,57,2016,June,10,Male,BB,Offline TA/TO,TA/TO,0,0,0,A,Transient-Party,1,1,0,3,2.0,45.335,0,High,4,🏙️ Viajero Estándar,2,272.01,1
City Hotel,11,2015,December,11,Female,BB,Complementary,Direct,0,0,0,D,Transient,1,0,0,2,2.0,0.0,0,High,1,⚡ Reserva de Última Hora,3,0.0,1
Resort Hotel,198,2017,May,5,Female,BB,Offline TA/TO,TA/TO,0,0,0,D,Transient,1,1,0,3,2.0,27.0,0,Low,4,🏙️ Viajero Estándar,2,162.0,1
Resort Hotel,16,2016,February,5,Female,BB,Online TA,TA/TO,0,0,0,A,Transient,1,1,0,2,2.0,29.0,0,Low,4,🏙️ Viajero Estándar,0,116.0,1
City Hotel,5,2015,September,10,Female,BB,Online TA,TA/TO,0,0,0,A,Transient,1,1,0,2,2.0,62.0,0,High,4,🏙️ Viajero Estándar,2,248.0,1
City Hotel,266,2016,December,26,Female,BB,Online TA,TA/TO,0,0,0,A,Transient,0,1,0,4,2.0,36.975,0,Low,4,🏙️ Viajero Estándar,3,295.8,0
Resort Hotel,6,2017,January,10,Female,BB,Offline TA/TO,TA/TO,0,0,0,A,Transient-Party,1,1,0,3,2.0,17.0,0,High,4,🏙️ Viajero Estándar,2,102.0,1
City Hotel,230,2016,June,19,Male,BB,Offline TA/TO,TA/TO,0,0,0,A,Transient,0,1,0,5,2.0,40.375,0,Low,4,🏙️ Viajero Estándar,3,403.75,0
Resort Hotel,338,2017,July,6,Female,BB,Online TA,TA/TO,0,0,0,G,Transient,0,1,0,1,4.0,41.0,1,Low,3,👨‍👩‍👧 Turista Familiar,3,164.0,1
City Hotel,29,2016,April,18,Female,HB,Online TA,TA/TO,0,0,0,A,Transient,2,1,0,4,3.0,54.48666666666667,1,Low,3,👨‍👩‍👧 Turista Familiar,0,653.84,3
City Hotel,0,2015,August,17,Female,BB,Online TA,TA/TO,0,0,0,A,Contract,0,1,0,1,2.0,69.0,0,Low,0,🗓️ Planificador Anticipado,0,138.0,0
Resort Hotel,239,2015,September,19,Female,HB,Offline TA/TO,TA/TO,0,0,0,A,Transient-Party,0,1,0,2,2.0,40.0,0,Low,4,🏙️ Viajero Estándar,3,160.0,0
Resort Hotel,115,2017,May,17,Female,BB,Online TA,TA/TO,0,0,0,A,Transient,2,1,0,2,2.0,42.5,0,Medium,4,🏙️ Viajero Estándar,0,170.0,2
City Hotel,211,2016,May,31,Female,SC,Online TA,TA/TO,0,0,0,B,Transient,0,1,0,3,2.0,34.345,0,Low,4,🏙️ Viajero Estándar,3,206.07,0
City Hotel,11,2017,February,19,Female,BB,Online TA,TA/TO,0,0,0,A,Transient,0,1,0,1,2.0,50.0,0,Low,4,🏙️ Viajero Estándar,0,100.0,0
Resort Hotel,0,2017,March,5,Female,BB,Direct,Direct,0,0,0,A,Transient,0,0,0,1,1.0,60.0,0,High,1,⚡ Reserva de Última Hora,3,60.0,0
Resort Hotel,103,2017,March,27,Male,BB,Groups,Corporate,0,0,0,A,Transient,0,1,0,2,1.0,42.0,0,High,4,🏙️ Viajero Estándar,3,84.0,0
City Hotel,31,2017,June,5,Female,SC,Online TA,TA/TO,0,0,0,A,Transient,0,1,0,2,1.0,130.0,0,High,4,🏙️ Viajero Estándar,2,260.0,0
City Hotel,45,2015,October,31,Female,BB,Online TA,TA/TO,0,0,0,D,Transient,2,1,0,7,2.0,45.32,0,Low,4,🏙️ Viajero Estándar,0,634.48,2
City Hotel,175,2017,May,19,Male,BB,Groups,TA/TO,0,0,0,A,Transient,0,1,0,1,1.0,90.0,0,High,4,🏙️ Viajero Estándar,5,90.0,0
City Hotel,117,2016,September,20,Male,BB,Online TA,TA/TO,0,0,0,D,Transient,0,1,0,3,2.0,71.55,0,Low,4,🏙️ Viajero Estándar,0,429.29999999999995,0
Resort Hotel,70,2017,February,22,Male,BB,Corporate,Corporate,0,0,0,A,Transient-Party,0,0,1,4,2.0,21.0,0,High,1,⚡ Reserva de Última Hora,3,168.0,0
Resort Hotel,161,2016,October,18,Female,BB,Online TA,TA/TO,0,0,0,E,Transient-Party,0,1,0,7,2.0,30.23,0,Low,4,🏙️ Viajero Estándar,2,423.22,0
City Hotel,265,2016,June,24,Male,HB,Offline TA/TO,TA/TO,0,0,0,A,Transient-Party,1,1,0,2,2.0,57.5,0,Low,4,🏙️ Viajero Estándar,3,230.0,1
Resort Hotel,218,2016,August,20,Female,BB,Offline TA/TO,TA/TO,0,0,0,A,Transient,0,1,0,14,2.0,45.775,0,High,4,🏙️ Viajero Estándar,5,1281.7,0
City Hotel,241,2016,June,20,Female,BB,Online TA,TA/TO,0,0,0,A,Contract,1,1,0,9,2.0,53.1,0,Low,0,🗓️ Planificador Anticipado,3,955.8000000000001,1
City Hotel,89,2016,April,4,Male,BB,Online TA,TA/TO,0,0,0,A,Transient,0,1,0,4,2.0,41.225,0,Low,4,🏙️ Viajero Estándar,0,329.8,0
City Hotel,9,2016,May,22,Female,BB,Direct,Direct,0,0,0,A,Transient,0,1,0,1,2.0,54.825,0,High,4,🏙️ Viajero Estándar,2,109.65,0
Resort Hotel,4,2017,July,10,Male,BB,Online TA,TA/TO,0,0,0,G,Transient,1,1,0,4,4.0,41.0,1,Low,3,👨‍👩‍👧 Turista Familiar,0,656.0,2
Resort Hotel,136,2016,September,19,Female,BB,Offline TA/TO,TA/TO,0,0,0,D,Transient,0,1,0,3,2.0,38.0,0,Low,4,🏙️ Viajero Estándar,2,228.0,0
City Hotel,30,2015,September,30,Female,HB,Offline TA/TO,TA/TO,0,0,0,A,Transient,0,1,0,2,2.0,60.5,0,High,4,🏙️ Viajero Estándar,2,242.0,0
Resort Hotel,16,2017,January,27,Male,BB,Groups,Corporate,0,0,0,A,Transient-Party,0,0,0,3,2.0,20.0,0,Medium,1,⚡ Reserva de Última Hora,3,120.0,0
Resort Hotel,6,2015,October,11,Male,BB,Online TA,TA/TO,0,0,0,E,Transient,1,1,1,2,2.0,41.0,0,High,4,🏙️ Viajero Estándar,2,164.0,1
Resort Hotel,5,2017,March,6,Male,BB,Offline TA/TO,TA/TO,0,0,0,A,Transient,0,1,0,1,1.0,30.0,0,High,4,🏙️ Viajero Estándar,2,30.0,0
Resort Hotel,232,2016,November,26,Female,BB,Groups,TA/TO,0,0,0,A,Transient,0,1,0,3,2.0,15.0,0,High,4,🏙️ Viajero Estándar,6,90.0,0
Resort Hotel,50,2017,June,8,Male,BB,Direct,Direct,0,0,0,E,Transient,0,1,0,1,2.0,82.5,0,Low,4,🏙️ Viajero Estándar,0,165.0,0
City Hotel,126,2017,May,30,Female,BB,Direct,Direct,0,0,0,A,Transient,0,1,0,4,2.0,58.5,0,Low,4,🏙️ Viajero Estándar,2,468.0,0
City Hotel,124,2016,August,5,Male,BB,Online TA,TA/TO,0,0,0,D,Transient,1,1,0,3,3.0,47.9,0,Low,4,🏙️ Viajero Estándar,2,431.09999999999997,1
Resort Hotel,29,2017,August,16,Female,HB,Online TA,TA/TO,0,0,0,A,Transient,2,1,0,6,2.0,136.25,0,Low,2,💼 Viajero Premium,0,1635.0,2
City Hotel,156,2016,July,25,Female,BB,Online TA,TA/TO,0,0,0,A,Transient,0,1,0,3,3.0,40.5,1,Low,3,👨‍👩‍👧 Turista Familiar,2,364.5,1
Resort Hotel,148,2016,August,1,Female,BB,Online TA,TA/TO,0,0,0,A,Transient,0,1,0,3,2.0,80.0,0,Low,4,🏙️ Viajero Estándar,2,480.0,0
Resort Hotel,122,2015,October,22,Female,BB,Online TA,TA/TO,0,0,0,D,Transient,2,1,0,4,2.0,27.5,0,Low,4,🏙️ Viajero Estándar,1,220.0,2
Resort Hotel,4,2016,March,21,Male,BB,Corporate,Corporate,0,0,0,A,Transient,0,0,1,1,1.0,27.0,0,High,1,⚡ Reserva de Última Hora,3,27.0,0
City Hotel,104,2017,May,26,Male,SC,Online TA,TA/TO,0,0,0,A,Transient,0,1,0,5,2.0,64.4,0,Low,4,🏙️ Viajero Estándar,0,644.0,0
Resort Hotel,32,2016,November,23,Female,Undefined,Offline TA/TO,TA/TO,0,0,0,C,Transient,1,1,0,14,3.0,32.0,1,Low,3,👨‍👩‍👧 Turista Familiar,0,1344.0,2
City Hotel,47,2016,September,11,Female,SC,Online TA,TA/TO,0,0,0,A,Transient,1,1,0,2,2.0,62.55,0,Low,4,🏙️ Viajero Estándar,0,250.2,1
City Hotel,136,2016,July,10,Male,BB,Offline TA/TO,TA/TO,0,0,0,A,Transient,1,1,0,6,2.0,36.125,0,Medium,4,🏙️ Viajero Estándar,3,433.5,1
City Hotel,36,2017,April,15,Male,SC,Online TA,TA/TO,0,0,0,A,Transient,0,1,0,1,2.0,60.0,0,High,4,🏙️ Viajero Estándar,2,120.0,0
City Hotel,113,2016,December,8,Male,BB,Online TA,TA/TO,0,0,0,A,Transient,1,1,0,1,2.0,45.0,0,Low,4,🏙️ Viajero Estándar,0,90.0,1
City Hotel,161,2016,March,25,Male,HB,Offline TA/TO,TA/TO,0,0,0,A,Transient,0,1,0,3,3.0,43.333333333333336,0,High,4,🏙️ Viajero Estándar,4,390.0,0
Resort Hotel,132,2016,August,3,Female,HB,Direct,Direct,0,0,0,A,Transient,0,1,0,7,1.0,194.0,0,High,4,🏙️ Viajero Estándar,4,1358.0,0
City Hotel,30,2016,May,11,Female,SC,Online TA,TA/TO,0,0,0,A,Transient,1,1,0,2,2.0,58.05,0,Low,4,🏙️ Viajero Estándar,0,232.2,1
City Hotel,10,2016,April,9,Male,HB,Groups,TA/TO,0,0,0,A,Transient-Party,1,1,0,2,2.0,45.0,0,High,4,🏙️ Viajero Estándar,3,180.0,1
City Hotel,154,2017,July,17,Female,BB,Online TA,TA/TO,0,0,0,D,Transient,0,1,0,4,2.0,58.05,0,Low,4,🏙️ Viajero Estándar,2,464.4,0
Resort Hotel,153,2017,April,12,Female,BB,Online TA,TA/TO,0,0,0,E,Transient,2,1,0,4,2.0,45.0,0,Low,4,🏙️ Viajero Estándar,1,360.0,2
City Hotel,71,2015,December,4,Female,BB,Online TA,TA/TO,0,0,0,E,Transient,1,1,0,2,3.0,41.48,0,Low,4,🏙️ Viajero Estándar,0,248.88,1
City Hotel,174,2017,June,30,Female,BB,Online TA,TA/TO,0,0,0,D,Transient,0,1,0,4,3.0,50.080000000000005,0,Low,4,🏙️ Viajero Estándar,2,600.96,0
Resort Hotel,214,2017,March,25,Male,BB,Online TA,TA/TO,0,0,0,E,Transient-Party,0,1,0,7,2.0,23.32,0,Low,4,🏙️ Viajero Estándar,3,326.48,0
City Hotel,107,2015,August,12,Female,BB,Online TA,TA/TO,0,0,0,B,Transient-Party,0,1,0,1,2.0,38.25,0,High,4,🏙️ Viajero Estándar,2,76.5,0
Resort Hotel,34,2016,March,20,Female,BB,Online TA,TA/TO,0,0,0,H,Transient,0,1,0,5,4.0,26.6,1,High,3,👨‍👩‍👧 Turista Familiar,2,532.0,1
City Hotel,209,2017,March,30,Female,SC,Online TA,TA/TO,0,0,0,A,Transient,1,1,0,6,2.0,45.465,0,Low,4,🏙️ Viajero Estándar,3,545.58,1
City Hotel,0,2016,May,13,Female,BB,Direct,Direct,1,0,0,A,Transient-Party,0,0,0,1,2.0,69.5,0,Low,5,🏙️ Viajero Estándar,0,139.0,0
Resort Hotel,0,2016,May,30,Female,BB,Groups,Direct,0,0,0,A,Transient-Party,0,0,1,0,1.0,0.0,0,High,1,⚡ Reserva de Última Hora,4,0.0,0
Resort Hotel,84,2016,September,14,Female,BB,Groups,Direct,0,0,0,A,Transient-Party,0,0,1,1,1.0,60.0,0,Low,1,⚡ Reserva de Última Hora,2,60.0,0
Resort Hotel,49,2015,December,17,Male,BB,Offline TA/TO,TA/TO,0,0,0,E,Transient,0,1,0,19,2.0,22.665,0,Low,2,💼 Viajero Premium,0,861.27,0
City Hotel,16,2017,June,1,Male,SC,Online TA,TA/TO,0,0,0,A,Transient,1,1,0,4,2.0,67.5,0,Medium,4,🏙️ Viajero Estándar,1,540.0,1
City Hotel,80,2016,April,10,Male,HB,Offline TA/TO,TA/TO,0,0,0,A,Transient,0,1,0,3,1.0,100.0,0,High,4,🏙️ Viajero Estándar,2,300.0,0
Resort Hotel,152,2016,November,27,Female,BB,Online TA,TA/TO,0,0,0,D,Transient,0,1,0,2,1.0,46.8,0,Low,4,🏙️ Viajero Estándar,2,93.6,0
Resort Hotel,31,2016,December,30,Female,HB,Groups,Direct,0,0,0,D,Transient-Party,1,0,0,2,2.0,162.5,0,High,1,⚡ Reserva de Última Hora,4,650.0,1
Resort Hotel,5,2017,January,2,Female,BB,Online TA,TA/TO,0,0,0,A,Transient,1,1,0,5,2.0,27.0,0,Low,4,🏙️ Viajero Estándar,0,270.0,1
Resort Hotel,236,2016,May,12,Male,BB,Groups,TA/TO,0,0,0,A,Transient-Party,0,1,0,4,2.0,24.0,0,High,4,🏙️ Viajero Estándar,6,192.0,0
City Hotel,86,2016,January,22,Female,BB,Groups,TA/TO,0,1,0,A,Transient,0,1,0,1,2.0,42.5,0,High,0,🗓️ Planificador Anticipado,6,85.0,0
City Hotel,87,2016,June,11,Male,BB,Offline TA/TO,TA/TO,0,0,0,A,Transient,0,1,0,4,2.0,47.5,0,High,4,🏙️ Viajero Estándar,2,380.0,0
City Hotel,210,2015,October,8,Female,BB,Offline TA/TO,TA/TO,0,0,0,A,Transient-Party,0,1,0,4,2.0,36.375,0,Low,4,🏙️ Viajero Estándar,3,291.0,0
City Hotel,69,2016,June,12,Male,BB,Offline TA/TO,TA/TO,0,0,0,A,Transient,0,1,0,6,1.0,120.0,0,High,4,🏙️ Viajero Estándar,2,720.0,0
Resort Hotel,0,2016,November,23,Female,BB,Offline TA/TO,TA/TO,1,0,1,A,Transient,1,1,0,1,2.0,17.0,0,Low,5,🏙️ Viajero Estándar,0,34.0,1
City Hotel,16,2016,June,8,Male,BB,Groups,Direct,0,0,0,A,Transient,0,0,0,1,1.0,92.65,0,Low,1,⚡ Reserva de Última Hora,2,92.65,0
City Hotel,43,2017,June,23,Female,BB,Online TA,TA/TO,0,0,0,A,Transient,1,1,0,6,2.0,73.335,0,Low,4,🏙️ Viajero Estándar,0,880.02,1
Resort Hotel,3,2017,April,9,Male,BB,Corporate,Direct,0,0,0,A,Transient,0,0,0,3,2.0,50.0,0,High,1,⚡ Reserva de Última Hora,3,300.0,0
City Hotel,30,2016,April,14,Female,HB,Online TA,TA/TO,0,0,0,D,Transient,0,1,0,2,2.0,78.75,0,Low,4,🏙️ Viajero Estándar,0,315.0,0
Resort Hotel,149,2016,July,23,Female,FB,Offline TA/TO,TA/TO,0,0,0,D,Transient,1,1,0,7,3.0,65.25,1,High,3,👨‍👩‍👧 Turista Familiar,4,1370.25,2
City Hotel,172,2016,June,24,Male,BB,Offline TA/TO,TA/TO,0,0,0,A,Transient-Party,0,1,0,2,1.0,95.0,0,High,4,🏙️ Viajero Estándar,4,190.0,0
City Hotel,69,2015,September,4,Female,BB,Online TA,TA/TO,0,0,0,A,Transient,0,1,0,6,1.0,88.83,0,High,4,🏙️ Viajero Estándar,2,532.98,0
City Hotel,132,2016,July,1,Female,BB,Offline TA/TO,TA/TO,0,0,0,A,Transient,0,1,0,3,2.0,36.125,0,High,4,🏙️ Viajero Estándar,4,216.75,0
City Hotel,23,2017,June,1,Female,BB,Online TA,TA/TO,0,0,0,D,Transient,1,1,0,3,3.0,70.0,0,Medium,4,🏙️ Viajero Estándar,1,630.0,1
City Hotel,16,2016,December,7,Female,SC,Online TA,TA/TO,0,0,0,A,Transient,0,1,0,10,2.0,37.995,0,Low,4,🏙️ Viajero Estándar,0,759.9,0
City Hotel,235,2017,May,26,Female,SC,Online TA,TA/TO,0,0,0,A,Transient,1,1,0,3,2.0,71.05,0,Low,4,🏙️ Viajero Estándar,3,426.29999999999995,1
City Hotel,12,2016,February,23,Female,BB,Online TA,TA/TO,0,0,0,A,Transient,0,1,0,2,2.0,46.5,0,Low,4,🏙️ Viajero Estándar,0,186.0,0
City Hotel,0,2016,November,7,Female,BB,Corporate,Corporate,1,0,1,A,Transient,0,0,1,2,2.0,37.5,0,High,5,🏙️ Viajero Estándar,1,150.0,0
Resort Hotel,3,2016,November,4,Female,BB,Online TA,TA/TO,0,0,0,D,Transient,2,1,0,2,2.0,37.0,0,Low,4,🏙️ Viajero Estándar,0,148.0,2
City Hotel,130,2017,August,19,Male,SC,Online TA,TA/TO,0,0,0,A,Transient,1,1,0,4,2.0,62.5,0,Low,4,🏙️ Viajero Estándar,2,500.0,1
Resort Hotel,1,2017,April,4,Female,BB,Corporate,Corporate,0,0,0,A,Transient,0,0,1,1,1.0,45.0,0,High,1,⚡ Reserva de Última Hora,3,45.0,0
Resort Hotel,173,2016,October,5,Male,BB,Online TA,TA/TO,0,0,0,E,Transient,1,1,0,7,2.0,42.145,0,Low,4,🏙️ Viajero Estándar,2,590.0300000000001,1
City Hotel,258,2015,July,2,Female,BB,Groups,TA/TO,1,1,0,A,Transient-Party,0,1,0,2,2.0,31.4,0,High,5,🏙️ Viajero Estándar,7,125.6,0
City Hotel,5,2017,July,22,Female,SC,Online TA,TA/TO,0,0,0,A,Transient,0,1,0,5,2.0,70.0,0,High,4,🏙️ Viajero Estándar,2,700.0,0
City Hotel,82,2016,January,30,Female,BB,Online TA,TA/TO,0,1,0,B,Contract,0,1,0,8,2.0,38.75,0,High,0,🗓️ Planificador Anticipado,5,620.0,0
Resort Hotel,40,2017,January,16,Male,Undefined,Groups,Direct,0,0,0,A,Transient-Party,0,0,0,3,1.0,55.0,0,High,1,⚡ Reserva de Última Hora,4,165.0,0
City Hotel,257,2015,July,1,Female,HB,Offline TA/TO,TA/TO,0,0,0,A,Transient,0,1,0,2,2.0,50.75,0,High,4,🏙️ Viajero Estándar,5,203.0,0
City Hotel,26,2017,March,11,Male,BB,Offline TA/TO,TA/TO,0,0,0,A,Contract,0,1,0,2,2.0,34.0,0,Low,0,🗓️ Planificador Anticipado,0,136.0,0
City Hotel,128,2016,August,3,Female,SC,Online TA,TA/TO,0,0,0,A,Transient,1,1,0,3,2.0,47.25,0,Low,4,🏙️ Viajero Estándar,2,283.5,1
City Hotel,11,2015,December,15,Female,BB,Corporate,Corporate,0,0,0,A,Transient-Party,0,1,0,1,1.0,65.0,0,High,4,🏙️ Viajero Estándar,2,65.0,0
City Hotel,116,2017,March,24,Female,BB,Groups,TA/TO,0,0,0,A,Transient-Party,1,1,0,2,2.0,50.0,0,Low,4,🏙️ Viajero Estándar,1,200.0,1
City Hotel,20,2016,March,6,Male,BB,Online TA,TA/TO,0,0,0,A,Transient,0,1,0,3,1.0,85.0,0,Low,4,🏙️ Viajero Estándar,0,255.0,0
City Hotel,2,2017,July,15,Female,SC,Online TA,TA/TO,0,0,0,A,Transient-Party,1,1,0,7,0.0,22.86,0,Low,4,🏙️ Viajero Estándar,0,0.0,1
City Hotel,62,2016,July,26,Female,BB,Online TA,TA/TO,0,0,0,D,Transient,2,1,0,4,3.0,48.9,0,High,4,🏙️ Viajero Estándar,1,586.8,2
Resort Hotel,4,2015,October,3,Female,BB,Offline TA/TO,TA/TO,0,0,0,A,Transient,1,1,0,2,2.0,29.0,0,High,4,🏙️ Viajero Estándar,2,116.0,1
Resort Hotel,252,2016,May,6,Male,BB,Offline TA/TO,TA/TO,0,0,0,A,Contract,0,1,0,0,1.0,0.0,0,High,2,💼 Viajero Premium,5,0.0,0
Resort Hotel,0,2015,December,19,Female,BB,Direct,Direct,0,0,0,D,Transient,0,0,0,1,2.0,21.5,0,Low,1,⚡ Reserva de Última Hora,1,43.0,0
City Hotel,102,2017,May,27,Female,BB,Online TA,TA/TO,0,0,0,D,Transient,0,1,0,5,2.0,59.76,0,High,4,🏙️ Viajero Estándar,2,597.6,0
Resort Hotel,1,2017,April,20,Male,BB,Corporate,Corporate,0,0,0,A,Transient-Party,0,0,1,0,1.0,0.0,0,High,1,⚡ Reserva de Última Hora,3,0.0,0
City Hotel,201,2017,June,14,Female,BB,Groups,TA/TO,0,0,0,A,Transient,0,0,0,4,2.0,55.0,0,High,1,⚡ Reserva de Última Hora,7,440.0,0
Resort Hotel,57,2015,November,26,Male,BB,Online TA,TA/TO,0,0,0,A,Transient,1,1,0,3,1.0,36.0,0,Low,4,🏙️ Viajero Estándar,0,108.0,1
City Hotel,98,2016,April,30,Female,BB,Online TA,TA/TO,0,0,0,A,Transient-Party,0,1,0,7,2.0,54.905,0,High,4,🏙️ Viajero Estándar,2,768.6700000000001,0
Resort Hotel,46,2016,March,4,Female,BB,Online TA,TA/TO,0,0,0,A,Transient,2,1,0,2,2.0,24.0,0,High,4,🏙️ Viajero Estándar,1,96.0,2
City Hotel,36,2017,August,19,Female,BB,Online TA,TA/TO,0,0,0,A,Transient,2,1,0,1,3.0,66.66666666666667,1,Low,3,👨‍👩‍👧 Turista Familiar,0,200.0,3
Resort Hotel,313,2017,June,19,Female,BB,Offline TA/TO,TA/TO,0,0,0,A,Contract,2,1,0,14,2.0,28.35,0,High,2,💼 Viajero Premium,4,793.8000000000001,2
City Hotel,7,2016,April,22,Female,BB,Direct,Direct,0,0,0,A,Transient,1,0,0,3,2.0,37.5,0,High,1,⚡ Reserva de Última Hora,3,225.0,1
City Hotel,190,2016,April,9,Male,BB,Offline TA/TO,TA/TO,0,0,0,A,Transient-Party,1,1,0,2,2.0,35.0,0,High,4,🏙️ Viajero Estándar,4,140.0,1
City Hotel,107,2016,December,26,Female,SC,Online TA,TA/TO,0,0,0,A,Transient,1,1,0,4,2.0,30.545,0,Low,4,🏙️ Viajero Estándar,0,244.36,1
City Hotel,87,2017,May,4,Female,BB,Direct,Direct,0,0,0,A,Transient,1,1,0,3,2.0,54.0,0,Low,4,🏙️ Viajero Estándar,0,324.0,1
Resort Hotel,7,2016,December,13,Female,BB,Corporate,Corporate,1,0,8,A,Transient,0,0,1,1,1.0,42.0,0,High,5,🏙️ Viajero Estándar,1,42.0,0
City Hotel,8,2016,March,25,Female,SC,Online TA,TA/TO,0,0,0,A,Transient,1,1,0,2,2.0,69.5,0,Low,4,🏙️ Viajero Estándar,0,278.0,1
City Hotel,7,2017,April,13,Male,BB,Online TA,TA/TO,0,0,0,E,Transient,2,1,0,2,3.0,89.66666666666667,0,Low,4,🏙️ Viajero Estándar,0,538.0,2
City Hotel,87,2015,September,25,Female,BB,Groups,TA/TO,0,0,0,A,Transient,0,1,0,5,2.0,85.0,0,High,4,🏙️ Viajero Estándar,3,850.0,0
City Hotel,225,2017,April,15,Female,SC,Online TA,TA/TO,0,0,0,A,Transient,0,1,0,2,2.0,49.5,0,Low,4,🏙️ Viajero Estándar,3,198.0,0
City Hotel,53,2016,May,18,Male,SC,Online TA,TA/TO,0,0,0,A,Transient,2,1,0,1,2.0,44.7,0,Low,4,🏙️ Viajero Estándar,0,89.4,2
City Hotel,172,2016,June,24,Female,BB,Offline TA/TO,TA/TO,0,0,0,A,Transient-Party,0,1,0,2,1.0,95.0,0,High,4,🏙️ Viajero Estándar,4,190.0,0
Resort Hotel,3,2016,December,17,Female,BB,Direct,Direct,0,0,0,A,Transient-Party,1,0,0,1,2.0,19.5,0,High,1,⚡ Reserva de Última Hora,3,39.0,1
City Hotel,8,2016,February,19,Male,BB,Corporate,TA/TO,0,0,0,A,Transient-Party,0,0,1,1,1.0,80.0,0,High,1,⚡ Reserva de Última Hora,3,80.0,0
Resort Hotel,0,2016,June,16,Male,BB,Direct,Direct,1,0,1,F,Transient,0,0,0,1,2.0,84.5,0,High,5,🏙️ Viajero Estándar,1,169.0,0
City Hotel,143,2017,May,4,Female,BB,Groups,TA/TO,0,0,0,A,Transient,0,1,0,2,1.0,110.0,0,High,4,🏙️ Viajero Estándar,5,220.0,0
City Hotel,229,2017,July,12,Female,BB,Groups,TA/TO,0,0,0,A,Transient,0,0,0,5,2.0,55.0,0,High,1,⚡ Reserva de Última Hora,7,550.0,0
Resort Hotel,34,2016,March,13,Female,HB,Offline TA/TO,TA/TO,0,0,0,A,Contract,0,1,0,7,2.0,27.5,0,Low,0,🗓️ Planificador Anticipado,0,385.0,0
City Hotel,110,2016,October,9,Female,BB,Offline TA/TO,TA/TO,0,0,0,A,Transient-Party,2,1,0,4,2.0,65.0,0,High,4,🏙️ Viajero Estándar,1,520.0,2
City Hotel,158,2017,March,27,Male,BB,Groups,TA/TO,0,0,0,A,Transient-Party,1,1,0,2,1.0,85.0,0,Low,4,🏙️ Viajero Estándar,3,170.0,1
City Hotel,56,2015,September,25,Female,BB,Offline TA/TO,TA/TO,0,0,0,A,Transient-Party,0,1,0,4,2.0,92.5,0,High,4,🏙️ Viajero Estándar,2,740.0,0
Resort Hotel,41,2016,January,22,Male,BB,Direct,Direct,0,0,0,A,Transient,2,1,0,2,2.0,27.0,0,Low,4,🏙️ Viajero Estándar,0,108.0,2
Resort Hotel,5,2016,February,27,Female,HB,Offline TA/TO,TA/TO,0,0,0,A,Transient,0,1,0,2,2.0,27.5,0,High,4,🏙️ Viajero Estándar,2,110.0,0
City Hotel,307,2015,August,20,Female,BB,Groups,TA/TO,0,1,0,A,Contract,0,1,0,2,2.0,31.0,0,High,0,🗓️ Planificador Anticipado,9,124.0,0
City Hotel,87,2017,June,9,Male,BB,Online TA,TA/TO,0,0,0,A,Transient,0,1,0,2,2.0,76.0,0,Low,4,🏙️ Viajero Estándar,0,304.0,0
Resort Hotel,64,2016,May,19,Female,BB,Direct,Direct,0,0,0,A,Transient,1,0,0,3,2.0,25.0,0,High,1,⚡ Reserva de Última Hora,3,150.0,1
City Hotel,414,2015,December,5,Female,BB,Groups,TA/TO,0,1,0,A,Transient,0,1,0,3,2.0,31.0,0,High,0,🗓️ Planificador Anticipado,9,186.0,0
City Hotel,14,2016,June,2,Male,BB,Direct,Direct,0,0,0,D,Transient,0,1,0,1,1.0,120.7,0,Low,4,🏙️ Viajero Estándar,0,120.7,0
Resort Hotel,82,2017,June,8,Male,BB,Online TA,TA/TO,0,0,0,E,Transient,1,1,0,7,2.0,76.0,0,Low,4,🏙️ Viajero Estándar,0,1064.0,1
Resort Hotel,21,2017,April,10,Male,BB,Online TA,TA/TO,0,0,0,C,Transient,2,1,0,2,4.0,30.0,1,High,3,👨‍👩‍👧 Turista Familiar,1,240.0,3
Resort Hotel,26,2016,March,20,Female,BB,Online TA,TA/TO,0,0,0,E,Transient,2,1,0,5,2.0,26.115,0,Low,4,🏙️ Viajero Estándar,0,261.15,2
City Hotel,123,2016,September,20,Female,BB,Online TA,TA/TO,0,0,0,D,Transient,0,1,0,6,3.0,54.0,0,Low,4,🏙️ Viajero Estándar,2,972.0,0
City Hotel,10,2016,July,4,Female,BB,Corporate,Corporate,1,1,15,A,Transient,1,0,1,2,1.0,65.0,0,High,5,🏙️ Viajero Estándar,4,130.0,1
City Hotel,28,2015,October,12,Female,BB,Online TA,TA/TO,0,0,0,A,Contract,2,1,0,3,2.0,49.935,0,Low,0,🗓️ Planificador Anticipado,0,299.61,2
City Hotel,186,2016,July,22,Female,BB,Offline TA/TO,TA/TO,0,0,0,A,Transient,1,1,0,4,3.0,32.300000000000004,0,Low,4,🏙️ Viajero Estándar,2,387.6,1
City Hotel,80,2016,March,25,Female,BB,Offline TA/TO,TA/TO,0,0,0,A,Transient,1,1,0,4,3.0,35.4,0,High,4,🏙️ Viajero Estándar,2,424.79999999999995,1
City Hotel,393,2016,March,19,Male,BB,Groups,TA/TO,0,0,0,A,Transient,0,1,0,3,2.0,35.265,0,High,4,🏙️ Viajero Estándar,6,211.59,0
Resort Hotel,352,2017,August,1,Female,HB,Online TA,TA/TO,0,0,0,A,Transient,1,1,0,14,2.0,95.48,0,High,2,💼 Viajero Premium,5,2673.44,1
City Hotel,29,2017,April,28,Male,SC,Online TA,TA/TO,0,0,0,A,Transient,1,1,0,3,2.0,57.5,0,High,4,🏙️ Viajero Estándar,2,345.0,1
City Hotel,40,2017,January,5,Male,SC,Online TA,TA/TO,0,0,0,A,Transient,0,1,0,9,2.0,37.4,0,High,4,🏙️ Viajero Estándar,2,673.1999999999999,0
City Hotel,281,2015,July,25,Female,BB,Groups,TA/TO,0,1,0,A,Transient-Party,0,1,0,4,2.0,31.0,0,High,0,🗓️ Planificador Anticipado,9,248.0,0
City Hotel,52,2016,May,27,Male,BB,Offline TA/TO,TA/TO,0,0,0,A,Transient,0,1,0,3,2.0,42.5,0,Low,4,🏙️ Viajero Estándar,0,255.0,0
City Hotel,6,2017,February,13,Female,BB,Direct,Direct,0,0,0,A,Transient,0,1,0,2,2.0,49.0,0,Low,4,🏙️ Viajero Estándar,0,196.0,0
Resort Hotel,0,2017,January,29,Female,BB,Direct,TA/TO,1,0,0,A,Transient-Party,2,0,0,1,2.0,22.5,0,Medium,5,🏙️ Viajero Estándar,0,45.0,2
City Hotel,47,2017,May,15,Female,HB,Offline TA/TO,TA/TO,0,0,0,A,Transient-Party,0,1,0,3,1.0,134.5,0,High,4,🏙️ Viajero Estándar,2,403.5,0
City Hotel,346,2016,September,13,Female,HB,Offline TA/TO,TA/TO,0,0,0,A,Transient-Party,1,1,0,2,2.0,57.5,0,Low,4,🏙️ Viajero Estándar,3,230.0,1
Resort Hotel,188,2017,August,8,Male,BB,Online TA,TA/TO,0,0,0,A,Transient,2,1,0,11,2.0,87.275,0,High,2,💼 Viajero Premium,3,1920.0500000000002,2
Resort Hotel,53,2015,December,30,Female,BB,Offline TA/TO,TA/TO,0,0,0,C,Transient,0,1,0,3,4.0,55.3,1,High,3,👨‍👩‍👧 Turista Familiar,2,663.5999999999999,1
Resort Hotel,11,2015,December,18,Male,BB,Online TA,TA/TO,0,0,0,A,Transient,1,1,0,1,2.0,24.0,0,High,4,🏙️ Viajero Estándar,2,48.0,1
City Hotel,96,2016,April,8,Female,BB,Online TA,TA/TO,0,0,0,A,Transient-Party,1,1,0,5,2.0,43.775,0,Low,4,🏙️ Viajero Estándar,0,437.75,1
City Hotel,0,2016,June,30,Male,SC,Online TA,TA/TO,0,0,0,A,Transient,0,1,0,1,2.0,53.5,0,High,4,🏙️ Viajero Estándar,2,107.0,0
City Hotel,5,2015,October,19,Female,BB,Offline TA/TO,TA/TO,0,0,0,A,Transient-Party,0,1,0,3,2.0,45.0,0,Low,4,🏙️ Viajero Estándar,0,270.0,0
City Hotel,87,2016,February,12,Male,SC,Online TA,TA/TO,0,0,0,A,Contract,1,1,0,3,2.0,39.25,0,Low,0,🗓️ Planificador Anticipado,0,235.5,1
City Hotel,182,2017,July,8,Female,BB,Online TA,TA/TO,0,0,0,A,Transient,1,1,0,2,2.0,41.235,0,High,4,🏙️ Viajero Estándar,4,164.94,1
Resort Hotel,112,2015,December,30,Male,Undefined,Groups,Direct,0,0,0,A,Transient-Party,0,0,0,3,2.0,112.335,0,High,1,⚡ Reserva de Última Hora,4,674.01,0
City Hotel,20,2017,March,13,Female,BB,Groups,TA/TO,0,0,0,A,Transient-Party,0,1,0,2,1.0,178.0,0,Low,4,🏙️ Viajero Estándar,1,356.0,0
City Hotel,1,2017,August,27,Male,SC,Online TA,TA/TO,0,0,0,A,Transient,1,1,0,1,2.0,40.05,0,Medium,4,🏙️ Viajero Estándar,1,80.1,1
City Hotel,86,2016,January,22,Male,BB,Groups,TA/TO,0,1,0,A,Transient,0,1,0,1,2.0,42.5,0,High,0,🗓️ Planificador Anticipado,6,85.0,0
City Hotel,3,2016,July,13,Female,BB,Direct,Direct,0,0,0,A,Transient,0,1,0,2,2.0,59.075,0,High,4,🏙️ Viajero Estándar,2,236.3,0
Resort Hotel,18,2016,October,11,Female,BB,Direct,Direct,0,0,1,A,Transient,1,0,0,1,2.0,0.0,0,Low,1,⚡ Reserva de Última Hora,1,0.0,1
City Hotel,0,2015,September,11,Male,BB,Online TA,TA/TO,0,0,0,A,Transient,1,1,0,1,2.0,62.0,0,High,4,🏙️ Viajero Estándar,2,124.0,1
City Hotel,19,2016,November,12,Female,BB,Online TA,TA/TO,0,0,0,D,Transient,2,1,0,3,2.0,59.665,0,Low,4,🏙️ Viajero Estándar,0,357.99,2
City Hotel,304,2016,November,3,Male,BB,Offline TA/TO,TA/TO,0,0,0,A,Transient,0,1,0,3,2.0,44.5,0,High,4,🏙️ Viajero Estándar,5,267.0,0
City Hotel,10,2016,April,25,Female,HB,Online TA,TA/TO,0,0,0,A,Transient,1,1,0,5,2.0,87.0,0,Low,4,🏙️ Viajero Estándar,0,870.0,1
City Hotel,102,2017,June,30,Female,BB,Online TA,TA/TO,0,0,0,A,Transient-Party,0,1,0,3,2.0,67.5,0,Low,4,🏙️ Viajero Estándar,0,405.0,0
City Hotel,55,2016,August,30,Male,BB,Offline TA/TO,TA/TO,0,0,0,A,Transient,0,1,0,8,2.0,42.75,0,Low,4,🏙️ Viajero Estándar,0,684.0,0
Resort Hotel,1,2017,May,31,Male,BB,Corporate,Corporate,0,0,0,A,Transient,0,0,1,1,1.0,75.0,0,High,1,⚡ Reserva de Última Hora,3,75.0,0
Resort Hotel,159,2017,June,10,Male,BB,Offline TA/TO,TA/TO,0,0,0,D,Transient-Party,1,1,0,1,2.0,40.0,0,Low,4,🏙️ Viajero Estándar,2,80.0,1
Resort Hotel,195,2017,July,23,Female,BB,Direct,Direct,0,0,0,A,Transient,0,1,0,6,3.0,51.126666666666665,1,High,3,👨‍👩‍👧 Turista Familiar,4,920.28,1
Resort Hotel,152,2017,April,5,Male,BB,Groups,TA/TO,0,0,0,A,Transient-Party,0,0,1,7,3.0,22.666666666666668,0,Low,1,⚡ Reserva de Última Hora,4,476.0,0
City Hotel,56,2016,June,21,Female,BB,Online TA,TA/TO,0,0,0,A,Transient,1,1,0,3,2.0,38.46,0,Low,4,🏙️ Viajero Estándar,0,230.76,1
City Hotel,1,2016,March,12,Female,SC,Online TA,TA/TO,0,0,0,A,Transient,1,0,0,1,2.0,48.5,0,Low,1,⚡ Reserva de Última Hora,1,97.0,1
City Hotel,0,2015,August,1,Female,BB,Direct,Direct,0,0,0,A,Transient,0,0,0,1,2.0,37.5,0,High,1,⚡ Reserva de Última Hora,3,75.0,0
Resort Hotel,27,2017,July,3,Male,BB,Corporate,Corporate,0,0,0,A,Transient,0,0,1,1,1.0,142.0,0,High,1,⚡ Reserva de Última Hora,3,142.0,0
Resort Hotel,0,2017,January,26,Male,BB,Corporate,Corporate,1,0,5,A,Transient,0,0,1,1,1.0,35.0,0,High,5,🏙️ Viajero Estándar,1,35.0,0
City Hotel,5,2016,May,16,Female,BB,Corporate,Corporate,0,0,0,A,Transient-Party,0,1,0,3,1.0,98.32,0,Low,4,🏙️ Viajero Estándar,0,294.96,0
City Hotel,11,2016,September,30,Female,BB,Online TA,TA/TO,0,0,0,D,Transient,2,1,0,2,2.0,72.765,0,High,4,🏙️ Viajero Estándar,1,291.06,2
Resort Hotel,0,2016,October,13,Female,BB,Direct,Direct,0,0,0,E,Transient,0,0,0,1,2.0,48.0,0,Low,1,⚡ Reserva de Última Hora,1,96.0,0
Resort Hotel,4,2015,December,11,Male,BB,Online TA,TA/TO,0,0,0,A,Transient,0,1,0,2,2.0,24.0,0,Low,4,🏙️ Viajero Estándar,0,96.0,0
Resort Hotel,215,2016,September,19,Female,HB,Online TA,TA/TO,0,0,0,A,Transient,1,1,0,3,2.0,56.0,0,High,4,🏙️ Viajero Estándar,5,336.0,1
City Hotel,161,2016,March,25,Female,HB,Offline TA/TO,TA/TO,0,0,0,A,Transient,0,1,0,3,2.0,65.0,0,High,4,🏙️ Viajero Estándar,4,390.0,0
City Hotel,78,2017,July,10,Female,BB,Online TA,TA/TO,0,0,0,D,Transient,1,1,0,4,3.0,63.333333333333336,0,Low,4,🏙️ Viajero Estándar,0,760.0,1
City Hotel,207,2017,July,25,Female,BB,Online TA,TA/TO,0,0,0,A,Transient,1,1,0,7,2.0,47.73,0,Low,4,🏙️ Viajero Estándar,3,668.2199999999999,1
City Hotel,157,2016,March,24,Male,BB,Online TA,TA/TO,0,0,0,A,Contract,2,1,0,4,2.0,53.1,0,High,0,🗓️ Planificador Anticipado,3,424.8,2
City Hotel,157,2016,December,8,Female,BB,Offline TA/TO,TA/TO,0,0,0,A,Transient-Party,0,1,0,3,2.0,34.0,0,High,4,🏙️ Viajero Estándar,4,204.0,0
City Hotel,49,2016,October,25,Female,BB,Offline TA/TO,TA/TO,0,0,0,A,Transient,0,1,0,2,2.0,42.75,0,Low,4,🏙️ Viajero Estándar,0,171.0,0
City Hotel,15,2016,October,21,Female,BB,Online TA,TA/TO,0,0,0,A,Transient,2,1,0,2,3.0,60.0,1,Low,3,👨‍👩‍👧 Turista Familiar,0,360.0,3
City Hotel,23,2017,May,20,Male,BB,Online TA,TA/TO,0,0,0,A,Transient,2,1,0,3,2.0,85.0,0,Low,4,🏙️ Viajero Estándar,0,510.0,2
Resort Hotel,3,2016,February,14,Female,BB,Direct,Direct,0,0,0,A,Transient,0,0,0,1,2.0,37.5,0,High,1,⚡ Reserva de Última Hora,3,75.0,0
Resort Hotel,1,2016,July,22,Female,BB,Direct,Direct,0,0,0,F,Transient,0,0,0,1,2.0,74.5,0,Low,1,⚡ Reserva de Última Hora,1,149.0,0
City Hotel,20,2017,May,17,Male,BB,Online TA,TA/TO,0,0,0,D,Transient,1,1,0,2,2.0,72.2,0,Low,4,🏙️ Viajero Estándar,0,288.8,1
City Hotel,344,2017,July,24,Female,SC,Online TA,TA/TO,0,0,0,A,Transient,1,1,0,6,2.0,44.55,0,Low,4,🏙️ Viajero Estándar,3,534.5999999999999,1
Resort Hotel,60,2016,April,3,Female,BB,Online TA,TA/TO,0,0,0,A,Transient,2,1,0,2,3.0,29.666666666666668,1,High,3,👨‍👩‍👧 Turista Familiar,1,178.0,3
City Hotel,28,2015,October,8,Female,BB,Online TA,TA/TO,0,1,0,A,Contract,1,1,0,2,2.0,56.65,0,High,0,🗓️ Planificador Anticipado,5,226.6,1
City Hotel,79,2017,July,31,Female,SC,Online TA,TA/TO,0,0,0,A,Transient,0,1,0,5,2.0,62.0,0,Low,4,🏙️ Viajero Estándar,0,620.0,0
City Hotel,77,2017,August,16,Female,BB,Online TA,TA/TO,0,0,0,D,Transient,0,1,0,3,3.0,66.66666666666667,0,Low,4,🏙️ Viajero Estándar,0,600.0,0
City Hotel,281,2016,April,14,Female,BB,Groups,TA/TO,0,0,0,A,Transient,0,1,0,2,2.0,31.0,0,High,4,🏙️ Viajero Estándar,6,124.0,0
City Hotel,23,2017,May,26,Female,SC,Online TA,TA/TO,0,0,0,A,Transient,0,1,0,1,2.0,68.5,0,Medium,4,🏙️ Viajero Estándar,1,137.0,0
Resort Hotel,0,2015,December,2,Female,BB,Direct,Direct,0,0,0,A,Transient,1,0,0,1,2.0,21.5,0,High,1,⚡ Reserva de Última Hora,3,43.0,1
City Hotel,15,2016,March,8,Female,BB,Online TA,TA/TO,0,0,0,B,Transient,0,1,0,1,4.0,20.7575,1,Low,3,👨‍👩‍👧 Turista Familiar,0,83.03,1
City Hotel,2,2016,December,22,Female,BB,Corporate,Corporate,1,1,2,A,Transient,0,0,1,1,2.0,37.5,0,High,5,🏙️ Viajero Estándar,4,75.0,0
Resort Hotel,17,2016,February,18,Female,BB,Online TA,TA/TO,0,0,0,A,Transient,0,1,0,2,1.0,45.0,0,High,4,🏙️ Viajero Estándar,2,90.0,0
City Hotel,0,2015,August,21,Female,BB,Online TA,TA/TO,0,0,0,A,Transient,0,1,0,3,2.0,45.0,0,High,4,🏙️ Viajero Estándar,2,270.0,0
City Hotel,34,2016,December,16,Female,SC,Online TA,TA/TO,0,0,0,A,Transient,2,1,0,1,2.0,44.0,0,Low,4,🏙️ Viajero Estándar,0,88.0,2
City Hotel,16,2017,March,2,Female,BB,Offline TA/TO,TA/TO,0,0,0,A,Contract,0,1,0,3,2.0,34.0,0,Low,0,🗓️ Planificador Anticipado,0,204.0,0
City Hotel,8,2015,September,8,Female,BB,Online TA,TA/TO,0,0,0,D,Transient,3,1,0,2,3.0,30.8,1,High,3,👨‍👩‍👧 Turista Familiar,1,184.8,4
City Hotel,183,2016,August,16,Female,HB,Online TA,TA/TO,0,0,0,D,Transient,0,1,0,5,3.0,62.5,0,Low,4,🏙️ Viajero Estándar,2,937.5,0
City Hotel,22,2017,June,11,Female,BB,Online TA,TA/TO,0,0,0,A,Transient,1,1,0,3,1.0,95.2,0,Medium,4,🏙️ Viajero Estándar,1,285.6,1
Resort Hotel,1,2017,March,14,Male,BB,Direct,Direct,1,0,3,D,Transient,0,0,0,1,1.0,48.0,0,High,5,🏙️ Viajero Estándar,1,48.0,0
City Hotel,63,2017,February,14,Female,SC,Online TA,TA/TO,0,0,0,A,Transient,1,1,0,1,2.0,39.6,0,Low,4,🏙️ Viajero Estándar,0,79.2,1
City Hotel,58,2016,November,16,Female,BB,Offline TA/TO,TA/TO,0,0,0,A,Transient,0,1,0,3,2.0,37.5,0,Low,4,🏙️ Viajero Estándar,0,225.0,0
City Hotel,9,2016,January,15,Male,BB,Online TA,TA/TO,0,0,0,A,Transient,0,1,0,3,2.0,43.5,0,Low,4,🏙️ Viajero Estándar,0,261.0,0
Resort Hotel,0,2016,March,18,Female,BB,Corporate,Corporate,1,0,1,A,Transient,0,0,1,1,1.0,30.0,0,High,5,🏙️ Viajero Estándar,1,30.0,0
City Hotel,57,2016,December,8,Female,BB,Online TA,TA/TO,0,0,0,A,Transient,1,1,0,3,2.0,48.3,0,Low,4,🏙️ Viajero Estándar,0,289.79999999999995,1
City Hotel,297,2015,August,10,Female,BB,Groups,TA/TO,0,1,0,A,Contract,0,1,0,2,2.0,31.0,0,High,0,🗓️ Planificador Anticipado,9,124.0,0
Resort Hotel,0,2016,February,17,Female,BB,Online TA,TA/TO,0,0,0,A,Transient,0,0,0,1,1.0,40.0,0,High,1,⚡ Reserva de Última Hora,3,40.0,0
City Hotel,86,2016,October,31,Female,BB,Online TA,TA/TO,0,0,0,A,Transient,0,1,0,4,2.0,45.115,0,Low,4,🏙️ Viajero Estándar,0,360.92,0
Resort Hotel,61,2016,December,22,Female,Undefined,Offline TA/TO,TA/TO,0,0,0,A,Transient,0,1,0,14,2.0,41.145,0,Low,2,💼 Viajero Premium,0,1152.0600000000002,0
City Hotel,205,2016,July,22,Female,BB,Online TA,TA/TO,0,0,0,A,Transient-Party,0,1,0,5,2.0,45.475,0,Low,4,🏙️ Viajero Estándar,3,454.75,0
City Hotel,55,2017,March,17,Female,BB,Online TA,TA/TO,0,0,0,A,Transient,0,1,0,4,2.0,45.9,0,Low,4,🏙️ Viajero Estándar,0,367.2,0
Resort Hotel,16,2016,December,1,Female,BB,Online TA,TA/TO,0,0,0,A,Transient,2,1,0,1,2.0,30.0,0,Medium,4,🏙️ Viajero Estándar,0,60.0,2
Resort Hotel,7,2016,March,3,Female,BB,Online TA,TA/TO,0,0,0,A,Transient,1,1,0,3,1.0,43.0,0,High,4,🏙️ Viajero Estándar,2,129.0,1
Resort Hotel,0,2016,October,4,Male,BB,Direct,Direct,0,0,0,A,Transient,0,0,0,2,2.0,65.0,0,Low,1,⚡ Reserva de Última Hora,1,260.0,0
Resort Hotel,126,2016,August,15,Female,BB,Online TA,TA/TO,0,0,0,D,Transient-Party,1,1,0,7,2.0,105.5,0,High,2,💼 Viajero Premium,4,1477.0,1
City Hotel,41,2017,March,3,Female,BB,Online TA,TA/TO,0,0,0,D,Transient,0,1,0,7,2.0,50.15,0,Low,4,🏙️ Viajero Estándar,0,702.1,0
City Hotel,48,2017,February,22,Female,BB,Groups,TA/TO,0,0,0,A,Transient-Party,1,0,0,2,1.0,65.0,0,Low,1,⚡ Reserva de Última Hora,2,130.0,1
City Hotel,56,2017,March,6,Male,BB,Direct,Direct,0,0,0,B,Transient-Party,0,1,0,1,2.0,39.87,0,Low,4,🏙️ Viajero Estándar,0,79.74,0
City Hotel,201,2017,May,14,Male,BB,Online TA,TA/TO,0,0,0,A,Transient,5,1,0,4,2.0,62.55,0,Low,4,🏙️ Viajero Estándar,2,500.4,5
City Hotel,26,2016,February,8,Female,BB,Online TA,TA/TO,0,0,0,F,Transient,0,1,0,2,4.0,42.75,1,Low,3,👨‍👩‍👧 Turista Familiar,0,342.0,1
City Hotel,124,2017,August,13,Female,BB,Online TA,TA/TO,0,0,0,D,Transient,1,1,0,9,3.0,46.8,0,Low,4,🏙️ Viajero Estándar,2,1263.6,1
Resort Hotel,0,2016,November,9,Female,BB,Offline TA/TO,TA/TO,1,0,0,A,Transient,0,1,0,0,1.0,0.0,0,High,5,🏙️ Viajero Estándar,0,0.0,0
City Hotel,40,2017,April,22,Female,BB,Online TA,TA/TO,0,0,0,D,Transient,1,1,0,4,3.0,63.333333333333336,1,Medium,3,👨‍👩‍👧 Turista Familiar,1,760.0,2
Resort Hotel,58,2017,May,14,Female,BB,Direct,Direct,0,0,0,F,Transient,0,1,0,5,2.0,64.0,0,Low,4,🏙️ Viajero Estándar,0,640.0,0
City Hotel,24,2017,March,2,Female,BB,Online TA,TA/TO,0,0,0,A,Transient,2,1,0,4,2.0,45.9,0,Low,4,🏙️ Viajero Estándar,0,367.2,2
Resort Hotel,84,2015,August,14,Male,HB,Online TA,TA/TO,0,0,0,E,Transient,0,1,0,6,2.0,98.0,0,High,4,🏙️ Viajero Estándar,2,1176.0,0
City Hotel,35,2017,June,13,Male,HB,Online TA,TA/TO,0,0,0,A,Transient,1,1,0,7,2.0,98.07,0,Low,4,🏙️ Viajero Estándar,0,1372.98,1
Resort Hotel,32,2016,February,8,Female,BB,Offline TA/TO,TA/TO,0,0,0,D,Transient,0,1,0,7,2.0,16.65,0,Low,4,🏙️ Viajero Estándar,0,233.09999999999997,0
Resort Hotel,300,2017,July,30,Male,BB,Online TA,TA/TO,0,0,0,A,Transient-Party,2,1,0,7,1.0,149.81,0,High,4,🏙️ Viajero Estándar,4,1048.67,2
Resort Hotel,334,2017,August,1,Male,BB,Online TA,TA/TO,0,0,0,D,Transient,0,1,0,6,2.0,78.3,0,High,4,🏙️ Viajero Estándar,5,939.5999999999999,0
City Hotel,22,2017,June,27,Male,SC,Offline TA/TO,TA/TO,0,0,0,A,Transient,0,1,0,1,2.0,44.5,0,Low,4,🏙️ Viajero Estándar,0,89.0,0
City Hotel,53,2015,August,24,Female,BB,Groups,TA/TO,0,0,0,A,Transient-Party,0,1,0,2,2.0,31.0,0,Low,4,🏙️ Viajero Estándar,1,124.0,0
City Hotel,143,2016,October,6,Female,BB,Online TA,TA/TO,0,0,0,D,Transient,1,1,0,3,3.0,50.4,0,Medium,4,🏙️ Viajero Estándar,3,453.59999999999997,1
Resort Hotel,1,2016,March,20,Female,BB,Online TA,TA/TO,0,0,0,A,Transient,1,1,0,1,2.0,32.0,0,Low,4,🏙️ Viajero Estándar,0,64.0,1
Resort Hotel,167,2016,June,19,Female,BB,Offline TA/TO,TA/TO,0,0,0,D,Transient,1,1,0,12,2.0,33.49,0,Low,4,🏙️ Viajero Estándar,2,803.76,1
Resort Hotel,1,2016,October,11,Female,BB,Online TA,TA/TO,0,0,0,A,Transient,2,1,0,1,1.0,62.0,0,Low,4,🏙️ Viajero Estándar,0,62.0,2
City Hotel,113,2016,June,30,Female,BB,Offline TA/TO,TA/TO,0,0,0,A,Transient,0,1,0,4,2.0,42.5,0,High,4,🏙️ Viajero Estándar,2,340.0,0
City Hotel,122,2017,May,21,Male,BB,Online TA,TA/TO,0,0,0,A,Transient,1,1,0,3,1.0,117.0,0,Low,4,🏙️ Viajero Estándar,2,351.0,1
City Hotel,17,2016,June,30,Female,BB,Online TA,TA/TO,0,0,0,A,Transient,1,1,0,3,2.0,75.5,0,Low,4,🏙️ Viajero Estándar,0,453.0,1
City Hotel,8,2016,July,26,Female,BB,Corporate,Corporate,0,0,0,A,Transient,1,0,1,1,1.0,65.0,0,High,1,⚡ Reserva de Última Hora,3,65.0,1
Resort Hotel,152,2016,August,1,Female,HB,Direct,Direct,0,0,0,C,Transient,0,1,0,7,4.0,53.035,1,High,3,👨‍👩‍👧 Turista Familiar,4,1484.98,1
Resort Hotel,0,2016,November,5,Female,BB,Direct,Direct,0,0,0,D,Transient,0,0,0,1,2.0,42.0,0,Low,1,⚡ Reserva de Última Hora,1,84.0,0
City Hotel,98,2016,July,16,Female,BB,Online TA,TA/TO,0,0,0,A,Transient,2,1,0,2,3.0,40.5,1,High,3,👨‍👩‍👧 Turista Familiar,1,243.0,3
City Hotel,1,2015,October,7,Male,BB,Online TA,TA/TO,0,0,0,D,Contract,0,1,0,2,2.0,77.5,0,High,0,🗓️ Planificador Anticipado,2,310.0,0
City Hotel,0,2016,January,17,Male,BB,Direct,Direct,0,0,0,A,Transient,1,1,0,1,2.0,44.5,0,Low,4,🏙️ Viajero Estándar,0,89.0,1
City Hotel,39,2016,June,26,Female,SC,Online TA,TA/TO,0,0,0,A,Transient,0,1,0,2,2.0,44.55,0,Low,4,🏙️ Viajero Estándar,0,178.2,0
City Hotel,89,2016,December,17,Male,SC,Online TA,TA/TO,0,0,0,A,Transient,4,1,0,8,2.0,37.4,0,Medium,4,🏙️ Viajero Estándar,0,598.4,4
City Hotel,52,2017,March,13,Male,BB,Offline TA/TO,TA/TO,0,0,0,A,Transient,0,1,0,2,1.0,80.0,0,High,4,🏙️ Viajero Estándar,2,160.0,0
Resort Hotel,1,2015,December,22,Male,BB,Corporate,Corporate,0,0,9,D,Transient,2,0,1,1,2.0,25.0,0,Low,1,⚡ Reserva de Última Hora,0,50.0,2
City Hotel,6,2017,April,2,Female,BB,Direct,Direct,0,0,0,A,Transient,1,0,0,1,2.0,47.5,0,Low,1,⚡ Reserva de Última Hora,1,95.0,1
City Hotel,125,2015,December,23,Female,BB,Online TA,TA/TO,0,0,0,A,Contract,2,1,0,4,2.0,36.125,0,Low,0,🗓️ Planificador Anticipado,1,289.0,2
City Hotel,50,2017,April,25,Female,BB,Online TA,TA/TO,0,0,0,A,Transient,0,1,0,4,1.0,117.0,0,Low,4,🏙️ Viajero Estándar,0,468.0,0
City Hotel,76,2017,May,9,Female,BB,Direct,Direct,0,0,0,A,Transient,1,1,0,5,2.0,63.0,0,Low,4,🏙️ Viajero Estándar,0,630.0,1
Resort Hotel,111,2017,April,14,Male,BB,Online TA,TA/TO,0,0,0,A,Transient,1,1,0,5,1.0,61.0,0,Low,4,🏙️ Viajero Estándar,0,305.0,1
City Hotel,64,2016,March,9,Male,BB,Online TA,TA/TO,0,0,0,A,Transient,1,1,0,5,2.0,36.975,0,Low,4,🏙️ Viajero Estándar,0,369.75,1
City Hotel,84,2017,April,6,Female,BB,Online TA,TA/TO,0,0,0,D,Transient,3,1,0,3,2.0,63.9,0,Low,4,🏙️ Viajero Estándar,0,383.4,3
City Hotel,0,2017,March,20,Female,BB,Direct,Direct,0,0,0,A,Transient,0,0,0,1,1.0,108.0,0,High,1,⚡ Reserva de Última Hora,3,108.0,0
City Hotel,56,2016,September,2,Female,SC,Online TA,TA/TO,0,0,0,A,Transient,0,1,0,1,2.0,49.5,0,Medium,4,🏙️ Viajero Estándar,1,99.0,0
Resort Hotel,32,2017,April,7,Male,BB,Online TA,TA/TO,0,0,0,G,Transient,0,1,0,7,4.0,39.8225,1,Low,3,👨‍👩‍👧 Turista Familiar,0,1115.03,1
City Hotel,34,2015,August,5,Female,BB,Groups,TA/TO,0,0,0,A,Transient-Party,0,1,0,2,2.0,31.0,0,Low,4,🏙️ Viajero Estándar,1,124.0,0
City Hotel,0,2015,November,5,Male,BB,Corporate,Corporate,0,0,0,A,Transient,0,0,1,1,1.0,89.0,0,High,1,⚡ Reserva de Última Hora,3,89.0,0
Resort Hotel,45,2017,April,8,Male,HB,Online TA,TA/TO,0,0,0,E,Transient,1,1,0,1,3.0,46.13333333333333,0,High,4,🏙️ Viajero Estándar,2,138.4,1
City Hotel,6,2015,October,19,Female,SC,Online TA,TA/TO,0,1,0,A,Transient,0,1,0,3,2.0,51.3,0,High,0,🗓️ Planificador Anticipado,5,307.79999999999995,0
Resort Hotel,59,2017,April,28,Male,BB,Online TA,TA/TO,0,0,0,E,Transient,0,1,0,5,2.0,57.5,0,Low,4,🏙️ Viajero Estándar,0,575.0,0
City Hotel,2,2016,June,15,Male,BB,Corporate,Corporate,1,0,2,D,Transient,1,0,1,1,1.0,119.0,0,High,5,🏙️ Viajero Estándar,1,119.0,1
City Hotel,78,2017,July,7,Female,BB,Online TA,TA/TO,0,0,0,D,Transient,0,1,0,3,3.0,63.333333333333336,0,Low,4,🏙️ Viajero Estándar,0,570.0,0
City Hotel,44,2016,November,14,Female,BB,Online TA,TA/TO,0,0,0,A,Transient,2,1,0,5,2.0,44.2,0,Low,4,🏙️ Viajero Estándar,0,442.0,2
Resort Hotel,21,2015,August,26,Male,BB,Online TA,TA/TO,0,0,0,A,Transient,2,1,0,1,2.0,86.0,0,Medium,4,🏙️ Viajero Estándar,0,172.0,2
Resort Hotel,6,2016,October,26,Female,BB,Offline TA/TO,TA/TO,0,0,0,A,Transient,2,1,0,1,2.0,23.0,0,High,4,🏙️ Viajero Estándar,1,46.0,2
Resort Hotel,186,2016,December,10,Male,BB,Online TA,TA/TO,0,0,0,A,Transient,0,1,0,5,2.0,18.12,0,Medium,4,🏙️ Viajero Estándar,3,181.20000000000002,0
Resort Hotel,192,2016,March,25,Male,BB,Online TA,TA/TO,0,0,0,A,Transient,2,1,0,3,2.0,25.2,0,High,4,🏙️ Viajero Estándar,3,151.2,2
Resort Hotel,65,2017,May,3,Female,Undefined,Groups,Corporate,0,0,0,A,Transient,0,0,0,12,2.0,47.5,0,High,2,💼 Viajero Premium,4,1140.0,0
City Hotel,69,2017,May,9,Male,BB,Online TA,TA/TO,0,0,0,A,Transient,0,1,0,3,2.0,77.665,0,Low,4,🏙️ Viajero Estándar,0,465.99,0
City Hotel,29,2017,January,18,Female,BB,Groups,TA/TO,0,0,0,A,Transient-Party,0,1,0,3,1.0,65.0,0,Low,4,🏙️ Viajero Estándar,1,195.0,0
Resort Hotel,169,2016,March,31,Male,BB,Groups,Direct,0,0,0,A,Transient-Party,0,0,1,4,2.0,33.0,0,Low,1,⚡ Reserva de Última Hora,4,264.0,0
Resort Hotel,30,2016,May,15,Female,HB,Online TA,TA/TO,0,0,0,F,Transient,1,1,0,3,2.0,56.595,0,High,4,🏙️ Viajero Estándar,2,339.57,1
Resort Hotel,1,2016,February,24,Female,BB,Offline TA/TO,TA/TO,0,0,0,A,Transient,0,1,0,1,1.0,25.0,0,High,4,🏙️ Viajero Estándar,2,25.0,0
Resort Hotel,302,2017,May,9,Male,HB,Groups,Direct,0,0,0,A,Transient-Party,0,0,0,4,2.0,40.5,0,High,1,⚡ Reserva de Última Hora,7,324.0,0
City Hotel,215,2016,November,21,Male,BB,Groups,Corporate,0,0,0,A,Transient,0,0,1,2,2.0,42.5,0,Low,1,⚡ Reserva de Última Hora,5,170.0,0
City Hotel,178,2016,April,28,Male,BB,Offline TA/TO,TA/TO,0,1,0,A,Transient,0,1,0,3,1.0,110.0,0,High,0,🗓️ Planificador Anticipado,7,330.0,0
Resort Hotel,0,2015,August,31,Female,BB,Online TA,TA/TO,0,0,0,A,Transient,1,1,0,3,2.0,48.165,0,High,4,🏙️ Viajero Estándar,2,288.99,1
City Hotel,16,2017,June,22,Female,BB,Online TA,TA/TO,0,0,0,A,Transient,2,1,0,4,3.0,66.66666666666667,1,Low,3,👨‍👩‍👧 Turista Familiar,0,800.0,3
Resort Hotel,10,2015,August,30,Female,BB,Direct,Direct,0,0,0,D,Transient,0,1,0,5,2.0,60.9,0,High,4,🏙️ Viajero Estándar,2,609.0,0
City Hotel,86,2016,May,20,Male,BB,Offline TA/TO,TA/TO,0,0,0,A,Transient-Party,1,1,0,3,2.0,32.5,0,Low,4,🏙️ Viajero Estándar,0,195.0,1
City Hotel,33,2016,March,15,Female,SC,Online TA,TA/TO,0,0,0,A,Transient,1,1,0,3,2.0,35.55,0,Low,4,🏙️ Viajero Estándar,0,213.29999999999998,1
City Hotel,151,2017,March,20,Male,BB,Groups,TA/TO,0,0,0,A,Transient-Party,0,1,0,2,2.0,47.5,0,High,4,🏙️ Viajero Estándar,5,190.0,0
City Hotel,4,2017,January,10,Female,BB,Corporate,Corporate,1,1,10,A,Transient,1,0,1,3,1.0,65.0,0,High,5,🏙️ Viajero Estándar,4,195.0,1
Resort Hotel,40,2016,May,18,Male,BB,Groups,Corporate,0,0,0,A,Transient,0,0,0,2,1.0,55.0,0,High,1,⚡ Reserva de Última Hora,4,110.0,0
City Hotel,5,2017,June,19,Female,BB,Online TA,TA/TO,0,0,0,D,Transient,1,1,0,1,1.0,190.0,0,Low,4,🏙️ Viajero Estándar,0,190.0,1
Resort Hotel,165,2015,December,30,Female,Undefined,Groups,TA/TO,0,0,0,A,Transient-Party,0,1,0,4,2.0,68.25,0,High,0,🗓️ Planificador Anticipado,5,546.0,0
City Hotel,117,2016,June,16,Male,BB,Online TA,TA/TO,0,0,0,D,Transient,0,1,0,4,3.0,50.15,0,Low,4,🏙️ Viajero Estándar,0,601.8,0
Resort Hotel,150,2015,October,15,Female,BB,Offline TA/TO,TA/TO,0,0,0,A,Contract,0,1,0,6,2.0,16.65,0,Low,0,🗓️ Planificador Anticipado,2,199.79999999999998,0
Resort Hotel,0,2016,January,27,Female,BB,Direct,Direct,0,0,0,D,Transient,0,0,0,1,2.0,22.5,0,High,1,⚡ Reserva de Última Hora,3,45.0,0
Resort Hotel,2,2016,April,8,Male,BB,Groups,TA/TO,0,0,0,A,Transient-Party,0,1,0,1,2.0,27.0,0,High,4,🏙️ Viajero Estándar,3,54.0,0
City Hotel,1,2016,January,3,Female,BB,Online TA,TA/TO,0,0,0,A,Transient,0,1,0,3,4.0,23.0,1,Low,3,👨‍👩‍👧 Turista Familiar,0,276.0,1
Resort Hotel,64,2015,August,20,Male,HB,Offline TA/TO,TA/TO,0,0,0,C,Transient,0,1,0,6,4.0,40.8075,1,Low,3,👨‍👩‍👧 Turista Familiar,0,979.3799999999999,1
City Hotel,56,2016,May,30,Female,BB,Groups,TA/TO,0,0,0,A,Transient-Party,0,0,0,1,1.0,120.0,0,High,1,⚡ Reserva de Última Hora,4,120.0,0
City Hotel,1,2016,January,26,Female,BB,Corporate,Corporate,1,0,8,A,Transient,0,0,1,1,1.0,66.0,0,High,5,🏙️ Viajero Estándar,1,66.0,0
City Hotel,36,2015,August,7,Male,BB,Groups,TA/TO,0,0,0,A,Transient-Party,0,1,0,2,2.0,31.0,0,High,4,🏙️ Viajero Estándar,3,124.0,0
Resort Hotel,113,2016,April,26,Female,BB,Online TA,TA/TO,0,0,0,G,Transient,1,1,0,2,1.0,78.31,0,Low,4,🏙️ Viajero Estándar,0,156.62,1
City Hotel,0,2016,March,31,Female,SC,Online TA,TA/TO,0,0,0,A,Transient,1,1,0,3,2.0,49.5,0,Low,4,🏙️ Viajero Estándar,0,297.0,1
City Hotel,34,2017,January,18,Female,BB,Groups,TA/TO,0,0,0,A,Transient-Party,0,1,0,1,1.0,75.0,0,Low,4,🏙️ Viajero Estándar,1,75.0,0
Resort Hotel,305,2017,July,1,Female,BB,Online TA,TA/TO,0,0,0,H,Transient,1,1,0,6,2.0,89.5,0,Low,4,🏙️ Viajero Estándar,3,1074.0,1
City Hotel,414,2017,July,13,Female,HB,Groups,TA/TO,0,0,0,A,Transient-Party,1,1,0,2,2.0,61.2,0,Low,4,🏙️ Viajero Estándar,4,244.8,1
Resort Hotel,4,2016,August,25,Male,BB,Direct,Direct,0,0,0,D,Transient,1,1,0,0,2.0,0.0,0,Low,4,🏙️ Viajero Estándar,0,0.0,1
City Hotel,85,2017,March,8,Female,BB,Online TA,TA/TO,0,0,0,A,Transient,0,1,0,3,2.0,48.6,0,Low,4,🏙️ Viajero Estándar,0,291.6,0
City Hotel,116,2016,February,28,Female,BB,Offline TA/TO,TA/TO,0,0,0,A,Transient-Party,0,1,0,3,1.0,61.0,0,High,4,🏙️ Viajero Estándar,2,183.0,0
City Hotel,205,2016,September,6,Male,BB,Online TA,TA/TO,0,0,0,A,Transient,0,1,0,1,3.0,47.7,1,Low,3,👨‍👩‍👧 Turista Familiar,3,143.10000000000002,1
City Hotel,92,2016,August,20,Female,SC,Online TA,TA/TO,0,0,0,A,Transient,1,1,0,5,2.0,53.55,0,Low,4,🏙️ Viajero Estándar,0,535.5,1
Resort Hotel,25,2017,February,9,Female,BB,Online TA,TA/TO,0,0,0,D,Transient,0,1,0,4,2.0,29.0,0,Low,4,🏙️ Viajero Estándar,0,232.0,0
City Hotel,28,2016,April,17,Male,BB,Online TA,TA/TO,0,0,0,A,Transient,1,1,0,3,3.0,38.34333333333333,1,Low,3,👨‍👩‍👧 Turista Familiar,0,345.0899999999999,2
City Hotel,90,2016,March,25,Male,BB,Online TA,TA/TO,0,0,0,B,Transient,1,1,0,4,2.0,39.9,0,Low,4,🏙️ Viajero Estándar,0,319.2,1
City Hotel,22,2016,November,14,Female,SC,Online TA,TA/TO,0,0,0,A,Transient,1,1,0,3,2.0,32.185,0,High,4,🏙️ Viajero Estándar,2,193.11,1
City Hotel,169,2017,June,16,Female,BB,Online TA,TA/TO,0,0,0,D,Transient,1,1,0,3,2.0,65.25,0,Low,4,🏙️ Viajero Estándar,2,391.5,1
Resort Hotel,72,2017,May,4,Male,BB,Offline TA/TO,TA/TO,0,0,0,D,Contract,0,1,0,7,2.0,26.425,0,Low,0,🗓️ Planificador Anticipado,0,369.95,0
City Hotel,0,2015,August,26,Male,BB,Direct,Direct,0,0,0,D,Transient,0,0,0,1,3.0,50.333333333333336,0,High,1,⚡ Reserva de Última Hora,3,151.0,0
Resort Hotel,32,2015,September,18,Male,BB,Direct,Direct,0,0,0,C,Transient,0,1,0,4,2.0,63.0,0,High,4,🏙️ Viajero Estándar,2,504.0,0
Resort Hotel,49,2016,November,11,Male,HB,Offline TA/TO,TA/TO,0,0,0,A,Transient,0,1,0,3,2.0,29.2,0,Low,4,🏙️ Viajero Estándar,0,175.2,0
Resort Hotel,1,2015,December,3,Female,BB,Offline TA/TO,TA/TO,0,0,0,A,Transient,0,1,0,1,1.0,25.0,0,High,4,🏙️ Viajero Estándar,2,25.0,0
Resort Hotel,239,2015,September,19,Male,HB,Offline TA/TO,TA/TO,0,0,0,A,Transient-Party,0,1,0,2,1.0,59.0,0,Low,4,🏙️ Viajero Estándar,3,118.0,0
City Hotel,121,2016,December,24,Female,BB,Online TA,TA/TO,0,0,0,A,Transient,1,1,0,5,2.0,44.2,0,Low,4,🏙️ Viajero Estándar,2,442.0,1
City Hotel,451,2017,July,12,Female,BB,Groups,TA/TO,0,0,0,A,Transient-Party,1,1,0,3,2.0,56.335,0,Low,4,🏙️ Viajero Estándar,4,338.01,1
City Hotel,6,2017,May,10,Female,BB,Groups,Corporate,0,0,0,A,Transient,0,1,0,1,2.0,45.0,0,High,4,🏙️ Viajero Estándar,3,90.0,0
Resort Hotel,315,2016,September,2,Female,BB,Offline TA/TO,TA/TO,0,0,0,A,Transient,0,1,0,7,2.0,32.4,0,Low,4,🏙️ Viajero Estándar,3,453.59999999999997,0
City Hotel,55,2015,November,18,Male,BB,Offline TA/TO,TA/TO,0,0,0,D,Transient,1,1,0,4,2.0,30.0,0,Low,4,🏙️ Viajero Estándar,0,240.0,1
City Hotel,141,2016,September,23,Female,BB,Online TA,TA/TO,0,0,0,D,Transient,1,1,0,2,3.0,54.6,0,Low,4,🏙️ Viajero Estándar,2,327.6,1
Resort Hotel,26,2015,September,1,Female,BB,Online TA,TA/TO,0,0,0,D,Transient,2,1,0,2,2.0,73.0,0,Low,4,🏙️ Viajero Estándar,0,292.0,2
City Hotel,5,2015,August,19,Male,BB,Direct,Direct,0,0,0,A,Transient,1,1,0,2,1.0,67.0,0,High,4,🏙️ Viajero Estándar,2,134.0,1
City Hotel,19,2017,January,2,Female,BB,Online TA,TA/TO,0,0,0,A,Transient,2,1,0,4,2.0,48.45,0,Medium,4,🏙️ Viajero Estándar,0,387.6,2
City Hotel,67,2017,July,30,Male,SC,Online TA,TA/TO,0,0,0,A,Transient,0,1,0,9,1.0,103.68,0,High,4,🏙️ Viajero Estándar,2,933.1200000000001,0
City Hotel,28,2017,June,9,Male,HB,Offline TA/TO,TA/TO,0,0,0,A,Transient,0,1,0,3,2.0,90.5,0,Low,4,🏙️ Viajero Estándar,0,543.0,0
City Hotel,57,2017,February,5,Female,SC,Online TA,TA/TO,0,0,0,A,Transient,1,1,0,4,1.0,51.05,0,Low,4,🏙️ Viajero Estándar,0,204.2,1
City Hotel,88,2017,May,15,Male,BB,Online TA,TA/TO,0,0,0,A,Transient,2,1,0,4,2.0,68.625,0,Low,4,🏙️ Viajero Estándar,0,549.0,2
City Hotel,353,2017,May,24,Female,SC,Online TA,TA/TO,0,0,0,A,Transient,1,1,0,3,2.0,49.5,0,Low,4,🏙️ Viajero Estándar,3,297.0,1
Resort Hotel,42,2016,November,2,Male,BB,Online TA,TA/TO,0,0,0,E,Transient,2,1,0,3,2.0,27.9,0,Low,4,🏙️ Viajero Estándar,0,167.39999999999998,2
Resort Hotel,3,2017,February,18,Male,BB,Offline TA/TO,TA/TO,0,0,0,D,Transient,0,1,0,1,2.0,21.0,0,Low,4,🏙️ Viajero Estándar,0,42.0,0
Resort Hotel,24,2016,June,8,Female,BB,Online TA,TA/TO,0,0,0,A,Transient,0,1,0,3,2.0,61.165,0,Low,4,🏙️ Viajero Estándar,0,366.99,0
City Hotel,198,2016,September,9,Female,BB,Groups,TA/TO,0,0,0,A,Transient,0,1,0,3,2.0,60.0,0,High,4,🏙️ Viajero Estándar,5,360.0,0
City Hotel,261,2015,October,16,Male,HB,Offline TA/TO,TA/TO,0,1,0,A,Transient-Party,0,1,0,1,2.0,60.0,0,High,0,🗓️ Planificador Anticipado,8,120.0,0
City Hotel,507,2017,August,15,Female,BB,Offline TA/TO,TA/TO,0,0,0,A,Transient,0,1,0,1,2.0,45.0,0,High,4,🏙️ Viajero Estándar,5,90.0,0
Resort Hotel,96,2017,April,9,Male,BB,Offline TA/TO,TA/TO,0,0,0,A,Contract,0,1,0,7,1.0,41.2,0,Low,0,🗓️ Planificador Anticipado,0,288.40000000000003,0
Resort Hotel,63,2016,March,24,Male,BB,Online TA,TA/TO,0,0,0,D,Transient,2,1,0,4,3.0,24.666666666666668,1,High,3,👨‍👩‍👧 Turista Familiar,1,296.0,3
Resort Hotel,203,2017,April,25,Male,HB,Groups,TA/TO,0,0,0,A,Transient-Party,0,1,0,2,2.0,45.0,0,Low,4,🏙️ Viajero Estándar,4,180.0,0
City Hotel,74,2016,December,24,Male,HB,Direct,Direct,0,0,0,D,Transient,0,0,0,5,1.0,127.0,0,Low,1,⚡ Reserva de Última Hora,1,635.0,0
City Hotel,395,2017,May,17,Male,BB,Offline TA/TO,TA/TO,0,0,0,A,Transient-Party,0,1,0,3,2.0,45.0,0,High,4,🏙️ Viajero Estándar,5,270.0,0
City Hotel,45,2016,December,12,Female,BB,Online TA,TA/TO,0,0,0,D,Transient,2,1,0,4,2.0,48.45,0,Low,4,🏙️ Viajero Estándar,0,387.6,2
City Hotel,3,2016,February,29,Male,BB,Online TA,TA/TO,0,0,0,F,Transient,1,1,0,4,4.0,45.75,1,Low,3,👨‍👩‍👧 Turista Familiar,0,732.0,2
Resort Hotel,181,2016,October,16,Male,BB,Groups,TA/TO,0,0,0,A,Transient,0,1,0,3,2.0,18.5,0,High,4,🏙️ Viajero Estándar,5,111.0,0
City Hotel,13,2016,May,28,Female,BB,Online TA,TA/TO,0,0,0,D,Transient,2,1,0,1,2.0,78.0,0,Low,4,🏙️ Viajero Estándar,0,156.0,2
City Hotel,25,2017,May,20,Female,BB,Groups,TA/TO,0,0,0,A,Transient-Party,0,1,0,3,2.0,45.0,0,High,4,🏙️ Viajero Estándar,3,270.0,0
City Hotel,305,2016,October,1,Female,HB,Groups,TA/TO,0,1,0,A,Transient,0,1,0,2,2.0,50.0,0,High,0,🗓️ Planificador Anticipado,9,200.0,0
City Hotel,87,2016,June,9,Female,BB,Online TA,TA/TO,0,0,0,A,Transient,0,1,0,3,2.0,48.855,0,Low,4,🏙️ Viajero Estándar,0,293.13,0
City Hotel,34,2016,December,25,Male,BB,Online TA,TA/TO,0,0,0,A,Transient,0,1,0,4,2.0,47.6,0,Low,4,🏙️ Viajero Estándar,0,380.8,0
Resort Hotel,87,2016,February,9,Female,HB,Online TA,TA/TO,0,0,0,E,Transient,2,1,0,6,2.0,49.0,0,Low,4,🏙️ Viajero Estándar,0,588.0,2
City Hotel,0,2015,September,10,Female,BB,Corporate,Corporate,0,0,0,A,Transient,0,0,1,1,1.0,90.0,0,Low,1,⚡ Reserva de Última Hora,1,90.0,0
Resort Hotel,14,2017,August,24,Male,BB,Offline TA/TO,TA/TO,0,0,0,D,Group,0,1,0,7,2.0,67.5,0,Low,0,🗓️ Planificador Anticipado,0,945.0,0
City Hotel,198,2017,July,20,Male,SC,Online TA,TA/TO,0,0,0,A,Transient,0,1,0,3,2.0,48.45,0,Low,4,🏙️ Viajero Estándar,2,290.70000000000005,0
City Hotel,33,2015,December,9,Female,BB,Offline TA/TO,TA/TO,0,1,0,A,Transient,0,1,0,2,2.0,55.0,0,High,0,🗓️ Planificador Anticipado,5,220.0,0
City Hotel,28,2017,January,24,Female,SC,Online TA,TA/TO,0,0,0,A,Transient,1,1,0,5,2.0,33.79,0,Medium,4,🏙️ Viajero Estándar,1,337.9,1
Resort Hotel,0,2016,March,30,Male,BB,Direct,Direct,0,0,4,F,Transient,1,0,0,2,2.0,41.175,0,Low,1,⚡ Reserva de Última Hora,1,164.7,1
City Hotel,290,2016,December,1,Male,BB,Online TA,TA/TO,0,0,0,A,Transient,0,1,0,4,2.0,36.975,0,Low,4,🏙️ Viajero Estándar,3,295.8,0
Resort Hotel,171,2017,August,1,Female,BB,Online TA,TA/TO,0,0,0,D,Transient,2,1,0,9,2.0,95.555,0,High,2,💼 Viajero Premium,3,1719.9900000000002,2
Resort Hotel,24,2016,May,7,Female,HB,Groups,TA/TO,0,0,0,A,Transient-Party,0,1,0,7,2.0,42.5,0,Low,4,🏙️ Viajero Estándar,1,595.0,0
City Hotel,9,2016,June,27,Male,HB,Online TA,TA/TO,0,0,0,D,Transient,2,1,0,4,2.0,97.0,0,Low,4,🏙️ Viajero Estándar,0,776.0,2
Resort Hotel,0,2017,April,24,Female,BB,Direct,Direct,0,0,0,A,Transient,0,0,0,1,3.0,42.0,1,Low,3,👨‍👩‍👧 Turista Familiar,1,126.0,1
City Hotel,247,2016,June,6,Female,HB,Offline TA/TO,TA/TO,0,0,0,A,Transient-Party,1,1,0,2,2.0,57.5,0,Low,4,🏙️ Viajero Estándar,3,230.0,1
City Hotel,30,2017,August,17,Male,BB,Direct,Direct,0,0,0,B,Transient-Party,2,1,0,3,3.0,46.00666666666667,1,Low,3,👨‍👩‍👧 Turista Familiar,0,414.06000000000006,3
City Hotel,12,2015,August,5,Female,BB,Corporate,Corporate,0,0,0,A,Transient-Party,0,0,1,3,2.0,32.5,0,Low,1,⚡ Reserva de Última Hora,1,195.0,0
City Hotel,2,2016,June,2,Male,BB,Online TA,Corporate,0,0,0,A,Transient,0,0,1,2,2.0,60.0,0,High,1,⚡ Reserva de Última Hora,3,240.0,0
City Hotel,8,2017,April,10,Female,SC,Online TA,TA/TO,0,0,0,A,Transient,1,1,0,2,1.0,140.0,0,Low,4,🏙️ Viajero Estándar,0,280.0,1
Resort Hotel,208,2016,August,28,Male,BB,Online TA,TA/TO,0,0,0,D,Transient,1,1,0,7,2.0,61.43,0,High,4,🏙️ Viajero Estándar,5,860.02,1
Resort Hotel,0,2016,August,22,Female,HB,Online TA,TA/TO,1,0,0,D,Transient,1,1,0,0,2.0,0.0,0,Low,5,🏙️ Viajero Estándar,0,0.0,1
City Hotel,5,2016,April,4,Male,BB,Online TA,TA/TO,0,0,0,A,Transient,1,1,0,2,1.0,95.0,0,Low,4,🏙️ Viajero Estándar,0,190.0,1
Resort Hotel,0,2015,November,1,Female,FB,Offline TA/TO,TA/TO,0,0,0,E,Group,0,1,0,1,2.0,40.95,0,Low,4,🏙️ Viajero Estándar,0,81.9,0
Resort Hotel,80,2017,April,24,Male,BB,Online TA,TA/TO,0,0,0,G,Transient,2,1,0,2,3.0,50.66666666666666,1,Low,3,👨‍👩‍👧 Turista Familiar,0,303.99999999999994,3
City Hotel,18,2016,April,2,Male,SC,Online TA,TA/TO,0,0,0,A,Transient,1,1,0,1,2.0,64.5,0,Low,4,🏙️ Viajero Estándar,0,129.0,1
Resort Hotel,6,2016,January,8,Male,BB,Online TA,TA/TO,0,0,0,E,Transient,0,1,0,2,2.0,48.0,0,High,4,🏙️ Viajero Estándar,2,192.0,0
City Hotel,265,2017,July,17,Female,BB,Online TA,TA/TO,0,0,0,D,Transient,1,1,0,4,2.0,60.3,0,Low,4,🏙️ Viajero Estándar,3,482.4,1
City Hotel,8,2016,June,19,Male,HB,Complementary,Direct,1,0,1,G,Transient,1,0,0,1,2.0,0.0,0,High,5,🏙️ Viajero Estándar,1,0.0,1
City Hotel,0,2015,November,9,Female,BB,Online TA,TA/TO,0,0,0,A,Contract,1,1,0,4,2.0,53.0,0,Low,0,🗓️ Planificador Anticipado,0,424.0,1
Resort Hotel,169,2016,October,4,Female,BB,Online TA,TA/TO,0,0,0,A,Transient,0,1,0,5,2.0,40.5,0,Medium,4,🏙️ Viajero Estándar,3,405.0,0
City Hotel,21,2016,December,20,Female,BB,Online TA,TA/TO,0,0,0,A,Transient,1,1,0,7,2.0,44.2,0,Low,4,🏙️ Viajero Estándar,0,618.8000000000001,1
Resort Hotel,1,2015,December,2,Male,BB,Online TA,TA/TO,0,0,0,G,Transient,1,1,0,1,4.0,24.5,1,High,3,👨‍👩‍👧 Turista Familiar,2,98.0,2
City Hotel,301,2016,July,30,Female,HB,Offline TA/TO,TA/TO,0,0,0,A,Transient-Party,0,1,0,2,1.0,90.0,0,Low,4,🏙️ Viajero Estándar,3,180.0,0
City Hotel,15,2017,February,13,Male,HB,Online TA,TA/TO,0,0,0,D,Transient,0,1,0,3,2.0,63.2,0,Low,4,🏙️ Viajero Estándar,0,379.20000000000005,0
City Hotel,86,2017,May,2,Female,BB,Online TA,TA/TO,0,0,0,A,Transient,1,1,0,3,2.0,48.51,0,Low,4,🏙️ Viajero Estándar,0,291.06,1
City Hotel,75,2016,July,11,Female,BB,Online TA,TA/TO,0,0,0,D,Transient,0,1,0,2,1.0,123.3,0,Low,4,🏙️ Viajero Estándar,0,246.6,0
Resort Hotel,103,2017,January,22,Female,BB,Online TA,TA/TO,0,0,0,G,Transient,0,1,0,13,4.0,21.5,1,Low,3,👨‍👩‍👧 Turista Familiar,0,1118.0,1
Resort Hotel,150,2016,November,10,Female,BB,Online TA,TA/TO,0,0,0,A,Transient,0,1,0,5,2.0,15.12,0,High,4,🏙️ Viajero Estándar,4,151.2,0
City Hotel,316,2016,May,26,Female,BB,Groups,TA/TO,0,0,0,A,Transient-Party,0,1,0,3,1.0,100.0,0,High,4,🏙️ Viajero Estándar,6,300.0,0
City Hotel,32,2016,July,4,Male,BB,Corporate,Corporate,1,1,10,A,Transient,1,0,1,2,1.0,65.0,0,High,5,🏙️ Viajero Estándar,4,130.0,1
Resort Hotel,173,2016,July,25,Male,HB,Offline TA/TO,TA/TO,0,0,0,D,Transient,0,1,0,7,3.0,65.50666666666667,0,Low,4,🏙️ Viajero Estándar,2,1375.6400000000003,0
Resort Hotel,43,2017,January,27,Male,SC,Online TA,TA/TO,0,0,0,A,Transient-Party,1,1,0,5,2.0,0.0,0,Low,4,🏙️ Viajero Estándar,0,0.0,1
City Hotel,236,2017,July,4,Female,BB,Offline TA/TO,TA/TO,0,0,0,B,Transient-Party,0,1,0,3,2.0,40.05,0,Low,4,🏙️ Viajero Estándar,3,240.29999999999998,0
City Hotel,0,2016,October,13,Female,BB,Direct,Direct,1,0,0,F,Transient,0,1,0,0,2.0,0.0,0,High,5,🏙️ Viajero Estándar,0,0.0,0
City Hotel,255,2017,March,30,Male,BB,Online TA,TA/TO,0,0,0,A,Transient,2,1,0,3,2.0,35.33,0,Low,4,🏙️ Viajero Estándar,2,211.98,2
City Hotel,125,2016,April,12,Female,BB,Online TA,TA/TO,0,0,0,D,Transient,0,1,0,5,2.0,49.725,0,Low,4,🏙️ Viajero Estándar,2,497.25,0
Resort Hotel,159,2015,August,10,Male,BB,Direct,Direct,0,0,0,E,Transient-Party,1,0,0,13,2.0,73.8,0,Low,2,💼 Viajero Premium,3,1918.8,1
City Hotel,148,2016,July,19,Female,BB,Online TA,TA/TO,0,0,0,A,Transient,1,1,0,5,2.0,39.6,0,Low,4,🏙️ Viajero Estándar,2,396.0,1
City Hotel,31,2017,May,14,Female,BB,Groups,Corporate,0,0,0,A,Transient-Party,0,1,0,3,1.0,130.0,0,Low,4,🏙️ Viajero Estándar,1,390.0,0
City Hotel,162,2015,September,17,Male,BB,Offline TA/TO,TA/TO,0,0,0,A,Transient-Party,0,1,0,3,2.0,35.0,0,Low,4,🏙️ Viajero Estándar,2,210.0,0
City Hotel,44,2016,February,17,Female,BB,Offline TA/TO,TA/TO,0,0,0,A,Transient,0,1,0,3,2.0,37.5,0,High,4,🏙️ Viajero Estándar,2,225.0,0
City Hotel,179,2016,July,1,Female,BB,Groups,TA/TO,0,0,0,A,Transient,0,1,0,2,2.0,32.5,0,High,4,🏙️ Viajero Estándar,5,130.0,0
City Hotel,79,2017,January,26,Female,BB,Groups,TA/TO,0,0,0,A,Transient-Party,0,0,1,1,1.0,85.0,0,Low,1,⚡ Reserva de Última Hora,2,85.0,0
Resort Hotel,1,2016,October,30,Female,BB,Online TA,TA/TO,0,0,0,A,Transient,1,1,0,2,2.0,33.0,0,High,4,🏙️ Viajero Estándar,2,132.0,1
City Hotel,80,2016,November,4,Female,BB,Online TA,TA/TO,0,0,0,A,Transient,1,1,0,3,2.0,47.3,0,Low,4,🏙️ Viajero Estándar,0,283.79999999999995,1
City Hotel,14,2016,November,25,Male,BB,Corporate,Corporate,0,0,0,A,Transient-Party,0,0,1,1,2.0,38.0,0,High,1,⚡ Reserva de Última Hora,3,76.0,0
City Hotel,53,2017,June,15,Female,SC,Online TA,TA/TO,0,0,0,A,Transient,1,1,0,7,2.0,70.0,0,Low,4,🏙️ Viajero Estándar,0,980.0,1
City Hotel,7,2015,August,31,Female,BB,Direct,Direct,0,0,0,A,Transient,0,1,0,6,2.0,37.5,0,Low,4,🏙️ Viajero Estándar,0,450.0,0
City Hotel,59,2017,February,19,Female,BB,Online TA,TA/TO,0,0,0,G,Transient,0,1,0,4,5.0,32.96,1,High,3,👨‍👩‍👧 Turista Familiar,2,659.2,1
City Hotel,127,2016,November,2,Female,BB,Online TA,TA/TO,0,0,0,A,Transient,3,1,0,5,2.0,45.0,0,Low,4,🏙️ Viajero Estándar,1,450.0,3
City Hotel,0,2016,April,18,Male,BB,Corporate,Corporate,1,0,4,A,Transient,0,0,1,1,1.0,65.0,0,High,5,🏙️ Viajero Estándar,1,65.0,0
City Hotel,4,2015,November,23,Male,BB,Groups,TA/TO,0,0,0,A,Transient-Party,0,1,0,3,1.0,70.0,0,Low,4,🏙️ Viajero Estándar,1,210.0,0
City Hotel,9,2017,March,7,Male,BB,Online TA,TA/TO,0,0,0,D,Transient,0,1,0,2,1.0,118.0,0,Low,4,🏙️ Viajero Estándar,0,236.0,0
Resort Hotel,201,2015,September,19,Female,HB,Offline TA/TO,TA/TO,0,0,0,D,Transient,0,1,0,7,2.0,50.465,0,Low,4,🏙️ Viajero Estándar,3,706.51,0
Resort Hotel,60,2015,August,11,Male,BB,Direct,Direct,0,0,0,C,Transient,0,1,0,4,4.0,47.0,1,High,3,👨‍👩‍👧 Turista Familiar,2,752.0,1
City Hotel,5,2016,March,21,Female,SC,Online TA,TA/TO,0,0,0,A,Transient,1,1,0,2,1.0,89.0,0,Low,4,🏙️ Viajero Estándar,0,178.0,1
City Hotel,94,2016,April,28,Male,BB,Online TA,TA/TO,0,0,0,A,Transient-Party,0,1,0,2,2.0,55.8,0,Low,4,🏙️ Viajero Estándar,0,223.2,0
Resort Hotel,0,2016,February,18,Female,BB,Direct,Direct,0,0,0,E,Transient,0,0,0,1,2.0,32.5,0,High,1,⚡ Reserva de Última Hora,3,65.0,0
Resort Hotel,6,2016,December,6,Male,BB,Offline TA/TO,TA/TO,0,0,0,A,Transient,0,1,0,1,1.0,41.4,0,High,4,🏙️ Viajero Estándar,2,41.4,0
City Hotel,65,2017,March,16,Female,BB,Online TA,TA/TO,0,0,0,A,Transient,0,1,0,4,2.0,45.9,0,Low,4,🏙️ Viajero Estándar,0,367.2,0
City Hotel,151,2017,May,13,Male,BB,Groups,Direct,0,0,0,A,Transient,0,0,0,4,2.0,47.5,0,High,1,⚡ Reserva de Última Hora,6,380.0,0
Resort Hotel,9,2017,July,21,Female,BB,Direct,Direct,0,0,0,C,Transient,0,1,0,2,4.0,64.125,1,Low,3,👨‍👩‍👧 Turista Familiar,0,513.0,1
City Hotel,629,2017,March,30,Female,BB,Groups,TA/TO,0,0,0,A,Transient,0,1,0,2,2.0,31.0,0,High,4,🏙️ Viajero Estándar,6,124.0,0
City Hotel,4,2016,September,26,Male,BB,Offline TA/TO,TA/TO,0,0,0,A,Transient-Party,0,1,0,2,1.0,98.1,0,High,4,🏙️ Viajero Estándar,2,196.2,0
City Hotel,131,2017,July,25,Female,BB,Online TA,TA/TO,0,0,0,A,Transient,0,1,0,3,2.0,65.25,0,Low,4,🏙️ Viajero Estándar,2,391.5,0
City Hotel,122,2016,August,2,Female,BB,Online TA,TA/TO,0,0,0,D,Transient,1,1,0,3,2.0,59.4,0,Low,4,🏙️ Viajero Estándar,2,356.4,1
Resort Hotel,64,2017,July,20,Female,BB,Corporate,Corporate,0,0,0,D,Transient,0,1,0,4,2.0,67.5,0,High,4,🏙️ Viajero Estándar,2,540.0,0
City Hotel,10,2017,January,7,Female,BB,Online TA,TA/TO,0,0,0,E,Transient,2,1,0,5,3.0,36.60666666666666,0,Medium,4,🏙️ Viajero Estándar,0,549.0999999999999,2
Resort Hotel,49,2015,October,28,Female,HB,Direct,Direct,0,0,0,A,Transient,1,0,0,7,1.0,69.76,0,Low,1,⚡ Reserva de Última Hora,1,488.32000000000005,1
City Hotel,1,2015,August,30,Male,BB,Direct,Direct,0,0,0,A,Transient,0,0,0,4,2.0,57.0,0,High,1,⚡ Reserva de Última Hora,3,456.0,0
City Hotel,31,2017,June,27,Female,BB,Online TA,TA/TO,0,0,0,A,Transient,2,1,0,1,1.0,99.0,0,Low,4,🏙️ Viajero Estándar,0,99.0,2
City Hotel,29,2017,March,14,Male,BB,Offline TA/TO,TA/TO,0,0,0,A,Transient,0,1,0,4,2.0,34.0,0,Low,4,🏙️ Viajero Estándar,0,272.0,0
City Hotel,148,2015,August,5,Female,BB,Online TA,TA/TO,0,1,0,A,Transient,0,1,0,3,2.0,38.25,0,High,0,🗓️ Planificador Anticipado,7,229.5,0
City Hotel,3,2016,August,1,Female,SC,Online TA,TA/TO,0,0,0,A,Transient,1,1,0,2,2.0,54.5,0,Low,4,🏙️ Viajero Estándar,0,218.0,1
City Hotel,10,2016,January,15,Female,BB,Online TA,TA/TO,0,0,0,A,Transient,1,1,0,2,2.0,43.5,0,Medium,4,🏙️ Viajero Estándar,1,174.0,1
City Hotel,16,2015,September,25,Female,BB,Groups,TA/TO,0,0,0,A,Transient,0,1,0,6,1.0,170.0,0,Low,4,🏙️ Viajero Estándar,1,1020.0,0
Resort Hotel,64,2016,September,30,Male,BB,Offline TA/TO,TA/TO,0,0,0,D,Transient,0,1,0,6,3.0,35.25666666666667,0,Low,4,🏙️ Viajero Estándar,0,634.6200000000001,0
City Hotel,3,2016,November,12,Female,BB,Direct,Direct,1,0,3,F,Transient,1,0,0,1,4.0,18.75,1,High,5,🏙️ Viajero Estándar,1,75.0,2
City Hotel,50,2017,February,3,Female,SC,Online TA,GDS,0,0,0,A,Transient,0,1,0,2,1.0,78.0,0,Low,4,🏙️ Viajero Estándar,0,156.0,0
City Hotel,266,2017,May,3,Male,BB,Groups,TA/TO,0,0,0,A,Transient,0,1,0,3,2.0,50.0,0,High,4,🏙️ Viajero Estándar,6,300.0,0
City Hotel,255,2016,December,27,Female,BB,Offline TA/TO,TA/TO,0,0,0,A,Transient,0,1,0,3,2.0,31.32,0,Low,4,🏙️ Viajero Estándar,3,187.92000000000002,0
City Hotel,12,2015,November,23,Female,BB,Direct,Direct,0,0,0,A,Transient,0,1,0,4,1.0,86.5,0,High,4,🏙️ Viajero Estándar,2,346.0,0
City Hotel,63,2016,May,7,Male,BB,Direct,Direct,0,0,0,F,Transient,1,1,0,1,4.0,48.375,1,Low,3,👨‍👩‍👧 Turista Familiar,0,193.5,2
City Hotel,146,2017,July,11,Female,BB,Online TA,TA/TO,0,0,0,A,Transient,0,1,0,1,3.0,41.7,1,Low,3,👨‍👩‍👧 Turista Familiar,2,125.10000000000001,1
City Hotel,292,2015,August,5,Female,BB,Groups,TA/TO,0,1,0,A,Transient-Party,0,1,0,2,2.0,31.0,0,High,0,🗓️ Planificador Anticipado,9,124.0,0
City Hotel,139,2017,June,12,Female,BB,Offline TA/TO,TA/TO,0,0,0,A,Transient,0,1,0,2,2.0,55.0,0,High,4,🏙️ Viajero Estándar,4,220.0,0
City Hotel,4,2015,August,25,Female,BB,Groups,TA/TO,0,0,0,A,Transient-Party,0,1,0,4,2.0,31.0,0,Low,4,🏙️ Viajero Estándar,1,248.0,0
City Hotel,30,2016,June,2,Male,BB,Offline TA/TO,TA/TO,0,0,0,A,Transient,0,1,0,2,2.0,70.0,0,High,4,🏙️ Viajero Estándar,2,280.0,0
Resort Hotel,47,2017,March,20,Male,BB,Offline TA/TO,TA/TO,0,0,0,A,Transient-Party,0,1,0,5,1.0,48.5,0,Low,4,🏙️ Viajero Estándar,0,242.5,0
City Hotel,160,2017,June,19,Female,HB,Direct,Direct,0,0,0,D,Transient,0,1,0,4,2.0,79.75,0,Low,4,🏙️ Viajero Estándar,2,638.0,0
City Hotel,120,2017,April,17,Female,SC,Online TA,TA/TO,0,0,0,A,Transient-Party,5,1,0,5,1.0,108.0,0,Low,4,🏙️ Viajero Estándar,0,540.0,5
Resort Hotel,57,2016,July,8,Female,BB,Direct,Direct,0,0,0,C,Transient,0,1,0,2,4.0,47.5,1,Low,3,👨‍👩‍👧 Turista Familiar,0,380.0,1
City Hotel,286,2016,October,28,Male,BB,Groups,TA/TO,0,0,0,A,Transient,0,1,0,2,2.0,32.5,0,High,4,🏙️ Viajero Estándar,6,130.0,0
Resort Hotel,122,2017,July,23,Female,BB,Online TA,TA/TO,0,0,0,G,Transient,1,1,0,7,4.0,90.0,1,Low,3,👨‍👩‍👧 Turista Familiar,2,2520.0,2
City Hotel,111,2016,July,23,Female,HB,Online TA,TA/TO,0,0,0,A,Transient,1,1,0,5,2.0,69.75,0,High,4,🏙️ Viajero Estándar,2,697.5,1
City Hotel,34,2017,March,11,Female,HB,Online TA,TA/TO,0,0,0,D,Transient,0,1,0,3,2.0,79.665,0,Low,4,🏙️ Viajero Estándar,0,477.99,0
City Hotel,0,2017,February,4,Female,BB,Direct,Direct,0,0,0,A,Transient,0,0,0,2,2.0,44.0,0,High,1,⚡ Reserva de Última Hora,3,176.0,0
City Hotel,65,2016,May,23,Female,BB,Direct,Direct,0,0,0,A,Transient-Party,0,1,0,2,1.0,85.0,0,High,4,🏙️ Viajero Estándar,2,170.0,0
City Hotel,47,2015,December,5,Female,BB,Groups,TA/TO,0,0,0,A,Transient-Party,0,1,0,3,2.0,31.0,0,Low,4,🏙️ Viajero Estándar,1,186.0,0
City Hotel,451,2017,July,12,Female,BB,Groups,TA/TO,0,0,0,A,Transient-Party,2,1,0,3,2.0,56.335,0,Low,4,🏙️ Viajero Estándar,3,338.01,2
City Hotel,105,2017,May,5,Male,BB,Offline TA/TO,TA/TO,0,0,0,A,Transient,0,1,0,3,2.0,42.5,0,Low,4,🏙️ Viajero Estándar,0,255.0,0
Resort Hotel,152,2017,May,30,Female,BB,Online TA,TA/TO,0,0,0,E,Transient,1,1,0,9,2.0,67.22,0,Low,4,🏙️ Viajero Estándar,2,1209.96,1
City Hotel,44,2017,June,18,Female,BB,Online TA,TA/TO,0,0,0,A,Transient,0,1,0,4,2.0,61.5,0,Low,4,🏙️ Viajero Estándar,0,492.0,0
Resort Hotel,29,2015,September,3,Male,BB,Offline TA/TO,TA/TO,0,0,0,E,Contract,1,1,0,4,2.0,54.75,0,High,0,🗓️ Planificador Anticipado,2,438.0,1
City Hotel,117,2016,April,29,Male,BB,Online TA,TA/TO,0,0,0,E,Transient,0,1,0,2,2.0,52.92,0,High,4,🏙️ Viajero Estándar,2,211.68,0
Resort Hotel,201,2016,June,30,Female,HB,Online TA,TA/TO,0,0,0,A,Transient,2,1,0,10,3.0,47.333333333333336,1,High,3,👨‍👩‍👧 Turista Familiar,4,1420.0,3
City Hotel,5,2015,September,1,Female,SC,Online TA,TA/TO,0,0,0,A,Contract,0,1,0,3,2.0,48.0,0,Low,0,🗓️ Planificador Anticipado,0,288.0,0
City Hotel,107,2016,June,10,Male,BB,Offline TA/TO,TA/TO,0,0,0,A,Transient-Party,0,1,0,1,1.0,120.0,0,High,4,🏙️ Viajero Estándar,2,120.0,0
City Hotel,14,2015,September,7,Female,BB,Online TA,TA/TO,0,0,0,A,Contract,1,1,0,3,2.0,55.665,0,High,0,🗓️ Planificador Anticipado,2,333.99,1
City Hotel,4,2016,August,20,Female,BB,Online TA,Corporate,0,0,0,A,Transient,0,0,1,1,2.0,60.8,0,High,1,⚡ Reserva de Última Hora,3,121.6,0
City Hotel,190,2016,April,9,Male,BB,Groups,TA/TO,1,13,1,A,Transient-Party,0,0,0,2,2.0,35.0,0,High,5,🏙️ Viajero Estándar,7,140.0,0
City Hotel,44,2017,March,15,Female,BB,Offline TA/TO,TA/TO,0,0,0,A,Transient,0,1,0,4,3.0,36.66666666666666,0,High,4,🏙️ Viajero Estándar,2,439.9999999999999,0
Resort Hotel,1,2016,December,12,Male,BB,Direct,Direct,0,0,0,A,Transient,0,1,0,4,1.0,39.0,0,Low,4,🏙️ Viajero Estándar,0,156.0,0
Resort Hotel,7,2016,February,25,Female,BB,Corporate,Corporate,0,0,2,A,Transient,0,0,1,1,1.0,33.0,0,High,1,⚡ Reserva de Última Hora,3,33.0,0
City Hotel,1,2015,August,20,Male,BB,Complementary,Direct,0,0,0,A,Transient,0,0,1,1,1.0,0.0,0,High,1,⚡ Reserva de Última Hora,3,0.0,0
City Hotel,219,2015,September,4,Female,BB,Offline TA/TO,TA/TO,0,0,0,A,Transient-Party,0,1,0,3,1.0,76.67,0,Low,4,🏙️ Viajero Estándar,3,230.01,0
City Hotel,23,2017,August,12,Female,BB,Online TA,TA/TO,0,0,0,D,Transient,0,1,0,3,2.0,95.0,0,Low,4,🏙️ Viajero Estándar,0,570.0,0
Resort Hotel,145,2016,July,30,Male,HB,Offline TA/TO,TA/TO,0,0,0,D,Transient,1,1,0,7,3.0,61.51666666666667,0,Low,4,🏙️ Viajero Estándar,2,1291.8500000000001,1
City Hotel,91,2017,April,20,Female,BB,Online TA,TA/TO,0,0,0,D,Transient,0,1,0,5,2.0,67.5,0,Low,4,🏙️ Viajero Estándar,0,675.0,0
City Hotel,64,2016,April,17,Female,HB,Online TA,TA/TO,0,0,0,F,Transient,1,1,0,5,4.0,53.55,1,Low,3,👨‍👩‍👧 Turista Familiar,0,1071.0,2
City Hotel,270,2017,July,7,Male,HB,Online TA,TA/TO,0,0,0,D,Transient,1,1,0,2,2.0,77.4,0,Medium,4,🏙️ Viajero Estándar,4,309.6,1
Resort Hotel,115,2016,November,17,Female,BB,Groups,Direct,0,0,0,A,Transient-Party,0,0,0,4,2.0,17.0,0,Low,1,⚡ Reserva de Última Hora,2,136.0,0
City Hotel,161,2016,August,3,Male,HB,Direct,Direct,0,0,0,A,Transient,0,1,0,5,2.0,62.625,0,High,4,🏙️ Viajero Estándar,4,626.25,0
City Hotel,111,2017,April,27,Male,BB,Offline TA/TO,TA/TO,0,0,0,A,Transient,0,1,0,4,2.0,60.0,0,High,4,🏙️ Viajero Estándar,2,480.0,0
City Hotel,147,2016,August,4,Female,BB,Direct,Direct,0,0,0,E,Transient,0,0,0,7,4.0,47.105,1,High,3,👨‍👩‍👧 Turista Familiar,5,1318.9399999999998,1
Resort Hotel,270,2017,March,5,Female,HB,Offline TA/TO,TA/TO,0,0,0,A,Transient,0,1,0,4,2.0,27.9,0,High,4,🏙️ Viajero Estándar,5,223.2,0
Resort Hotel,137,2017,July,16,Male,BB,Online TA,TA/TO,0,0,0,A,Transient,1,1,0,3,3.0,57.333333333333336,1,High,3,👨‍👩‍👧 Turista Familiar,4,516.0,2
City Hotel,123,2017,May,21,Female,SC,Online TA,TA/TO,0,0,0,A,Transient,0,1,0,3,2.0,54.0,0,Low,4,🏙️ Viajero Estándar,2,324.0,0
City Hotel,1,2015,September,9,Male,BB,Online TA,TA/TO,0,0,0,A,Transient,0,1,0,2,1.0,114.0,0,Low,4,🏙️ Viajero Estándar,0,228.0,0
Resort Hotel,1,2017,June,2,Female,BB,Online TA,TA/TO,0,0,0,A,Transient,0,1,0,2,1.0,105.0,0,Low,4,🏙️ Viajero Estándar,0,210.0,0
Resort Hotel,0,2016,March,22,Male,BB,Direct,Direct,0,0,0,A,Transient,1,0,0,1,2.0,29.0,0,High,1,⚡ Reserva de Última Hora,3,58.0,1
City Hotel,418,2016,September,26,Female,HB,Offline TA/TO,TA/TO,0,0,0,A,Transient-Party,0,1,0,3,2.0,53.5,0,High,4,🏙️ Viajero Estándar,5,321.0,0
City Hotel,91,2017,June,5,Female,SC,Online TA,TA/TO,0,0,0,A,Transient-Party,0,1,0,6,2.0,65.335,0,Low,4,🏙️ Viajero Estándar,0,784.02,0
Resort Hotel,113,2017,May,12,Female,BB,Online TA,TA/TO,0,0,0,D,Transient,0,1,0,7,2.0,36.0,0,Low,4,🏙️ Viajero Estándar,0,504.0,0
City Hotel,66,2017,April,6,Female,BB,Groups,TA/TO,0,0,0,A,Transient,0,0,0,3,1.0,135.0,0,High,1,⚡ Reserva de Última Hora,4,405.0,0
Resort Hotel,1,2017,June,13,Female,BB,Corporate,Direct,1,0,2,A,Transient,0,0,1,1,1.0,75.0,0,High,5,🏙️ Viajero Estándar,1,75.0,0
Resort Hotel,2,2015,December,26,Female,BB,Online TA,TA/TO,0,0,0,A,Transient,2,1,0,1,2.0,27.5,0,Low,4,🏙️ Viajero Estándar,0,55.0,2
City Hotel,27,2017,February,11,Male,BB,Online TA,TA/TO,0,0,0,A,Transient,3,1,0,7,3.0,36.266666666666666,1,Low,3,👨‍👩‍👧 Turista Familiar,0,761.6,4
City Hotel,17,2017,February,26,Female,BB,Groups,TA/TO,0,0,0,D,Transient-Party,0,1,0,3,1.0,75.0,0,High,4,🏙️ Viajero Estándar,3,225.0,0
City Hotel,1,2017,February,9,Female,SC,Online TA,TA/TO,0,0,0,A,Transient,2,1,0,3,2.0,44.0,0,Low,4,🏙️ Viajero Estándar,0,264.0,2
City Hotel,79,2017,April,9,Male,SC,Online TA,TA/TO,0,0,0,A,Transient,0,1,0,3,2.0,49.5,0,Low,4,🏙️ Viajero Estándar,0,297.0,0
Resort Hotel,40,2017,May,28,Male,BB,Online TA,TA/TO,0,0,0,D,Transient,1,1,0,2,2.0,37.8,0,Medium,4,🏙️ Viajero Estándar,1,151.2,1
Resort Hotel,60,2017,March,28,Female,BB,Offline TA/TO,TA/TO,0,0,0,A,Transient,0,1,0,7,2.0,18.975,0,High,4,🏙️ Viajero Estándar,2,265.65000000000003,0
City Hotel,12,2016,December,10,Male,BB,Online TA,TA/TO,0,0,0,D,Transient,0,1,0,1,3.0,53.66666666666666,0,Low,4,🏙️ Viajero Estándar,0,160.99999999999997,0
City Hotel,40,2016,December,16,Female,SC,Online TA,TA/TO,0,0,0,A,Transient,3,1,0,3,2.0,44.0,0,Low,4,🏙️ Viajero Estándar,0,264.0,3
Resort Hotel,19,2016,August,13,Female,BB,Online TA,TA/TO,0,0,0,E,Transient,0,1,0,5,2.0,129.0,0,Low,4,🏙️ Viajero Estándar,0,1290.0,0
Resort Hotel,140,2016,April,28,Female,HB,Direct,Direct,0,0,0,G,Transient,0,1,0,7,2.0,71.5,0,Low,4,🏙️ Viajero Estándar,2,1001.0,0
City Hotel,193,2016,August,26,Female,BB,Online TA,TA/TO,0,0,0,A,Transient,0,1,0,4,2.0,47.6,0,Low,4,🏙️ Viajero Estándar,2,380.8,0
City Hotel,103,2015,July,18,Male,HB,Offline TA/TO,TA/TO,0,0,0,A,Transient-Party,0,1,0,3,2.0,47.25,0,Medium,4,🏙️ Viajero Estándar,1,283.5,0
Resort Hotel,109,2017,April,29,Male,BB,Online TA,TA/TO,0,0,0,A,Transient,0,1,0,2,2.0,42.5,0,High,4,🏙️ Viajero Estándar,2,170.0,0
City Hotel,159,2016,April,9,Male,BB,Offline TA/TO,TA/TO,0,0,0,A,Transient-Party,1,1,0,2,2.0,35.0,0,Low,4,🏙️ Viajero Estándar,2,140.0,1
Resort Hotel,138,2017,February,24,Male,BB,Online TA,TA/TO,0,0,0,A,Transient,1,1,0,4,2.0,18.9,0,Low,4,🏙️ Viajero Estándar,2,151.2,1
City Hotel,0,2016,June,23,Male,BB,Direct,Direct,0,0,0,E,Transient,0,1,0,1,4.0,31.5,1,High,3,👨‍👩‍👧 Turista Familiar,2,126.0,1
Resort Hotel,1,2017,February,10,Male,BB,Offline TA/TO,TA/TO,0,0,0,A,Transient,0,1,0,2,2.0,17.0,0,Low,4,🏙️ Viajero Estándar,0,68.0,0
City Hotel,156,2016,July,7,Female,SC,Online TA,TA/TO,0,0,0,A,Transient,0,1,0,4,2.0,50.315,0,Low,4,🏙️ Viajero Estándar,2,402.52,0
City Hotel,39,2015,August,14,Female,HB,Offline TA/TO,TA/TO,0,0,0,A,Transient-Party,0,1,0,2,2.0,50.75,0,High,4,🏙️ Viajero Estándar,2,203.0,0
City Hotel,15,2015,September,11,Female,SC,Online TA,TA/TO,0,0,0,A,Contract,1,1,0,4,2.0,53.875,0,Low,0,🗓️ Planificador Anticipado,0,431.0,1
City Hotel,8,2016,November,21,Female,BB,Online TA,TA/TO,0,0,0,A,Transient,2,1,0,1,1.0,103.0,0,Medium,4,🏙️ Viajero Estándar,0,103.0,2
City Hotel,33,2017,March,6,Male,BB,Online TA,TA/TO,0,0,0,D,Transient,0,1,0,5,2.0,50.15,0,Low,4,🏙️ Viajero Estándar,0,501.5,0
Resort Hotel,236,2015,October,13,Female,BB,Offline TA/TO,TA/TO,0,0,0,E,Transient,0,1,0,7,2.0,28.8,0,Low,4,🏙️ Viajero Estándar,3,403.2,0
Resort Hotel,108,2015,December,3,Male,HB,Offline TA/TO,TA/TO,0,0,0,A,Transient,0,1,0,7,2.0,24.75,0,Low,4,🏙️ Viajero Estándar,0,346.5,0
City Hotel,109,2017,May,5,Female,BB,Offline TA/TO,TA/TO,0,0,0,D,Transient,0,1,0,3,2.0,49.05,0,Low,4,🏙️ Viajero Estándar,0,294.29999999999995,0
City Hotel,281,2016,October,1,Female,HB,Groups,TA/TO,0,0,0,A,Transient-Party,0,1,0,3,2.0,48.0,0,High,4,🏙️ Viajero Estándar,6,288.0,0
Resort Hotel,107,2015,July,31,Female,BB,Offline TA/TO,TA/TO,0,0,0,A,Transient,2,1,0,6,3.0,49.38666666666666,1,Low,3,👨‍👩‍👧 Turista Familiar,0,888.96,3
Resort Hotel,83,2015,October,21,Female,BB,Online TA,TA/TO,0,0,0,A,Transient,2,1,0,3,2.0,17.325,0,High,4,🏙️ Viajero Estándar,1,103.94999999999999,2
City Hotel,0,2017,May,15,Male,BB,Direct,Direct,0,0,0,A,Transient,0,0,0,1,2.0,6.0,0,High,1,⚡ Reserva de Última Hora,3,12.0,0
City Hotel,245,2017,July,13,Male,BB,Online TA,TA/TO,0,0,0,F,Transient,1,1,0,2,4.0,44.775,1,Low,3,👨‍👩‍👧 Turista Familiar,3,358.2,2
City Hotel,91,2016,April,2,Male,BB,Online TA,TA/TO,0,0,0,A,Transient,0,1,0,4,2.0,29.685,0,Low,4,🏙️ Viajero Estándar,0,237.48,0
City Hotel,65,2016,July,17,Male,BB,Direct,Direct,0,0,0,E,Transient-Party,1,0,0,5,2.0,65.875,0,High,1,⚡ Reserva de Última Hora,3,658.75,1
Resort Hotel,31,2016,February,13,Male,BB,Online TA,TA/TO,0,0,0,E,Transient,2,1,0,1,2.0,30.6,0,High,4,🏙️ Viajero Estándar,1,61.2,2
City Hotel,53,2016,June,24,Male,BB,Groups,TA/TO,0,0,0,A,Transient-Party,1,1,0,3,2.0,32.5,0,High,4,🏙️ Viajero Estándar,3,195.0,1
City Hotel,0,2016,March,1,Female,BB,Online TA,TA/TO,0,0,0,A,Transient,0,1,0,1,2.0,50.5,0,Low,4,🏙️ Viajero Estándar,0,101.0,0
City Hotel,29,2017,August,18,Female,BB,Online TA,TA/TO,0,0,0,G,Transient,1,1,0,2,4.0,63.74,1,High,3,👨‍👩‍👧 Turista Familiar,2,509.92,2
Resort Hotel,26,2017,January,7,Male,BB,Online TA,TA/TO,0,0,0,A,Transient,1,1,0,4,2.0,21.75,0,Low,4,🏙️ Viajero Estándar,0,174.0,1
City Hotel,35,2016,September,25,Female,BB,Online TA,TA/TO,0,0,0,A,Transient,1,1,0,3,2.0,58.5,0,Low,4,🏙️ Viajero Estándar,0,351.0,1
City Hotel,83,2015,September,30,Female,HB,Offline TA/TO,TA/TO,0,0,0,A,Transient-Party,0,1,0,1,2.0,56.1,0,High,4,🏙️ Viajero Estándar,2,112.2,0
City Hotel,0,2016,May,17,Female,HB,Offline TA/TO,TA/TO,1,0,0,A,Transient,0,1,0,0,2.0,0.0,0,High,5,🏙️ Viajero Estándar,0,0.0,0
City Hotel,1,2015,August,10,Male,BB,Direct,Direct,0,0,0,A,Transient,0,1,0,7,2.0,37.5,0,Low,4,🏙️ Viajero Estándar,0,525.0,0
Resort Hotel,383,2016,October,6,Male,BB,Groups,TA/TO,0,0,0,A,Transient-Party,0,1,0,2,2.0,27.0,0,Low,4,🏙️ Viajero Estándar,4,108.0,0
Resort Hotel,211,2017,July,17,Female,BB,Online TA,TA/TO,0,0,0,A,Transient,1,1,0,9,2.0,76.25,0,Low,4,🏙️ Viajero Estándar,3,1372.5,1
City Hotel,10,2016,November,17,Male,SC,Online TA,TA/TO,0,0,0,A,Transient,0,1,0,4,2.0,39.315,0,Medium,4,🏙️ Viajero Estándar,1,314.52,0
Resort Hotel,23,2017,August,11,Female,HB,Online TA,TA/TO,0,0,0,A,Transient,2,1,0,1,2.0,120.5,0,Low,4,🏙️ Viajero Estándar,0,241.0,2
Resort Hotel,9,2016,October,21,Male,BB,Online TA,TA/TO,0,0,0,D,Transient,2,1,0,2,2.0,45.0,0,Low,4,🏙️ Viajero Estándar,0,180.0,2
City Hotel,1,2016,June,22,Male,SC,Online TA,TA/TO,0,0,0,A,Transient,2,1,0,1,2.0,64.5,0,Low,4,🏙️ Viajero Estándar,0,129.0,2
Resort Hotel,5,2016,December,31,Female,BB,Online TA,TA/TO,0,0,0,A,Transient,1,1,0,2,2.0,47.5,0,High,4,🏙️ Viajero Estándar,2,190.0,1
City Hotel,81,2016,April,10,Male,SC,Online TA,TA/TO,0,0,0,A,Transient,0,1,0,2,2.0,42.75,0,Low,4,🏙️ Viajero Estándar,0,171.0,0
Resort Hotel,29,2015,November,8,Male,BB,Online TA,TA/TO,0,0,0,D,Transient,0,1,0,7,2.0,36.145,0,Medium,4,🏙️ Viajero Estándar,1,506.03000000000003,0
City Hotel,1,2016,August,28,Female,BB,Direct,Direct,0,0,0,A,Transient,1,0,0,2,2.0,74.5,0,High,1,⚡ Reserva de Última Hora,3,298.0,1
Resort Hotel,2,2017,February,10,Female,HB,Offline TA/TO,TA/TO,0,0,0,A,Transient,1,1,0,2,2.0,30.0,0,Low,4,🏙️ Viajero Estándar,0,120.0,1
Resort Hotel,353,2017,June,30,Male,HB,Offline TA/TO,TA/TO,0,0,0,D,Contract,0,1,0,7,2.0,55.37,0,High,0,🗓️ Planificador Anticipado,5,775.18,0
City Hotel,173,2017,March,17,Male,SC,Online TA,TA/TO,0,0,0,A,Transient,0,1,0,3,2.0,39.6,0,Low,4,🏙️ Viajero Estándar,2,237.60000000000002,0
City Hotel,132,2016,August,29,Male,BB,Online TA,TA/TO,0,0,0,A,Transient,0,1,0,3,2.0,48.15,0,Medium,4,🏙️ Viajero Estándar,3,288.9,0
City Hotel,196,2017,August,21,Female,BB,Online TA,TA/TO,0,0,0,A,Transient,3,1,0,4,3.0,45.0,1,Low,3,👨‍👩‍👧 Turista Familiar,1,540.0,4
City Hotel,32,2016,April,27,Male,HB,Online TA,TA/TO,0,0,0,A,Transient,0,1,0,1,3.0,55.05,1,High,3,👨‍👩‍👧 Turista Familiar,2,165.14999999999998,1
Resort Hotel,152,2016,April,20,Male,BB,Groups,Direct,0,0,0,A,Transient-Party,1,0,0,4,2.0,25.25,0,Low,1,⚡ Reserva de Última Hora,4,202.0,1
City Hotel,224,2016,September,5,Female,BB,Direct,Direct,0,0,0,E,Transient,2,1,0,3,3.0,55.6,0,Medium,4,🏙️ Viajero Estándar,3,500.40000000000003,2
City Hotel,86,2015,September,9,Male,BB,Corporate,Corporate,0,0,0,A,Transient-Party,0,0,1,2,2.0,50.0,0,Low,1,⚡ Reserva de Última Hora,1,200.0,0
City Hotel,38,2017,January,14,Female,BB,Corporate,Corporate,0,0,0,A,Transient,0,0,1,1,1.0,75.0,0,High,1,⚡ Reserva de Última Hora,3,75.0,0
City Hotel,245,2016,July,6,Female,BB,Offline TA/TO,TA/TO,0,0,0,A,Transient,0,1,0,6,1.0,110.0,0,High,4,🏙️ Viajero Estándar,5,660.0,0
City Hotel,101,2017,July,20,Female,BB,Online TA,TA/TO,0,0,0,D,Transient,1,1,0,3,2.0,68.25,0,Low,4,🏙️ Viajero Estándar,0,409.5,1
City Hotel,180,2017,August,16,Female,SC,Offline TA/TO,TA/TO,0,0,0,A,Transient,0,1,0,6,2.0,35.55,0,Low,4,🏙️ Viajero Estándar,2,426.59999999999997,0
City Hotel,135,2016,August,13,Female,BB,Online TA,TA/TO,0,0,0,A,Transient,1,1,0,1,3.0,43.5,1,Low,3,👨‍👩‍👧 Turista Familiar,2,130.5,2
City Hotel,57,2017,April,3,Female,BB,Online TA,TA/TO,0,0,0,A,Transient,2,1,0,4,2.0,58.5,0,Low,4,🏙️ Viajero Estándar,0,468.0,2
City Hotel,30,2017,June,27,Male,SC,Online TA,TA/TO,0,0,0,A,Transient,1,1,0,2,2.0,56.75,0,Low,4,🏙️ Viajero Estándar,0,227.0,1
Resort Hotel,7,2015,November,20,Female,BB,Online TA,TA/TO,0,0,0,D,Transient,1,1,0,1,2.0,23.2,0,High,4,🏙️ Viajero Estándar,2,46.4,1
Resort Hotel,2,2016,February,6,Female,BB,Direct,Direct,0,0,0,E,Transient-Party,0,0,0,1,2.0,29.0,0,High,1,⚡ Reserva de Última Hora,3,58.0,0
City Hotel,127,2016,December,27,Female,BB,Online TA,TA/TO,0,0,0,D,Transient,1,1,0,3,3.0,33.85,1,High,3,👨‍👩‍👧 Turista Familiar,4,304.65000000000003,2
City Hotel,81,2016,April,1,Female,BB,Complementary,Direct,0,0,0,A,Transient,0,0,0,2,2.0,0.0,0,High,1,⚡ Reserva de Última Hora,3,0.0,0
City Hotel,123,2016,April,12,Female,BB,Online TA,TA/TO,0,0,0,B,Transient-Party,1,1,0,5,2.0,40.75,1,Low,3,👨‍👩‍👧 Turista Familiar,2,407.5,2
Resort Hotel,114,2017,June,3,Male,BB,Online TA,TA/TO,0,0,0,F,Transient,1,1,0,4,2.0,75.0,0,High,4,🏙️ Viajero Estándar,2,600.0,1
City Hotel,63,2016,February,15,Female,BB,Online TA,TA/TO,0,0,0,B,Transient,1,1,0,4,2.0,32.83,0,Low,4,🏙️ Viajero Estándar,0,262.64,1
Resort Hotel,8,2016,August,26,Female,HB,Online TA,TA/TO,0,0,0,D,Transient,1,1,0,4,2.0,70.955,0,Low,4,🏙️ Viajero Estándar,0,567.64,1
City Hotel,64,2017,January,8,Female,SC,Online TA,TA/TO,0,0,0,A,Transient,0,1,0,5,2.0,39.6,0,Medium,4,🏙️ Viajero Estándar,1,396.0,0
City Hotel,28,2017,March,30,Female,BB,Online TA,TA/TO,0,0,0,A,Transient,0,1,0,1,1.0,86.4,0,Medium,4,🏙️ Viajero Estándar,1,86.4,0
City Hotel,337,2017,March,1,Male,SC,Online TA,TA/TO,0,0,0,A,Transient,2,1,0,2,2.0,35.55,0,Medium,4,🏙️ Viajero Estándar,3,142.2,2
Resort Hotel,26,2016,November,30,Female,BB,Online TA,TA/TO,0,0,0,A,Transient,1,1,0,5,2.0,19.31,0,Low,4,🏙️ Viajero Estándar,0,193.1,1
Resort Hotel,142,2017,May,18,Female,BB,Online TA,TA/TO,0,0,0,E,Transient,0,1,0,7,2.0,42.4,0,Low,4,🏙️ Viajero Estándar,2,593.6,0
City Hotel,3,2016,July,14,Female,SC,Offline TA/TO,TA/TO,0,0,0,A,Transient,1,1,0,1,2.0,37.5,0,High,4,🏙️ Viajero Estándar,2,75.0,1
Resort Hotel,161,2016,July,28,Female,BB,Offline TA/TO,TA/TO,0,0,0,D,Transient,1,1,0,7,2.0,62.5,0,Low,4,🏙️ Viajero Estándar,2,875.0,1
City Hotel,238,2017,March,28,Male,BB,Online TA,TA/TO,0,0,0,D,Transient,1,1,0,4,2.0,48.875,0,Low,4,🏙️ Viajero Estándar,3,391.0,1
City Hotel,12,2016,February,6,Male,BB,Online TA,TA/TO,0,0,0,A,Transient,0,1,0,1,3.0,36.333333333333336,1,High,3,👨‍👩‍👧 Turista Familiar,2,109.0,1
City Hotel,3,2016,October,14,Female,HB,Groups,TA/TO,0,0,0,A,Transient-Party,0,1,0,2,1.0,90.0,0,Low,4,🏙️ Viajero Estándar,1,180.0,0
City Hotel,0,2016,October,3,Male,SC,Direct,Direct,1,0,0,A,Transient,0,0,0,1,2.0,85.0,0,High,5,🏙️ Viajero Estándar,1,170.0,0
City Hotel,159,2016,August,8,Female,BB,Direct,Direct,0,0,0,A,Transient,0,1,0,8,2.0,48.875,0,Low,4,🏙️ Viajero Estándar,2,782.0,0
City Hotel,1,2016,April,6,Male,HB,Offline TA/TO,TA/TO,0,0,0,D,Transient-Party,0,1,0,1,1.0,92.0,0,High,4,🏙️ Viajero Estándar,2,92.0,0
City Hotel,57,2017,March,16,Female,BB,Offline TA/TO,TA/TO,0,0,0,A,Transient,0,1,0,3,2.0,37.5,0,Medium,4,🏙️ Viajero Estándar,1,225.0,0
City Hotel,2,2016,October,4,Male,BB,Online TA,TA/TO,0,0,0,D,Transient,1,1,0,2,2.0,67.375,0,Low,4,🏙️ Viajero Estándar,0,269.5,1
City Hotel,7,2017,May,31,Female,BB,Corporate,Corporate,0,0,0,A,Transient,0,0,1,1,1.0,65.0,0,High,1,⚡ Reserva de Última Hora,3,65.0,0
Resort Hotel,75,2015,August,12,Female,HB,Offline TA/TO,TA/TO,0,0,0,A,Transient,1,1,0,9,2.0,66.5,0,Low,4,🏙️ Viajero Estándar,0,1197.0,1
Resort Hotel,178,2017,August,3,Male,Undefined,Offline TA/TO,TA/TO,0,0,0,D,Transient,0,1,0,10,2.0,87.75,0,High,2,💼 Viajero Premium,4,1755.0,0
City Hotel,0,2016,February,24,Female,SC,Online TA,TA/TO,0,0,0,A,Transient,0,1,0,1,1.0,85.0,0,High,4,🏙️ Viajero Estándar,2,85.0,0
City Hotel,3,2016,March,7,Female,SC,Online TA,TA/TO,0,0,0,A,Transient,0,1,0,5,2.0,45.3,0,Low,4,🏙️ Viajero Estándar,0,453.0,0
Resort Hotel,0,2016,March,16,Female,BB,Complementary,Direct,0,0,0,A,Transient,0,0,0,2,1.0,0.0,0,Low,1,⚡ Reserva de Última Hora,1,0.0,0
City Hotel,2,2016,March,14,Female,BB,Online TA,TA/TO,0,0,0,A,Transient,0,1,0,0,2.0,0.0,0,Low,4,🏙️ Viajero Estándar,0,0.0,0
City Hotel,84,2016,September,13,Male,BB,Online TA,TA/TO,0,0,0,D,Transient,2,1,0,5,3.0,56.1,0,Medium,4,🏙️ Viajero Estándar,0,841.5,2
City Hotel,151,2016,January,19,Male,BB,Offline TA/TO,TA/TO,0,0,0,A,Transient-Party,0,1,0,3,1.0,80.0,0,High,4,🏙️ Viajero Estándar,4,240.0,0
City Hotel,47,2015,December,5,Male,BB,Groups,TA/TO,0,0,0,A,Transient-Party,0,1,0,3,3.0,28.0,0,Low,4,🏙️ Viajero Estándar,1,252.0,0
City Hotel,0,2016,February,26,Male,BB,Online TA,TA/TO,0,0,0,A,Transient,0,1,0,2,1.0,85.0,0,High,4,🏙️ Viajero Estándar,2,170.0,0
City Hotel,26,2017,February,4,Female,BB,Online TA,TA/TO,0,0,0,A,Transient,0,1,0,4,2.0,41.65,0,Low,4,🏙️ Viajero Estándar,0,333.2,0
City Hotel,66,2016,March,5,Female,HB,Online TA,TA/TO,0,0,0,A,Transient,0,1,0,2,2.0,63.0,0,Low,4,🏙️ Viajero Estándar,0,252.0,0
Resort Hotel,73,2015,December,12,Female,BB,Online TA,TA/TO,0,0,0,A,Transient,1,1,0,14,1.0,36.0,0,Low,2,💼 Viajero Premium,0,504.0,1
Resort Hotel,0,2017,July,12,Female,BB,Online TA,TA/TO,0,0,0,D,Transient,2,1,0,1,4.0,31.5,1,High,3,👨‍👩‍👧 Turista Familiar,1,126.0,3
City Hotel,49,2017,March,10,Male,BB,Online TA,TA/TO,0,0,0,A,Transient,1,1,0,3,2.0,43.38,0,Low,4,🏙️ Viajero Estándar,0,260.28000000000003,1
Resort Hotel,239,2017,June,19,Female,BB,Online TA,TA/TO,0,0,0,A,Transient,1,1,0,5,2.0,49.5,0,Low,4,🏙️ Viajero Estándar,3,495.0,1
Resort Hotel,98,2016,May,4,Male,BB,Online TA,TA/TO,0,0,0,A,Transient,1,1,0,6,2.0,21.715,0,Low,4,🏙️ Viajero Estándar,0,260.58,1
Resort Hotel,8,2016,July,2,Female,BB,Online TA,TA/TO,0,0,0,G,Transient,0,1,0,3,4.0,51.0825,1,High,3,👨‍👩‍👧 Turista Familiar,2,612.99,1
Resort Hotel,113,2016,January,2,Female,HB,Groups,Direct,0,0,0,A,Transient,0,1,0,1,2.0,36.0,0,High,4,🏙️ Viajero Estándar,3,72.0,0
City Hotel,165,2016,August,13,Female,BB,Online TA,TA/TO,0,0,0,A,Transient,0,1,0,7,3.0,45.78,0,Low,4,🏙️ Viajero Estándar,2,961.38,0
City Hotel,189,2017,June,2,Male,BB,Groups,TA/TO,0,0,0,A,Transient,0,0,0,2,2.0,50.0,0,High,1,⚡ Reserva de Última Hora,6,200.0,0
City Hotel,162,2017,May,6,Female,BB,Groups,TA/TO,0,0,0,A,Transient,0,1,0,3,1.0,80.0,0,High,4,🏙️ Viajero Estándar,5,240.0,0
Resort Hotel,234,2016,June,16,Male,BB,Direct,Direct,0,0,0,A,Transient,0,1,0,7,2.0,34.855,0,Low,4,🏙️ Viajero Estándar,3,487.96999999999997,0
City Hotel,25,2017,June,27,Female,BB,Corporate,Corporate,0,0,0,A,Transient-Party,0,0,1,1,2.0,50.0,0,High,1,⚡ Reserva de Última Hora,3,100.0,0
Resort Hotel,59,2015,December,26,Female,BB,Online TA,TA/TO,0,0,0,D,Transient,1,1,0,8,2.0,35.59,0,Low,4,🏙️ Viajero Estándar,0,569.44,1
City Hotel,24,2017,June,26,Female,BB,Corporate,Corporate,0,0,0,A,Transient-Party,0,0,1,3,1.0,95.0,0,Low,1,⚡ Reserva de Última Hora,1,285.0,0
City Hotel,17,2016,March,30,Male,BB,Online TA,TA/TO,0,0,0,A,Transient,1,1,0,3,2.0,74.5,0,Low,4,🏙️ Viajero Estándar,0,447.0,1
Resort Hotel,97,2016,November,14,Female,BB,Online TA,TA/TO,0,0,0,E,Transient,1,1,0,5,2.0,28.9,0,Low,4,🏙️ Viajero Estándar,0,289.0,1
City Hotel,10,2015,August,21,Male,BB,Online TA,TA/TO,0,0,0,F,Contract,2,1,0,3,4.0,38.25,1,High,3,👨‍👩‍👧 Turista Familiar,1,459.0,3
City Hotel,14,2016,June,20,Female,BB,Online TA,TA/TO,0,0,0,D,Transient,0,1,0,2,3.0,59.0,0,Medium,4,🏙️ Viajero Estándar,1,354.0,0
Resort Hotel,5,2017,June,17,Female,BB,Online TA,TA/TO,0,0,0,A,Transient,0,1,0,1,2.0,79.0,0,Low,4,🏙️ Viajero Estándar,0,158.0,0
City Hotel,58,2017,April,27,Female,SC,Online TA,TA/TO,0,0,0,A,Transient,0,1,0,2,2.0,54.0,0,Low,4,🏙️ Viajero Estándar,0,216.0,0
City Hotel,73,2016,June,4,Male,BB,Online TA,TA/TO,0,0,0,A,Transient,2,1,0,2,1.0,117.0,0,High,4,🏙️ Viajero Estándar,1,234.0,2
Resort Hotel,288,2015,September,2,Male,BB,Online TA,TA/TO,0,1,0,A,Transient-Party,0,1,0,4,2.0,55.35,0,High,0,🗓️ Planificador Anticipado,8,442.8,0
City Hotel,10,2015,August,18,Male,BB,Online TA,TA/TO,0,0,0,A,Transient,1,1,0,5,2.0,45.0,0,Low,4,🏙️ Viajero Estándar,0,450.0,1
City Hotel,1,2017,March,22,Female,SC,Online TA,TA/TO,0,0,0,A,Transient,0,1,0,1,2.0,44.5,0,Low,4,🏙️ Viajero Estándar,0,89.0,0
City Hotel,105,2017,May,18,Male,BB,Online TA,TA/TO,0,0,0,D,Transient,2,1,0,3,1.0,144.0,0,Low,4,🏙️ Viajero Estándar,0,432.0,2
City Hotel,6,2015,December,10,Female,BB,Offline TA/TO,TA/TO,0,1,0,A,Transient-Party,0,1,0,2,1.0,0.0,0,High,0,🗓️ Planificador Anticipado,5,0.0,0
Resort Hotel,65,2015,September,16,Female,BB,Direct,Direct,0,0,0,A,Transient,2,1,0,3,1.0,74.0,0,High,4,🏙️ Viajero Estándar,1,222.0,2
City Hotel,0,2016,March,5,Male,BB,Direct,Direct,0,0,0,F,Transient,0,0,0,1,2.0,37.5,0,High,1,⚡ Reserva de Última Hora,3,75.0,0
City Hotel,99,2016,April,8,Male,SC,Online TA,TA/TO,0,0,0,A,Transient,0,1,0,4,2.0,41.625,0,Low,4,🏙️ Viajero Estándar,0,333.0,0
City Hotel,130,2017,January,25,Female,SC,Online TA,TA/TO,0,0,0,A,Transient,2,1,0,2,2.0,35.64,0,Low,4,🏙️ Viajero Estándar,1,142.56,2
City Hotel,7,2016,February,5,Male,SC,Online TA,TA/TO,0,0,0,A,Transient,0,1,0,3,2.0,39.5,0,Medium,4,🏙️ Viajero Estándar,1,237.0,0
City Hotel,86,2016,September,3,Female,BB,Offline TA/TO,TA/TO,0,0,0,D,Transient,3,1,0,4,2.0,45.475,0,Low,4,🏙️ Viajero Estándar,0,363.8,3
City Hotel,200,2016,October,31,Female,HB,Online TA,TA/TO,0,0,0,F,Transient,0,1,0,3,4.0,53.4,1,Low,3,👨‍👩‍👧 Turista Familiar,2,640.8,1
Resort Hotel,18,2016,February,14,Female,BB,Online TA,TA/TO,0,0,0,E,Transient,2,1,0,1,2.0,39.0,0,Low,4,🏙️ Viajero Estándar,0,78.0,2
City Hotel,142,2016,April,22,Female,BB,Groups,TA/TO,0,0,0,A,Transient,0,1,0,5,2.0,51.5,0,Low,4,🏙️ Viajero Estándar,3,515.0,0
City Hotel,19,2016,September,12,Male,BB,Corporate,Corporate,0,0,0,A,Transient,0,0,1,1,1.0,68.5,0,High,1,⚡ Reserva de Última Hora,3,68.5,0
City Hotel,86,2015,September,24,Female,BB,Offline TA/TO,TA/TO,0,0,0,A,Transient-Party,0,1,0,2,2.0,52.5,0,Low,4,🏙️ Viajero Estándar,0,210.0,0
City Hotel,13,2016,January,11,Female,BB,Offline TA/TO,TA/TO,0,0,0,A,Transient,0,1,0,3,2.0,41.0,0,Low,4,🏙️ Viajero Estándar,0,246.0,0
City Hotel,277,2016,September,5,Female,HB,Offline TA/TO,TA/TO,0,0,0,A,Transient-Party,1,1,0,7,2.0,44.57,0,Low,4,🏙️ Viajero Estándar,3,623.98,1
Resort Hotel,306,2017,June,21,Female,Undefined,Offline TA/TO,TA/TO,0,0,0,E,Transient,0,1,0,12,2.0,78.85,0,Low,2,💼 Viajero Premium,3,1892.3999999999999,0
City Hotel,207,2016,December,30,Female,BB,Offline TA/TO,TA/TO,0,0,0,A,Transient,0,1,0,3,2.0,80.835,0,Low,4,🏙️ Viajero Estándar,3,485.01,0
Resort Hotel,31,2016,March,18,Male,BB,Offline TA/TO,TA/TO,0,0,0,D,Transient,0,1,0,14,2.0,26.1,0,Low,2,💼 Viajero Premium,0,730.8000000000001,0
Resort Hotel,9,2016,July,6,Female,BB,Online TA,TA/TO,0,0,0,A,Transient,1,1,0,1,2.0,79.5,0,Medium,4,🏙️ Viajero Estándar,1,159.0,1
City Hotel,123,2017,May,19,Male,BB,Online TA,TA/TO,0,0,0,A,Transient,0,1,0,2,2.0,63.0,0,Low,4,🏙️ Viajero Estándar,2,252.0,0
City Hotel,253,2017,July,15,Female,SC,Online TA,TA/TO,0,0,0,A,Transient,2,1,0,7,2.0,44.55,0,Low,4,🏙️ Viajero Estándar,2,623.6999999999999,2
Resort Hotel,5,2016,December,10,Male,BB,Online TA,TA/TO,0,0,0,A,Transient,1,1,0,7,2.0,29.215,0,Low,4,🏙️ Viajero Estándar,0,409.01,1
City Hotel,100,2015,October,16,Male,HB,Offline TA/TO,TA/TO,0,0,0,A,Transient,0,1,0,1,2.0,54.0,0,High,4,🏙️ Viajero Estándar,2,108.0,0
City Hotel,142,2017,June,19,Female,SC,Online TA,TA/TO,0,0,0,A,Transient,0,1,0,2,2.0,49.5,0,Low,4,🏙️ Viajero Estándar,2,198.0,0
City Hotel,10,2015,September,5,Male,BB,Offline TA/TO,TA/TO,0,0,0,A,Group,1,1,0,1,2.0,42.5,0,High,0,🗓️ Planificador Anticipado,2,85.0,1
City Hotel,17,2016,January,1,Female,BB,Online TA,TA/TO,0,0,0,B,Transient,1,1,0,3,2.0,48.04,0,Low,4,🏙️ Viajero Estándar,0,288.24,1
City Hotel,208,2017,May,24,Male,HB,Groups,TA/TO,0,0,0,A,Transient-Party,0,1,0,2,2.0,57.2,0,Low,4,🏙️ Viajero Estándar,4,228.8,0
Resort Hotel,60,2016,August,21,Male,BB,Online TA,TA/TO,0,0,0,G,Transient,0,1,0,4,4.0,70.25,1,Low,3,👨‍👩‍👧 Turista Familiar,0,1124.0,1
City Hotel,100,2015,October,31,Female,BB,Groups,TA/TO,0,0,0,A,Transient-Party,0,1,0,2,2.0,31.0,0,Low,4,🏙️ Viajero Estándar,1,124.0,0
Resort Hotel,112,2015,December,30,Female,Undefined,Groups,Direct,0,0,0,A,Transient-Party,0,0,0,3,2.0,112.335,0,High,1,⚡ Reserva de Última Hora,4,674.01,0
Resort Hotel,49,2015,December,23,Male,HB,Online TA,TA/TO,0,0,0,F,Transient,1,1,0,0,3.0,0.0,1,High,3,👨‍👩‍👧 Turista Familiar,2,0.0,2
City Hotel,205,2016,September,16,Female,BB,Groups,TA/TO,0,0,0,A,Transient,0,1,0,3,2.0,60.0,0,High,4,🏙️ Viajero Estándar,6,360.0,0
City Hotel,131,2016,August,1,Male,BB,Online TA,TA/TO,0,0,0,A,Transient,1,1,0,4,2.0,49.725,0,Low,4,🏙️ Viajero Estándar,2,397.8,1
City Hotel,149,2016,August,20,Male,BB,Online TA,TA/TO,0,0,0,D,Transient,0,1,0,3,3.0,45.9,0,Low,4,🏙️ Viajero Estándar,2,413.09999999999997,0
City Hotel,167,2016,June,28,Male,SC,Online TA,TA/TO,0,0,0,A,Transient,0,1,0,4,2.0,40.375,0,Medium,4,🏙️ Viajero Estándar,3,323.0,0
Resort Hotel,4,2017,January,14,Female,HB,Groups,TA/TO,0,0,0,A,Transient-Party,0,1,0,1,1.0,68.0,0,High,4,🏙️ Viajero Estándar,3,68.0,0
City Hotel,3,2016,September,2,Female,BB,Direct,Direct,0,0,0,D,Transient,1,1,0,1,2.0,70.0,0,Low,4,🏙️ Viajero Estándar,0,140.0,1
Resort Hotel,8,2016,October,26,Male,BB,Corporate,Corporate,0,0,0,A,Transient,0,0,1,1,1.0,54.9,0,High,1,⚡ Reserva de Última Hora,3,54.9,0
City Hotel,0,2016,September,8,Female,SC,Online TA,TA/TO,0,0,0,A,Transient,0,1,0,1,2.0,74.5,0,Medium,4,🏙️ Viajero Estándar,1,149.0,0
City Hotel,395,2017,May,17,Female,BB,Offline TA/TO,TA/TO,0,0,0,A,Transient-Party,2,1,0,3,2.0,56.335,0,Low,4,🏙️ Viajero Estándar,2,338.01,2
Resort Hotel,5,2016,May,11,Female,BB,Direct,Direct,0,0,0,D,Transient,0,1,0,1,1.0,84.6,0,Low,4,🏙️ Viajero Estándar,0,84.6,0
Resort Hotel,339,2016,October,11,Male,BB,Groups,Direct,0,0,0,A,Transient-Party,0,1,0,7,1.0,46.36,0,Low,4,🏙️ Viajero Estándar,4,324.52,0
Resort Hotel,42,2015,September,16,Male,BB,Direct,Direct,0,0,0,A,Transient,0,1,0,3,2.0,37.0,0,High,4,🏙️ Viajero Estándar,2,222.0,0
City Hotel,74,2017,April,9,Female,BB,Online TA,TA/TO,0,0,0,A,Transient,1,1,0,3,2.0,58.5,0,Low,4,🏙️ Viajero Estándar,0,351.0,1
City Hotel,2,2016,April,1,Male,BB,Online TA,TA/TO,0,0,0,F,Transient,2,1,0,4,3.0,47.74,0,Low,4,🏙️ Viajero Estándar,0,572.88,2
Resort Hotel,138,2015,September,16,Female,BB,Offline TA/TO,TA/TO,0,0,0,D,Transient,0,1,0,7,2.0,33.075,0,Low,4,🏙️ Viajero Estándar,2,463.05000000000007,0
Resort Hotel,241,2015,July,17,Female,BB,Offline TA/TO,TA/TO,0,0,0,E,Contract,0,1,0,5,2.0,56.315,0,Low,0,🗓️ Planificador Anticipado,3,563.15,0
City Hotel,102,2017,April,24,Female,BB,Direct,Direct,0,0,0,A,Transient-Party,0,0,0,4,2.0,50.0,0,High,1,⚡ Reserva de Última Hora,3,400.0,0
City Hotel,45,2017,August,27,Female,BB,Groups,TA/TO,0,0,0,A,Transient-Party,0,1,0,1,1.0,115.0,0,Low,4,🏙️ Viajero Estándar,1,115.0,0
City Hotel,247,2017,June,22,Male,SC,Online TA,TA/TO,0,0,0,A,Transient,2,1,0,3,2.0,49.5,0,Low,4,🏙️ Viajero Estándar,2,297.0,2
City Hotel,60,2016,April,9,Female,BB,Offline TA/TO,TA/TO,0,0,0,A,Transient,1,1,0,5,3.0,13.92,0,High,4,🏙️ Viajero Estándar,2,208.79999999999998,1
Resort Hotel,80,2016,April,18,Female,HB,Offline TA/TO,TA/TO,0,0,0,D,Transient,1,1,0,7,2.0,39.1,0,Low,4,🏙️ Viajero Estándar,0,547.4,1
Resort Hotel,177,2017,April,16,Female,BB,Direct,Direct,0,0,0,F,Transient,0,1,0,7,2.0,50.105,0,Low,4,🏙️ Viajero Estándar,2,701.4699999999999,0
Resort Hotel,1,2017,July,13,Male,BB,Online TA,TA/TO,0,0,0,D,Transient,3,1,0,1,2.0,60.0,0,Low,4,🏙️ Viajero Estándar,0,120.0,3
Resort Hotel,358,2017,July,29,Female,BB,Online TA,TA/TO,0,0,0,E,Transient,0,1,0,7,2.0,82.8,0,Low,4,🏙️ Viajero Estándar,3,1159.2,0
City Hotel,9,2016,October,30,Female,SC,Direct,Direct,0,0,0,A,Transient,0,1,0,1,2.0,60.0,0,Low,4,🏙️ Viajero Estándar,0,120.0,0
City Hotel,350,2016,June,17,Female,BB,Groups,TA/TO,0,0,0,A,Transient,0,1,0,2,2.0,70.0,0,High,4,🏙️ Viajero Estándar,6,280.0,0
City Hotel,4,2016,August,29,Female,BB,Offline TA/TO,TA/TO,0,0,0,A,Transient,0,1,0,2,1.0,80.0,0,Low,4,🏙️ Viajero Estándar,0,160.0,0
Resort Hotel,302,2017,May,9,Female,HB,Groups,Direct,0,0,0,A,Transient-Party,0,0,0,4,2.0,40.5,0,High,1,⚡ Reserva de Última Hora,7,324.0,0
Resort Hotel,4,2017,March,13,Female,BB,Online TA,TA/TO,0,0,0,A,Transient,1,1,0,2,2.0,36.0,0,Low,4,🏙️ Viajero Estándar,0,144.0,1
Resort Hotel,16,2015,August,19,Female,BB,Direct,Direct,0,0,0,D,Transient,2,1,0,4,2.0,96.0,0,Low,4,🏙️ Viajero Estándar,0,768.0,2
City Hotel,443,2016,April,29,Female,BB,Offline TA/TO,TA/TO,0,0,0,A,Transient,0,1,0,1,2.0,32.5,0,High,4,🏙️ Viajero Estándar,5,65.0,0
City Hotel,136,2016,August,11,Male,BB,Online TA,TA/TO,0,0,0,A,Transient,1,1,0,5,2.0,43.18,1,Low,3,👨‍👩‍👧 Turista Familiar,2,431.8,2
Resort Hotel,49,2015,October,28,Male,HB,Direct,Direct,0,0,0,A,Transient,1,0,0,7,1.0,65.19,0,Low,1,⚡ Reserva de Última Hora,1,456.33,1
Resort Hotel,76,2015,August,5,Female,BB,Offline TA/TO,TA/TO,0,0,0,D,Transient,0,1,0,11,2.0,62.29,0,Low,4,🏙️ Viajero Estándar,0,1370.3799999999999,0
City Hotel,23,2017,January,15,Male,BB,Online TA,TA/TO,0,0,0,A,Transient,1,1,0,3,2.0,46.315,0,Medium,4,🏙️ Viajero Estándar,1,277.89,1
Resort Hotel,313,2017,May,9,Female,BB,Online TA,TA/TO,0,0,0,D,Transient,1,1,0,7,2.0,25.985,0,Low,4,🏙️ Viajero Estándar,3,363.78999999999996,1
City Hotel,573,2017,February,2,Female,BB,Groups,TA/TO,0,0,0,A,Transient,0,1,0,2,2.0,31.0,0,High,4,🏙️ Viajero Estándar,6,124.0,0
City Hotel,69,2016,April,10,Male,HB,Online TA,TA/TO,0,0,0,D,Transient,1,1,0,4,2.0,58.59,0,Low,4,🏙️ Viajero Estándar,0,468.72,1
Resort Hotel,2,2016,August,11,Female,BB,Online TA,TA/TO,0,0,0,E,Transient,1,1,0,2,2.0,94.5,0,Low,4,🏙️ Viajero Estándar,0,378.0,1
City Hotel,62,2017,April,15,Male,BB,Online TA,TA/TO,0,0,0,A,Transient,0,1,0,3,2.0,66.0,0,Low,4,🏙️ Viajero Estándar,0,396.0,0
City Hotel,171,2017,July,6,Female,SC,Online TA,TA/TO,0,0,0,A,Transient,1,1,0,4,2.0,34.305,0,Medium,4,🏙️ Viajero Estándar,3,274.44,1
City Hotel,91,2016,September,30,Male,BB,Offline TA/TO,TA/TO,0,0,0,A,Transient-Party,0,1,0,3,2.0,40.0,0,High,4,🏙️ Viajero Estándar,2,240.0,0
City Hotel,41,2016,March,24,Male,BB,Online TA,TA/TO,0,0,0,A,Transient-Party,0,1,0,3,2.0,58.8,0,Low,4,🏙️ Viajero Estándar,0,352.79999999999995,0
City Hotel,0,2016,August,20,Female,SC,Direct,Direct,0,0,0,A,Transient,0,0,0,1,2.0,64.5,0,High,1,⚡ Reserva de Última Hora,3,129.0,0
City Hotel,112,2017,April,12,Female,SC,Online TA,TA/TO,0,0,0,A,Transient-Party,2,1,0,3,2.0,52.5,0,Medium,4,🏙️ Viajero Estándar,0,315.0,2
Resort Hotel,101,2016,April,29,Female,BB,Groups,TA/TO,0,0,0,A,Transient-Party,0,1,0,7,2.0,23.5,0,High,4,🏙️ Viajero Estándar,3,329.0,0
City Hotel,17,2016,October,7,Female,BB,Online TA,TA/TO,0,0,0,A,Transient,1,1,0,4,2.0,58.52,0,Low,4,🏙️ Viajero Estándar,0,468.16,1
City Hotel,3,2016,January,21,Male,BB,Corporate,Corporate,0,0,0,A,Transient-Party,0,0,1,1,1.0,66.0,0,High,1,⚡ Reserva de Última Hora,3,66.0,0
Resort Hotel,274,2017,June,24,Female,BB,Online TA,TA/TO,0,0,0,A,Transient,1,1,0,8,2.0,40.88,0,High,4,🏙️ Viajero Estándar,5,654.08,1
City Hotel,80,2016,December,9,Female,BB,Offline TA/TO,TA/TO,0,0,0,A,Transient,0,1,0,2,2.0,37.5,0,Low,4,🏙️ Viajero Estándar,0,150.0,0
City Hotel,493,2017,August,1,Female,BB,Groups,TA/TO,0,0,0,A,Transient,0,1,0,1,2.0,45.0,0,High,4,🏙️ Viajero Estándar,6,90.0,0
City Hotel,274,2016,July,31,Female,BB,Online TA,TA/TO,0,0,0,B,Transient,1,1,0,3,2.0,48.25,0,Low,4,🏙️ Viajero Estándar,3,289.5,1
City Hotel,153,2017,August,10,Female,SC,Online TA,TA/TO,0,0,0,A,Transient,0,1,0,4,2.0,45.0,0,Low,4,🏙️ Viajero Estándar,2,360.0,0
Resort Hotel,0,2016,March,2,Female,BB,Online TA,TA/TO,0,0,1,A,Transient,1,1,0,1,1.0,43.0,0,Low,4,🏙️ Viajero Estándar,0,43.0,1
City Hotel,176,2017,April,14,Female,HB,Groups,TA/TO,0,0,0,A,Transient-Party,1,1,0,4,2.0,56.5,0,Low,4,🏙️ Viajero Estándar,3,452.0,1
Resort Hotel,0,2015,December,1,Male,BB,Online TA,TA/TO,0,0,0,D,Transient,1,1,0,2,2.0,24.0,0,Low,4,🏙️ Viajero Estándar,0,96.0,1
City Hotel,40,2017,February,11,Male,HB,Online TA,TA/TO,0,0,0,A,Transient,2,1,0,4,2.0,65.7,0,Low,4,🏙️ Viajero Estándar,0,525.6,2
Resort Hotel,179,2016,July,6,Male,BB,Online TA,TA/TO,0,0,0,A,Transient,1,1,0,7,2.0,53.55,0,High,4,🏙️ Viajero Estándar,4,749.6999999999999,1
City Hotel,2,2016,March,2,Male,BB,Offline TA/TO,TA/TO,0,0,0,A,Transient-Party,0,1,0,1,1.0,55.0,0,High,4,🏙️ Viajero Estándar,2,55.0,0
Resort Hotel,200,2017,May,16,Male,BB,Offline TA/TO,TA/TO,0,0,0,D,Contract,1,1,0,7,2.0,25.425,0,Low,0,🗓️ Planificador Anticipado,2,355.95,1
City Hotel,180,2016,August,15,Male,BB,Online TA,TA/TO,0,0,0,D,Transient,2,1,0,7,3.0,27.36,1,Low,3,👨‍👩‍👧 Turista Familiar,1,574.56,3
City Hotel,206,2016,August,4,Male,BB,Online TA,TA/TO,0,0,0,A,Transient,0,1,0,2,2.0,52.65,0,Low,4,🏙️ Viajero Estándar,3,210.6,0
Resort Hotel,283,2015,October,12,Male,BB,Groups,Direct,0,0,0,D,Transient-Party,0,1,0,7,2.0,34.51,0,Low,4,🏙️ Viajero Estándar,4,483.14,0
City Hotel,54,2017,January,14,Female,BB,Corporate,Corporate,0,0,0,A,Transient,0,0,1,1,1.0,75.0,0,High,1,⚡ Reserva de Última Hora,3,75.0,0
City Hotel,183,2017,February,15,Male,BB,Online TA,TA/TO,0,0,0,A,Transient,1,1,0,3,3.0,35.4,1,Low,3,👨‍👩‍👧 Turista Familiar,2,318.59999999999997,2
City Hotel,178,2017,June,28,Male,BB,Online TA,TA/TO,0,0,0,A,Transient,0,1,0,3,2.0,58.5,0,Low,4,🏙️ Viajero Estándar,2,351.0,0
City Hotel,275,2016,April,17,Female,HB,Offline TA/TO,TA/TO,0,0,0,A,Transient,0,1,0,2,2.0,55.0,0,High,4,🏙️ Viajero Estándar,5,220.0,0
City Hotel,11,2015,December,5,Female,HB,Groups,TA/TO,0,0,0,A,Transient-Party,0,1,0,4,2.0,52.0,0,High,4,🏙️ Viajero Estándar,3,416.0,0
City Hotel,25,2017,February,1,Female,BB,Online TA,TA/TO,0,0,0,D,Transient,1,1,0,7,2.0,45.9,0,Medium,4,🏙️ Viajero Estándar,1,642.6,1
City Hotel,111,2017,April,27,Female,BB,Offline TA/TO,TA/TO,0,0,0,A,Transient,0,1,0,4,2.0,60.0,0,High,4,🏙️ Viajero Estándar,2,480.0,0
Resort Hotel,36,2015,November,10,Female,BB,Direct,Direct,0,0,0,A,Transient,0,1,0,5,3.0,24.4,1,Low,3,👨‍👩‍👧 Turista Familiar,0,365.99999999999994,1
Resort Hotel,85,2016,April,7,Female,HB,Groups,TA/TO,0,0,0,A,Transient-Party,0,1,0,3,2.0,32.0,0,High,4,🏙️ Viajero Estándar,3,192.0,0
City Hotel,114,2016,June,15,Female,BB,Online TA,TA/TO,0,0,0,D,Transient,0,1,0,4,3.0,50.15,0,Low,4,🏙️ Viajero Estándar,0,601.8,0
City Hotel,101,2016,April,9,Male,BB,Online TA,TA/TO,0,0,0,A,Transient,1,1,0,2,2.0,48.15,0,Medium,4,🏙️ Viajero Estándar,1,192.6,1
Resort Hotel,4,2017,August,7,Male,BB,Direct,Direct,0,0,0,D,Group,1,1,0,1,2.0,112.5,0,Low,4,🏙️ Viajero Estándar,0,225.0,1
City Hotel,84,2016,September,9,Female,BB,Online TA,TA/TO,0,0,0,D,Transient,2,1,0,2,1.0,149.4,0,Low,4,🏙️ Viajero Estándar,0,298.8,2
City Hotel,315,2017,July,28,Female,SC,Online TA,TA/TO,0,0,0,A,Transient,0,1,0,3,2.0,44.55,0,Low,4,🏙️ Viajero Estándar,3,267.29999999999995,0
Resort Hotel,30,2015,August,28,Female,BB,Online TA,TA/TO,0,0,0,A,Transient,2,1,0,5,2.0,50.58,0,Low,4,🏙️ Viajero Estándar,0,505.79999999999995,2
City Hotel,30,2016,November,26,Female,SC,Online TA,TA/TO,0,0,0,A,Transient,0,1,0,3,2.0,44.0,0,Low,4,🏙️ Viajero Estándar,0,264.0,0
Resort Hotel,58,2016,May,8,Male,BB,Offline TA/TO,TA/TO,0,0,0,A,Transient-Party,1,1,0,2,3.0,25.2,0,High,4,🏙️ Viajero Estándar,2,151.2,1
City Hotel,41,2017,January,26,Female,BB,Direct,Direct,0,0,0,A,Transient,0,1,0,3,2.0,34.78,0,Low,4,🏙️ Viajero Estándar,0,208.68,0
Resort Hotel,28,2016,April,5,Male,HB,Offline TA/TO,TA/TO,0,0,0,A,Transient,0,1,0,0,2.0,0.0,0,High,4,🏙️ Viajero Estándar,2,0.0,0
Resort Hotel,86,2017,January,20,Female,BB,Online TA,TA/TO,0,0,0,A,Transient,1,1,0,4,2.0,21.0,0,Low,4,🏙️ Viajero Estándar,0,168.0,1
City Hotel,284,2017,April,28,Female,BB,Online TA,TA/TO,0,0,0,A,Transient,2,1,0,3,2.0,54.9,0,Medium,4,🏙️ Viajero Estándar,3,329.4,2
City Hotel,279,2015,July,23,Female,BB,Groups,TA/TO,0,1,0,A,Contract,0,1,0,2,2.0,31.0,0,High,0,🗓️ Planificador Anticipado,9,124.0,0
Resort Hotel,88,2017,April,29,Male,BB,Offline TA/TO,TA/TO,0,0,0,A,Transient,0,1,0,7,1.0,34.2,0,Low,4,🏙️ Viajero Estándar,0,239.40000000000003,0
Resort Hotel,1,2016,October,4,Female,BB,Online TA,TA/TO,0,0,0,A,Transient-Party,1,1,0,1,2.0,47.5,0,Medium,4,🏙️ Viajero Estándar,1,95.0,1
Resort Hotel,17,2016,June,10,Female,BB,Online TA,TA/TO,0,0,0,A,Transient-Party,0,1,0,3,2.0,64.5,0,High,4,🏙️ Viajero Estándar,2,387.0,0
City Hotel,66,2016,May,8,Female,BB,Online TA,TA/TO,0,0,0,A,Transient,1,1,0,5,2.0,59.925,0,Low,4,🏙️ Viajero Estándar,0,599.25,1
City Hotel,60,2015,September,21,Female,BB,Offline TA/TO,TA/TO,0,0,0,A,Transient-Party,0,1,0,2,2.0,32.5,0,Low,4,🏙️ Viajero Estándar,0,130.0,0
Resort Hotel,164,2016,November,4,Female,BB,Direct,Direct,0,0,0,A,Transient,0,1,0,5,2.0,21.9,0,Low,4,🏙️ Viajero Estándar,2,219.0,0
City Hotel,133,2016,June,27,Male,BB,Online TA,TA/TO,0,0,0,D,Transient,0,1,0,5,2.0,51.85,0,Low,4,🏙️ Viajero Estándar,2,518.5,0
City Hotel,545,2017,January,5,Female,BB,Groups,TA/TO,0,0,0,A,Transient,0,1,0,2,2.0,31.0,0,High,4,🏙️ Viajero Estándar,6,124.0,0
Resort Hotel,0,2015,October,12,Female,BB,Direct,Direct,0,0,0,A,Transient,1,0,0,3,2.0,31.0,0,Low,1,⚡ Reserva de Última Hora,1,186.0,1
Resort Hotel,128,2016,August,14,Female,HB,Direct,Direct,0,0,0,G,Transient,0,1,0,6,4.0,79.4175,1,High,3,👨‍👩‍👧 Turista Familiar,4,1906.02,1
City Hotel,211,2016,August,22,Female,BB,Online TA,TA/TO,0,0,0,D,Transient,2,1,0,5,3.0,40.516666666666666,0,Low,4,🏙️ Viajero Estándar,2,607.75,2
Resort Hotel,347,2017,July,3,Male,BB,Online TA,TA/TO,0,0,0,H,Transient,0,1,0,10,4.0,46.0,1,Low,3,👨‍👩‍👧 Turista Familiar,3,1840.0,1
Resort Hotel,22,2017,February,23,Female,Undefined,Groups,TA/TO,0,0,0,A,Transient-Party,0,1,0,2,2.0,30.0,0,Low,0,🗓️ Planificador Anticipado,1,120.0,0
City Hotel,14,2015,September,14,Female,BB,Corporate,Corporate,0,0,0,A,Transient,0,0,1,4,1.0,65.0,0,High,1,⚡ Reserva de Última Hora,3,260.0,0
City Hotel,305,2016,November,4,Male,BB,Offline TA/TO,TA/TO,0,0,0,A,Transient,0,1,0,3,2.0,44.5,0,High,4,🏙️ Viajero Estándar,5,267.0,0
City Hotel,27,2015,December,27,Female,HB,Offline TA/TO,TA/TO,0,0,0,A,Transient,3,1,0,3,3.0,34.833333333333336,1,Low,3,👨‍👩‍👧 Turista Familiar,0,313.5,4
Resort Hotel,19,2016,March,20,Male,BB,Online TA,TA/TO,0,0,0,A,Transient,1,1,0,4,2.0,33.0,0,High,4,🏙️ Viajero Estándar,2,264.0,1
Resort Hotel,117,2017,April,2,Female,BB,Online TA,TA/TO,0,0,0,D,Transient,1,1,0,3,2.0,31.5,0,Low,4,🏙️ Viajero Estándar,0,189.0,1
City Hotel,75,2017,January,11,Female,BB,Offline TA/TO,TA/TO,0,0,0,D,Transient,1,1,0,3,2.0,41.4,0,Low,4,🏙️ Viajero Estándar,0,248.39999999999998,1
City Hotel,15,2017,May,31,Female,SC,Online TA,TA/TO,0,0,0,A,Transient,1,1,0,1,2.0,70.0,0,Low,4,🏙️ Viajero Estándar,0,140.0,1
Resort Hotel,113,2015,September,10,Male,BB,Online TA,TA/TO,0,0,0,F,Transient,2,1,0,4,2.0,47.185,0,High,4,🏙️ Viajero Estándar,1,377.48,2
City Hotel,34,2016,December,4,Female,BB,Direct,Direct,0,0,0,A,Transient,0,1,0,4,3.0,30.0,1,Low,3,👨‍👩‍👧 Turista Familiar,0,360.0,1
Resort Hotel,3,2016,April,28,Female,HB,Online TA,TA/TO,0,0,0,E,Transient-Party,1,1,0,5,1.0,127.0,0,Low,4,🏙️ Viajero Estándar,0,635.0,1
City Hotel,272,2015,July,16,Female,BB,Groups,TA/TO,1,1,0,A,Transient-Party,0,1,0,2,2.0,31.4,0,High,5,🏙️ Viajero Estándar,7,125.6,0
City Hotel,12,2016,November,26,Female,BB,Direct,Direct,0,0,0,A,Transient,0,1,0,1,2.0,41.565,0,High,4,🏙️ Viajero Estándar,2,83.13,0
City Hotel,139,2017,April,23,Male,BB,Online TA,TA/TO,0,0,0,A,Transient,0,1,0,3,2.0,58.5,0,Low,4,🏙️ Viajero Estándar,2,351.0,0
Resort Hotel,468,2016,May,12,Male,HB,Groups,TA/TO,0,0,0,A,Transient-Party,0,1,0,2,2.0,34.5,0,Low,4,🏙️ Viajero Estándar,4,138.0,0
City Hotel,50,2015,October,9,Male,BB,Groups,TA/TO,0,0,0,A,Transient-Party,0,1,0,2,2.0,42.5,0,High,4,🏙️ Viajero Estándar,3,170.0,0
City Hotel,131,2016,June,17,Male,BB,Online TA,TA/TO,0,0,0,A,Transient,1,1,0,5,2.0,52.87,0,Low,4,🏙️ Viajero Estándar,2,528.6999999999999,1
City Hotel,31,2016,February,28,Female,BB,Offline TA/TO,TA/TO,0,0,0,A,Transient,0,1,0,3,2.0,35.665,0,Low,4,🏙️ Viajero Estándar,0,213.99,0
Resort Hotel,198,2016,October,5,Male,HB,Online TA,TA/TO,0,0,0,E,Transient,0,1,0,9,2.0,53.8,0,Low,4,🏙️ Viajero Estándar,2,968.4,0
City Hotel,144,2016,May,22,Female,BB,Online TA,TA/TO,0,0,0,D,Transient-Party,1,1,0,5,2.0,56.015,0,Low,4,🏙️ Viajero Estándar,2,560.15,1
Resort Hotel,4,2017,January,14,Male,HB,Groups,TA/TO,0,0,0,A,Transient-Party,1,1,0,1,2.0,50.0,0,High,4,🏙️ Viajero Estándar,3,100.0,1
City Hotel,200,2016,September,20,Female,BB,Online TA,TA/TO,0,0,0,A,Transient,0,1,0,6,3.0,50.15,0,Low,4,🏙️ Viajero Estándar,2,902.6999999999999,0
City Hotel,30,2016,November,30,Female,BB,Offline TA/TO,TA/TO,0,0,0,A,Transient,0,1,0,2,3.0,32.7,0,Medium,4,🏙️ Viajero Estándar,1,196.20000000000002,0
Resort Hotel,240,2016,September,18,Female,BB,Offline TA/TO,TA/TO,0,0,0,A,Contract,1,1,0,11,2.0,25.925,0,Low,0,🗓️ Planificador Anticipado,3,570.35,1
City Hotel,158,2016,May,24,Female,BB,Groups,TA/TO,0,0,0,A,Transient,0,1,0,2,1.0,130.0,0,High,4,🏙️ Viajero Estándar,5,260.0,0
City Hotel,42,2016,August,29,Male,BB,Online TA,TA/TO,0,0,0,D,Transient,0,1,0,4,3.0,48.07666666666666,0,Low,4,🏙️ Viajero Estándar,0,576.92,0
Resort Hotel,212,2017,July,14,Female,HB,Online TA,TA/TO,0,0,0,G,Transient,0,1,0,10,4.0,72.4,1,Low,3,👨‍👩‍👧 Turista Familiar,3,2896.0,1
City Hotel,86,2015,September,9,Female,BB,Corporate,Corporate,0,0,0,A,Transient-Party,0,0,1,2,2.0,50.0,0,Low,1,⚡ Reserva de Última Hora,1,200.0,0
City Hotel,102,2017,August,16,Female,BB,Online TA,TA/TO,0,0,0,D,Transient,1,1,0,4,2.0,77.5,0,Low,4,🏙️ Viajero Estándar,0,620.0,1
City Hotel,192,2017,April,28,Male,BB,Offline TA/TO,TA/TO,0,0,0,A,Transient,0,1,0,4,1.0,84.6,0,High,4,🏙️ Viajero Estándar,4,338.4,0
City Hotel,76,2016,October,22,Female,BB,Online TA,TA/TO,0,0,0,D,Transient,1,1,0,7,2.0,58.18,0,Low,4,🏙️ Viajero Estándar,0,814.52,1
City Hotel,150,2017,August,21,Male,BB,Offline TA/TO,TA/TO,0,0,0,A,Transient,0,1,0,2,2.0,40.05,0,High,4,🏙️ Viajero Estándar,4,160.2,0
Resort Hotel,155,2015,October,31,Female,BB,Groups,Direct,0,0,0,A,Transient,0,0,0,1,2.0,18.0,0,High,1,⚡ Reserva de Última Hora,6,36.0,0
City Hotel,3,2016,March,27,Female,BB,Offline TA/TO,TA/TO,0,0,0,A,Transient,0,1,0,4,2.0,27.5,0,Low,4,🏙️ Viajero Estándar,0,220.0,0
City Hotel,13,2017,May,29,Female,BB,Direct,Direct,1,1,1,A,Transient,0,0,0,3,1.0,95.0,0,Low,5,🏙️ Viajero Estándar,2,285.0,0
Resort Hotel,0,2017,February,17,Female,BB,Direct,Direct,1,0,0,A,Transient,1,1,0,2,2.0,30.0,0,High,5,🏙️ Viajero Estándar,0,120.0,1
City Hotel,117,2016,May,5,Male,BB,Online TA,TA/TO,0,0,0,F,Transient,2,1,0,3,4.0,44.325,1,Low,3,👨‍👩‍👧 Turista Familiar,0,531.9000000000001,3
City Hotel,16,2017,February,16,Female,BB,Direct,Direct,0,0,0,D,Transient,1,1,0,3,2.0,52.775,0,Low,4,🏙️ Viajero Estándar,0,316.65,1
Resort Hotel,27,2016,March,29,Female,BB,Direct,Direct,0,0,0,G,Transient,3,0,0,2,5.0,21.0,1,High,3,👨‍👩‍👧 Turista Familiar,2,210.0,4
City Hotel,59,2016,April,12,Male,BB,Online TA,TA/TO,0,0,0,D,Transient,0,1,0,7,2.0,56.705,0,High,4,🏙️ Viajero Estándar,2,793.87,0
City Hotel,36,2016,September,15,Male,BB,Online TA,TA/TO,0,0,0,F,Transient,3,1,0,3,4.0,51.975,1,Low,3,👨‍👩‍👧 Turista Familiar,0,623.7,4
City Hotel,71,2016,April,7,Female,BB,Online TA,TA/TO,0,0,0,F,Transient-Party,2,1,0,3,4.0,42.825,1,Medium,3,👨‍👩‍👧 Turista Familiar,0,513.9000000000001,3
City Hotel,45,2017,March,5,Female,BB,Online TA,TA/TO,0,0,0,A,Transient,2,1,0,3,2.0,48.6,0,Low,4,🏙️ Viajero Estándar,0,291.6,2
City Hotel,161,2016,May,22,Male,BB,Online TA,TA/TO,0,0,0,D,Transient,1,1,0,3,2.0,57.15,0,Low,4,🏙️ Viajero Estándar,2,342.9,1
City Hotel,130,2016,April,19,Female,BB,Offline TA/TO,TA/TO,0,0,0,A,Transient,0,1,0,4,2.0,43.775,0,Low,4,🏙️ Viajero Estándar,2,350.2,0
City Hotel,20,2017,May,24,Female,BB,Groups,TA/TO,0,0,0,A,Transient-Party,0,1,0,1,2.0,60.0,0,High,4,🏙️ Viajero Estándar,3,120.0,0
Resort Hotel,152,2016,March,24,Female,BB,Online TA,TA/TO,0,0,0,A,Transient,2,1,0,3,1.0,42.3,0,High,4,🏙️ Viajero Estándar,3,126.89999999999999,2
Resort Hotel,3,2015,October,8,Female,BB,Direct,Direct,0,0,0,F,Transient,1,1,0,1,2.0,43.5,0,High,4,🏙️ Viajero Estándar,2,87.0,1
Resort Hotel,19,2016,April,26,Female,BB,Online TA,TA/TO,0,0,0,A,Transient,1,1,0,2,2.0,32.5,0,Low,4,🏙️ Viajero Estándar,0,130.0,1
Resort Hotel,177,2016,September,2,Male,BB,Online TA,TA/TO,0,0,0,A,Transient,3,1,0,7,2.0,65.5,0,Low,4,🏙️ Viajero Estándar,1,917.0,3
Resort Hotel,13,2015,December,24,Female,HB,Online TA,TA/TO,1,1,0,E,Transient,0,1,0,1,2.0,52.5,0,High,5,🏙️ Viajero Estándar,3,105.0,0
Resort Hotel,0,2016,July,22,Male,BB,Direct,Direct,0,0,0,A,Transient,0,0,0,1,2.0,83.0,0,High,1,⚡ Reserva de Última Hora,3,166.0,0
Resort Hotel,0,2016,December,26,Male,BB,Corporate,Corporate,1,0,0,D,Transient,1,0,1,0,2.0,0.0,0,High,5,🏙️ Viajero Estándar,1,0.0,1
City Hotel,162,2015,September,17,Female,BB,Offline TA/TO,TA/TO,0,0,0,A,Transient,0,1,0,3,2.0,35.0,0,Low,4,🏙️ Viajero Estándar,2,210.0,0
City Hotel,35,2016,March,13,Female,BB,Online TA,TA/TO,0,0,0,A,Transient,1,1,0,2,2.0,50.05,0,High,4,🏙️ Viajero Estándar,2,200.2,1
City Hotel,37,2017,June,8,Female,SC,Online TA,TA/TO,0,0,0,A,Transient,0,1,0,4,2.0,62.5,0,Low,4,🏙️ Viajero Estándar,0,500.0,0
City Hotel,51,2017,March,2,Male,SC,Online TA,TA/TO,0,0,0,A,Transient,1,1,0,2,2.0,44.1,0,Low,4,🏙️ Viajero Estándar,0,176.4,1
Resort Hotel,58,2015,July,13,Female,HB,Direct,Direct,0,0,0,E,Transient,1,1,0,3,2.0,82.5,0,Low,4,🏙️ Viajero Estándar,0,495.0,1
City Hotel,87,2017,March,20,Female,BB,Offline TA/TO,TA/TO,0,0,0,A,Transient,0,1,0,6,2.0,34.0,0,High,4,🏙️ Viajero Estándar,2,408.0,0
City Hotel,18,2016,March,19,Female,BB,Online TA,TA/TO,0,0,0,A,Transient,0,1,0,3,2.0,68.835,1,Low,3,👨‍👩‍👧 Turista Familiar,0,413.01,1
City Hotel,43,2015,August,21,Female,HB,Groups,TA/TO,0,0,0,A,Transient-Party,0,1,0,4,1.0,61.0,0,Medium,4,🏙️ Viajero Estándar,2,244.0,0
City Hotel,148,2017,April,25,Male,SC,Online TA,TA/TO,0,0,0,A,Transient,1,1,0,2,2.0,44.55,0,Low,4,🏙️ Viajero Estándar,2,178.2,1
City Hotel,35,2015,October,17,Female,BB,Online TA,TA/TO,0,1,0,A,Transient,2,1,0,2,2.0,53.775,0,High,0,🗓️ Planificador Anticipado,4,215.1,2
Resort Hotel,35,2017,April,13,Male,HB,Online TA,TA/TO,0,0,0,E,Transient,0,1,0,4,2.0,81.0,0,High,4,🏙️ Viajero Estándar,2,648.0,0
Resort Hotel,22,2016,December,8,Female,Undefined,Groups,TA/TO,0,0,0,A,Transient-Party,0,1,0,3,2.0,40.0,0,Low,0,🗓️ Planificador Anticipado,1,240.0,0
City Hotel,39,2017,May,5,Female,BB,Online TA,TA/TO,0,0,0,D,Transient,0,1,0,1,3.0,65.7,0,Low,4,🏙️ Viajero Estándar,0,197.10000000000002,0
City Hotel,1,2017,May,9,Female,BB,Corporate,Corporate,0,0,0,A,Transient,0,0,1,1,1.0,65.0,0,High,1,⚡ Reserva de Última Hora,3,65.0,0
City Hotel,365,2015,October,17,Female,BB,Groups,TA/TO,0,1,0,A,Transient,0,1,0,2,2.0,31.4,0,High,0,🗓️ Planificador Anticipado,9,125.6,0
Resort Hotel,41,2016,April,4,Male,HB,Offline TA/TO,TA/TO,0,0,0,A,Transient,0,1,0,0,2.0,0.0,0,High,4,🏙️ Viajero Estándar,2,0.0,0
City Hotel,328,2015,September,10,Female,BB,Groups,TA/TO,0,1,0,A,Contract,0,1,0,2,2.0,31.0,0,High,0,🗓️ Planificador Anticipado,9,124.0,0
Resort Hotel,7,2015,October,15,Female,BB,Groups,Corporate,0,0,0,A,Transient-Party,0,0,1,0,2.0,0.0,0,Low,1,⚡ Reserva de Última Hora,2,0.0,0
City Hotel,28,2017,May,9,Female,BB,Online TA,TA/TO,0,0,0,A,Transient,3,1,0,1,2.0,84.5,0,Low,4,🏙️ Viajero Estándar,0,169.0,3
City Hotel,150,2016,July,7,Female,BB,Online TA,TA/TO,0,0,0,A,Transient,0,1,0,7,3.0,40.27333333333333,1,Low,3,👨‍👩‍👧 Turista Familiar,2,845.74,1
Resort Hotel,2,2016,December,11,Female,BB,Online TA,Corporate,1,0,2,A,Transient,1,1,0,2,2.0,24.0,0,High,5,🏙️ Viajero Estándar,0,96.0,1
City Hotel,75,2016,April,7,Female,BB,Online TA,TA/TO,0,0,0,A,Transient,2,1,0,3,3.0,42.9,0,High,4,🏙️ Viajero Estándar,1,386.09999999999997,2
Resort Hotel,155,2015,July,18,Female,HB,Offline TA/TO,TA/TO,0,1,0,A,Contract,0,1,0,8,2.0,60.85,0,High,0,🗓️ Planificador Anticipado,7,973.6,0
City Hotel,552,2017,January,12,Male,BB,Groups,TA/TO,0,0,0,A,Transient,0,1,0,2,2.0,31.0,0,High,4,🏙️ Viajero Estándar,6,124.0,0
City Hotel,83,2017,June,27,Female,BB,Online TA,TA/TO,0,0,0,D,Transient,1,1,0,2,3.0,63.333333333333336,0,Low,4,🏙️ Viajero Estándar,0,380.0,1
City Hotel,135,2015,September,14,Female,BB,Offline TA/TO,TA/TO,0,0,0,A,Transient-Party,0,1,0,3,2.0,45.0,0,Low,4,🏙️ Viajero Estándar,2,270.0,0
City Hotel,107,2016,August,20,Male,HB,Offline TA/TO,TA/TO,0,0,0,A,Transient,0,1,0,3,3.0,32.300000000000004,0,High,4,🏙️ Viajero Estándar,2,290.70000000000005,0
City Hotel,12,2017,February,9,Female,HB,Online TA,TA/TO,0,0,0,G,Transient,0,1,0,4,5.0,47.68,1,High,3,👨‍👩‍👧 Turista Familiar,2,953.6,1
City Hotel,106,2015,December,9,Female,BB,Groups,TA/TO,0,0,0,A,Transient,0,1,0,2,2.0,37.5,0,High,4,🏙️ Viajero Estándar,3,150.0,0
City Hotel,74,2016,February,17,Female,BB,Online TA,TA/TO,0,0,0,A,Transient,0,1,0,5,2.0,27.62,0,High,4,🏙️ Viajero Estándar,2,276.2,0
Resort Hotel,207,2015,September,26,Male,HB,Offline TA/TO,TA/TO,0,1,0,A,Transient,0,1,0,2,2.0,17.0,0,High,0,🗓️ Planificador Anticipado,8,68.0,0
Resort Hotel,81,2015,August,11,Male,BB,Online TA,TA/TO,0,0,0,A,Transient,1,1,0,7,2.0,59.01,0,Low,4,🏙️ Viajero Estándar,0,826.14,1
City Hotel,32,2017,March,4,Male,BB,Online TA,TA/TO,0,0,0,D,Transient,1,1,0,5,2.0,36.685,0,Low,4,🏙️ Viajero Estándar,0,366.85,1
City Hotel,252,2016,October,19,Female,SC,Online TA,TA/TO,1,0,1,A,Transient,3,1,0,3,2.0,42.75,0,Low,5,🏙️ Viajero Estándar,0,256.5,3
Resort Hotel,81,2015,October,31,Female,BB,Online TA,TA/TO,0,0,0,A,Transient,1,1,0,7,2.0,18.645,0,High,4,🏙️ Viajero Estándar,2,261.03,1
City Hotel,309,2016,May,12,Female,BB,Groups,TA/TO,0,0,0,A,Transient,0,1,0,2,2.0,31.0,0,High,4,🏙️ Viajero Estándar,6,124.0,0
Resort Hotel,170,2016,September,19,Female,BB,Online TA,TA/TO,0,0,0,D,Transient,2,1,0,7,2.0,55.0,0,Low,4,🏙️ Viajero Estándar,1,770.0,2
City Hotel,57,2017,May,20,Female,HB,Online TA,TA/TO,0,0,0,A,Transient,2,1,0,1,2.0,109.0,0,Low,4,🏙️ Viajero Estándar,0,218.0,2
City Hotel,372,2016,July,14,Male,BB,Groups,TA/TO,0,0,0,A,Transient,0,1,0,2,2.0,31.0,0,High,4,🏙️ Viajero Estándar,6,124.0,0
City Hotel,110,2016,July,7,Female,BB,Online TA,TA/TO,0,0,0,D,Transient,2,1,0,4,3.0,46.18333333333334,0,Low,4,🏙️ Viajero Estándar,0,554.2,2
City Hotel,20,2015,October,4,Female,BB,Online TA,TA/TO,0,0,0,A,Contract,0,1,0,3,2.0,53.5,0,Low,0,🗓️ Planificador Anticipado,0,321.0,0
City Hotel,37,2017,June,10,Male,BB,Online TA,TA/TO,0,0,0,A,Transient,1,1,0,2,2.0,70.0,0,Low,4,🏙️ Viajero Estándar,0,280.0,1
Resort Hotel,11,2016,October,29,Female,BB,Direct,Direct,0,0,0,A,Transient,0,0,0,1,2.0,19.0,0,High,1,⚡ Reserva de Última Hora,3,38.0,0
City Hotel,34,2017,May,1,Male,SC,Online TA,TA/TO,0,0,0,A,Transient,0,1,0,6,2.0,74.5,0,Low,4,🏙️ Viajero Estándar,0,894.0,0
Resort Hotel,0,2015,September,5,Female,BB,Online TA,TA/TO,0,0,0,D,Transient,1,0,0,1,3.0,61.333333333333336,1,High,3,👨‍👩‍👧 Turista Familiar,3,184.0,2
Resort Hotel,119,2016,August,8,Male,BB,Online TA,TA/TO,0,0,0,D,Transient,0,1,0,9,2.0,103.39,0,Low,2,💼 Viajero Premium,0,1861.02,0
Resort Hotel,11,2015,December,29,Male,BB,Complementary,Direct,0,0,0,F,Transient,0,0,0,3,2.0,1.0,0,High,1,⚡ Reserva de Última Hora,3,6.0,0
Resort Hotel,336,2016,September,15,Female,BB,Groups,Direct,0,0,0,A,Transient-Party,0,0,1,4,1.0,60.0,0,Low,1,⚡ Reserva de Última Hora,5,240.0,0
Resort Hotel,153,2015,August,5,Female,BB,Direct,Direct,0,0,0,A,Transient,1,1,0,7,2.0,67.0,0,Low,4,🏙️ Viajero Estándar,2,938.0,1
Resort Hotel,63,2017,April,1,Female,BB,Online TA,TA/TO,0,0,0,A,Transient,1,1,0,1,2.0,24.0,0,High,4,🏙️ Viajero Estándar,2,48.0,1
City Hotel,307,2017,July,1,Male,BB,Online TA,TA/TO,0,0,0,D,Transient,1,1,0,4,3.0,45.3,0,Medium,4,🏙️ Viajero Estándar,4,543.5999999999999,1
City Hotel,352,2017,June,4,Male,BB,Offline TA/TO,TA/TO,0,0,0,A,Transient-Party,1,1,0,4,2.0,41.875,0,Low,4,🏙️ Viajero Estándar,3,335.0,1
Resort Hotel,88,2017,March,11,Male,BB,Groups,TA/TO,0,0,0,A,Transient-Party,0,1,0,7,1.0,30.0,0,Low,4,🏙️ Viajero Estándar,1,210.0,0
City Hotel,19,2016,February,17,Male,SC,Online TA,TA/TO,0,0,0,A,Transient,1,1,0,1,1.0,57.98,0,High,4,🏙️ Viajero Estándar,2,57.98,1
City Hotel,47,2016,November,25,Female,BB,Online TA,TA/TO,0,0,0,F,Transient,2,1,0,2,2.0,78.3,0,High,4,🏙️ Viajero Estándar,1,313.2,2
City Hotel,126,2016,May,4,Female,BB,Online TA,TA/TO,0,0,0,D,Transient,2,1,0,4,3.0,35.343333333333334,0,Low,4,🏙️ Viajero Estándar,1,424.12,2
City Hotel,15,2016,July,29,Female,BB,Direct,Direct,0,0,0,G,Transient,0,1,0,1,4.0,50.25,1,Low,3,👨‍👩‍👧 Turista Familiar,0,201.0,1
Resort Hotel,187,2015,August,4,Male,BB,Online TA,TA/TO,0,1,0,A,Transient,1,1,0,5,2.0,67.0,0,High,0,🗓️ Planificador Anticipado,7,670.0,1
City Hotel,261,2017,February,23,Female,BB,Online TA,TA/TO,0,0,0,A,Transient,1,1,0,3,3.0,29.33666666666667,0,Low,4,🏙️ Viajero Estándar,3,264.03000000000003,1
Resort Hotel,118,2016,May,31,Female,BB,Offline TA/TO,TA/TO,0,0,0,D,Contract,1,1,0,11,2.0,34.3,0,Low,0,🗓️ Planificador Anticipado,0,754.5999999999999,1
City Hotel,63,2016,May,17,Male,BB,Offline TA/TO,GDS,0,0,0,A,Transient,0,1,0,3,1.0,136.0,0,Low,4,🏙️ Viajero Estándar,0,408.0,0
City Hotel,42,2017,February,17,Female,BB,Direct,Direct,0,0,0,D,Transient,0,1,0,3,2.0,52.665,0,Low,4,🏙️ Viajero Estándar,0,315.99,0
City Hotel,0,2015,November,23,Male,BB,Online TA,TA/TO,1,0,0,A,Transient,0,1,0,0,2.0,0.0,0,High,5,🏙️ Viajero Estándar,0,0.0,0
City Hotel,348,2017,June,3,Female,BB,Offline TA/TO,TA/TO,0,0,0,A,Transient,0,1,0,3,2.0,45.0,0,High,4,🏙️ Viajero Estándar,5,270.0,0
Resort Hotel,42,2016,August,23,Female,HB,Offline TA/TO,TA/TO,0,0,0,D,Transient,0,1,0,5,2.0,75.5,0,Low,4,🏙️ Viajero Estándar,0,755.0,0
Resort Hotel,6,2016,May,9,Female,BB,Offline TA/TO,TA/TO,0,0,0,A,Transient,0,1,0,1,1.0,58.0,0,High,4,🏙️ Viajero Estándar,2,58.0,0
City Hotel,223,2016,September,30,Female,SC,Online TA,TA/TO,0,0,0,A,Transient,0,1,0,5,2.0,36.98,0,High,4,🏙️ Viajero Estándar,5,369.79999999999995,0
City Hotel,93,2016,April,12,Female,BB,Online TA,TA/TO,0,0,0,A,Transient-Party,3,1,0,3,2.0,48.15,0,Low,4,🏙️ Viajero Estándar,0,288.9,3
City Hotel,1,2017,March,25,Female,SC,Online TA,TA/TO,1,0,13,A,Transient,1,1,0,1,2.0,49.0,0,High,5,🏙️ Viajero Estándar,0,98.0,1
City Hotel,5,2016,February,8,Female,SC,Online TA,TA/TO,0,0,0,A,Transient,0,1,0,4,2.0,34.55,0,Low,4,🏙️ Viajero Estándar,0,276.4,0
City Hotel,36,2016,February,22,Female,BB,Online TA,TA/TO,0,0,0,A,Transient,1,1,0,3,2.0,41.35,0,Low,4,🏙️ Viajero Estándar,0,248.10000000000002,1
City Hotel,24,2017,January,13,Male,SC,Online TA,TA/TO,0,0,0,A,Transient,1,1,0,2,2.0,39.75,0,Low,4,🏙️ Viajero Estándar,0,159.0,1
City Hotel,78,2016,August,7,Male,BB,Online TA,TA/TO,0,0,0,A,Transient,0,1,0,1,2.0,58.95,0,Low,4,🏙️ Viajero Estándar,0,117.9,0
Resort Hotel,64,2016,November,19,Female,BB,Offline TA/TO,TA/TO,0,0,0,A,Transient,0,1,0,4,2.0,17.5,0,Low,4,🏙️ Viajero Estándar,0,140.0,0
Resort Hotel,80,2017,July,20,Male,HB,Online TA,TA/TO,0,0,0,A,Transient,2,1,0,7,2.0,118.5,0,Medium,2,💼 Viajero Premium,0,1659.0,2
City Hotel,16,2016,December,4,Female,BB,Corporate,Corporate,1,5,54,A,Transient,2,0,1,1,1.0,65.0,0,High,5,🏙️ Viajero Estándar,3,65.0,2
City Hotel,1,2017,April,15,Female,SC,Online TA,TA/TO,0,0,0,A,Transient,1,1,0,1,2.0,60.795,0,Low,4,🏙️ Viajero Estándar,0,121.59,1
City Hotel,10,2016,June,27,Male,BB,Corporate,Corporate,1,0,9,A,Transient,1,0,1,1,1.0,65.0,0,High,5,🏙️ Viajero Estándar,1,65.0,1
City Hotel,5,2015,August,12,Female,BB,Offline TA/TO,TA/TO,0,0,0,A,Transient,0,1,0,1,2.0,37.5,0,Low,4,🏙️ Viajero Estándar,0,75.0,0
City Hotel,271,2016,December,26,Female,HB,Online TA,TA/TO,0,0,0,D,Transient,1,1,0,7,2.0,72.315,0,Low,4,🏙️ Viajero Estándar,3,1012.41,1
City Hotel,104,2017,April,9,Male,BB,Online TA,TA/TO,0,0,0,A,Transient,3,1,0,3,2.0,58.5,0,Low,4,🏙️ Viajero Estándar,0,351.0,3
City Hotel,60,2015,September,21,Male,BB,Offline TA/TO,TA/TO,0,0,0,A,Transient-Party,0,1,0,2,2.0,32.5,0,Low,4,🏙️ Viajero Estándar,0,130.0,0
Resort Hotel,144,2016,June,4,Male,BB,Online TA,TA/TO,0,0,0,A,Transient,1,1,0,7,2.0,37.67,0,High,4,🏙️ Viajero Estándar,4,527.38,1
City Hotel,169,2017,July,10,Female,BB,Online TA,TA/TO,0,0,0,F,Transient,0,1,0,3,4.0,52.25,1,Low,3,👨‍👩‍👧 Turista Familiar,2,627.0,1
Resort Hotel,86,2015,July,4,Female,BB,Online TA,TA/TO,0,0,0,D,Transient,2,1,0,7,2.0,48.5,0,Low,4,🏙️ Viajero Estándar,0,679.0,2
Resort Hotel,143,2015,October,10,Female,BB,Groups,TA/TO,0,0,0,A,Transient,0,1,0,7,2.0,18.025,0,High,4,🏙️ Viajero Estándar,5,252.34999999999997,0
Resort Hotel,32,2015,July,11,Female,HB,Online TA,TA/TO,0,0,0,E,Transient,0,1,0,10,2.0,89.0,0,High,2,💼 Viajero Premium,2,1780.0,0
City Hotel,16,2016,January,15,Female,BB,Online TA,TA/TO,0,0,0,A,Transient,1,1,0,3,2.0,49.0,0,Low,4,🏙️ Viajero Estándar,0,294.0,1
Resort Hotel,257,2015,September,15,Female,BB,Offline TA/TO,TA/TO,0,0,0,D,Contract,1,1,0,8,2.0,31.24,0,Low,0,🗓️ Planificador Anticipado,3,499.84,1
City Hotel,55,2016,April,6,Male,HB,Offline TA/TO,TA/TO,0,0,0,A,Transient-Party,0,1,0,1,2.0,52.0,0,High,4,🏙️ Viajero Estándar,2,104.0,0
City Hotel,115,2016,February,27,Female,BB,Offline TA/TO,TA/TO,0,0,0,A,Transient-Party,0,1,0,5,1.0,75.0,0,Low,4,🏙️ Viajero Estándar,0,375.0,0
City Hotel,72,2017,February,1,Female,SC,Online TA,TA/TO,0,0,0,A,Transient,0,1,0,5,2.0,33.66,0,Low,4,🏙️ Viajero Estándar,0,336.59999999999997,0
Resort Hotel,107,2016,June,1,Male,BB,Direct,Direct,0,0,0,D,Transient-Party,0,0,0,6,2.0,38.875,0,High,1,⚡ Reserva de Última Hora,3,466.5,0
City Hotel,92,2017,March,15,Female,BB,Groups,Direct,0,0,0,A,Transient,0,0,0,3,2.0,42.5,0,High,1,⚡ Reserva de Última Hora,4,255.0,0
Resort Hotel,172,2017,August,10,Female,BB,Online TA,TA/TO,0,0,2,D,Transient,4,1,0,13,2.0,106.155,0,High,2,💼 Viajero Premium,3,2760.03,4
Resort Hotel,0,2016,December,13,Male,BB,Direct,Direct,0,0,0,E,Transient,0,0,0,1,2.0,29.5,0,Low,1,⚡ Reserva de Última Hora,1,59.0,0
City Hotel,79,2015,November,13,Female,BB,Offline TA/TO,TA/TO,0,0,0,A,Transient,0,1,0,2,2.0,37.5,0,High,4,🏙️ Viajero Estándar,2,150.0,0
City Hotel,45,2016,May,15,Male,BB,Direct,Direct,0,0,0,A,Transient,0,1,0,2,2.0,63.05,0,Low,4,🏙️ Viajero Estándar,0,252.2,0
City Hotel,10,2016,February,6,Female,BB,Online TA,TA/TO,0,0,0,A,Transient,1,1,0,1,2.0,46.5,0,Low,4,🏙️ Viajero Estándar,0,93.0,1
Resort Hotel,67,2015,August,2,Female,BB,Direct,Direct,0,0,0,D,Transient,1,0,0,6,2.0,81.75,0,High,1,⚡ Reserva de Última Hora,3,981.0,1
City Hotel,1,2015,September,9,Female,BB,Corporate,Corporate,0,0,0,A,Transient-Party,0,0,1,2,1.0,90.0,0,Low,1,⚡ Reserva de Última Hora,1,180.0,0
Resort Hotel,21,2017,February,25,Male,BB,Online TA,TA/TO,0,0,0,D,Transient-Party,2,1,0,3,2.0,30.0,0,High,4,🏙️ Viajero Estándar,1,180.0,2
Resort Hotel,198,2016,June,3,Female,BB,Online TA,TA/TO,0,0,0,E,Transient,0,1,0,7,2.0,49.5,0,High,4,🏙️ Viajero Estándar,4,693.0,0
City Hotel,57,2016,November,22,Female,SC,Online TA,TA/TO,0,0,0,A,Transient,1,1,0,1,2.0,30.49,0,Low,4,🏙️ Viajero Estándar,0,60.98,1
Resort Hotel,2,2016,October,22,Female,BB,Online TA,TA/TO,0,0,0,A,Transient,1,1,0,1,2.0,37.5,0,High,4,🏙️ Viajero Estándar,2,75.0,1
City Hotel,26,2017,March,7,Male,BB,Direct,Direct,0,0,0,E,Transient,0,0,0,4,1.0,145.5,0,High,1,⚡ Reserva de Última Hora,3,582.0,0
Resort Hotel,166,2015,July,15,Female,FB,Groups,TA/TO,0,24,0,A,Transient,0,0,0,2,2.0,60.75,0,High,5,🏙️ Viajero Estándar,9,243.0,0
Resort Hotel,222,2016,August,27,Female,HB,Offline TA/TO,TA/TO,0,0,0,D,Transient,0,1,0,14,2.0,46.05,0,High,4,🏙️ Viajero Estándar,5,1289.3999999999999,0
Resort Hotel,155,2016,June,9,Male,BB,Offline TA/TO,TA/TO,0,0,0,D,Contract,1,1,0,14,2.0,32.38,0,Low,0,🗓️ Planificador Anticipado,2,906.6400000000001,1
City Hotel,144,2017,March,11,Female,BB,Groups,TA/TO,0,0,0,A,Transient,0,1,0,2,2.0,40.0,0,High,4,🏙️ Viajero Estándar,5,160.0,0
City Hotel,96,2017,May,1,Female,BB,Direct,Direct,0,0,0,A,Transient,2,1,0,2,2.0,52.5,0,Low,4,🏙️ Viajero Estándar,0,210.0,2
Resort Hotel,1,2017,August,8,Male,BB,Direct,Direct,0,0,0,H,Transient,1,1,0,1,2.0,134.5,0,Low,4,🏙️ Viajero Estándar,0,269.0,1
City Hotel,101,2016,July,9,Male,BB,Offline TA/TO,TA/TO,0,0,0,A,Transient,0,1,0,4,2.0,34.0,0,High,4,🏙️ Viajero Estándar,2,272.0,0
City Hotel,0,2016,March,2,Male,BB,Corporate,Direct,0,0,0,A,Transient,1,0,0,2,1.0,55.0,0,High,1,⚡ Reserva de Última Hora,3,110.0,1
City Hotel,287,2017,August,16,Female,BB,Online TA,TA/TO,0,0,0,A,Transient,0,1,0,1,2.0,53.55,0,Low,4,🏙️ Viajero Estándar,3,107.1,0
City Hotel,240,2016,October,27,Female,BB,Online TA,TA/TO,0,0,0,A,Transient-Party,2,1,0,4,2.0,45.475,0,Low,4,🏙️ Viajero Estándar,2,363.8,2
City Hotel,303,2016,August,19,Female,BB,Offline TA/TO,TA/TO,0,0,0,A,Transient-Party,0,1,0,5,2.0,39.0,0,High,4,🏙️ Viajero Estándar,5,390.0,0
City Hotel,377,2015,October,29,Male,BB,Groups,TA/TO,0,1,0,A,Contract,0,1,0,2,2.0,31.0,0,High,0,🗓️ Planificador Anticipado,9,124.0,0
Resort Hotel,176,2017,July,22,Female,BB,Online TA,TA/TO,0,0,0,C,Transient,0,1,0,7,3.0,48.5,0,Low,4,🏙️ Viajero Estándar,2,1018.5,0
City Hotel,3,2016,October,25,Female,BB,Direct,Direct,0,0,0,A,Transient,0,1,0,4,1.0,133.0,0,High,4,🏙️ Viajero Estándar,2,532.0,0
City Hotel,168,2017,April,20,Female,BB,Online TA,TA/TO,0,0,0,D,Transient,3,1,0,3,3.0,55.5,0,Medium,4,🏙️ Viajero Estándar,2,499.5,3
Resort Hotel,4,2016,February,14,Female,HB,Online TA,TA/TO,0,0,0,E,Transient,2,1,0,1,3.0,41.66666666666666,1,High,3,👨‍👩‍👧 Turista Familiar,1,124.99999999999997,3
City Hotel,122,2016,June,16,Female,SC,Online TA,TA/TO,0,0,0,A,Transient,2,1,0,3,2.0,58.05,0,Low,4,🏙️ Viajero Estándar,1,348.29999999999995,2
City Hotel,0,2015,August,15,Male,BB,Direct,Direct,0,0,0,B,Transient,0,0,0,1,2.0,60.0,0,High,1,⚡ Reserva de Última Hora,3,120.0,0
Resort Hotel,18,2016,September,20,Female,BB,Corporate,Corporate,1,1,4,A,Transient,0,0,1,1,1.0,126.0,0,High,5,🏙️ Viajero Estándar,4,126.0,0
City Hotel,326,2017,August,26,Male,SC,Online TA,TA/TO,0,0,0,A,Transient-Party,0,1,0,2,2.0,44.55,0,Low,4,🏙️ Viajero Estándar,3,178.2,0
Resort Hotel,237,2015,August,27,Male,BB,Online TA,TA/TO,0,3,0,A,Transient,1,1,0,8,2.0,51.525,0,High,0,🗓️ Planificador Anticipado,8,824.4,1
Resort Hotel,172,2017,April,29,Male,HB,Online TA,TA/TO,0,0,0,D,Transient,0,1,0,7,2.0,43.455,0,High,4,🏙️ Viajero Estándar,4,608.37,0
City Hotel,10,2017,January,6,Male,SC,Online TA,TA/TO,0,0,0,A,Transient,0,1,0,4,2.0,35.595,0,Medium,4,🏙️ Viajero Estándar,1,284.76,0
City Hotel,54,2015,December,1,Female,BB,Direct,Direct,0,1,0,A,Transient-Party,0,0,0,1,1.0,81.0,0,High,1,⚡ Reserva de Última Hora,6,81.0,0
City Hotel,115,2016,March,20,Male,BB,Groups,TA/TO,0,1,0,A,Transient,0,1,0,2,1.0,70.0,0,High,0,🗓️ Planificador Anticipado,6,140.0,0
City Hotel,316,2016,May,26,Female,BB,Groups,TA/TO,0,0,0,A,Transient-Party,0,1,0,3,2.0,55.0,0,Low,4,🏙️ Viajero Estándar,4,330.0,0
Resort Hotel,20,2017,March,10,Male,BB,Online TA,TA/TO,1,0,0,H,Transient,1,1,0,2,4.0,29.25,1,Low,5,🏙️ Viajero Estándar,0,234.0,2
City Hotel,29,2016,December,2,Female,BB,Corporate,TA/TO,0,0,0,A,Transient-Party,0,0,0,2,2.0,42.5,0,High,1,⚡ Reserva de Última Hora,3,170.0,0
City Hotel,118,2016,June,6,Male,BB,Groups,TA/TO,0,0,0,A,Transient-Party,0,1,0,2,2.0,60.0,0,High,4,🏙️ Viajero Estándar,3,240.0,0
Resort Hotel,116,2016,October,23,Female,BB,Online TA,TA/TO,0,0,0,D,Transient-Party,1,1,0,5,2.0,34.0,0,Low,4,🏙️ Viajero Estándar,0,340.0,1
City Hotel,254,2017,March,30,Female,BB,Online TA,TA/TO,0,0,0,A,Transient,1,1,0,3,2.0,35.33,0,Low,4,🏙️ Viajero Estándar,3,211.98,1
City Hotel,14,2016,September,11,Female,BB,Online TA,TA/TO,0,0,0,A,Transient,1,1,0,2,2.0,59.0,0,High,4,🏙️ Viajero Estándar,2,236.0,1
City Hotel,131,2017,February,27,Female,BB,Online TA,TA/TO,0,0,0,A,Transient,1,1,0,7,2.0,44.2,0,Medium,4,🏙️ Viajero Estándar,3,618.8000000000001,1
City Hotel,145,2017,June,2,Male,SC,Online TA,TA/TO,0,0,0,A,Transient,0,1,0,1,2.0,63.0,0,Low,4,🏙️ Viajero Estándar,2,126.0,0
City Hotel,101,2016,June,17,Female,BB,Offline TA/TO,TA/TO,0,0,0,A,Transient,0,1,0,2,2.0,47.94,0,High,4,🏙️ Viajero Estándar,2,191.76,0
City Hotel,1,2016,February,24,Male,BB,Corporate,Corporate,1,0,10,A,Transient,0,0,1,2,1.0,65.5,0,High,5,🏙️ Viajero Estándar,1,131.0,0
City Hotel,122,2015,July,29,Male,BB,Online TA,TA/TO,0,0,0,A,Transient-Party,1,1,0,3,3.0,25.5,1,High,3,👨‍👩‍👧 Turista Familiar,4,229.5,2
City Hotel,37,2016,May,13,Male,SC,Online TA,TA/TO,0,0,0,A,Transient,0,1,0,1,1.0,116.1,0,Low,4,🏙️ Viajero Estándar,0,116.1,0
City Hotel,49,2017,May,17,Male,BB,Online TA,TA/TO,0,0,0,A,Transient,1,1,0,3,2.0,90.0,0,Medium,4,🏙️ Viajero Estándar,1,540.0,1
Resort Hotel,241,2016,June,18,Female,BB,Online TA,TA/TO,0,0,0,D,Transient,1,1,0,8,2.0,42.75,0,Low,4,🏙️ Viajero Estándar,3,684.0,1
City Hotel,132,2017,May,28,Female,BB,Offline TA/TO,TA/TO,0,0,0,A,Transient,0,1,0,4,2.0,49.5,0,High,4,🏙️ Viajero Estándar,4,396.0,0
City Hotel,10,2016,October,19,Male,BB,Online TA,TA/TO,0,0,0,A,Transient,1,1,0,4,3.0,60.0,1,Low,3,👨‍👩‍👧 Turista Familiar,0,720.0,2
City Hotel,226,2016,June,15,Male,BB,Online TA,TA/TO,0,1,0,D,Contract,1,1,0,4,2.0,74.5,0,High,0,🗓️ Planificador Anticipado,8,596.0,1
City Hotel,20,2016,April,4,Male,SC,Online TA,TA/TO,0,0,0,A,Transient,0,1,0,2,1.0,89.0,0,Low,4,🏙️ Viajero Estándar,0,178.0,0
Resort Hotel,152,2017,April,5,Female,BB,Groups,TA/TO,0,0,0,A,Transient-Party,0,0,1,4,1.0,42.0,0,Low,1,⚡ Reserva de Última Hora,4,168.0,0
City Hotel,0,2016,February,10,Female,BB,Corporate,Corporate,0,0,0,A,Transient-Party,0,0,1,1,1.0,70.0,0,High,1,⚡ Reserva de Última Hora,3,70.0,0
City Hotel,27,2017,February,27,Female,SC,Online TA,TA/TO,0,0,0,A,Transient,0,1,0,1,1.0,88.0,0,Low,4,🏙️ Viajero Estándar,0,88.0,0
Resort Hotel,214,2017,August,4,Female,BB,Online TA,TA/TO,0,0,0,E,Transient,1,1,0,4,1.0,206.0,0,Low,4,🏙️ Viajero Estándar,3,824.0,1
Resort Hotel,41,2016,June,5,Female,BB,Online TA,TA/TO,0,0,0,H,Transient,0,1,0,4,3.0,66.66666666666667,1,Low,3,👨‍👩‍👧 Turista Familiar,0,800.0,1
City Hotel,58,2016,May,17,Female,SC,Online TA,TA/TO,0,0,0,A,Transient,0,1,0,3,2.0,58.05,0,Medium,4,🏙️ Viajero Estándar,1,348.29999999999995,0
City Hotel,213,2017,July,14,Female,BB,Online TA,TA/TO,0,0,0,F,Transient,0,1,0,1,4.0,44.775,1,Low,3,👨‍👩‍👧 Turista Familiar,3,179.1,1
City Hotel,213,2016,June,7,Female,BB,Offline TA/TO,TA/TO,0,0,0,A,Transient,0,1,0,3,2.0,65.0,0,High,4,🏙️ Viajero Estándar,5,390.0,0
City Hotel,157,2016,May,29,Male,SC,Online TA,TA/TO,0,0,0,A,Transient,1,1,0,7,3.0,24.05,1,Low,3,👨‍👩‍👧 Turista Familiar,2,505.05000000000007,2
City Hotel,133,2016,May,29,Male,BB,Online TA,TA/TO,0,0,0,A,Transient,2,1,0,4,2.0,49.83,0,Low,4,🏙️ Viajero Estándar,1,398.64,2
Resort Hotel,301,2016,October,6,Female,HB,Offline TA/TO,TA/TO,0,0,0,A,Contract,1,1,0,14,1.0,31.45,0,Low,2,💼 Viajero Premium,3,440.3,1
Resort Hotel,0,2016,November,7,Male,BB,Direct,Direct,0,0,0,A,Transient,0,0,0,1,2.0,38.0,0,Low,1,⚡ Reserva de Última Hora,1,76.0,0
City Hotel,6,2015,September,20,Female,SC,Online TA,TA/TO,0,0,0,A,Contract,1,1,0,7,2.0,69.285,0,Low,0,🗓️ Planificador Anticipado,0,969.99,1
City Hotel,9,2017,May,19,Female,SC,Online TA,TA/TO,0,0,0,A,Transient,3,1,0,3,2.0,70.0,0,Low,4,🏙️ Viajero Estándar,0,420.0,3
City Hotel,163,2016,October,2,Female,BB,Offline TA/TO,TA/TO,0,0,0,A,Transient-Party,0,1,0,5,2.0,40.375,0,Low,4,🏙️ Viajero Estándar,2,403.75,0
Resort Hotel,23,2017,August,31,Female,BB,Online TA,TA/TO,0,0,0,E,Transient,2,1,0,1,2.0,108.5,0,Low,4,🏙️ Viajero Estándar,0,217.0,2
City Hotel,99,2016,February,19,Female,BB,Corporate,Corporate,0,1,0,A,Transient-Party,0,0,1,1,2.0,40.0,0,High,1,⚡ Reserva de Última Hora,6,80.0,0
Resort Hotel,63,2017,February,5,Female,BB,Online TA,TA/TO,0,0,0,A,Transient,1,1,0,9,2.0,16.94,0,High,4,🏙️ Viajero Estándar,2,304.92,1
Resort Hotel,29,2016,April,14,Female,HB,Offline TA/TO,TA/TO,0,0,0,D,Contract,0,1,0,7,2.0,38.75,0,High,0,🗓️ Planificador Anticipado,2,542.5,0
City Hotel,105,2016,April,6,Male,BB,Offline TA/TO,TA/TO,0,0,0,A,Transient,0,1,0,1,2.0,37.5,0,High,4,🏙️ Viajero Estándar,2,75.0,0
City Hotel,79,2015,October,10,Female,BB,Groups,TA/TO,0,0,0,A,Transient-Party,0,1,0,2,2.0,31.0,0,Medium,4,🏙️ Viajero Estándar,2,124.0,0
Resort Hotel,25,2016,October,3,Male,BB,Offline TA/TO,TA/TO,0,0,0,A,Transient,1,1,0,3,2.0,23.0,0,Low,4,🏙️ Viajero Estándar,0,138.0,1
City Hotel,0,2016,October,15,Female,SC,Online TA,TA/TO,0,0,0,A,Transient,0,1,0,2,1.0,66.13,0,Low,4,🏙️ Viajero Estándar,0,132.26,0
City Hotel,71,2016,May,10,Male,HB,Offline TA/TO,TA/TO,0,0,0,A,Transient-Party,1,1,0,3,2.0,63.0,0,Low,4,🏙️ Viajero Estándar,0,378.0,1
Resort Hotel,42,2016,August,1,Female,BB,Online TA,TA/TO,0,0,0,G,Transient,0,1,0,6,4.0,64.75,1,High,3,👨‍👩‍👧 Turista Familiar,2,1554.0,1
City Hotel,478,2017,August,8,Female,BB,Offline TA/TO,TA/TO,0,0,0,A,Transient,0,1,0,1,2.0,45.0,0,High,4,🏙️ Viajero Estándar,5,90.0,0
City Hotel,55,2015,August,26,Male,BB,Groups,TA/TO,0,0,0,A,Transient-Party,0,1,0,2,2.0,31.0,0,Low,4,🏙️ Viajero Estándar,1,124.0,0
City Hotel,27,2017,May,17,Female,BB,Corporate,Corporate,0,0,0,D,Transient,1,0,1,1,1.0,110.0,0,Low,1,⚡ Reserva de Última Hora,1,110.0,1
City Hotel,21,2016,March,10,Male,BB,Online TA,TA/TO,0,0,0,A,Transient,1,1,0,2,2.0,46.5,0,Low,4,🏙️ Viajero Estándar,0,186.0,1
Resort Hotel,200,2017,July,2,Female,BB,Online TA,TA/TO,0,0,0,A,Transient,1,1,0,5,2.0,62.0,0,High,4,🏙️ Viajero Estándar,4,620.0,1
City Hotel,48,2015,September,11,Female,HB,Groups,TA/TO,0,0,0,A,Transient-Party,0,1,0,3,2.0,45.0,0,High,4,🏙️ Viajero Estándar,3,270.0,0
Resort Hotel,232,2017,April,22,Female,BB,Offline TA/TO,TA/TO,0,0,0,A,Contract,0,1,0,7,1.0,34.2,0,High,0,🗓️ Planificador Anticipado,5,239.40000000000003,0
City Hotel,159,2016,August,3,Female,BB,Online TA,TA/TO,0,0,0,A,Transient-Party,0,1,0,8,2.0,49.725,0,Low,4,🏙️ Viajero Estándar,2,795.6,0
Resort Hotel,27,2017,July,12,Female,BB,Online TA,TA/TO,0,0,0,A,Transient-Party,0,1,0,1,2.0,87.0,0,Low,4,🏙️ Viajero Estándar,0,174.0,0
Resort Hotel,66,2016,December,30,Female,BB,Direct,Direct,0,0,0,G,Transient,1,0,0,3,4.0,49.4175,1,Low,3,👨‍👩‍👧 Turista Familiar,1,593.01,2
City Hotel,10,2015,October,4,Female,SC,Online TA,TA/TO,0,0,0,A,Transient,1,1,0,1,2.0,43.89,0,Medium,4,🏙️ Viajero Estándar,1,87.78,1
Resort Hotel,35,2016,September,9,Male,BB,Online TA,TA/TO,0,0,0,A,Transient,2,1,0,2,2.0,85.5,0,High,4,🏙️ Viajero Estándar,1,342.0,2
City Hotel,0,2015,August,27,Male,BB,Online TA,TA/TO,0,0,0,A,Contract,2,1,0,1,2.0,61.0,0,High,0,🗓️ Planificador Anticipado,1,122.0,2
Resort Hotel,89,2017,March,11,Male,BB,Corporate,Direct,0,0,0,A,Transient-Party,0,0,1,2,2.0,29.0,0,High,1,⚡ Reserva de Última Hora,3,116.0,0
City Hotel,44,2016,April,10,Female,BB,Online TA,TA/TO,0,0,0,A,Transient,0,1,0,5,3.0,43.86000000000001,0,Low,4,🏙️ Viajero Estándar,0,657.9000000000001,0
Resort Hotel,2,2017,March,16,Male,BB,Corporate,Corporate,0,0,0,A,Transient,1,0,1,1,1.0,35.0,0,High,1,⚡ Reserva de Última Hora,3,35.0,1
City Hotel,30,2016,September,12,Female,BB,Online TA,TA/TO,0,0,0,E,Transient,0,1,0,4,2.0,68.76,0,Low,4,🏙️ Viajero Estándar,0,550.08,0
Resort Hotel,227,2017,May,25,Female,BB,Offline TA/TO,TA/TO,0,0,0,D,Contract,0,1,0,5,3.0,16.95,1,High,3,👨‍👩‍👧 Turista Familiar,5,254.24999999999997,1
Resort Hotel,1,2017,July,17,Female,BB,Online TA,TA/TO,0,0,0,D,Transient,2,1,0,1,2.0,89.5,0,Low,4,🏙️ Viajero Estándar,0,179.0,2
City Hotel,190,2017,April,6,Male,BB,Online TA,TA/TO,0,0,0,A,Transient,0,1,0,5,2.0,44.2,0,High,4,🏙️ Viajero Estándar,4,442.0,0
City Hotel,171,2016,July,15,Male,BB,Online TA,TA/TO,0,0,0,A,Transient,2,1,0,12,3.0,36.833333333333336,1,Low,3,👨‍👩‍👧 Turista Familiar,1,1326.0,3
Resort Hotel,66,2016,August,23,Female,BB,Online TA,TA/TO,0,0,0,F,Transient,2,1,0,2,2.0,88.165,0,Medium,4,🏙️ Viajero Estándar,0,352.66,2
City Hotel,22,2017,January,27,Female,BB,Online TA,TA/TO,0,0,0,A,Transient,1,1,0,2,2.0,35.845,0,High,4,🏙️ Viajero Estándar,2,143.38,1
Resort Hotel,42,2015,September,16,Female,BB,Online TA,TA/TO,0,0,0,A,Transient,1,1,0,3,2.0,43.0,0,Low,4,🏙️ Viajero Estándar,0,258.0,1
City Hotel,20,2016,May,11,Female,BB,Offline TA/TO,TA/TO,0,0,0,A,Transient,0,1,0,4,2.0,47.5,0,Low,4,🏙️ Viajero Estándar,0,380.0,0
Resort Hotel,8,2017,January,12,Male,BB,Online TA,TA/TO,0,0,0,F,Transient,1,1,0,3,2.0,26.7,0,Low,4,🏙️ Viajero Estándar,0,160.2,1
City Hotel,29,2017,August,30,Female,BB,Online TA,TA/TO,0,0,0,A,Transient,0,1,0,2,1.0,95.0,0,Low,4,🏙️ Viajero Estándar,0,190.0,0
Resort Hotel,62,2016,July,1,Female,BB,Online TA,TA/TO,0,0,0,G,Transient,0,1,0,2,4.0,55.0,1,Low,3,👨‍👩‍👧 Turista Familiar,0,440.0,1
Resort Hotel,20,2016,March,27,Female,HB,Online TA,TA/TO,0,0,0,A,Transient,1,1,0,2,2.0,40.0,0,High,4,🏙️ Viajero Estándar,2,160.0,1
City Hotel,15,2017,June,2,Male,BB,Complementary,Direct,0,0,0,A,Transient,3,0,0,1,3.0,0.0,1,High,3,👨‍👩‍👧 Turista Familiar,2,0.0,4
City Hotel,18,2015,July,18,Male,BB,Groups,TA/TO,0,0,0,A,Transient-Party,0,1,0,2,2.0,37.5,0,High,4,🏙️ Viajero Estándar,3,150.0,0
Resort Hotel,89,2016,September,12,Male,BB,Offline TA/TO,TA/TO,0,0,0,A,Transient,0,1,0,0,2.0,0.0,0,High,4,🏙️ Viajero Estándar,2,0.0,0
City Hotel,15,2016,April,27,Female,BB,Online TA,TA/TO,0,0,0,A,Transient,0,1,0,3,2.0,51.72,0,High,4,🏙️ Viajero Estándar,2,310.32,0
City Hotel,44,2017,April,20,Female,BB,Groups,TA/TO,0,0,0,A,Transient-Party,1,1,0,3,2.0,66.665,0,Medium,4,🏙️ Viajero Estándar,2,399.99,1
City Hotel,90,2015,December,4,Male,BB,Online TA,TA/TO,0,0,0,A,Transient,1,1,0,4,2.0,36.125,0,Medium,4,🏙️ Viajero Estándar,1,289.0,1
City Hotel,4,2017,May,30,Female,BB,Offline TA/TO,TA/TO,0,0,0,A,Transient,0,1,0,1,1.0,94.0,0,Low,4,🏙️ Viajero Estándar,0,94.0,0
City Hotel,106,2017,August,19,Female,SC,Online TA,TA/TO,0,0,0,A,Transient,0,1,0,3,2.0,62.5,0,Low,4,🏙️ Viajero Estándar,0,375.0,0
City Hotel,2,2017,January,4,Female,SC,Online TA,TA/TO,0,0,0,A,Transient,1,1,0,5,2.0,36.68,0,Low,4,🏙️ Viajero Estándar,0,366.8,1
Resort Hotel,199,2017,August,19,Male,BB,Online TA,TA/TO,0,0,0,A,Transient,1,1,0,5,2.0,62.6,0,Low,4,🏙️ Viajero Estándar,2,626.0,1
Resort Hotel,216,2015,August,8,Female,BB,Online TA,TA/TO,0,1,0,E,Transient,1,1,0,5,2.0,83.0,0,High,0,🗓️ Planificador Anticipado,8,830.0,1
City Hotel,0,2017,February,23,Female,SC,Online TA,TA/TO,0,0,0,A,Transient,0,1,0,1,1.0,88.2,0,Low,4,🏙️ Viajero Estándar,0,88.2,0
City Hotel,51,2016,November,4,Female,BB,Offline TA/TO,TA/TO,0,0,0,A,Transient,0,1,0,3,2.0,56.0,0,Low,4,🏙️ Viajero Estándar,0,336.0,0
City Hotel,91,2017,April,17,Female,BB,Offline TA/TO,TA/TO,0,0,0,A,Transient,0,1,0,4,2.0,42.5,0,Low,4,🏙️ Viajero Estándar,0,340.0,0
City Hotel,8,2016,February,16,Female,SC,Online TA,TA/TO,0,0,0,A,Transient,1,1,0,2,2.0,44.0,0,Low,4,🏙️ Viajero Estándar,0,176.0,1
City Hotel,38,2016,May,21,Male,BB,Online TA,TA/TO,0,0,0,D,Transient,1,1,0,2,2.0,70.2,0,Low,4,🏙️ Viajero Estándar,0,280.8,1
Resort Hotel,34,2016,August,31,Male,HB,Direct,Direct,0,0,0,A,Transient,3,0,0,7,2.0,85.0,0,High,2,💼 Viajero Premium,2,1190.0,3
City Hotel,243,2017,May,24,Female,BB,Online TA,TA/TO,0,0,0,D,Transient,2,1,0,4,2.0,69.385,0,Low,4,🏙️ Viajero Estándar,2,555.08,2
City Hotel,31,2016,June,2,Female,BB,Offline TA/TO,TA/TO,0,0,0,A,Transient-Party,0,1,0,2,2.0,50.0,0,Low,4,🏙️ Viajero Estándar,0,200.0,0
City Hotel,165,2017,August,29,Female,BB,Online TA,TA/TO,0,0,0,E,Transient,3,1,0,6,3.0,69.75,0,Low,4,🏙️ Viajero Estándar,1,1255.5,3
Resort Hotel,266,2016,June,28,Male,BB,Online TA,TA/TO,0,0,0,H,Transient,0,1,0,10,5.0,30.360000000000003,1,High,3,👨‍👩‍👧 Turista Familiar,5,1518.0,1
Resort Hotel,7,2016,October,5,Male,BB,Groups,Corporate,0,0,0,A,Transient-Party,1,0,1,4,2.0,25.0,0,Low,1,⚡ Reserva de Última Hora,2,200.0,1
Resort Hotel,4,2017,January,24,Female,BB,Direct,Direct,0,0,0,F,Transient,0,1,0,1,2.0,35.0,0,High,4,🏙️ Viajero Estándar,2,70.0,0
City Hotel,31,2017,August,17,Male,SC,Online TA,TA/TO,0,0,0,A,Transient,3,1,0,2,2.0,84.5,0,Low,4,🏙️ Viajero Estándar,0,338.0,3
Resort Hotel,0,2016,March,15,Female,BB,Direct,Direct,0,0,0,A,Transient,0,0,0,3,1.0,40.0,0,High,1,⚡ Reserva de Última Hora,3,120.0,0
City Hotel,2,2016,December,20,Female,SC,Online TA,TA/TO,0,0,0,A,Transient,1,1,0,3,2.0,39.75,0,Low,4,🏙️ Viajero Estándar,0,238.5,1
City Hotel,1,2017,April,18,Female,BB,Online TA,TA/TO,1,0,1,A,Group,1,1,0,1,1.0,130.0,0,High,5,🏙️ Viajero Estándar,0,130.0,1
City Hotel,8,2015,October,20,Female,BB,Online TA,TA/TO,0,0,0,A,Transient,0,1,0,4,2.0,48.51,0,Low,4,🏙️ Viajero Estándar,0,388.08,0
City Hotel,26,2015,November,23,Male,BB,Offline TA/TO,TA/TO,0,0,0,A,Transient-Party,1,1,0,4,2.0,32.5,0,Low,4,🏙️ Viajero Estándar,0,260.0,1
City Hotel,155,2017,June,15,Female,BB,Online TA,TA/TO,0,0,0,D,Transient,2,1,0,4,1.0,137.25,0,Low,4,🏙️ Viajero Estándar,1,549.0,2
Resort Hotel,283,2015,October,12,Male,BB,Groups,Direct,0,0,0,A,Transient-Party,0,1,0,7,1.0,41.98,0,Low,4,🏙️ Viajero Estándar,4,293.85999999999996,0
Resort Hotel,15,2016,July,4,Male,HB,Online TA,TA/TO,0,0,0,H,Transient,0,1,0,3,4.0,68.0,1,Low,3,👨‍👩‍👧 Turista Familiar,0,816.0,1
Resort Hotel,10,2017,February,3,Female,BB,Direct,Direct,0,0,0,A,Transient,1,0,0,2,2.0,23.75,0,High,1,⚡ Reserva de Última Hora,3,95.0,1
City Hotel,233,2017,June,23,Female,BB,Groups,TA/TO,0,0,0,A,Transient,0,1,0,3,2.0,52.5,0,High,4,🏙️ Viajero Estándar,6,315.0,0
Resort Hotel,3,2016,October,27,Male,BB,Direct,Direct,0,0,0,A,Transient,0,0,0,1,1.0,61.0,0,High,1,⚡ Reserva de Última Hora,3,61.0,0
City Hotel,57,2016,March,12,Male,BB,Online TA,TA/TO,0,0,0,A,Transient,1,1,0,3,2.0,39.15,0,Low,4,🏙️ Viajero Estándar,0,234.89999999999998,1
Resort Hotel,31,2016,April,16,Female,BB,Offline TA/TO,TA/TO,0,0,0,E,Transient,0,1,0,14,2.0,32.5,0,Low,2,💼 Viajero Premium,0,910.0,0
Resort Hotel,11,2015,December,5,Female,Undefined,Groups,TA/TO,0,0,0,A,Transient-Party,0,1,0,3,2.0,34.0,0,Low,0,🗓️ Planificador Anticipado,1,204.0,0
Resort Hotel,81,2015,August,9,Female,HB,Offline TA/TO,TA/TO,0,0,0,A,Transient,0,1,0,7,2.0,65.0,0,Low,4,🏙️ Viajero Estándar,0,910.0,0
Resort Hotel,55,2016,March,28,Female,BB,Direct,Direct,0,0,0,A,Transient,0,1,0,2,2.0,26.6,0,Low,4,🏙️ Viajero Estándar,0,106.4,0
Resort Hotel,33,2016,February,18,Male,BB,Online TA,TA/TO,0,0,0,H,Transient,0,1,0,1,2.0,43.0,0,High,4,🏙️ Viajero Estándar,2,86.0,0
City Hotel,190,2017,August,7,Male,BB,Online TA,TA/TO,0,0,0,D,Transient,0,1,0,6,3.0,58.5,0,Low,4,🏙️ Viajero Estándar,2,1053.0,0
City Hotel,142,2017,June,28,Female,BB,Offline TA/TO,TA/TO,0,0,0,A,Transient,0,1,0,1,2.0,62.5,0,High,4,🏙️ Viajero Estándar,4,125.0,0
Resort Hotel,109,2016,December,16,Female,BB,Online TA,TA/TO,0,0,0,D,Transient,1,1,0,6,2.0,24.4,0,Low,4,🏙️ Viajero Estándar,0,292.79999999999995,1
City Hotel,103,2016,April,19,Female,BB,Offline TA/TO,TA/TO,0,0,0,A,Transient,0,1,0,2,1.0,115.0,0,High,4,🏙️ Viajero Estándar,2,230.0,0
City Hotel,124,2016,August,8,Male,BB,Online TA,TA/TO,0,0,0,A,Transient,1,1,0,6,2.0,48.505,0,Low,4,🏙️ Viajero Estándar,2,582.0600000000001,1
Resort Hotel,320,2017,June,3,Female,BB,Online TA,TA/TO,0,0,0,A,Transient,2,1,0,7,2.0,37.125,0,Low,4,🏙️ Viajero Estándar,2,519.75,2
City Hotel,177,2016,August,2,Male,BB,Online TA,TA/TO,0,0,0,A,Transient,1,1,0,7,2.0,49.725,0,Low,4,🏙️ Viajero Estándar,2,696.15,1
City Hotel,0,2016,March,25,Female,BB,Online TA,TA/TO,0,0,0,A,Transient,0,1,0,1,3.0,59.333333333333336,1,High,3,👨‍👩‍👧 Turista Familiar,2,178.0,1
City Hotel,11,2015,October,9,Female,SC,Online TA,TA/TO,0,0,0,A,Contract,1,1,0,3,2.0,69.665,0,Low,0,🗓️ Planificador Anticipado,0,417.99,1
City Hotel,405,2017,July,4,Female,BB,Offline TA/TO,TA/TO,0,0,0,A,Transient-Party,0,1,0,2,2.0,40.0,0,High,4,🏙️ Viajero Estándar,5,160.0,0
City Hotel,116,2017,March,24,Male,BB,Groups,TA/TO,0,0,0,A,Transient-Party,0,1,0,2,1.0,90.0,0,Low,4,🏙️ Viajero Estándar,1,180.0,0
City Hotel,0,2015,October,31,Female,BB,Online TA,TA/TO,0,0,0,A,Transient,1,1,0,1,2.0,53.5,0,Low,4,🏙️ Viajero Estándar,0,107.0,1
Resort Hotel,343,2016,September,21,Female,HB,Corporate,Corporate,1,0,1,A,Transient-Party,0,1,0,4,2.0,30.75,0,High,5,🏙️ Viajero Estándar,3,246.0,0
City Hotel,39,2017,January,9,Female,BB,Online TA,TA/TO,0,0,0,A,Transient,0,1,0,5,2.0,44.2,0,Low,4,🏙️ Viajero Estándar,0,442.0,0
City Hotel,601,2017,March,2,Female,BB,Groups,TA/TO,0,0,0,A,Transient,0,1,0,2,2.0,31.0,0,High,4,🏙️ Viajero Estándar,6,124.0,0
City Hotel,21,2017,February,3,Female,SC,Online TA,TA/TO,0,0,0,A,Transient,1,1,0,2,2.0,32.185,0,Low,4,🏙️ Viajero Estándar,0,128.74,1
City Hotel,32,2017,January,6,Female,SC,Online TA,TA/TO,0,0,0,A,Transient,1,1,0,2,2.0,44.0,0,Low,4,🏙️ Viajero Estándar,0,176.0,1
City Hotel,113,2017,May,20,Female,BB,Offline TA/TO,TA/TO,0,0,0,A,Transient,0,1,0,3,1.0,190.0,0,High,4,🏙️ Viajero Estándar,2,570.0,0
City Hotel,150,2016,June,16,Female,HB,Offline TA/TO,TA/TO,0,0,0,A,Transient-Party,2,1,0,3,3.0,30.0,1,Low,3,👨‍👩‍👧 Turista Familiar,1,270.0,3
City Hotel,193,2016,September,30,Female,BB,Groups,Corporate,0,0,0,A,Transient-Party,0,0,0,3,2.0,66.0,0,Low,1,⚡ Reserva de Última Hora,4,396.0,0
City Hotel,156,2017,April,26,Female,BB,Groups,TA/TO,0,0,0,A,Transient,0,1,0,3,2.0,50.0,0,High,4,🏙️ Viajero Estándar,5,300.0,0
City Hotel,1,2015,August,4,Female,BB,Corporate,Corporate,0,0,0,A,Group,0,0,1,2,1.0,65.0,0,High,1,⚡ Reserva de Última Hora,3,130.0,0
City Hotel,4,2016,October,16,Female,BB,Online TA,GDS,0,0,0,A,Transient,0,1,0,3,1.0,147.33,0,Low,4,🏙️ Viajero Estándar,0,441.99,0
City Hotel,48,2017,June,6,Female,BB,Online TA,TA/TO,0,0,0,A,Transient,1,1,0,4,1.0,150.0,0,Low,4,🏙️ Viajero Estándar,0,600.0,1
City Hotel,148,2015,December,30,Female,BB,Offline TA/TO,TA/TO,0,0,0,A,Transient,0,1,0,5,2.0,33.5,0,High,4,🏙️ Viajero Estándar,4,335.0,0
Resort Hotel,51,2016,August,21,Male,BB,Offline TA/TO,TA/TO,0,0,0,F,Transient,0,1,0,13,2.0,96.8,0,Low,2,💼 Viajero Premium,0,2516.7999999999997,0
Resort Hotel,0,2016,February,6,Male,BB,Online TA,TA/TO,0,0,0,A,Transient,0,1,0,2,2.0,29.0,0,Low,4,🏙️ Viajero Estándar,0,116.0,0
City Hotel,209,2017,August,11,Male,BB,Direct,Direct,0,0,0,F,Transient,1,1,0,5,4.0,49.5,1,Low,3,👨‍👩‍👧 Turista Familiar,3,990.0,2
Resort Hotel,31,2015,November,2,Male,BB,Corporate,Corporate,0,0,0,A,Transient-Party,0,1,0,16,1.0,40.0,0,High,2,💼 Viajero Premium,2,640.0,0
City Hotel,99,2016,February,14,Male,BB,Online TA,TA/TO,0,0,0,B,Transient,2,1,0,4,2.0,39.75,0,High,4,🏙️ Viajero Estándar,1,318.0,2
City Hotel,148,2015,July,29,Female,BB,Online TA,TA/TO,0,1,0,A,Transient,2,1,0,2,2.0,38.25,0,High,0,🗓️ Planificador Anticipado,6,153.0,2
Resort Hotel,57,2015,August,29,Male,BB,Offline TA/TO,TA/TO,0,0,0,D,Transient,0,1,0,6,2.0,50.625,0,Low,4,🏙️ Viajero Estándar,0,607.5,0
Resort Hotel,337,2017,May,13,Female,BB,Online TA,TA/TO,0,0,0,A,Transient,0,1,0,10,2.0,27.0,0,Low,4,🏙️ Viajero Estándar,3,540.0,0
Resort Hotel,301,2016,September,7,Male,BB,Online TA,TA/TO,0,0,0,G,Transient,0,1,0,7,4.0,36.25,1,Low,3,👨‍👩‍👧 Turista Familiar,3,1015.0,1
Resort Hotel,2,2015,October,30,Male,HB,Online TA,TA/TO,0,0,0,D,Transient,1,1,0,2,2.0,44.0,0,Low,4,🏙️ Viajero Estándar,0,176.0,1
City Hotel,1,2016,October,24,Female,BB,Direct,Direct,0,0,0,D,Transient,0,0,0,1,2.0,65.25,0,High,1,⚡ Reserva de Última Hora,3,130.5,0
City Hotel,7,2017,July,15,Male,SC,Online TA,TA/TO,0,0,0,A,Transient,1,1,0,3,2.0,52.5,0,High,4,🏙️ Viajero Estándar,2,315.0,1
Resort Hotel,6,2015,July,16,Female,BB,Online TA,TA/TO,0,0,0,A,Transient,1,1,0,3,2.0,51.325,0,Low,4,🏙️ Viajero Estándar,0,307.95000000000005,1
City Hotel,64,2017,July,29,Female,BB,Online TA,TA/TO,0,0,0,A,Transient,0,1,0,1,2.0,75.0,0,Low,4,🏙️ Viajero Estándar,0,150.0,0
Resort Hotel,83,2017,June,7,Female,BB,Online TA,TA/TO,0,0,0,A,Transient,1,1,0,1,2.0,48.0,0,Low,4,🏙️ Viajero Estándar,0,96.0,1
City Hotel,11,2015,October,2,Female,BB,Online TA,TA/TO,0,1,0,B,Contract,1,1,0,2,2.0,76.75,0,High,0,🗓️ Planificador Anticipado,5,307.0,1
City Hotel,100,2017,April,22,Female,BB,Offline TA/TO,TA/TO,0,0,0,A,Transient,0,1,0,4,2.0,52.5,0,High,4,🏙️ Viajero Estándar,2,420.0,0
Resort Hotel,0,2016,May,30,Male,BB,Corporate,Corporate,0,0,0,A,Transient,0,0,1,4,1.0,57.0,0,High,1,⚡ Reserva de Última Hora,3,228.0,0
Resort Hotel,5,2016,February,15,Male,BB,Online TA,TA/TO,0,0,0,G,Transient,0,1,0,4,4.0,23.25,1,Low,3,👨‍👩‍👧 Turista Familiar,0,372.0,1
Resort Hotel,10,2016,December,31,Male,BB,Online TA,TA/TO,0,0,0,G,Transient,0,1,0,1,4.0,45.0,1,Low,3,👨‍👩‍👧 Turista Familiar,0,180.0,1
City Hotel,328,2016,September,30,Female,BB,Groups,TA/TO,0,0,0,A,Transient-Party,1,1,0,2,2.0,32.5,0,Low,4,🏙️ Viajero Estándar,4,130.0,1
City Hotel,167,2016,December,26,Female,BB,Online TA,TA/TO,0,0,0,D,Transient,0,1,0,4,2.0,48.875,0,Medium,4,🏙️ Viajero Estándar,3,391.0,0
Resort Hotel,1,2016,January,2,Female,BB,Online TA,TA/TO,0,0,0,A,Group,0,1,0,2,2.0,24.0,0,Low,0,🗓️ Planificador Anticipado,0,96.0,0
City Hotel,1,2016,May,27,Female,BB,Online TA,TA/TO,0,0,0,A,Transient,2,1,0,2,3.0,59.66666666666666,1,High,3,👨‍👩‍👧 Turista Familiar,1,357.99999999999994,3
City Hotel,53,2016,January,24,Female,BB,Offline TA/TO,TA/TO,0,0,0,A,Transient,0,1,0,5,2.0,30.0,0,Low,4,🏙️ Viajero Estándar,0,300.0,0
City Hotel,11,2017,May,28,Female,BB,Complementary,Direct,0,0,0,A,Transient,1,0,0,1,2.0,0.0,0,High,1,⚡ Reserva de Última Hora,3,0.0,1
City Hotel,54,2016,April,28,Male,HB,Online TA,TA/TO,0,0,0,A,Transient,0,1,0,4,3.0,60.22666666666667,1,Medium,3,👨‍👩‍👧 Turista Familiar,1,722.72,1
Resort Hotel,238,2017,August,25,Female,HB,Online TA,TA/TO,0,0,0,A,Transient,0,1,0,7,2.0,67.05,0,High,4,🏙️ Viajero Estándar,5,938.6999999999999,0
City Hotel,34,2015,October,7,Male,BB,Online TA,TA/TO,0,0,0,A,Contract,0,1,0,3,2.0,50.1,0,Low,0,🗓️ Planificador Anticipado,0,300.6,0
City Hotel,72,2016,March,14,Male,SC,Online TA,TA/TO,0,0,0,A,Transient,1,1,0,4,2.0,34.2,0,Low,4,🏙️ Viajero Estándar,0,273.6,1
City Hotel,69,2016,June,12,Female,BB,Offline TA/TO,TA/TO,0,0,0,A,Transient,0,1,0,6,1.0,120.0,0,High,4,🏙️ Viajero Estándar,2,720.0,0
City Hotel,16,2015,December,4,Female,BB,Offline TA/TO,TA/TO,0,0,0,A,Transient,0,1,0,4,3.0,30.95,1,Low,3,👨‍👩‍👧 Turista Familiar,0,371.4,1
City Hotel,164,2016,August,5,Female,BB,Online TA,TA/TO,0,0,0,A,Transient-Party,3,1,0,2,1.0,105.3,0,Low,4,🏙️ Viajero Estándar,1,210.6,3
City Hotel,53,2017,January,8,Male,BB,Online TA,TA/TO,0,0,0,A,Transient,1,1,0,5,2.0,44.2,0,Low,4,🏙️ Viajero Estándar,0,442.0,1
Resort Hotel,54,2016,August,15,Male,HB,Online TA,TA/TO,0,0,0,A,Transient,0,1,0,6,2.0,110.5,0,Low,4,🏙️ Viajero Estándar,0,1326.0,0
City Hotel,88,2017,January,29,Female,SC,Online TA,TA/TO,0,0,0,A,Transient,0,1,0,2,2.0,39.6,0,Medium,4,🏙️ Viajero Estándar,1,158.4,0
Resort Hotel,48,2015,July,17,Male,BB,Offline TA/TO,TA/TO,0,0,0,D,Transient,0,1,0,2,2.0,61.5,0,High,4,🏙️ Viajero Estándar,2,246.0,0
City Hotel,4,2017,April,9,Female,SC,Online TA,TA/TO,0,0,0,A,Transient,2,1,0,2,2.0,75.0,0,Low,4,🏙️ Viajero Estándar,0,300.0,2
City Hotel,297,2016,May,14,Female,BB,Groups,TA/TO,0,0,0,A,Transient-Party,0,1,0,2,2.0,16.25,0,Low,4,🏙️ Viajero Estándar,4,65.0,0
City Hotel,58,2016,June,28,Female,BB,Online TA,TA/TO,0,0,0,D,Transient,1,1,0,4,2.0,65.7,0,Low,4,🏙️ Viajero Estándar,0,525.6,1
City Hotel,28,2016,April,16,Female,BB,Online TA,TA/TO,0,0,0,A,Transient,1,1,0,2,2.0,57.0,0,High,4,🏙️ Viajero Estándar,2,228.0,1
Resort Hotel,141,2016,May,26,Female,BB,Offline TA/TO,TA/TO,0,0,0,D,Transient,0,1,0,7,2.0,28.41,0,Low,4,🏙️ Viajero Estándar,2,397.74,0
City Hotel,71,2016,June,1,Female,BB,Offline TA/TO,TA/TO,0,0,0,D,Transient,0,1,0,5,3.0,38.53333333333333,0,High,4,🏙️ Viajero Estándar,2,578.0,0
Resort Hotel,165,2016,July,16,Female,BB,Offline TA/TO,TA/TO,0,0,0,A,Contract,0,1,0,7,1.0,90.1,0,Low,0,🗓️ Planificador Anticipado,2,630.6999999999999,0
City Hotel,218,2016,October,5,Male,BB,Online TA,TA/TO,0,0,0,D,Transient,1,1,0,3,2.0,61.2,0,Low,4,🏙️ Viajero Estándar,3,367.20000000000005,1
City Hotel,192,2016,June,24,Male,BB,Offline TA/TO,TA/TO,0,0,0,A,Transient-Party,0,1,0,2,1.0,95.0,0,Low,4,🏙️ Viajero Estándar,2,190.0,0
Resort Hotel,160,2016,September,8,Female,BB,Offline TA/TO,TA/TO,0,0,0,D,Transient,1,1,0,1,2.0,49.5,0,Low,4,🏙️ Viajero Estándar,2,99.0,1
City Hotel,75,2015,September,19,Female,BB,Groups,TA/TO,0,0,0,A,Transient-Party,0,1,0,4,1.0,60.0,0,Low,4,🏙️ Viajero Estándar,1,240.0,0
City Hotel,23,2017,January,11,Female,BB,Online TA,TA/TO,0,0,0,A,Transient,2,1,0,0,1.0,0.0,0,Low,4,🏙️ Viajero Estándar,0,0.0,2
Resort Hotel,98,2017,February,28,Female,BB,Direct,Direct,0,0,0,F,Transient,0,1,0,4,2.0,38.415,0,Low,4,🏙️ Viajero Estándar,0,307.32,0
City Hotel,40,2015,October,21,Female,SC,Online TA,TA/TO,0,0,0,F,Contract,2,1,0,5,4.0,37.53,1,Low,3,👨‍👩‍👧 Turista Familiar,0,750.6,3
City Hotel,12,2015,October,25,Female,BB,Groups,TA/TO,0,0,0,A,Transient-Party,0,1,0,3,2.0,42.835,0,High,4,🏙️ Viajero Estándar,3,257.01,0
City Hotel,307,2015,August,20,Male,BB,Groups,TA/TO,1,1,0,A,Transient-Party,0,1,0,2,2.0,31.4,0,High,5,🏙️ Viajero Estándar,7,125.6,0
City Hotel,105,2016,December,20,Female,BB,Online TA,TA/TO,0,0,0,A,Transient,1,1,0,1,2.0,46.8,0,High,4,🏙️ Viajero Estándar,2,93.6,1
City Hotel,316,2017,April,21,Male,BB,Online TA,TA/TO,0,0,0,A,Transient,0,1,0,1,2.0,54.9,0,Low,4,🏙️ Viajero Estándar,3,109.8,0
City Hotel,170,2017,July,17,Female,BB,Online TA,TA/TO,0,0,0,A,Transient,1,1,0,5,3.0,41.7,1,Low,3,👨‍👩‍👧 Turista Familiar,2,625.5,2
City Hotel,129,2017,June,24,Male,BB,Groups,TA/TO,0,0,0,A,Transient,0,1,0,3,2.0,65.0,0,High,4,🏙️ Viajero Estándar,5,390.0,0
City Hotel,129,2016,August,16,Female,BB,Online TA,TA/TO,0,0,0,D,Transient,2,1,0,5,2.0,62.1,0,Medium,4,🏙️ Viajero Estándar,2,621.0,2
City Hotel,9,2017,April,13,Female,BB,Online TA,TA/TO,0,0,0,E,Transient,0,1,0,3,2.0,105.0,0,Low,4,🏙️ Viajero Estándar,0,630.0,0
City Hotel,47,2017,June,10,Male,SC,Online TA,TA/TO,0,0,0,A,Transient,1,1,0,2,2.0,56.0,0,Low,4,🏙️ Viajero Estándar,0,224.0,1
City Hotel,217,2017,February,13,Male,BB,Online TA,TA/TO,0,0,0,A,Transient,0,1,0,25,2.0,42.5,0,Low,2,💼 Viajero Premium,3,2125.0,0
City Hotel,108,2016,March,18,Male,BB,Offline TA/TO,TA/TO,0,1,0,A,Transient,0,1,0,2,2.0,40.0,0,High,0,🗓️ Planificador Anticipado,5,160.0,0
City Hotel,16,2016,March,4,Female,BB,Online TA,TA/TO,0,0,0,D,Transient,1,1,0,3,2.0,34.675,0,Low,4,🏙️ Viajero Estándar,0,208.04999999999998,1
City Hotel,31,2016,December,4,Male,SC,Online TA,TA/TO,0,0,0,A,Transient,2,1,0,15,1.0,87.41,0,Low,4,🏙️ Viajero Estándar,0,1311.1499999999999,2
City Hotel,79,2016,April,30,Male,HB,Offline TA/TO,TA/TO,0,0,0,A,Transient,0,1,0,5,2.0,52.5,0,High,4,🏙️ Viajero Estándar,2,525.0,0
City Hotel,145,2016,October,22,Female,HB,Online TA,TA/TO,0,0,0,A,Transient,0,1,0,2,3.0,59.25,1,Medium,3,👨‍👩‍👧 Turista Familiar,3,355.5,1
Resort Hotel,222,2016,July,23,Male,HB,Direct,Direct,0,0,0,E,Transient,2,0,0,7,2.0,91.375,0,High,2,💼 Viajero Premium,5,1279.25,2
City Hotel,51,2016,November,3,Female,BB,Online TA,TA/TO,0,0,0,A,Transient,0,1,0,4,1.0,90.0,0,Low,4,🏙️ Viajero Estándar,0,360.0,0
City Hotel,127,2016,November,19,Male,BB,Online TA,TA/TO,0,0,0,D,Transient,0,1,0,4,2.0,48.875,0,Medium,4,🏙️ Viajero Estándar,3,391.0,0
Resort Hotel,119,2017,August,1,Male,BB,Offline TA/TO,TA/TO,0,0,0,D,Contract,0,1,0,10,2.0,68.5,0,Low,2,💼 Viajero Premium,0,1370.0,0
City Hotel,426,2016,September,8,Female,BB,Groups,TA/TO,0,0,0,A,Transient,0,1,0,2,2.0,31.0,0,High,4,🏙️ Viajero Estándar,6,124.0,0
City Hotel,56,2017,March,18,Female,BB,Direct,Direct,0,0,0,F,Transient,0,1,0,2,4.0,48.25,1,Medium,3,👨‍👩‍👧 Turista Familiar,1,386.0,1
City Hotel,58,2016,January,27,Female,BB,Offline TA/TO,TA/TO,0,0,0,A,Transient-Party,0,1,0,3,1.0,80.0,0,High,4,🏙️ Viajero Estándar,2,240.0,0
City Hotel,26,2016,May,22,Female,BB,Online TA,TA/TO,0,0,0,A,Transient,2,1,0,2,2.0,60.5,0,Low,4,🏙️ Viajero Estándar,0,242.0,2
City Hotel,21,2016,March,9,Female,BB,Online TA,TA/TO,0,0,0,A,Transient,0,1,0,4,2.0,46.75,0,Low,4,🏙️ Viajero Estándar,0,374.0,0
Resort Hotel,215,2016,June,1,Male,FB,Groups,TA/TO,0,0,0,A,Transient,0,1,0,3,2.0,55.0,0,High,4,🏙️ Viajero Estándar,6,330.0,0
Resort Hotel,1,2015,November,3,Male,BB,Online TA,TA/TO,0,0,0,A,Transient,1,1,0,2,1.0,36.0,0,High,4,🏙️ Viajero Estándar,2,72.0,1
City Hotel,29,2015,October,29,Female,BB,Online TA,TA/TO,0,1,0,A,Contract,3,1,0,3,1.0,120.0,0,High,0,🗓️ Planificador Anticipado,4,360.0,3
Resort Hotel,7,2017,March,5,Female,BB,Online TA,TA/TO,0,0,0,G,Transient,2,1,0,13,2.0,56.0,0,Low,4,🏙️ Viajero Estándar,0,1456.0,2
Resort Hotel,292,2015,October,21,Female,HB,Offline TA/TO,TA/TO,0,0,0,A,Transient-Party,0,1,0,2,2.0,35.0,0,Low,4,🏙️ Viajero Estándar,3,140.0,0
Resort Hotel,1,2016,June,14,Male,BB,Online TA,TA/TO,0,0,0,A,Transient,0,1,0,1,1.0,73.15,0,Low,4,🏙️ Viajero Estándar,0,73.15,0
City Hotel,132,2016,November,25,Male,BB,Online TA,TA/TO,0,0,0,F,Transient,2,1,0,2,2.0,76.5,0,Low,4,🏙️ Viajero Estándar,1,306.0,2
City Hotel,47,2016,September,10,Female,HB,Groups,TA/TO,0,0,0,A,Transient-Party,1,1,0,2,2.0,48.0,0,Medium,4,🏙️ Viajero Estándar,2,192.0,1
Resort Hotel,84,2017,March,1,Male,HB,Groups,TA/TO,0,0,0,A,Transient-Party,1,1,0,25,2.0,27.9,0,High,2,💼 Viajero Premium,3,1395.0,1
Resort Hotel,22,2016,August,25,Male,BB,Offline TA/TO,TA/TO,0,0,0,D,Transient,0,1,0,5,2.0,62.5,0,Low,4,🏙️ Viajero Estándar,0,625.0,0
City Hotel,237,2015,September,14,Female,BB,Online TA,TA/TO,0,0,0,A,Transient-Party,0,1,0,3,2.0,44.625,0,Low,4,🏙️ Viajero Estándar,3,267.75,0
City Hotel,113,2016,February,25,Male,BB,Offline TA/TO,TA/TO,0,1,0,A,Transient,0,1,0,3,2.0,37.5,0,High,0,🗓️ Planificador Anticipado,5,225.0,0
City Hotel,176,2016,March,20,Male,BB,Online TA,TA/TO,0,0,0,A,Transient,1,1,0,6,2.0,45.0,0,Low,4,🏙️ Viajero Estándar,2,540.0,1
Resort Hotel,0,2017,February,22,Male,BB,Direct,Direct,1,0,0,D,Transient,1,0,0,1,2.0,34.0,0,High,5,🏙️ Viajero Estándar,1,68.0,1
Resort Hotel,1,2016,August,27,Male,BB,Direct,Direct,0,0,1,A,Transient,0,0,0,5,3.0,69.66666666666667,0,High,1,⚡ Reserva de Última Hora,3,1045.0,0
Resort Hotel,0,2016,March,17,Male,BB,Direct,Direct,0,0,0,A,Transient,0,0,0,1,1.0,40.0,0,High,1,⚡ Reserva de Última Hora,3,40.0,0
Resort Hotel,114,2017,July,27,Female,HB,Direct,Direct,0,0,0,E,Transient,1,0,0,4,3.0,61.66666666666666,1,High,3,👨‍👩‍👧 Turista Familiar,3,739.9999999999999,2
City Hotel,58,2017,July,29,Male,SC,Online TA,TA/TO,0,0,0,A,Transient,1,1,0,4,2.0,61.0,0,Medium,4,🏙️ Viajero Estándar,1,488.0,1
City Hotel,11,2016,May,31,Male,SC,Online TA,TA/TO,0,0,0,A,Transient,1,1,0,2,2.0,59.5,0,Medium,4,🏙️ Viajero Estándar,1,238.0,1
City Hotel,142,2017,August,24,Male,BB,Direct,Direct,0,0,0,D,Transient,2,1,0,1,2.0,75.0,0,Low,4,🏙️ Viajero Estándar,1,150.0,2
Resort Hotel,22,2017,February,23,Male,Undefined,Groups,TA/TO,0,0,0,A,Transient-Party,0,1,0,2,2.0,23.0,0,High,0,🗓️ Planificador Anticipado,3,92.0,0
City Hotel,2,2016,April,3,Female,BB,Online TA,TA/TO,0,0,0,A,Transient,1,1,0,2,2.0,50.5,0,Low,4,🏙️ Viajero Estándar,0,202.0,1
City Hotel,3,2015,October,1,Female,BB,Complementary,Direct,0,0,0,A,Transient,0,0,1,1,1.0,0.0,0,High,1,⚡ Reserva de Última Hora,3,0.0,0
Resort Hotel,59,2016,July,22,Female,BB,Online TA,TA/TO,0,0,0,A,Transient,0,1,0,2,2.0,80.0,0,Medium,4,🏙️ Viajero Estándar,1,320.0,0
City Hotel,190,2016,November,3,Male,BB,Online TA,TA/TO,0,0,0,A,Transient,0,1,0,3,2.0,45.45,0,Low,4,🏙️ Viajero Estándar,2,272.70000000000005,0
City Hotel,88,2016,April,29,Female,BB,Online TA,TA/TO,0,0,0,A,Transient,1,1,0,5,2.0,59.925,0,Medium,4,🏙️ Viajero Estándar,1,599.25,1
Resort Hotel,108,2017,August,22,Female,BB,Offline TA/TO,TA/TO,0,0,0,E,Transient,0,1,0,10,2.0,104.14,0,Low,2,💼 Viajero Premium,0,2082.8,0
City Hotel,123,2016,May,22,Female,BB,Online TA,TA/TO,0,0,0,D,Transient-Party,2,1,0,4,3.0,35.983333333333334,1,Low,3,👨‍👩‍👧 Turista Familiar,1,431.8,3
City Hotel,1,2016,June,11,Female,BB,Online TA,TA/TO,0,0,0,D,Transient,2,1,0,2,2.0,68.0,0,High,4,🏙️ Viajero Estándar,1,272.0,2
City Hotel,52,2016,September,11,Female,BB,Offline TA/TO,TA/TO,0,0,0,A,Transient-Party,0,1,0,2,2.0,65.0,0,High,4,🏙️ Viajero Estándar,2,260.0,0
Resort Hotel,244,2015,September,2,Male,BB,Groups,TA/TO,0,24,0,A,Transient-Party,0,1,0,7,2.0,4.0,0,Low,5,🏙️ Viajero Estándar,7,56.0,0
Resort Hotel,224,2017,April,22,Female,BB,Online TA,TA/TO,0,0,0,A,Transient,1,1,0,7,2.0,30.0,0,Low,4,🏙️ Viajero Estándar,3,420.0,1
City Hotel,220,2016,September,17,Female,HB,Offline TA/TO,TA/TO,0,0,0,A,Transient-Party,0,1,0,3,1.0,128.0,0,Medium,4,🏙️ Viajero Estándar,4,384.0,0
Resort Hotel,22,2015,October,27,Female,BB,Offline TA/TO,TA/TO,0,0,0,A,Transient,1,1,0,2,1.0,37.6,0,Low,4,🏙️ Viajero Estándar,0,75.2,1
Resort Hotel,123,2016,October,21,Female,BB,Groups,Corporate,0,0,0,F,Transient-Party,0,0,0,5,2.0,47.5,0,Low,1,⚡ Reserva de Última Hora,4,475.0,0
Resort Hotel,47,2015,September,5,Male,BB,Direct,Direct,0,0,0,A,Transient,1,1,0,7,2.0,49.0,0,Low,4,🏙️ Viajero Estándar,0,686.0,1
City Hotel,21,2016,October,26,Male,BB,Online TA,TA/TO,0,0,0,A,Transient,1,1,0,2,1.0,95.48,0,Medium,4,🏙️ Viajero Estándar,1,190.96,1
City Hotel,183,2017,June,8,Male,BB,Offline TA/TO,TA/TO,0,0,0,A,Transient,0,1,0,2,1.0,120.0,0,High,4,🏙️ Viajero Estándar,4,240.0,0
City Hotel,1,2016,January,12,Female,BB,Direct,Direct,0,0,0,A,Transient,0,0,0,1,1.0,76.0,0,High,1,⚡ Reserva de Última Hora,3,76.0,0
City Hotel,93,2017,August,4,Female,SC,Online TA,TA/TO,0,0,0,A,Transient,1,1,0,3,2.0,62.5,0,Low,4,🏙️ Viajero Estándar,0,375.0,1
City Hotel,22,2015,October,13,Female,BB,Offline TA/TO,TA/TO,0,0,0,D,Transient,0,1,0,3,2.0,37.5,0,Low,4,🏙️ Viajero Estándar,0,225.0,0
Resort Hotel,35,2016,December,21,Female,BB,Online TA,TA/TO,1,0,5,A,Group,0,1,0,2,1.0,34.4,0,High,5,🏙️ Viajero Estándar,0,68.8,0
Resort Hotel,73,2015,November,16,Female,BB,Direct,Direct,0,0,0,A,Transient,1,1,0,4,1.0,47.4,0,High,4,🏙️ Viajero Estándar,2,189.6,1
Resort Hotel,43,2015,December,31,Male,BB,Direct,Direct,0,0,0,D,Transient,0,0,0,1,2.0,40.0,0,High,1,⚡ Reserva de Última Hora,3,80.0,0
City Hotel,15,2016,September,18,Male,BB,Online TA,TA/TO,0,0,0,F,Transient,1,1,0,14,3.0,78.71333333333332,1,Low,3,👨‍👩‍👧 Turista Familiar,0,3305.96,2
City Hotel,35,2016,August,15,Male,BB,Online TA,TA/TO,0,0,0,A,Transient,1,1,0,2,2.0,67.95,0,Low,4,🏙️ Viajero Estándar,0,271.8,1
City Hotel,350,2016,June,17,Male,BB,Groups,TA/TO,0,0,0,A,Transient,0,1,0,2,2.0,70.0,0,High,4,🏙️ Viajero Estándar,6,280.0,0
City Hotel,118,2016,June,6,Male,BB,Offline TA/TO,Corporate,0,0,0,A,Transient-Party,0,1,0,2,1.0,110.0,0,Low,4,🏙️ Viajero Estándar,0,220.0,0
City Hotel,163,2016,August,26,Female,BB,Online TA,TA/TO,0,0,0,A,Transient,0,1,0,2,2.0,48.15,0,Low,4,🏙️ Viajero Estándar,2,192.6,0
City Hotel,283,2015,July,27,Male,BB,Groups,TA/TO,0,1,0,A,Transient-Party,0,1,0,2,2.0,31.0,0,High,0,🗓️ Planificador Anticipado,9,124.0,0
City Hotel,41,2017,August,16,Female,BB,Online TA,TA/TO,0,0,0,A,Transient,0,1,0,2,3.0,60.0,1,Low,3,👨‍👩‍👧 Turista Familiar,0,360.0,1
Resort Hotel,0,2016,February,4,Female,BB,Offline TA/TO,TA/TO,0,0,1,D,Transient,0,1,0,1,2.0,23.2,0,High,4,🏙️ Viajero Estándar,2,46.4,0
City Hotel,133,2016,June,2,Male,SC,Online TA,TA/TO,0,0,0,A,Transient,1,1,0,4,2.0,52.38,0,Low,4,🏙️ Viajero Estándar,2,419.04,1
City Hotel,231,2016,August,21,Male,BB,Online TA,TA/TO,0,0,0,A,Transient-Party,1,1,0,4,2.0,45.475,0,Low,4,🏙️ Viajero Estándar,3,363.8,1
Resort Hotel,1,2016,February,2,Male,BB,Corporate,Corporate,0,0,1,A,Transient,0,0,1,2,1.0,27.0,0,High,1,⚡ Reserva de Última Hora,3,54.0,0
City Hotel,68,2015,September,29,Male,BB,Offline TA/TO,TA/TO,0,0,0,A,Transient-Party,0,1,0,2,2.0,32.5,0,Low,4,🏙️ Viajero Estándar,0,130.0,0
City Hotel,255,2016,November,7,Female,BB,Corporate,Corporate,0,0,0,E,Transient-Party,0,0,1,3,1.0,106.0,0,High,1,⚡ Reserva de Última Hora,6,318.0,0
City Hotel,135,2017,March,31,Female,BB,Online TA,TA/TO,0,0,0,A,Transient,1,1,0,5,2.0,43.245,0,Medium,4,🏙️ Viajero Estándar,3,432.45,1
City Hotel,265,2016,August,3,Male,BB,Offline TA/TO,TA/TO,0,1,0,A,Contract,1,1,0,7,2.0,36.04,0,High,0,🗓️ Planificador Anticipado,8,504.56,1
Resort Hotel,41,2017,January,17,Male,Undefined,Groups,Direct,0,0,0,A,Transient-Party,0,0,0,0,1.0,0.0,0,High,1,⚡ Reserva de Última Hora,4,0.0,0
Resort Hotel,275,2017,June,24,Female,BB,Online TA,TA/TO,0,0,0,A,Transient,0,1,0,8,2.0,40.88,0,High,4,🏙️ Viajero Estándar,5,654.08,0
City Hotel,280,2016,September,19,Male,BB,Offline TA/TO,TA/TO,0,0,0,A,Transient,0,1,0,3,2.0,55.0,0,High,4,🏙️ Viajero Estándar,5,330.0,0
Resort Hotel,139,2016,July,24,Female,BB,Offline TA/TO,TA/TO,0,0,0,D,Transient,0,1,0,4,2.0,57.6,0,High,4,🏙️ Viajero Estándar,4,460.8,0
Resort Hotel,144,2016,June,27,Female,HB,Offline TA/TO,TA/TO,0,0,0,D,Transient,1,1,0,9,1.0,83.7,0,High,4,🏙️ Viajero Estándar,4,753.3000000000001,1
City Hotel,179,2016,July,28,Female,BB,Direct,Direct,0,0,0,A,Transient,0,1,0,4,2.0,42.5,0,Low,4,🏙️ Viajero Estándar,2,340.0,0
Resort Hotel,90,2017,June,1,Female,BB,Online TA,TA/TO,0,0,0,E,Transient,1,1,0,6,2.0,78.5,0,Low,4,🏙️ Viajero Estándar,0,942.0,1
Resort Hotel,98,2016,May,23,Male,BB,Online TA,TA/TO,0,0,0,D,Transient,0,1,0,5,2.0,36.5,0,High,4,🏙️ Viajero Estándar,2,365.0,0
Resort Hotel,142,2017,August,12,Female,HB,Direct,Direct,1,1,13,E,Transient,4,0,0,10,2.0,92.0,0,High,5,🏙️ Viajero Estándar,5,1840.0,4
City Hotel,468,2016,October,20,Female,BB,Groups,TA/TO,0,0,0,A,Transient,0,1,0,2,2.0,31.0,0,High,4,🏙️ Viajero Estándar,6,124.0,0
Resort Hotel,4,2015,December,15,Male,BB,Online TA,TA/TO,0,0,0,A,Transient,1,1,0,1,2.0,24.0,0,Medium,4,🏙️ Viajero Estándar,1,48.0,1
City Hotel,433,2016,September,8,Male,BB,Offline TA/TO,TA/TO,0,0,0,A,Transient,0,1,0,3,2.0,35.0,0,High,4,🏙️ Viajero Estándar,5,210.0,0
City Hotel,109,2015,July,16,Male,BB,Online TA,TA/TO,0,0,0,A,Transient,1,1,0,1,2.0,38.25,0,High,4,🏙️ Viajero Estándar,2,76.5,1
City Hotel,278,2015,July,22,Male,BB,Groups,TA/TO,0,1,0,A,Contract,0,1,0,2,2.0,31.0,0,High,0,🗓️ Planificador Anticipado,9,124.0,0
City Hotel,16,2016,November,25,Female,BB,Online TA,TA/TO,0,0,0,A,Transient,1,1,0,5,1.0,58.45,0,High,4,🏙️ Viajero Estándar,2,292.25,1
Resort Hotel,104,2016,November,17,Female,BB,Online TA,TA/TO,0,0,0,A,Transient,1,1,0,4,2.0,21.65,0,Low,4,🏙️ Viajero Estándar,0,173.2,1
City Hotel,263,2016,September,29,Male,BB,Online TA,TA/TO,0,0,0,A,Transient,0,1,0,6,2.0,50.15,0,Low,4,🏙️ Viajero Estándar,3,601.8,0
City Hotel,86,2015,September,24,Female,HB,Offline TA/TO,TA/TO,0,0,0,A,Transient-Party,0,1,0,2,2.0,60.0,0,High,4,🏙️ Viajero Estándar,2,240.0,0
Resort Hotel,129,2016,June,5,Male,BB,Online TA,TA/TO,0,0,0,A,Transient,2,1,0,3,2.0,30.8,0,Low,4,🏙️ Viajero Estándar,1,184.8,2
City Hotel,35,2016,April,5,Male,BB,Online TA,TA/TO,0,0,0,D,Transient,1,1,0,3,2.0,65.7,0,Low,4,🏙️ Viajero Estándar,0,394.20000000000005,1
City Hotel,14,2017,May,14,Female,BB,Online TA,TA/TO,0,0,0,D,Transient,0,1,0,3,2.0,75.0,0,Low,4,🏙️ Viajero Estándar,0,450.0,0
City Hotel,17,2017,February,13,Female,SC,Online TA,TA/TO,0,0,0,A,Transient,0,1,0,4,2.0,37.4,0,Low,4,🏙️ Viajero Estándar,0,299.2,0
City Hotel,16,2016,March,8,Male,BB,Corporate,TA/TO,0,0,0,D,Transient-Party,0,0,1,2,1.0,76.0,0,High,1,⚡ Reserva de Última Hora,3,152.0,0
City Hotel,142,2016,August,3,Female,BB,Online TA,TA/TO,0,0,0,A,Transient,0,1,0,8,2.0,52.38,0,Low,4,🏙️ Viajero Estándar,2,838.08,0
Resort Hotel,297,2017,June,2,Male,BB,Online TA,TA/TO,0,0,0,A,Transient,3,1,0,5,2.0,41.05,0,Low,4,🏙️ Viajero Estándar,2,410.5,3
Resort Hotel,30,2017,July,21,Male,BB,Online TA,TA/TO,0,0,0,H,Transient,1,1,0,4,4.0,77.8125,1,Medium,3,👨‍👩‍👧 Turista Familiar,1,1245.0,2
City Hotel,139,2016,May,15,Male,BB,Online TA,TA/TO,0,0,0,A,Transient-Party,0,1,0,3,1.0,99.9,0,Low,4,🏙️ Viajero Estándar,2,299.70000000000005,0
Resort Hotel,9,2017,January,5,Male,BB,Online TA,TA/TO,0,0,0,A,Transient,1,0,0,1,2.0,29.5,0,High,1,⚡ Reserva de Última Hora,3,59.0,1
Resort Hotel,45,2017,February,25,Female,BB,Online TA,TA/TO,0,0,0,E,Transient,3,1,0,3,2.0,37.5,0,High,4,🏙️ Viajero Estándar,1,225.0,3
City Hotel,79,2016,April,30,Female,BB,Online TA,TA/TO,0,0,0,A,Transient,0,1,0,3,2.0,63.45,0,Low,4,🏙️ Viajero Estándar,0,380.70000000000005,0
Resort Hotel,159,2016,May,8,Male,BB,Online TA,TA/TO,0,1,0,F,Transient,0,1,0,4,2.0,44.1,0,High,0,🗓️ Planificador Anticipado,7,352.8,0
City Hotel,20,2017,January,4,Male,BB,Online TA,GDS,0,0,0,E,Transient,0,1,0,3,2.0,68.0,0,Medium,4,🏙️ Viajero Estándar,1,408.0,0
City Hotel,12,2017,May,29,Female,BB,Online TA,TA/TO,0,0,0,A,Transient,1,1,0,2,2.0,70.0,0,Medium,4,🏙️ Viajero Estándar,1,280.0,1
City Hotel,44,2016,April,23,Male,BB,Offline TA/TO,TA/TO,0,0,0,A,Transient-Party,1,1,0,3,2.0,47.5,0,Low,4,🏙️ Viajero Estándar,0,285.0,1
Resort Hotel,2,2016,October,12,Female,BB,Offline TA/TO,Corporate,1,0,3,A,Transient,0,1,0,1,1.0,76.5,0,High,5,🏙️ Viajero Estándar,0,76.5,0
Resort Hotel,468,2016,May,12,Female,HB,Groups,TA/TO,0,0,0,A,Transient-Party,0,1,0,2,2.0,33.5,0,High,4,🏙️ Viajero Estándar,6,134.0,0
Resort Hotel,26,2017,August,25,Female,BB,Online TA,TA/TO,0,0,0,A,Transient,1,1,0,3,2.0,108.335,0,Low,4,🏙️ Viajero Estándar,0,650.01,1
Resort Hotel,15,2015,November,27,Male,BB,Corporate,Direct,0,1,0,D,Transient-Party,0,0,0,2,2.0,30.0,0,High,1,⚡ Reserva de Última Hora,6,120.0,0
Resort Hotel,31,2016,March,19,Female,BB,Direct,Direct,0,0,0,F,Transient,0,1,0,5,2.0,40.5,0,Low,4,🏙️ Viajero Estándar,0,405.0,0
City Hotel,26,2016,April,4,Female,BB,Direct,Direct,0,0,0,A,Transient,0,0,0,1,1.0,119.0,0,Low,1,⚡ Reserva de Última Hora,1,119.0,0
City Hotel,1,2016,November,18,Male,SC,Online TA,TA/TO,0,0,0,A,Transient,1,1,0,1,2.0,54.0,0,Low,4,🏙️ Viajero Estándar,0,108.0,1
City Hotel,29,2016,March,2,Female,SC,Online TA,TA/TO,0,0,0,A,Transient,0,1,0,4,2.0,36.54,0,Low,4,🏙️ Viajero Estándar,0,292.32,0
Resort Hotel,246,2016,September,10,Male,BB,Offline TA/TO,TA/TO,0,0,0,D,Transient,2,1,0,10,2.0,38.61,0,Low,4,🏙️ Viajero Estándar,2,772.2,2
City Hotel,140,2015,November,18,Female,BB,Groups,TA/TO,0,0,0,A,Transient-Party,0,1,0,3,2.0,37.5,0,High,4,🏙️ Viajero Estándar,5,225.0,0
City Hotel,59,2015,October,29,Female,BB,Offline TA/TO,TA/TO,0,0,0,A,Transient-Party,0,1,0,2,1.0,75.0,0,High,4,🏙️ Viajero Estándar,2,150.0,0
Resort Hotel,169,2016,March,31,Female,BB,Groups,Direct,0,0,0,A,Transient-Party,0,0,1,4,2.0,33.0,0,Low,1,⚡ Reserva de Última Hora,4,264.0,0
Resort Hotel,245,2016,December,15,Male,BB,Online TA,TA/TO,0,0,0,A,Transient,0,1,0,2,2.0,18.9,0,Medium,4,🏙️ Viajero Estándar,4,75.6,0
City Hotel,17,2015,September,26,Male,BB,Groups,TA/TO,0,0,0,A,Transient-Party,0,1,0,3,2.0,85.0,0,Medium,4,🏙️ Viajero Estándar,2,510.0,0
Resort Hotel,0,2016,August,29,Female,BB,Direct,Direct,0,0,0,D,Transient,0,0,0,1,2.0,75.0,0,High,1,⚡ Reserva de Última Hora,3,150.0,0
City Hotel,81,2016,December,16,Female,BB,Offline TA/TO,TA/TO,0,0,0,A,Transient,0,1,0,3,2.0,37.5,0,Low,4,🏙️ Viajero Estándar,0,225.0,0
City Hotel,80,2015,November,6,Female,BB,Online TA,TA/TO,0,0,0,A,Transient,2,1,0,2,2.0,43.235,0,High,4,🏙️ Viajero Estándar,1,172.94,2
City Hotel,44,2016,April,26,Female,BB,Online TA,TA/TO,0,0,0,D,Transient,1,1,0,4,2.0,59.69,0,Low,4,🏙️ Viajero Estándar,0,477.52,1
Resort Hotel,68,2015,July,20,Female,BB,Online TA,TA/TO,0,0,0,A,Transient,2,1,0,4,2.0,51.75,0,Low,4,🏙️ Viajero Estándar,0,414.0,2
City Hotel,80,2016,July,20,Male,BB,Online TA,TA/TO,0,0,0,A,Transient,0,1,0,1,2.0,52.65,0,High,4,🏙️ Viajero Estándar,2,105.3,0
City Hotel,423,2017,July,22,Male,HB,Offline TA/TO,TA/TO,0,0,0,A,Transient-Party,1,1,0,2,2.0,61.2,0,High,4,🏙️ Viajero Estándar,5,244.8,1
City Hotel,391,2016,July,27,Male,BB,Groups,TA/TO,0,0,0,A,Transient,0,1,0,2,2.0,32.5,0,High,4,🏙️ Viajero Estándar,6,130.0,0
Resort Hotel,74,2016,February,26,Male,Undefined,Groups,TA/TO,0,0,0,A,Transient,0,1,0,3,2.0,35.0,0,High,0,🗓️ Planificador Anticipado,3,210.0,0
City Hotel,37,2016,December,9,Female,SC,Online TA,TA/TO,0,0,0,A,Transient,1,1,0,5,1.0,51.05,0,High,4,🏙️ Viajero Estándar,2,255.25,1
City Hotel,12,2017,May,30,Female,SC,Online TA,TA/TO,0,0,0,A,Transient,0,1,0,1,2.0,60.0,0,Medium,4,🏙️ Viajero Estándar,1,120.0,0
Resort Hotel,213,2016,May,16,Female,HB,Groups,TA/TO,0,0,0,A,Transient,0,1,0,2,2.0,42.5,0,Low,4,🏙️ Viajero Estándar,4,170.0,0
City Hotel,504,2017,August,12,Male,BB,Offline TA/TO,TA/TO,0,0,0,A,Transient-Party,1,1,0,3,2.0,56.335,0,Low,4,🏙️ Viajero Estándar,3,338.01,1
Resort Hotel,44,2015,July,10,Female,HB,Offline TA/TO,TA/TO,0,0,0,E,Transient,0,1,0,7,1.0,152.0,0,Low,4,🏙️ Viajero Estándar,0,1064.0,0
City Hotel,0,2015,September,4,Female,BB,Online TA,TA/TO,0,0,0,A,Transient,0,1,0,2,1.0,133.0,0,High,4,🏙️ Viajero Estándar,2,266.0,0
Resort Hotel,145,2017,July,13,Female,BB,Online TA,TA/TO,0,0,0,E,Transient,1,1,0,5,2.0,99.5,0,Low,4,🏙️ Viajero Estándar,2,995.0,1
City Hotel,364,2015,October,16,Female,HB,Offline TA/TO,TA/TO,0,1,0,A,Transient-Party,0,1,0,2,2.0,54.5,0,High,0,🗓️ Planificador Anticipado,8,218.0,0
City Hotel,55,2016,August,31,Female,HB,Online TA,TA/TO,0,0,0,A,Transient,2,1,0,3,2.0,72.0,0,Low,4,🏙️ Viajero Estándar,0,432.0,2
Resort Hotel,84,2016,August,8,Female,BB,Direct,Direct,0,0,0,D,Transient,1,1,0,3,3.0,72.89,1,Low,3,👨‍👩‍👧 Turista Familiar,0,656.01,2
Resort Hotel,24,2015,December,28,Female,HB,Offline TA/TO,TA/TO,0,0,0,A,Transient-Party,1,1,0,0,2.0,0.0,0,High,4,🏙️ Viajero Estándar,2,0.0,1
City Hotel,32,2016,October,7,Female,BB,Direct,Direct,0,0,0,D,Transient,0,1,0,6,2.0,92.835,0,Low,4,🏙️ Viajero Estándar,0,1114.02,0
City Hotel,261,2017,August,16,Female,BB,Offline TA/TO,TA/TO,0,0,0,A,Transient,0,1,0,5,3.0,35.7,0,High,4,🏙️ Viajero Estándar,5,535.5,0
City Hotel,100,2016,June,27,Male,BB,Direct,Direct,0,0,0,D,Transient,0,1,0,5,2.0,67.2,0,Low,4,🏙️ Viajero Estándar,0,672.0,0
City Hotel,7,2016,January,16,Female,BB,Online TA,TA/TO,0,0,0,A,Transient,0,1,0,3,2.0,39.15,0,Low,4,🏙️ Viajero Estándar,0,234.89999999999998,0
City Hotel,218,2016,October,7,Female,BB,Online TA,TA/TO,0,0,0,A,Transient,2,1,0,3,2.0,53.05,0,Low,4,🏙️ Viajero Estándar,2,318.29999999999995,2
Resort Hotel,7,2016,October,25,Female,BB,Online TA,TA/TO,0,0,0,A,Transient-Party,0,1,0,2,1.0,58.8,0,High,4,🏙️ Viajero Estándar,2,117.6,0
City Hotel,320,2016,August,18,Female,HB,Offline TA/TO,TA/TO,0,0,0,A,Transient-Party,0,1,0,2,2.0,57.5,0,High,4,🏙️ Viajero Estándar,5,230.0,0
City Hotel,352,2017,May,24,Male,SC,Online TA,TA/TO,0,0,0,A,Transient,0,1,0,3,2.0,49.5,0,Low,4,🏙️ Viajero Estándar,3,297.0,0
Resort Hotel,26,2016,November,6,Male,HB,Offline TA/TO,TA/TO,0,0,0,D,Contract,0,1,0,14,2.0,34.36,0,Low,0,🗓️ Planificador Anticipado,0,962.0799999999999,0
Resort Hotel,2,2016,March,8,Male,BB,Online TA,TA/TO,0,0,0,D,Transient,0,1,0,6,2.0,30.665,0,Low,4,🏙️ Viajero Estándar,0,367.98,0
Resort Hotel,118,2017,March,29,Male,HB,Online TA,TA/TO,0,0,0,A,Transient,0,1,0,1,2.0,39.0,0,Low,4,🏙️ Viajero Estándar,0,78.0,0
City Hotel,74,2016,November,7,Male,BB,Online TA,TA/TO,0,0,0,A,Transient,0,1,0,4,1.0,177.3,0,High,4,🏙️ Viajero Estándar,2,709.2,0
Resort Hotel,183,2016,December,3,Female,FB,Groups,TA/TO,0,0,0,A,Transient,0,1,0,3,2.0,36.0,0,High,4,🏙️ Viajero Estándar,5,216.0,0
Resort Hotel,207,2017,February,13,Female,HB,Groups,TA/TO,0,0,0,A,Transient-Party,0,1,0,4,1.0,44.0,0,Low,4,🏙️ Viajero Estándar,4,176.0,0
City Hotel,412,2016,August,25,Female,BB,Groups,TA/TO,0,0,0,A,Transient,0,1,0,2,2.0,31.0,0,High,4,🏙️ Viajero Estándar,6,124.0,0
City Hotel,69,2016,April,4,Female,SC,Online TA,TA/TO,0,0,0,A,Transient,1,1,0,4,2.0,40.375,0,Low,4,🏙️ Viajero Estándar,0,323.0,1
City Hotel,250,2017,May,25,Female,SC,Online TA,TA/TO,0,0,0,A,Transient,0,1,0,4,2.0,53.55,0,Low,4,🏙️ Viajero Estándar,3,428.4,0
Resort Hotel,127,2016,June,25,Female,HB,Online TA,TA/TO,0,0,0,G,Transient,0,1,0,5,4.0,53.5,1,High,3,👨‍👩‍👧 Turista Familiar,4,1070.0,1
Resort Hotel,164,2016,October,29,Female,BB,Direct,Direct,1,0,1,H,Transient,2,1,0,0,1.0,0.0,0,High,5,🏙️ Viajero Estándar,1,0.0,2
Resort Hotel,0,2016,December,1,Female,BB,Direct,Direct,0,0,0,E,Transient,0,0,0,4,3.0,20.75,1,Low,3,👨‍👩‍👧 Turista Familiar,1,249.0,1
Resort Hotel,113,2016,November,2,Male,BB,Online TA,TA/TO,0,0,0,A,Transient,2,1,0,2,1.0,37.8,0,Low,4,🏙️ Viajero Estándar,0,75.6,2
City Hotel,142,2017,August,16,Male,SC,Online TA,TA/TO,0,0,0,A,Transient,0,1,0,4,2.0,62.5,0,Medium,4,🏙️ Viajero Estándar,3,500.0,0
Resort Hotel,347,2016,September,4,Male,BB,Offline TA/TO,TA/TO,0,0,0,E,Contract,1,1,0,10,2.0,41.65,0,High,0,🗓️ Planificador Anticipado,5,833.0,1
City Hotel,218,2016,June,9,Male,HB,Groups,TA/TO,0,1,0,A,Transient,0,1,0,2,2.0,67.5,0,High,0,🗓️ Planificador Anticipado,9,270.0,0
Resort Hotel,78,2016,October,21,Male,HB,Offline TA/TO,TA/TO,0,0,0,A,Transient,0,1,0,4,3.0,16.293333333333333,1,High,3,👨‍👩‍👧 Turista Familiar,2,195.51999999999998,1
Resort Hotel,33,2017,August,18,Female,FB,Online TA,Direct,0,0,0,D,Transient-Party,4,1,0,3,4.0,77.5,1,High,3,👨‍👩‍👧 Turista Familiar,1,930.0,5
City Hotel,216,2017,August,8,Male,BB,Online TA,TA/TO,0,0,0,A,Transient,0,1,0,8,2.0,65.25,0,Low,4,🏙️ Viajero Estándar,3,1044.0,0
Resort Hotel,14,2017,June,1,Male,BB,Offline TA/TO,TA/TO,0,0,0,A,Transient,0,1,0,3,2.0,41.345,0,Low,4,🏙️ Viajero Estándar,0,248.07,0
Resort Hotel,13,2017,March,5,Female,BB,Online TA,TA/TO,0,0,0,E,Transient,0,1,0,2,2.0,43.5,0,Low,4,🏙️ Viajero Estándar,0,174.0,0
City Hotel,9,2017,April,13,Female,BB,Online TA,TA/TO,0,0,0,E,Transient,1,1,0,3,2.0,105.0,0,Low,4,🏙️ Viajero Estándar,0,630.0,1
Resort Hotel,7,2017,July,10,Male,BB,Online TA,TA/TO,0,0,0,D,Transient,1,1,0,5,2.0,72.0,0,Low,4,🏙️ Viajero Estándar,0,720.0,1
City Hotel,22,2017,May,24,Female,BB,Direct,Direct,0,0,0,F,Transient,0,1,0,2,2.0,132.5,0,Low,4,🏙️ Viajero Estándar,0,530.0,0
Resort Hotel,165,2017,July,22,Female,BB,Direct,Direct,1,0,1,A,Transient,0,1,0,7,2.0,69.75,0,High,5,🏙️ Viajero Estándar,2,976.5,0
City Hotel,67,2017,May,2,Male,BB,Groups,Corporate,0,0,0,A,Transient-Party,0,0,1,3,1.0,110.0,0,Low,1,⚡ Reserva de Última Hora,2,330.0,0
Resort Hotel,25,2015,October,26,Female,BB,Offline TA/TO,TA/TO,0,0,0,D,Contract,1,1,0,3,2.0,24.3,0,High,0,🗓️ Planificador Anticipado,2,145.8,1
Resort Hotel,98,2016,October,11,Male,BB,Online TA,TA/TO,0,0,0,A,Transient,1,1,0,1,2.0,29.5,0,Low,4,🏙️ Viajero Estándar,0,59.0,1
Resort Hotel,41,2016,November,2,Female,BB,Offline TA/TO,TA/TO,0,0,0,A,Transient,0,1,0,5,2.0,14.5,0,Low,4,🏙️ Viajero Estándar,0,145.0,0
City Hotel,175,2017,May,19,Female,BB,Groups,TA/TO,0,0,0,A,Transient,0,1,0,1,1.0,90.0,0,High,4,🏙️ Viajero Estándar,5,90.0,0
City Hotel,99,2016,April,27,Female,BB,Offline TA/TO,TA/TO,0,0,0,A,Transient-Party,1,1,0,8,2.0,40.375,0,Low,4,🏙️ Viajero Estándar,0,646.0,1
City Hotel,38,2017,May,7,Female,SC,Online TA,TA/TO,0,0,0,A,Transient,0,1,0,4,2.0,67.05,0,Low,4,🏙️ Viajero Estándar,0,536.4,0
Resort Hotel,239,2016,September,18,Female,BB,Online TA,TA/TO,0,0,0,E,Transient,1,1,0,5,2.0,55.0,0,Low,4,🏙️ Viajero Estándar,3,550.0,1
City Hotel,1,2016,February,9,Female,BB,Direct,Direct,0,0,0,A,Transient,0,0,0,1,2.0,45.5,0,Low,1,⚡ Reserva de Última Hora,1,91.0,0
City Hotel,20,2017,January,26,Male,SC,Online TA,TA/TO,0,0,0,A,Transient,0,1,0,4,2.0,30.6,0,Low,4,🏙️ Viajero Estándar,0,244.8,0
Resort Hotel,0,2016,February,3,Female,BB,Direct,Direct,0,0,0,A,Transient,0,0,0,1,1.0,39.0,0,Low,1,⚡ Reserva de Última Hora,1,39.0,0
City Hotel,22,2016,September,26,Female,BB,Online TA,TA/TO,0,0,0,D,Transient,1,1,0,4,2.0,47.43,0,Low,4,🏙️ Viajero Estándar,0,379.44,1
City Hotel,5,2017,May,23,Male,BB,Corporate,Corporate,1,0,3,A,Transient,1,0,1,2,1.0,67.0,0,High,5,🏙️ Viajero Estándar,1,134.0,1
Resort Hotel,214,2016,April,11,Female,BB,Online TA,TA/TO,0,0,0,A,Transient,2,1,0,7,2.0,26.1,0,High,4,🏙️ Viajero Estándar,4,365.40000000000003,2
City Hotel,62,2017,April,6,Male,BB,Groups,TA/TO,0,0,0,A,Transient,0,0,0,3,1.0,135.0,0,High,1,⚡ Reserva de Última Hora,4,405.0,0
City Hotel,1,2016,December,27,Female,BB,Offline TA/TO,TA/TO,0,0,0,A,Transient-Party,1,1,0,7,3.0,28.81,0,Medium,4,🏙️ Viajero Estándar,1,605.01,1
City Hotel,200,2017,August,4,Female,BB,Online TA,TA/TO,0,0,0,D,Transient,1,1,0,4,3.0,58.5,0,Medium,4,🏙️ Viajero Estándar,3,702.0,1
Resort Hotel,287,2015,October,15,Male,BB,Groups,Corporate,0,0,0,A,Transient-Party,0,0,1,1,1.0,37.0,0,Low,1,⚡ Reserva de Última Hora,5,37.0,0
City Hotel,211,2017,August,31,Female,BB,Online TA,TA/TO,0,0,0,D,Transient,1,1,0,3,3.0,54.0,0,Low,4,🏙️ Viajero Estándar,3,486.0,1
Resort Hotel,10,2016,November,7,Male,BB,Offline TA/TO,TA/TO,0,0,0,A,Transient,0,1,0,3,1.0,30.0,0,High,4,🏙️ Viajero Estándar,2,90.0,0
City Hotel,247,2016,October,28,Male,BB,Groups,TA/TO,0,0,0,A,Transient,0,1,0,3,2.0,55.0,0,High,4,🏙️ Viajero Estándar,6,330.0,0
Resort Hotel,40,2016,December,1,Female,Undefined,Offline TA/TO,TA/TO,0,0,0,A,Transient,0,1,0,7,2.0,32.0,0,Low,0,🗓️ Planificador Anticipado,0,448.0,0
City Hotel,3,2015,July,11,Male,HB,Offline TA/TO,TA/TO,0,0,0,A,Transient-Party,0,1,0,3,3.0,46.16666666666666,0,High,4,🏙️ Viajero Estándar,2,415.4999999999999,0
Resort Hotel,30,2016,May,12,Male,BB,Online TA,TA/TO,0,0,0,E,Transient,0,1,0,2,1.0,105.0,0,Low,4,🏙️ Viajero Estándar,0,210.0,0
Resort Hotel,58,2016,May,8,Male,BB,Offline TA/TO,TA/TO,0,0,0,A,Transient-Party,1,1,0,2,2.0,27.3,0,High,4,🏙️ Viajero Estándar,2,109.2,1
Resort Hotel,309,2017,June,8,Male,HB,Groups,TA/TO,0,0,0,A,Transient,0,1,0,5,1.0,74.0,0,High,4,🏙️ Viajero Estándar,6,370.0,0
City Hotel,43,2016,November,9,Male,BB,Online TA,TA/TO,0,0,0,A,Transient,2,1,0,3,2.0,88.335,0,Low,4,🏙️ Viajero Estándar,0,530.01,2
City Hotel,0,2017,July,30,Male,BB,Corporate,Corporate,0,0,0,A,Transient,0,0,1,1,1.0,65.0,0,High,1,⚡ Reserva de Última Hora,3,65.0,0
Resort Hotel,33,2017,January,14,Female,BB,Online TA,TA/TO,0,0,0,E,Transient,2,1,0,3,2.0,34.665,0,Low,4,🏙️ Viajero Estándar,0,207.99,2
City Hotel,23,2016,February,21,Male,BB,Online TA,TA/TO,0,0,0,A,Transient,1,1,0,1,2.0,45.5,0,Low,4,🏙️ Viajero Estándar,0,91.0,1
City Hotel,8,2017,February,15,Male,BB,Groups,TA/TO,0,0,0,A,Transient-Party,0,1,0,2,1.0,65.0,0,Low,4,🏙️ Viajero Estándar,1,130.0,0
City Hotel,31,2016,February,6,Male,SC,Online TA,TA/TO,0,0,0,A,Transient-Party,1,1,0,3,2.0,34.75,0,Medium,4,🏙️ Viajero Estándar,1,208.5,1
Resort Hotel,9,2017,February,26,Female,HB,Online TA,TA/TO,0,0,0,A,Transient,1,1,0,2,3.0,36.0,1,Low,3,👨‍👩‍👧 Turista Familiar,0,216.0,2
Resort Hotel,16,2017,January,27,Female,BB,Groups,Corporate,0,0,0,A,Transient,0,0,0,3,2.0,20.0,0,Low,1,⚡ Reserva de Última Hora,2,120.0,0
Resort Hotel,383,2016,October,6,Female,BB,Groups,TA/TO,0,0,0,A,Transient-Party,0,1,0,3,2.0,24.0,0,Low,4,🏙️ Viajero Estándar,4,144.0,0
Resort Hotel,0,2017,January,14,Female,BB,Direct,Direct,1,0,0,A,Transient,0,0,0,3,2.0,25.0,0,Low,5,🏙️ Viajero Estándar,0,150.0,0
City Hotel,94,2017,April,17,Male,BB,Online TA,TA/TO,0,0,0,A,Transient,0,1,0,2,2.0,63.0,0,Low,4,🏙️ Viajero Estándar,0,252.0,0
Resort Hotel,96,2017,August,6,Male,BB,Online TA,TA/TO,0,0,0,A,Transient,0,1,0,9,2.0,115.0,0,Low,2,💼 Viajero Premium,0,2070.0,0
City Hotel,24,2016,October,16,Male,BB,Offline TA/TO,TA/TO,0,0,0,A,Transient,1,1,0,4,2.0,42.5,0,Low,4,🏙️ Viajero Estándar,0,340.0,1
City Hotel,14,2016,August,22,Male,BB,Online TA,TA/TO,0,0,0,D,Transient,2,1,0,2,2.0,78.0,0,Low,4,🏙️ Viajero Estándar,0,312.0,2
City Hotel,87,2017,May,22,Female,BB,Offline TA/TO,TA/TO,0,0,0,A,Transient-Party,0,1,0,2,1.0,126.0,0,Low,4,🏙️ Viajero Estándar,0,252.0,0
Resort Hotel,159,2017,February,4,Male,BB,Online TA,TA/TO,0,0,0,D,Transient,0,1,0,3,2.0,23.4,0,Low,4,🏙️ Viajero Estándar,2,140.39999999999998,0
City Hotel,53,2016,June,24,Female,BB,Groups,TA/TO,0,0,0,A,Transient-Party,1,1,0,3,2.0,32.5,0,High,4,🏙️ Viajero Estándar,3,195.0,1
Resort Hotel,20,2017,February,13,Female,BB,Online TA,TA/TO,0,0,0,A,Transient,1,1,0,2,2.0,30.5,0,High,4,🏙️ Viajero Estándar,2,122.0,1
City Hotel,0,2017,January,3,Female,BB,Direct,Direct,0,0,0,D,Transient,0,1,0,2,2.0,54.0,0,Low,4,🏙️ Viajero Estándar,0,216.0,0
Resort Hotel,2,2017,June,22,Male,BB,Online TA,TA/TO,0,0,0,A,Transient,1,1,0,1,2.0,63.0,0,High,4,🏙️ Viajero Estándar,2,126.0,1
City Hotel,114,2016,August,27,Male,BB,Online TA,TA/TO,0,0,0,A,Transient,0,1,0,1,2.0,64.35,0,Low,4,🏙️ Viajero Estándar,0,128.7,0
Resort Hotel,65,2017,June,9,Male,BB,Online TA,TA/TO,0,0,0,C,Transient,1,1,0,2,4.0,45.0,1,High,3,👨‍👩‍👧 Turista Familiar,2,360.0,2
Resort Hotel,70,2016,August,17,Male,BB,Corporate,Corporate,1,0,5,A,Transient,0,0,1,2,2.0,62.5,0,Low,5,🏙️ Viajero Estándar,0,250.0,0
Resort Hotel,28,2016,May,5,Female,BB,Online TA,TA/TO,0,0,0,E,Transient,1,1,0,4,2.0,52.5,0,High,4,🏙️ Viajero Estándar,2,420.0,1
City Hotel,286,2016,September,16,Male,HB,Offline TA/TO,TA/TO,0,0,0,A,Transient-Party,0,1,0,2,1.0,91.0,0,Medium,4,🏙️ Viajero Estándar,4,182.0,0
City Hotel,175,2016,July,10,Female,BB,Online TA,TA/TO,0,0,0,D,Transient,1,1,0,10,3.0,43.06666666666666,1,Low,3,👨‍👩‍👧 Turista Familiar,2,1292.0,2
Resort Hotel,80,2017,June,10,Female,HB,Direct,Direct,0,0,0,C,Transient-Party,0,1,0,6,1.0,171.0,0,High,4,🏙️ Viajero Estándar,2,1026.0,0
City Hotel,47,2016,September,21,Male,BB,Direct,Direct,0,0,0,D,Transient,0,0,0,2,1.0,140.0,0,Low,1,⚡ Reserva de Última Hora,1,280.0,0
City Hotel,210,2017,May,20,Female,BB,Online TA,TA/TO,0,0,0,F,Transient,0,1,0,6,3.0,65.7,1,Low,3,👨‍👩‍👧 Turista Familiar,3,1182.6000000000001,1
City Hotel,268,2015,July,12,Female,BB,Offline TA/TO,TA/TO,0,1,0,A,Transient,0,1,0,3,2.0,41.0,0,High,0,🗓️ Planificador Anticipado,8,246.0,0
City Hotel,109,2016,June,27,Female,BB,Online TA,TA/TO,0,0,0,D,Transient,0,1,0,2,2.0,43.45,0,High,4,🏙️ Viajero Estándar,2,173.8,0
City Hotel,118,2016,June,6,Female,BB,Offline TA/TO,Corporate,0,0,0,A,Transient-Party,0,1,0,3,1.0,110.0,0,Low,4,🏙️ Viajero Estándar,0,330.0,0
City Hotel,136,2017,March,21,Male,BB,Online TA,TA/TO,0,0,0,A,Transient,1,1,0,3,2.0,46.8,0,Low,4,🏙️ Viajero Estándar,2,280.79999999999995,1
Resort Hotel,468,2016,May,12,Female,HB,Groups,TA/TO,0,0,0,A,Transient-Party,0,1,0,2,2.0,33.5,0,Low,4,🏙️ Viajero Estándar,4,134.0,0
City Hotel,159,2017,March,31,Female,SC,Online TA,TA/TO,0,0,0,A,Transient,1,1,0,4,2.0,35.785,0,Low,4,🏙️ Viajero Estándar,2,286.28,1
City Hotel,63,2017,April,23,Female,SC,Online TA,TA/TO,0,0,0,A,Transient,0,1,0,6,2.0,54.0,0,Medium,4,🏙️ Viajero Estándar,1,648.0,0
Resort Hotel,15,2017,May,6,Female,BB,Online TA,TA/TO,0,0,0,A,Transient,0,1,0,8,2.0,48.565,0,Low,4,🏙️ Viajero Estándar,0,777.04,0
City Hotel,256,2016,June,15,Female,HB,Offline TA/TO,TA/TO,0,0,0,A,Transient-Party,1,1,0,2,2.0,57.5,0,Low,4,🏙️ Viajero Estándar,3,230.0,1
Resort Hotel,17,2016,July,3,Female,HB,Direct,Direct,0,0,0,A,Transient,1,0,0,4,3.0,62.91666666666666,1,Low,3,👨‍👩‍👧 Turista Familiar,1,754.9999999999999,2
Resort Hotel,0,2015,September,10,Female,BB,Online TA,TA/TO,0,0,0,A,Transient,2,1,0,1,2.0,65.5,0,Low,4,🏙️ Viajero Estándar,0,131.0,2
Resort Hotel,168,2016,March,30,Female,BB,Groups,Corporate,0,0,1,A,Transient-Party,0,0,1,6,2.0,0.0,0,Low,1,⚡ Reserva de Última Hora,4,0.0,0
City Hotel,165,2017,July,12,Female,SC,Online TA,TA/TO,0,0,0,A,Transient,1,1,0,1,2.0,44.55,0,Low,4,🏙️ Viajero Estándar,2,89.1,1
Resort Hotel,34,2016,November,18,Female,HB,Online TA,TA/TO,0,0,0,E,Transient,1,1,0,2,2.0,32.26,0,Low,4,🏙️ Viajero Estándar,0,129.04,1
City Hotel,18,2016,September,22,Male,BB,Online TA,TA/TO,0,0,0,A,Transient,1,1,0,4,2.0,75.25,0,Medium,4,🏙️ Viajero Estándar,1,602.0,1
City Hotel,62,2017,June,5,Female,SC,Online TA,TA/TO,0,0,0,A,Transient,2,1,0,2,2.0,63.0,0,Low,4,🏙️ Viajero Estándar,0,252.0,2
Resort Hotel,99,2017,June,2,Female,BB,Direct,Direct,0,0,0,F,Transient,0,1,0,7,2.0,77.5,0,Low,4,🏙️ Viajero Estándar,0,1085.0,0
City Hotel,277,2016,November,13,Female,BB,Online TA,TA/TO,0,0,0,A,Transient,4,1,0,3,2.0,30.145,0,Low,4,🏙️ Viajero Estándar,2,180.87,4
Resort Hotel,147,2015,July,7,Female,BB,Direct,Direct,0,0,0,A,Transient,0,1,0,2,2.0,29.475,0,Low,4,🏙️ Viajero Estándar,2,117.9,0
City Hotel,44,2015,August,22,Female,HB,Groups,TA/TO,0,0,0,A,Transient-Party,0,1,0,3,2.0,43.0,0,High,4,🏙️ Viajero Estándar,3,258.0,0
City Hotel,94,2017,May,7,Male,BB,Online TA,TA/TO,0,0,0,D,Transient,0,1,0,5,2.0,67.5,0,Medium,4,🏙️ Viajero Estándar,1,675.0,0
City Hotel,398,2016,August,11,Female,BB,Groups,TA/TO,0,0,0,A,Transient,0,1,0,2,2.0,31.0,0,High,4,🏙️ Viajero Estándar,6,124.0,0
City Hotel,54,2016,October,10,Male,BB,Online TA,TA/TO,0,0,0,A,Transient,0,1,0,3,2.0,59.4,0,Low,4,🏙️ Viajero Estándar,0,356.4,0
Resort Hotel,1,2016,January,14,Female,BB,Corporate,Corporate,1,0,1,E,Transient,0,0,1,1,1.0,0.0,0,High,5,🏙️ Viajero Estándar,1,0.0,0
City Hotel,297,2016,May,14,Male,BB,Groups,TA/TO,0,0,0,A,Transient-Party,0,1,0,2,2.0,32.5,0,Low,4,🏙️ Viajero Estándar,4,130.0,0
Resort Hotel,0,2017,April,11,Female,BB,Direct,Direct,0,0,0,E,Transient,1,0,0,3,2.0,70.665,0,Low,1,⚡ Reserva de Última Hora,1,423.99,1
City Hotel,18,2017,February,11,Female,BB,Online TA,TA/TO,0,0,0,F,Transient,0,1,0,4,4.0,49.5,1,Low,3,👨‍👩‍👧 Turista Familiar,0,792.0,1
City Hotel,17,2017,February,19,Female,HB,Online TA,TA/TO,0,0,0,A,Transient,0,1,0,5,3.0,39.553333333333335,0,Medium,4,🏙️ Viajero Estándar,1,593.3,0
City Hotel,283,2017,August,11,Female,BB,Online TA,TA/TO,0,0,0,D,Transient,0,1,0,3,3.0,52.2,0,Low,4,🏙️ Viajero Estándar,3,469.80000000000007,0
City Hotel,59,2016,July,24,Male,BB,Online TA,TA/TO,0,0,0,A,Transient,1,1,0,6,3.0,30.17,1,High,3,👨‍👩‍👧 Turista Familiar,2,543.0600000000001,2
City Hotel,188,2016,September,26,Female,BB,Offline TA/TO,TA/TO,0,0,0,A,Transient,0,1,0,4,2.0,40.375,0,Low,4,🏙️ Viajero Estándar,2,323.0,0
City Hotel,6,2016,September,26,Female,BB,Corporate,Corporate,0,0,0,A,Transient,0,0,1,1,1.0,67.0,0,High,1,⚡ Reserva de Última Hora,3,67.0,0
City Hotel,41,2017,January,8,Female,BB,Online TA,TA/TO,0,0,0,D,Transient,0,1,0,14,1.0,96.9,0,Low,4,🏙️ Viajero Estándar,0,1356.6000000000001,0
City Hotel,137,2017,March,6,Male,BB,Groups,TA/TO,0,0,0,A,Transient-Party,1,1,0,2,2.0,40.0,0,Low,4,🏙️ Viajero Estándar,3,160.0,1
City Hotel,104,2015,October,6,Female,HB,Offline TA/TO,TA/TO,0,0,0,A,Transient-Party,1,1,0,2,2.0,57.0,0,High,4,🏙️ Viajero Estándar,2,228.0,1
Resort Hotel,292,2016,November,3,Male,BB,Groups,TA/TO,0,0,0,A,Transient-Party,0,1,0,1,2.0,19.0,0,High,4,🏙️ Viajero Estándar,6,38.0,0
Resort Hotel,211,2016,May,14,Female,HB,Groups,TA/TO,0,0,0,A,Transient-Party,0,1,0,2,2.0,42.5,0,High,4,🏙️ Viajero Estándar,6,170.0,0
City Hotel,1,2016,October,7,Male,BB,Corporate,Corporate,0,0,0,A,Transient-Party,1,1,0,2,2.0,45.0,0,Low,4,🏙️ Viajero Estándar,0,180.0,1
Resort Hotel,13,2016,June,20,Male,BB,Online TA,TA/TO,1,0,0,A,Group,1,1,0,1,2.0,49.5,0,Medium,5,🏙️ Viajero Estándar,0,99.0,1
City Hotel,158,2017,March,27,Male,BB,Groups,TA/TO,0,0,0,A,Transient-Party,1,1,0,2,2.0,47.5,0,Low,4,🏙️ Viajero Estándar,3,190.0,1
City Hotel,100,2015,October,31,Female,BB,Groups,TA/TO,0,0,0,A,Transient-Party,0,1,0,2,2.0,31.0,0,High,4,🏙️ Viajero Estándar,3,124.0,0
City Hotel,135,2017,June,30,Female,BB,Groups,TA/TO,0,0,0,A,Transient,0,1,0,1,1.0,120.0,0,High,4,🏙️ Viajero Estándar,5,120.0,0
City Hotel,142,2015,August,13,Male,BB,Online TA,TA/TO,0,0,0,A,Transient-Party,1,1,0,7,2.0,38.25,0,Low,4,🏙️ Viajero Estándar,2,535.5,1
Resort Hotel,238,2017,June,25,Male,BB,Online TA,TA/TO,0,0,0,A,Transient,1,1,0,5,2.0,49.5,0,Low,4,🏙️ Viajero Estándar,3,495.0,1
City Hotel,311,2015,August,24,Female,BB,Groups,TA/TO,0,1,0,A,Transient-Party,0,1,0,2,2.0,31.0,0,High,0,🗓️ Planificador Anticipado,9,124.0,0
Resort Hotel,66,2017,August,16,Male,BB,Online TA,TA/TO,0,0,0,A,Transient,2,1,0,4,1.0,230.0,0,High,4,🏙️ Viajero Estándar,1,920.0,2
City Hotel,1,2015,November,17,Male,BB,Online TA,TA/TO,0,0,0,A,Contract,0,1,0,1,1.0,91.0,0,Low,0,🗓️ Planificador Anticipado,0,91.0,0
City Hotel,282,2015,October,10,Female,BB,Offline TA/TO,TA/TO,0,0,0,A,Transient-Party,0,1,0,3,2.0,38.335,0,Low,4,🏙️ Viajero Estándar,3,230.01,0
City Hotel,122,2016,June,30,Male,BB,Offline TA/TO,TA/TO,0,0,0,D,Transient,2,1,0,3,2.0,48.5,0,Low,4,🏙️ Viajero Estándar,1,291.0,2
City Hotel,105,2016,July,24,Female,BB,Online TA,TA/TO,0,0,0,A,Transient,2,1,0,6,3.0,5.0,1,Medium,3,👨‍👩‍👧 Turista Familiar,0,90.0,3
City Hotel,40,2015,December,5,Female,BB,Online TA,TA/TO,0,0,0,A,Transient,0,1,0,2,2.0,57.6,0,Low,4,🏙️ Viajero Estándar,0,230.4,0
City Hotel,43,2016,May,24,Female,BB,Online TA,TA/TO,0,0,0,A,Transient,1,1,0,2,2.0,63.45,0,Low,4,🏙️ Viajero Estándar,0,253.8,1
City Hotel,49,2016,June,17,Female,SC,Offline TA/TO,TA/TO,0,0,0,A,Transient,2,1,0,5,2.0,36.125,0,Low,4,🏙️ Viajero Estándar,0,361.25,2
Resort Hotel,0,2016,July,17,Female,BB,Direct,Direct,0,0,0,A,Transient,0,0,0,1,2.0,57.5,0,Low,1,⚡ Reserva de Última Hora,1,115.0,0
City Hotel,113,2017,August,10,Male,SC,Direct,Direct,0,0,0,A,Transient,0,1,0,5,2.0,62.5,0,Low,4,🏙️ Viajero Estándar,0,625.0,0
City Hotel,103,2015,July,18,Female,HB,Offline TA/TO,TA/TO,0,0,0,A,Transient-Party,0,1,0,3,2.0,47.25,0,High,4,🏙️ Viajero Estándar,2,283.5,0
City Hotel,0,2016,September,19,Female,BB,Direct,Direct,0,0,0,A,Transient,0,0,0,2,2.0,80.0,0,High,1,⚡ Reserva de Última Hora,3,320.0,0
Resort Hotel,289,2015,November,20,Female,FB,Groups,TA/TO,0,1,0,A,Transient-Party,0,1,0,3,2.0,34.5,0,High,0,🗓️ Planificador Anticipado,9,207.0,0
Resort Hotel,337,2016,October,9,Male,HB,Groups,Direct,0,0,0,D,Transient-Party,0,1,0,7,2.0,33.14,0,Low,4,🏙️ Viajero Estándar,4,463.96000000000004,0
City Hotel,6,2015,September,3,Female,BB,Direct,Direct,0,0,0,F,Transient,1,1,0,1,4.0,32.9375,1,High,3,👨‍👩‍👧 Turista Familiar,2,131.75,2
Resort Hotel,102,2017,March,26,Male,BB,Groups,Corporate,0,0,0,A,Transient,0,1,0,3,1.0,39.33,0,High,4,🏙️ Viajero Estándar,3,117.99,0
Resort Hotel,260,2017,May,11,Female,BB,Offline TA/TO,TA/TO,0,0,0,A,Contract,0,1,0,7,2.0,20.475,0,Low,0,🗓️ Planificador Anticipado,3,286.65000000000003,0
City Hotel,131,2015,August,15,Female,HB,Offline TA/TO,TA/TO,0,0,0,A,Transient-Party,0,1,0,3,2.0,47.25,0,Medium,4,🏙️ Viajero Estándar,3,283.5,0
City Hotel,289,2017,March,2,Female,BB,Online TA,TA/TO,0,0,0,A,Transient,0,1,0,3,2.0,40.95,0,Low,4,🏙️ Viajero Estándar,3,245.70000000000002,0
Resort Hotel,9,2016,November,25,Male,BB,Online TA,TA/TO,0,0,0,A,Transient,1,1,0,2,2.0,24.0,0,Low,4,🏙️ Viajero Estándar,0,96.0,1
City Hotel,206,2016,August,5,Female,BB,Online TA,TA/TO,0,0,0,F,Transient,1,1,0,1,4.0,42.075,1,Low,3,👨‍👩‍👧 Turista Familiar,3,168.3,2
City Hotel,1,2015,August,8,Female,BB,Direct,Direct,0,0,0,A,Transient,0,1,0,2,2.0,37.5,0,High,4,🏙️ Viajero Estándar,2,150.0,0
City Hotel,43,2017,January,22,Male,BB,Online TA,TA/TO,0,0,0,A,Transient,2,1,0,6,3.0,32.13,1,Low,3,👨‍👩‍👧 Turista Familiar,0,578.3400000000001,3
Resort Hotel,103,2017,March,27,Male,BB,Groups,Corporate,0,0,0,D,Transient,0,1,0,2,2.0,32.5,0,High,4,🏙️ Viajero Estándar,3,130.0,0
Resort Hotel,23,2015,December,11,Male,BB,Online TA,TA/TO,0,0,0,A,Transient,2,1,0,1,2.0,24.0,0,Low,4,🏙️ Viajero Estándar,0,48.0,2
City Hotel,179,2017,July,9,Male,BB,Direct,Direct,0,0,0,A,Transient,1,1,0,4,2.0,44.55,0,Low,4,🏙️ Viajero Estándar,2,356.4,1
City Hotel,15,2015,August,23,Female,BB,Online TA,TA/TO,0,0,0,A,Transient,0,1,0,1,2.0,49.5,0,High,4,🏙️ Viajero Estándar,2,99.0,0
City Hotel,68,2016,April,21,Female,BB,Online TA,TA/TO,0,0,0,D,Transient,1,1,0,3,1.0,112.2,0,Low,4,🏙️ Viajero Estándar,0,336.6,1
Resort Hotel,32,2016,November,8,Male,BB,Online TA,TA/TO,0,0,0,A,Transient,2,1,0,6,2.0,18.9,0,High,4,🏙️ Viajero Estándar,1,226.79999999999998,2
Resort Hotel,96,2017,April,29,Female,BB,Direct,Direct,0,0,0,A,Transient,0,1,0,2,2.0,38.25,0,High,4,🏙️ Viajero Estándar,2,153.0,0
City Hotel,20,2016,February,24,Male,BB,Online TA,TA/TO,0,0,0,A,Transient,2,1,0,2,2.0,33.61,0,Low,4,🏙️ Viajero Estándar,0,134.44,2
City Hotel,161,2016,March,25,Male,HB,Offline TA/TO,TA/TO,0,0,0,A,Transient,0,1,0,3,2.0,65.0,0,High,4,🏙️ Viajero Estándar,4,390.0,0
City Hotel,147,2017,July,16,Female,BB,Online TA,TA/TO,0,0,0,A,Transient,0,1,0,3,2.0,53.55,0,Low,4,🏙️ Viajero Estándar,2,321.29999999999995,0
Resort Hotel,107,2017,May,17,Male,HB,Online TA,TA/TO,0,0,0,E,Transient,0,1,0,7,2.0,73.5,0,Low,4,🏙️ Viajero Estándar,0,1029.0,0
Resort Hotel,308,2016,July,4,Female,HB,Online TA,TA/TO,0,0,0,A,Transient,0,0,0,7,2.0,54.0,0,High,1,⚡ Reserva de Última Hora,6,756.0,0
Resort Hotel,103,2016,December,27,Female,BB,Direct,Direct,0,0,0,F,Transient,0,1,0,2,2.0,31.0,0,High,4,🏙️ Viajero Estándar,2,124.0,0
City Hotel,1,2017,August,2,Female,BB,Corporate,Corporate,1,0,5,D,Transient,2,0,1,1,1.0,95.0,0,High,5,🏙️ Viajero Estándar,0,95.0,2
Resort Hotel,1,2016,March,4,Male,BB,Online TA,TA/TO,0,0,0,A,Transient,1,1,0,1,2.0,24.0,0,High,4,🏙️ Viajero Estándar,2,48.0,1
Resort Hotel,113,2015,October,2,Male,BB,Online TA,TA/TO,0,0,0,E,Transient,0,1,0,2,2.0,39.0,0,Low,4,🏙️ Viajero Estándar,0,156.0,0
City Hotel,89,2016,January,10,Female,BB,Online TA,TA/TO,0,1,0,D,Transient,2,1,0,4,3.0,32.98,0,High,0,🗓️ Planificador Anticipado,4,395.76,2
City Hotel,17,2016,November,28,Female,BB,Direct,Direct,1,0,4,D,Transient,2,0,1,2,1.0,94.0,0,Low,5,🏙️ Viajero Estándar,0,188.0,2
Resort Hotel,6,2017,March,1,Female,BB,Groups,Corporate,0,0,0,A,Transient-Party,0,0,1,5,1.0,29.0,0,Low,1,⚡ Reserva de Última Hora,2,145.0,0
City Hotel,93,2017,April,6,Female,BB,Offline TA/TO,TA/TO,0,0,0,A,Transient,0,1,0,3,1.0,85.0,0,High,4,🏙️ Viajero Estándar,2,255.0,0
City Hotel,89,2016,November,16,Male,SC,Online TA,TA/TO,0,0,0,A,Transient,0,1,0,4,2.0,28.8,0,High,4,🏙️ Viajero Estándar,2,230.4,0
City Hotel,322,2016,December,9,Female,BB,Offline TA/TO,TA/TO,0,0,0,A,Transient,0,1,0,2,2.0,26.0,0,High,4,🏙️ Viajero Estándar,5,104.0,0
City Hotel,25,2016,May,10,Male,SC,Online TA,TA/TO,0,0,0,A,Transient,0,1,0,3,1.0,129.0,0,Low,4,🏙️ Viajero Estándar,0,387.0,0
City Hotel,100,2016,October,24,Female,HB,Online TA,TA/TO,0,0,0,A,Transient,0,1,0,4,3.0,44.02666666666667,1,Low,3,👨‍👩‍👧 Turista Familiar,0,528.32,1
City Hotel,59,2017,April,6,Female,BB,Online TA,TA/TO,0,0,0,A,Transient,2,1,0,3,2.0,58.5,0,Low,4,🏙️ Viajero Estándar,0,351.0,2
City Hotel,72,2017,January,19,Female,BB,Online TA,TA/TO,0,0,0,D,Transient,1,1,0,3,2.0,51.3,0,Medium,4,🏙️ Viajero Estándar,1,307.79999999999995,1
City Hotel,112,2016,June,2,Female,BB,Offline TA/TO,TA/TO,0,0,0,A,Transient-Party,0,1,0,2,2.0,50.0,0,Low,4,🏙️ Viajero Estándar,0,200.0,0
City Hotel,224,2017,June,6,Male,BB,Online TA,TA/TO,0,0,0,D,Transient,2,1,0,4,2.0,78.75,0,Low,4,🏙️ Viajero Estándar,2,630.0,2
City Hotel,137,2016,July,28,Male,BB,Online TA,TA/TO,0,0,0,D,Transient,0,1,0,4,1.0,134.3,0,Medium,4,🏙️ Viajero Estándar,3,537.2,0
Resort Hotel,137,2016,September,4,Female,BB,Direct,Direct,0,0,2,E,Transient,3,0,0,5,2.0,85.5,0,High,2,💼 Viajero Premium,4,855.0,3
Resort Hotel,210,2017,May,4,Male,HB,Offline TA/TO,TA/TO,0,0,0,A,Transient,1,1,0,7,2.0,34.2,0,High,4,🏙️ Viajero Estándar,5,478.80000000000007,1
City Hotel,1,2015,December,27,Female,SC,Online TA,TA/TO,0,0,0,A,Transient,0,1,0,2,2.0,34.0,0,High,4,🏙️ Viajero Estándar,2,136.0,0
City Hotel,5,2016,July,8,Male,SC,Online TA,TA/TO,0,0,0,A,Transient,2,1,0,1,2.0,69.5,0,Low,4,🏙️ Viajero Estándar,0,139.0,2
City Hotel,2,2016,October,13,Female,BB,Offline TA/TO,TA/TO,0,0,0,A,Transient-Party,0,1,0,1,1.0,109.65,0,High,4,🏙️ Viajero Estándar,2,109.65,0
City Hotel,136,2017,July,30,Female,SC,Online TA,TA/TO,0,0,0,A,Transient,0,1,0,2,2.0,59.375,0,Low,4,🏙️ Viajero Estándar,2,237.5,0
City Hotel,73,2016,July,6,Female,BB,Online TA,TA/TO,0,0,0,A,Transient,1,1,0,3,2.0,45.39,0,Low,4,🏙️ Viajero Estándar,0,272.34000000000003,1
City Hotel,180,2016,November,13,Male,SC,Online TA,TA/TO,0,0,0,A,Transient,2,1,0,1,2.0,27.375,0,Low,4,🏙️ Viajero Estándar,1,54.75,2
City Hotel,270,2016,April,20,Female,BB,Offline TA/TO,TA/TO,0,0,0,A,Transient-Party,0,1,0,4,2.0,31.4,0,High,4,🏙️ Viajero Estándar,5,251.2,0
City Hotel,420,2017,May,20,Female,BB,Groups,TA/TO,0,0,0,A,Transient,0,1,0,3,2.0,45.0,0,High,4,🏙️ Viajero Estándar,6,270.0,0
City Hotel,122,2017,July,8,Female,BB,Online TA,TA/TO,0,0,0,A,Transient-Party,1,1,0,1,2.0,63.0,0,High,4,🏙️ Viajero Estándar,4,126.0,1
City Hotel,221,2016,September,29,Female,BB,Online TA,TA/TO,0,0,0,A,Transient-Party,2,1,0,3,1.0,115.5,0,Low,4,🏙️ Viajero Estándar,2,346.5,2
City Hotel,98,2015,November,23,Female,BB,Groups,TA/TO,0,0,0,A,Transient-Party,0,1,0,4,1.0,70.0,0,Low,4,🏙️ Viajero Estándar,1,280.0,0
City Hotel,122,2017,April,14,Male,BB,Online TA,TA/TO,0,0,0,A,Transient,2,1,0,7,2.0,59.785,0,Low,4,🏙️ Viajero Estándar,1,836.99,2
Resort Hotel,112,2016,February,12,Female,Undefined,Groups,TA/TO,0,0,0,A,Transient-Party,0,1,0,2,2.0,35.0,0,Low,0,🗓️ Planificador Anticipado,1,140.0,0
City Hotel,66,2016,May,14,Female,BB,Offline TA/TO,TA/TO,0,0,0,E,Transient,1,1,0,4,3.0,49.18666666666667,0,Low,4,🏙️ Viajero Estándar,0,590.24,1
City Hotel,16,2016,October,29,Female,SC,Online TA,TA/TO,0,0,0,A,Transient,4,1,0,5,2.0,53.0,0,Medium,4,🏙️ Viajero Estándar,0,530.0,4
City Hotel,51,2015,October,12,Female,BB,Online TA,TA/TO,0,0,0,A,Group,0,1,0,4,2.0,34.555,0,Low,0,🗓️ Planificador Anticipado,0,276.44,0
City Hotel,65,2015,November,18,Female,BB,Online TA,TA/TO,0,0,0,D,Contract,2,1,0,1,1.0,81.9,0,High,0,🗓️ Planificador Anticipado,1,81.9,2
City Hotel,504,2017,August,12,Female,BB,Offline TA/TO,TA/TO,0,0,0,A,Transient-Party,0,1,0,3,2.0,45.0,0,High,4,🏙️ Viajero Estándar,5,270.0,0
City Hotel,1,2016,May,8,Female,SC,Online TA,TA/TO,0,0,0,A,Transient,0,1,0,1,2.0,28.235,0,High,4,🏙️ Viajero Estándar,2,56.47,0
Resort Hotel,71,2016,April,2,Female,FB,Offline TA/TO,TA/TO,0,0,0,D,Transient,0,1,0,7,2.0,44.625,0,Low,4,🏙️ Viajero Estándar,0,624.75,0
Resort Hotel,294,2016,June,21,Female,BB,Online TA,TA/TO,0,0,0,A,Transient,1,1,0,5,2.0,32.4,0,Low,4,🏙️ Viajero Estándar,3,324.0,1
City Hotel,330,2015,September,12,Male,BB,Groups,TA/TO,0,1,0,A,Transient-Party,0,1,0,3,2.0,31.4,0,High,0,🗓️ Planificador Anticipado,9,188.39999999999998,0
City Hotel,55,2015,October,9,Male,BB,Online TA,TA/TO,0,0,0,A,Transient,1,1,0,2,2.0,47.25,0,High,4,🏙️ Viajero Estándar,2,189.0,1
City Hotel,291,2016,December,24,Male,BB,Online TA,TA/TO,0,0,0,F,Transient,0,1,0,8,4.0,36.55,1,Low,3,👨‍👩‍👧 Turista Familiar,3,1169.6,1
City Hotel,33,2017,January,6,Female,BB,Online TA,TA/TO,0,0,0,A,Transient,1,1,0,4,2.0,37.4,0,Medium,4,🏙️ Viajero Estándar,1,299.2,1
City Hotel,27,2017,January,1,Male,SC,Online TA,TA/TO,0,0,0,A,Transient,3,1,0,5,2.0,40.12,0,Low,4,🏙️ Viajero Estándar,0,401.2,3
Resort Hotel,3,2016,October,8,Female,BB,Online TA,TA/TO,0,0,0,D,Transient-Party,0,1,0,1,2.0,40.0,0,High,4,🏙️ Viajero Estándar,2,80.0,0
City Hotel,34,2016,October,2,Male,SC,Online TA,TA/TO,0,0,0,A,Transient,2,1,0,3,2.0,54.0,0,Low,4,🏙️ Viajero Estándar,0,324.0,2
City Hotel,386,2016,July,28,Female,BB,Groups,TA/TO,0,0,0,A,Transient,0,1,0,2,2.0,31.0,0,High,4,🏙️ Viajero Estándar,6,124.0,0
Resort Hotel,0,2016,January,13,Male,BB,Direct,Direct,0,0,0,D,Transient,0,0,0,1,1.0,38.0,0,Low,1,⚡ Reserva de Última Hora,1,38.0,0
City Hotel,19,2016,May,2,Female,BB,Online TA,TA/TO,0,0,0,A,Transient-Party,0,1,0,3,2.0,65.0,0,Low,4,🏙️ Viajero Estándar,0,390.0,0
City Hotel,44,2017,July,10,Female,BB,Offline TA/TO,TA/TO,0,0,0,A,Transient,2,1,0,2,2.0,40.05,0,Low,4,🏙️ Viajero Estándar,0,160.2,2
City Hotel,21,2016,November,11,Female,HB,Online TA,TA/TO,0,0,0,D,Transient,2,1,0,3,2.0,81.335,0,Low,4,🏙️ Viajero Estándar,0,488.01,2
Resort Hotel,31,2017,April,23,Female,HB,Groups,TA/TO,0,0,0,A,Transient-Party,0,1,0,6,2.0,46.5,0,Low,4,🏙️ Viajero Estándar,1,558.0,0
City Hotel,92,2017,June,5,Female,BB,Direct,Direct,0,0,0,A,Transient,1,1,0,7,3.0,48.66666666666666,1,Low,3,👨‍👩‍👧 Turista Familiar,0,1021.9999999999998,2
City Hotel,11,2016,July,24,Female,BB,Online TA,TA/TO,0,0,0,A,Transient,1,1,0,4,2.0,55.23,0,High,4,🏙️ Viajero Estándar,2,441.84,1
Resort Hotel,0,2017,March,24,Female,HB,Corporate,Corporate,0,0,0,A,Transient,0,0,1,1,1.0,81.0,0,Low,1,⚡ Reserva de Última Hora,1,81.0,0
Resort Hotel,4,2016,November,14,Female,BB,Online TA,TA/TO,0,0,0,A,Transient,2,1,0,1,1.0,43.0,0,High,4,🏙️ Viajero Estándar,1,43.0,2
Resort Hotel,1,2017,April,12,Female,BB,Direct,Direct,0,0,0,D,Transient,0,1,0,5,2.0,68.5,0,Low,4,🏙️ Viajero Estándar,0,685.0,0
City Hotel,140,2015,November,18,Female,BB,Groups,TA/TO,0,0,0,A,Transient-Party,0,1,0,3,1.0,65.0,0,High,4,🏙️ Viajero Estándar,5,195.0,0
Resort Hotel,35,2017,April,2,Male,BB,Online TA,TA/TO,0,0,0,A,Transient,2,1,0,4,2.0,35.0,0,Low,4,🏙️ Viajero Estándar,0,280.0,2
City Hotel,304,2015,August,17,Male,BB,Groups,TA/TO,0,1,0,A,Transient-Party,0,1,0,2,2.0,31.0,0,High,0,🗓️ Planificador Anticipado,9,124.0,0
Resort Hotel,225,2016,May,26,Female,BB,Groups,Direct,0,0,0,A,Transient-Party,0,0,1,4,1.0,60.0,0,Low,1,⚡ Reserva de Última Hora,5,240.0,0
City Hotel,28,2017,February,12,Female,SC,Online TA,TA/TO,0,0,0,A,Transient,0,1,0,4,2.0,37.4,0,Low,4,🏙️ Viajero Estándar,0,299.2,0
City Hotel,3,2016,April,21,Female,BB,Online TA,TA/TO,0,0,0,A,Transient,0,1,0,1,2.0,55.0,0,High,4,🏙️ Viajero Estándar,2,110.0,0
City Hotel,146,2017,June,5,Female,BB,Online TA,TA/TO,0,0,0,D,Transient,2,1,0,5,2.0,78.75,0,Low,4,🏙️ Viajero Estándar,1,787.5,2
City Hotel,123,2016,April,29,Female,BB,Online TA,TA/TO,0,0,0,A,Transient,0,1,0,3,1.0,93.9,0,Low,4,🏙️ Viajero Estándar,2,281.70000000000005,0
Resort Hotel,178,2016,August,27,Female,HB,Online TA,TA/TO,0,0,0,A,Transient,0,1,0,6,3.0,69.83333333333333,1,High,3,👨‍👩‍👧 Turista Familiar,4,1257.0,1
City Hotel,58,2016,December,24,Female,SC,Online TA,TA/TO,0,0,0,A,Transient,1,1,0,1,1.0,54.05,0,High,4,🏙️ Viajero Estándar,2,54.05,1
City Hotel,197,2016,August,24,Female,BB,Offline TA/TO,TA/TO,0,0,0,A,Transient-Party,1,1,0,3,2.0,36.125,0,Low,4,🏙️ Viajero Estándar,2,216.75,1
City Hotel,268,2016,October,9,Male,BB,Offline TA/TO,TA/TO,0,0,0,A,Transient-Party,0,1,0,5,2.0,40.375,0,Low,4,🏙️ Viajero Estándar,3,403.75,0
Resort Hotel,180,2016,July,3,Female,BB,Direct,Direct,0,0,0,D,Transient,0,1,0,8,2.0,42.5,0,High,4,🏙️ Viajero Estándar,4,680.0,0
City Hotel,22,2016,September,16,Female,BB,Online TA,TA/TO,0,0,0,F,Transient,2,1,0,2,4.0,59.75,1,Low,3,👨‍👩‍👧 Turista Familiar,0,478.0,3
Resort Hotel,102,2016,February,8,Female,HB,Groups,TA/TO,0,0,0,A,Transient-Party,0,1,0,3,2.0,25.0,0,High,4,🏙️ Viajero Estándar,3,150.0,0
City Hotel,46,2017,June,12,Female,SC,Online TA,TA/TO,0,0,0,A,Transient,0,1,0,4,1.0,120.0,0,Low,4,🏙️ Viajero Estándar,0,480.0,0
Resort Hotel,11,2016,December,3,Female,HB,Offline TA/TO,TA/TO,0,0,0,F,Transient-Party,1,1,0,4,2.0,46.5,0,Low,4,🏙️ Viajero Estándar,0,372.0,1
City Hotel,32,2016,December,27,Female,BB,Offline TA/TO,TA/TO,0,0,0,A,Transient-Party,0,1,0,6,1.0,63.33,0,Medium,4,🏙️ Viajero Estándar,1,379.98,0
City Hotel,33,2017,February,10,Male,BB,Online TA,TA/TO,0,0,0,A,Transient,1,1,0,3,3.0,39.333333333333336,1,Low,3,👨‍👩‍👧 Turista Familiar,0,354.0,2
City Hotel,6,2016,April,3,Male,SC,Offline TA/TO,TA/TO,0,0,0,A,Transient,0,1,0,4,2.0,42.5,0,Low,4,🏙️ Viajero Estándar,0,340.0,0
City Hotel,109,2016,February,21,Female,BB,Offline TA/TO,TA/TO,0,1,0,A,Transient,0,1,0,3,2.0,37.5,0,High,0,🗓️ Planificador Anticipado,5,225.0,0
City Hotel,231,2017,February,1,Female,BB,Online TA,TA/TO,0,0,0,A,Transient,0,1,0,6,3.0,33.43333333333333,1,Low,3,👨‍👩‍👧 Turista Familiar,3,601.8,1
City Hotel,57,2016,November,18,Female,BB,Online TA,TA/TO,0,0,0,A,Transient,1,1,0,3,1.0,86.4,0,Low,4,🏙️ Viajero Estándar,0,259.20000000000005,1
Resort Hotel,155,2015,October,31,Female,BB,Groups,Direct,0,0,0,A,Transient-Party,0,0,0,1,2.0,18.0,0,High,1,⚡ Reserva de Última Hora,6,36.0,0
Resort Hotel,0,2017,January,9,Female,BB,Online TA,TA/TO,1,0,2,G,Transient,2,1,0,1,4.0,23.75,1,High,5,🏙️ Viajero Estándar,0,95.0,3
City Hotel,35,2016,March,22,Female,BB,Online TA,TA/TO,0,0,0,D,Transient,1,1,0,4,3.0,46.126666666666665,0,Low,4,🏙️ Viajero Estándar,0,553.52,1
City Hotel,164,2017,April,24,Male,BB,Direct,Direct,0,0,0,A,Transient,0,1,0,3,2.0,49.5,0,Low,4,🏙️ Viajero Estándar,2,297.0,0
Resort Hotel,3,2017,August,21,Female,BB,Online TA,TA/TO,0,0,0,C,Transient,1,1,0,2,4.0,57.25,1,Low,3,👨‍👩‍👧 Turista Familiar,0,458.0,2
City Hotel,521,2017,August,29,Male,BB,Offline TA/TO,TA/TO,0,0,0,A,Transient,0,1,0,1,2.0,45.0,0,High,4,🏙️ Viajero Estándar,5,90.0,0
City Hotel,42,2015,November,2,Female,BB,Offline TA/TO,TA/TO,0,0,0,D,Transient,0,1,0,5,2.0,30.0,0,Low,4,🏙️ Viajero Estándar,0,300.0,0
City Hotel,260,2015,July,4,Male,BB,Groups,TA/TO,0,1,0,A,Transient-Party,0,1,0,4,2.0,31.0,0,High,0,🗓️ Planificador Anticipado,9,248.0,0
City Hotel,301,2016,November,18,Female,BB,Offline TA/TO,TA/TO,0,0,0,A,Transient,0,1,0,2,2.0,26.0,0,High,4,🏙️ Viajero Estándar,5,104.0,0
Resort Hotel,31,2016,February,18,Male,BB,Online TA,TA/TO,0,0,0,D,Transient,1,1,0,3,2.0,28.0,0,Low,4,🏙️ Viajero Estándar,0,168.0,1
City Hotel,158,2016,September,16,Male,BB,Online TA,TA/TO,0,0,0,A,Transient,1,1,0,1,2.0,63.45,0,Low,4,🏙️ Viajero Estándar,2,126.9,1
Resort Hotel,178,2017,July,26,Female,BB,Direct,Direct,0,0,0,E,Transient,2,1,0,7,3.0,59.4,1,Low,3,👨‍👩‍👧 Turista Familiar,1,1247.3999999999999,3
City Hotel,92,2016,April,25,Male,BB,Online TA,TA/TO,0,0,0,A,Transient,0,1,0,4,2.0,45.475,0,Medium,4,🏙️ Viajero Estándar,1,363.8,0
Resort Hotel,7,2017,March,2,Male,BB,Groups,Corporate,0,0,0,D,Transient-Party,0,0,1,4,2.0,23.5,0,Low,1,⚡ Reserva de Última Hora,2,188.0,0
Resort Hotel,9,2017,May,19,Female,BB,Online TA,TA/TO,0,0,0,A,Transient,1,1,0,2,1.0,95.5,0,Low,4,🏙️ Viajero Estándar,0,191.0,1
City Hotel,23,2017,March,12,Female,BB,Corporate,Corporate,1,0,1,A,Transient,1,0,1,1,2.0,42.5,0,Low,5,🏙️ Viajero Estándar,0,85.0,1
City Hotel,337,2015,September,19,Male,BB,Groups,TA/TO,0,1,0,A,Transient-Party,0,1,0,4,2.0,31.0,0,High,0,🗓️ Planificador Anticipado,9,248.0,0
City Hotel,12,2016,July,18,Female,BB,Online TA,TA/TO,0,0,0,D,Transient,1,1,0,3,2.0,74.665,0,Low,4,🏙️ Viajero Estándar,0,447.99,1
City Hotel,98,2015,November,23,Female,FB,Groups,TA/TO,0,0,0,A,Transient-Party,0,1,0,3,1.0,84.0,0,High,4,🏙️ Viajero Estándar,3,252.0,0
City Hotel,6,2016,May,10,Female,SC,Online TA,TA/TO,0,0,0,A,Transient,0,1,0,4,2.0,64.5,0,Medium,4,🏙️ Viajero Estándar,1,516.0,0
Resort Hotel,5,2016,June,19,Male,BB,Corporate,Corporate,0,0,0,A,Transient,0,0,1,2,1.0,65.0,0,High,1,⚡ Reserva de Última Hora,3,130.0,0
City Hotel,27,2017,February,4,Female,BB,Online TA,TA/TO,0,0,0,A,Transient,0,1,0,3,2.0,49.0,0,Low,4,🏙️ Viajero Estándar,0,294.0,0
City Hotel,104,2016,October,18,Female,BB,Online TA,TA/TO,0,0,0,A,Transient,1,1,0,4,2.0,45.74,0,Low,4,🏙️ Viajero Estándar,0,365.92,1
City Hotel,112,2017,May,26,Female,SC,Online TA,TA/TO,0,0,0,A,Transient,0,1,0,1,2.0,63.0,0,Low,4,🏙️ Viajero Estándar,0,126.0,0
City Hotel,14,2016,February,22,Female,BB,Offline TA/TO,TA/TO,0,0,0,A,Transient,1,1,0,4,3.0,39.333333333333336,0,Low,4,🏙️ Viajero Estándar,0,472.0,1
Resort Hotel,0,2016,April,20,Male,BB,Corporate,Corporate,1,0,1,A,Transient,0,0,1,1,1.0,58.5,0,High,5,🏙️ Viajero Estándar,1,58.5,0
City Hotel,8,2017,March,15,Male,BB,Direct,Direct,0,0,0,A,Transient,0,1,0,1,1.0,103.0,0,Low,4,🏙️ Viajero Estándar,0,103.0,0
Resort Hotel,147,2017,May,16,Female,HB,Offline TA/TO,TA/TO,0,0,0,A,Transient,0,1,0,7,2.0,35.2,0,Low,4,🏙️ Viajero Estándar,2,492.80000000000007,0
City Hotel,72,2016,March,26,Male,HB,Groups,TA/TO,0,0,0,A,Transient,0,1,0,2,2.0,48.0,0,High,4,🏙️ Viajero Estándar,3,192.0,0
City Hotel,72,2015,October,28,Female,BB,Groups,TA/TO,0,0,0,A,Transient-Party,0,1,0,3,2.0,42.835,0,High,4,🏙️ Viajero Estándar,3,257.01,0
Resort Hotel,157,2016,March,18,Female,BB,Online TA,TA/TO,0,0,0,A,Transient,2,1,0,8,2.0,20.34,0,Low,4,🏙️ Viajero Estándar,1,325.44,2
City Hotel,183,2017,March,11,Male,BB,Corporate,TA/TO,0,0,0,A,Transient-Party,0,1,0,8,1.0,80.0,0,Low,4,🏙️ Viajero Estándar,2,640.0,0
City Hotel,0,2016,February,15,Female,SC,Online TA,TA/TO,0,0,0,A,Transient,0,1,0,1,2.0,39.5,0,Low,4,🏙️ Viajero Estándar,0,79.0,0
City Hotel,32,2016,April,13,Female,BB,Online TA,TA/TO,0,0,0,D,Transient,0,1,0,3,3.0,46.9,0,Low,4,🏙️ Viajero Estándar,0,422.09999999999997,0
City Hotel,193,2016,July,28,Female,BB,Direct,Direct,0,0,0,A,Transient,1,1,0,3,3.0,32.833333333333336,1,Low,3,👨‍👩‍👧 Turista Familiar,2,295.5,2
City Hotel,189,2017,June,2,Female,BB,Groups,TA/TO,0,0,0,A,Transient,0,0,0,2,2.0,50.0,0,High,1,⚡ Reserva de Última Hora,6,200.0,0
City Hotel,213,2016,August,31,Female,BB,Online TA,TA/TO,0,0,0,D,Transient-Party,1,1,0,4,2.0,59.075,0,Low,4,🏙️ Viajero Estándar,3,472.6,1
City Hotel,4,2016,February,15,Female,BB,Complementary,Direct,1,0,1,A,Transient,1,0,1,3,1.0,0.0,0,High,5,🏙️ Viajero Estándar,1,0.0,1
Resort Hotel,11,2016,February,26,Female,BB,Online TA,TA/TO,0,0,0,A,Transient,2,1,0,3,2.0,30.0,0,High,4,🏙️ Viajero Estándar,1,180.0,2
Resort Hotel,3,2016,September,9,Female,BB,Direct,Direct,0,0,0,D,Transient,0,1,0,1,2.0,79.8,0,High,4,🏙️ Viajero Estándar,2,159.6,0
City Hotel,155,2017,August,20,Female,HB,Online TA,TA/TO,0,0,0,A,Transient,1,1,0,5,2.0,70.5,0,Low,4,🏙️ Viajero Estándar,2,705.0,1
City Hotel,164,2017,July,19,Female,SC,Online TA,TA/TO,0,0,0,A,Transient,0,1,0,1,2.0,44.55,0,Low,4,🏙️ Viajero Estándar,2,89.1,0
Resort Hotel,0,2017,January,25,Female,BB,Corporate,Corporate,0,0,0,A,Transient,0,0,1,1,1.0,35.0,0,High,1,⚡ Reserva de Última Hora,3,35.0,0
City Hotel,240,2016,September,10,Male,HB,Groups,TA/TO,0,0,0,A,Transient-Party,1,1,0,2,2.0,48.0,0,Medium,4,🏙️ Viajero Estándar,5,192.0,1
City Hotel,141,2016,October,6,Female,BB,Offline TA/TO,TA/TO,0,0,0,A,Transient,0,1,0,4,2.0,40.375,0,Low,4,🏙️ Viajero Estándar,2,323.0,0
City Hotel,117,2017,August,12,Female,BB,Online TA,TA/TO,0,0,0,D,Transient,1,1,0,2,2.0,77.5,0,Low,4,🏙️ Viajero Estándar,0,310.0,1
Resort Hotel,217,2017,August,16,Male,HB,Direct,Direct,0,0,0,D,Transient-Party,1,1,0,7,2.0,93.3,0,High,4,🏙️ Viajero Estándar,5,1306.2,1
City Hotel,196,2017,June,23,Male,BB,Offline TA/TO,TA/TO,0,0,0,A,Transient,0,1,0,2,2.0,62.5,0,High,4,🏙️ Viajero Estándar,4,250.0,0
City Hotel,19,2017,August,29,Male,SC,Online TA,TA/TO,0,0,0,A,Transient,2,1,0,1,1.0,140.0,0,Low,4,🏙️ Viajero Estándar,0,140.0,2
City Hotel,291,2016,August,19,Female,HB,Offline TA/TO,TA/TO,0,0,0,A,Transient,0,1,0,2,2.0,57.5,0,High,4,🏙️ Viajero Estándar,5,230.0,0
City Hotel,4,2017,May,28,Female,BB,Corporate,Corporate,1,1,14,A,Transient,1,0,1,2,1.0,65.0,0,High,5,🏙️ Viajero Estándar,4,130.0,1
City Hotel,134,2016,April,17,Female,BB,Online TA,TA/TO,0,0,0,A,Transient,1,1,0,4,2.0,40.375,0,Low,4,🏙️ Viajero Estándar,2,323.0,1
Resort Hotel,18,2015,July,31,Female,BB,Online TA,TA/TO,0,0,0,A,Transient,1,1,0,3,2.0,74.85,0,High,4,🏙️ Viajero Estándar,2,449.09999999999997,1
Resort Hotel,80,2016,April,7,Male,Undefined,Groups,TA/TO,0,0,0,A,Transient-Party,0,1,0,3,2.0,34.0,0,Low,0,🗓️ Planificador Anticipado,1,204.0,0
City Hotel,15,2017,February,17,Female,BB,Offline TA/TO,TA/TO,0,0,0,A,Transient,0,1,0,2,2.0,47.5,0,High,4,🏙️ Viajero Estándar,2,190.0,0
Resort Hotel,40,2015,November,24,Male,BB,Online TA,TA/TO,0,0,0,D,Transient,2,1,0,3,2.0,20.7,0,Low,4,🏙️ Viajero Estándar,0,124.19999999999999,2
Resort Hotel,388,2017,May,25,Female,SC,Groups,TA/TO,0,0,0,E,Transient-Party,2,1,0,4,2.0,0.0,0,Low,4,🏙️ Viajero Estándar,3,0.0,2
Resort Hotel,313,2017,May,27,Female,BB,Direct,Direct,0,0,0,E,Transient,0,1,0,7,2.0,43.455,0,Low,4,🏙️ Viajero Estándar,3,608.37,0
City Hotel,60,2017,May,7,Female,BB,Offline TA/TO,TA/TO,0,0,0,A,Transient,0,1,0,3,2.0,53.0,0,Low,4,🏙️ Viajero Estándar,0,318.0,0
Resort Hotel,118,2017,August,20,Male,BB,Online TA,TA/TO,0,0,0,E,Transient,1,1,0,3,2.0,135.0,0,Low,4,🏙️ Viajero Estándar,0,810.0,1
Resort Hotel,74,2015,October,31,Female,BB,Online TA,TA/TO,0,0,0,A,Transient,2,1,0,2,2.0,23.0,0,High,4,🏙️ Viajero Estándar,1,92.0,2
City Hotel,8,2016,November,5,Female,BB,Offline TA/TO,TA/TO,0,0,0,A,Transient-Party,0,1,0,1,2.0,65.0,0,Low,4,🏙️ Viajero Estándar,0,130.0,0
City Hotel,11,2016,April,29,Male,SC,Online TA,TA/TO,0,0,0,A,Transient,0,1,0,3,2.0,61.165,0,Low,4,🏙️ Viajero Estándar,0,366.99,0
Resort Hotel,30,2017,January,13,Female,BB,Online TA,TA/TO,0,0,0,D,Transient,1,1,0,2,2.0,29.0,0,Low,4,🏙️ Viajero Estándar,0,116.0,1
City Hotel,90,2016,May,7,Female,BB,Online TA,TA/TO,0,0,0,A,Transient,0,1,0,4,2.0,59.925,0,High,4,🏙️ Viajero Estándar,2,479.4,0
City Hotel,3,2016,September,2,Male,BB,Direct,Direct,0,0,0,D,Transient,1,1,0,1,2.0,70.0,0,Low,4,🏙️ Viajero Estándar,0,140.0,1
City Hotel,63,2017,February,26,Female,BB,Online TA,TA/TO,0,0,0,D,Transient,0,1,0,4,2.0,49.515,0,Low,4,🏙️ Viajero Estándar,0,396.12,0
City Hotel,166,2017,March,10,Female,BB,Online TA,TA/TO,0,0,0,A,Transient,1,1,0,4,2.0,44.2,0,Medium,4,🏙️ Viajero Estándar,3,353.6,1
City Hotel,14,2015,September,14,Female,SC,Online TA,TA/TO,0,0,0,A,Transient,1,1,0,3,3.0,33.623333333333335,0,Low,4,🏙️ Viajero Estándar,0,302.61,1
Resort Hotel,1,2017,January,5,Female,BB,Online TA,TA/TO,0,0,0,D,Transient,1,1,0,1,1.0,58.0,0,High,4,🏙️ Viajero Estándar,2,58.0,1
Resort Hotel,9,2016,May,15,Female,BB,Groups,TA/TO,0,0,0,A,Group,0,0,0,1,2.0,35.0,0,Low,1,⚡ Reserva de Última Hora,2,70.0,0
City Hotel,2,2015,October,30,Female,BB,Offline TA/TO,TA/TO,0,0,0,D,Group,2,1,0,2,2.0,36.125,0,Low,4,🏙️ Viajero Estándar,0,144.5,2
Resort Hotel,43,2016,October,29,Male,BB,Online TA,TA/TO,0,0,0,A,Transient,0,1,0,4,2.0,39.5,0,Low,4,🏙️ Viajero Estándar,0,316.0,0
City Hotel,98,2016,May,7,Male,SC,Online TA,TA/TO,0,0,0,A,Transient,0,1,0,1,2.0,58.05,0,High,4,🏙️ Viajero Estándar,2,116.1,0
City Hotel,71,2016,May,7,Female,SC,Online TA,TA/TO,0,0,0,A,Transient,1,1,0,2,2.0,58.05,0,Low,4,🏙️ Viajero Estándar,0,232.2,1
City Hotel,6,2015,August,3,Male,BB,Direct,Direct,0,0,0,B,Transient-Party,1,0,0,1,2.0,37.5,0,High,1,⚡ Reserva de Última Hora,3,75.0,1
Resort Hotel,333,2016,September,12,Female,BB,Online TA,TA/TO,0,0,0,G,Transient,1,1,0,2,2.0,65.25,0,High,4,🏙️ Viajero Estándar,5,261.0,1
City Hotel,92,2016,July,15,Male,BB,Online TA,TA/TO,0,0,0,A,Transient,1,1,0,1,1.0,99.9,0,High,4,🏙️ Viajero Estándar,2,99.9,1
City Hotel,41,2016,March,15,Female,BB,Online TA,TA/TO,0,0,0,D,Transient-Party,2,1,0,3,3.0,41.1,0,Low,4,🏙️ Viajero Estándar,0,369.90000000000003,2
City Hotel,38,2017,March,7,Female,SC,Online TA,TA/TO,0,0,0,A,Transient,1,1,0,3,2.0,44.0,0,Low,4,🏙️ Viajero Estándar,0,264.0,1
City Hotel,150,2017,June,17,Male,BB,Offline TA/TO,TA/TO,0,0,0,A,Transient,0,0,0,5,1.0,120.0,0,High,1,⚡ Reserva de Última Hora,5,600.0,0
Resort Hotel,33,2017,February,11,Female,BB,Online TA,TA/TO,0,0,0,D,Transient,0,1,0,4,2.0,29.0,0,Medium,4,🏙️ Viajero Estándar,1,232.0,0
City Hotel,8,2015,October,31,Female,BB,Direct,Direct,0,0,0,F,Transient,0,0,0,1,4.0,16.0,1,High,3,👨‍👩‍👧 Turista Familiar,3,64.0,1
Resort Hotel,11,2015,August,28,Male,BB,Offline TA/TO,TA/TO,0,0,0,A,Transient,1,1,0,3,3.0,38.04333333333333,1,High,3,👨‍👩‍👧 Turista Familiar,2,342.39,2
Resort Hotel,99,2016,April,23,Female,BB,Online TA,TA/TO,0,0,0,E,Transient,2,1,0,7,2.0,39.6,0,Low,4,🏙️ Viajero Estándar,0,554.4,2
Resort Hotel,0,2016,September,3,Female,BB,Direct,Direct,0,0,0,E,Transient,0,0,0,1,2.0,90.5,0,Low,1,⚡ Reserva de Última Hora,1,181.0,0
Resort Hotel,1,2015,August,13,Male,BB,Offline TA/TO,TA/TO,0,0,0,A,Transient,0,1,0,4,2.0,70.7,0,Low,4,🏙️ Viajero Estándar,0,565.6,0
City Hotel,52,2017,February,19,Male,SC,Online TA,TA/TO,0,0,0,A,Transient,0,1,0,5,2.0,37.4,0,Low,4,🏙️ Viajero Estándar,0,374.0,0
City Hotel,5,2017,April,17,Male,BB,Offline TA/TO,TA/TO,0,0,0,A,Transient-Party,0,1,0,2,1.0,95.0,0,High,4,🏙️ Viajero Estándar,2,190.0,0
Resort Hotel,70,2016,March,21,Female,BB,Online TA,TA/TO,0,0,0,A,Transient,1,1,0,8,2.0,19.65,0,Low,4,🏙️ Viajero Estándar,0,314.4,1
City Hotel,153,2017,July,29,Female,BB,Online TA,TA/TO,0,0,0,A,Transient-Party,0,1,0,3,3.0,49.5,1,Low,3,👨‍👩‍👧 Turista Familiar,2,445.5,1
City Hotel,16,2017,July,30,Female,BB,Online TA,TA/TO,0,0,0,D,Transient,2,1,0,1,2.0,69.0,0,Low,4,🏙️ Viajero Estándar,0,138.0,2
City Hotel,14,2015,October,15,Male,BB,Offline TA/TO,TA/TO,0,1,0,A,Transient-Party,0,1,0,1,1.0,100.0,0,High,0,🗓️ Planificador Anticipado,5,100.0,0
City Hotel,0,2017,April,10,Female,SC,Online TA,TA/TO,0,0,0,A,Transient,1,1,0,1,1.0,112.0,0,Low,4,🏙️ Viajero Estándar,0,112.0,1
City Hotel,82,2017,April,11,Female,BB,Offline TA/TO,TA/TO,0,0,0,A,Transient,0,1,0,4,2.0,42.5,0,Low,4,🏙️ Viajero Estándar,0,340.0,0
City Hotel,26,2017,May,26,Female,BB,Online TA,TA/TO,0,0,0,D,Transient,0,1,0,1,3.0,76.66666666666667,0,Low,4,🏙️ Viajero Estándar,0,230.0,0
City Hotel,31,2016,October,7,Female,BB,Online TA,TA/TO,0,0,0,D,Transient,3,1,0,1,2.0,78.75,0,Low,4,🏙️ Viajero Estándar,0,157.5,3
City Hotel,99,2017,March,11,Female,BB,Online TA,TA/TO,0,0,0,D,Transient,2,1,0,2,3.0,47.4,0,Low,4,🏙️ Viajero Estándar,0,284.4,2
City Hotel,110,2017,April,26,Female,BB,Online TA,TA/TO,0,0,0,D,Transient,0,1,0,5,2.0,79.475,0,Low,4,🏙️ Viajero Estándar,0,794.75,0
Resort Hotel,19,2016,May,16,Female,BB,Online TA,TA/TO,0,0,0,G,Transient-Party,0,1,0,3,4.0,35.25,1,Low,3,👨‍👩‍👧 Turista Familiar,0,423.0,1
City Hotel,92,2016,March,31,Male,SC,Online TA,TA/TO,0,0,0,A,Transient,1,1,0,5,2.0,38.25,0,Low,4,🏙️ Viajero Estándar,0,382.5,1
Resort Hotel,4,2017,July,2,Female,BB,Corporate,Corporate,1,0,1,A,Transient,0,0,1,1,2.0,109.0,0,High,5,🏙️ Viajero Estándar,1,218.0,0
City Hotel,6,2017,January,15,Female,SC,Online TA,TA/TO,0,0,0,A,Transient,1,1,0,10,2.0,37.03,0,Low,4,🏙️ Viajero Estándar,0,740.6,1
City Hotel,87,2017,February,13,Male,BB,Online TA,TA/TO,0,0,0,F,Transient,0,1,0,4,4.0,36.975,1,Low,3,👨‍👩‍👧 Turista Familiar,0,591.6,1
Resort Hotel,5,2015,August,8,Female,BB,Online TA,TA/TO,0,0,0,D,Transient,1,1,0,3,2.0,78.795,0,Low,4,🏙️ Viajero Estándar,0,472.77,1
City Hotel,175,2016,July,24,Female,HB,Online TA,TA/TO,0,0,0,A,Transient-Party,1,1,0,4,2.0,61.625,0,Low,4,🏙️ Viajero Estándar,2,493.0,1
City Hotel,4,2016,January,16,Male,SC,Online TA,TA/TO,0,0,0,A,Transient,0,1,0,2,2.0,33.75,0,Medium,4,🏙️ Viajero Estándar,1,135.0,0
Resort Hotel,16,2015,October,30,Male,BB,Direct,Direct,0,0,0,D,Transient,0,1,0,1,2.0,28.0,0,High,4,🏙️ Viajero Estándar,2,56.0,0
Resort Hotel,85,2015,September,19,Male,HB,Offline TA/TO,TA/TO,0,0,0,D,Transient,0,1,0,7,2.0,51.465,0,Low,4,🏙️ Viajero Estándar,0,720.51,0
City Hotel,1,2017,January,5,Female,BB,Online TA,TA/TO,0,0,0,A,Transient,0,1,0,2,2.0,29.5,0,Low,4,🏙️ Viajero Estándar,0,118.0,0
City Hotel,97,2015,December,29,Female,BB,Offline TA/TO,TA/TO,0,1,0,A,Transient,1,1,0,3,2.0,35.0,0,High,0,🗓️ Planificador Anticipado,5,210.0,1
City Hotel,55,2017,January,18,Male,BB,Groups,TA/TO,0,0,0,A,Transient,0,0,0,2,1.0,79.0,0,High,1,⚡ Reserva de Última Hora,4,158.0,0
City Hotel,30,2017,April,7,Female,SC,Online TA,TA/TO,0,0,0,A,Transient,0,1,0,2,2.0,57.5,0,Low,4,🏙️ Viajero Estándar,0,230.0,0
City Hotel,111,2017,May,3,Female,BB,Offline TA/TO,TA/TO,0,0,0,A,Transient,1,1,0,2,2.0,44.55,0,Low,4,🏙️ Viajero Estándar,0,178.2,1
City Hotel,0,2015,September,13,Female,BB,Direct,Direct,0,0,0,A,Transient,0,0,0,1,2.0,57.0,0,High,1,⚡ Reserva de Última Hora,3,114.0,0
City Hotel,14,2015,December,5,Female,BB,Offline TA/TO,TA/TO,0,0,0,A,Transient,0,1,0,3,2.0,19.335,0,Low,4,🏙️ Viajero Estándar,0,116.01,0
City Hotel,42,2016,December,31,Male,BB,Online TA,TA/TO,0,0,0,A,Transient,1,1,0,4,3.0,34.0,1,Low,3,👨‍👩‍👧 Turista Familiar,0,408.0,2
City Hotel,159,2017,April,22,Female,HB,Online TA,TA/TO,0,0,0,A,Transient,3,1,0,7,3.0,59.25,1,Low,3,👨‍👩‍👧 Turista Familiar,1,1244.25,4
Resort Hotel,2,2016,December,16,Female,BB,Offline TA/TO,TA/TO,1,0,1,A,Group,1,1,0,1,2.0,17.0,0,High,5,🏙️ Viajero Estándar,0,34.0,1
City Hotel,351,2015,October,3,Female,BB,Groups,TA/TO,0,1,0,A,Transient-Party,0,1,0,4,2.0,31.0,0,High,0,🗓️ Planificador Anticipado,9,248.0,0
City Hotel,24,2017,July,15,Male,BB,Online TA,TA/TO,0,0,0,D,Transient,2,1,0,1,3.0,63.333333333333336,0,Low,4,🏙️ Viajero Estándar,0,190.0,2
City Hotel,4,2016,January,2,Female,BB,Online TA,TA/TO,0,0,0,A,Transient-Party,2,1,0,2,1.0,97.0,0,High,4,🏙️ Viajero Estándar,1,194.0,2
City Hotel,9,2016,October,30,Male,SC,Online TA,TA/TO,0,0,0,A,Transient,1,1,0,2,1.0,80.47,0,Low,4,🏙️ Viajero Estándar,0,160.94,1
City Hotel,67,2016,March,1,Male,BB,Offline TA/TO,TA/TO,0,0,0,A,Transient,0,1,0,4,2.0,30.58,0,High,4,🏙️ Viajero Estándar,2,244.64,0
City Hotel,198,2016,May,20,Male,BB,Groups,TA/TO,0,0,0,A,Transient-Party,0,1,0,1,1.0,57.5,0,High,4,🏙️ Viajero Estándar,5,57.5,0
City Hotel,190,2016,October,29,Female,BB,Online TA,TA/TO,0,0,0,A,Transient,1,1,0,3,2.0,52.65,0,Medium,4,🏙️ Viajero Estándar,3,315.9,1
City Hotel,13,2016,September,11,Female,SC,Online TA,TA/TO,0,0,0,A,Transient,1,1,0,2,1.0,99.0,0,Low,4,🏙️ Viajero Estándar,0,198.0,1
City Hotel,260,2017,July,1,Female,BB,Online TA,TA/TO,0,0,0,B,Transient-Party,2,1,0,3,2.0,46.825,0,Low,4,🏙️ Viajero Estándar,2,280.95000000000005,2
City Hotel,120,2016,September,2,Male,BB,Groups,TA/TO,0,0,0,A,Transient,0,1,0,3,1.0,115.0,0,High,4,🏙️ Viajero Estándar,3,345.0,0
City Hotel,14,2016,September,15,Female,BB,Online TA,TA/TO,0,0,0,E,Transient,0,1,0,2,2.0,83.6,0,Low,4,🏙️ Viajero Estándar,0,334.4,0
City Hotel,10,2017,June,18,Female,BB,Online TA,TA/TO,0,0,0,A,Transient,0,1,0,1,1.0,136.0,0,Low,4,🏙️ Viajero Estándar,0,136.0,0
City Hotel,236,2016,August,2,Female,BB,Corporate,Corporate,0,0,0,A,Transient,0,0,1,5,2.0,44.5,0,Low,1,⚡ Reserva de Última Hora,4,445.0,0
City Hotel,462,2017,July,1,Male,BB,Groups,TA/TO,0,0,0,A,Transient-Party,1,1,0,3,2.0,56.335,0,Low,4,🏙️ Viajero Estándar,4,338.01,1
Resort Hotel,31,2016,August,22,Male,HB,Online TA,TA/TO,0,0,0,D,Transient,1,1,0,6,3.0,74.69,0,High,4,🏙️ Viajero Estándar,2,1344.42,1
City Hotel,131,2016,July,9,Male,BB,Offline TA/TO,TA/TO,0,0,0,A,Transient,0,1,0,2,3.0,24.08333333333333,1,High,3,👨‍👩‍👧 Turista Familiar,4,144.49999999999997,1
City Hotel,76,2016,May,22,Male,SC,Online TA,TA/TO,0,0,0,A,Transient,0,1,0,1,2.0,58.05,0,Low,4,🏙️ Viajero Estándar,0,116.1,0
Resort Hotel,148,2015,October,24,Female,BB,Groups,Direct,0,0,0,A,Transient,0,0,0,1,1.0,39.0,0,High,1,⚡ Reserva de Última Hora,6,39.0,0
City Hotel,13,2017,February,13,Female,BB,Direct,Direct,1,0,2,A,Transient,2,0,1,2,1.0,80.0,0,Low,5,🏙️ Viajero Estándar,0,160.0,2
Resort Hotel,23,2017,March,16,Female,BB,Online TA,TA/TO,0,0,0,D,Transient-Party,2,1,0,3,2.0,34.0,0,Low,4,🏙️ Viajero Estándar,0,204.0,2
Resort Hotel,129,2017,May,19,Female,BB,Offline TA/TO,TA/TO,0,0,0,A,Contract,0,1,0,7,2.0,20.475,0,Low,0,🗓️ Planificador Anticipado,2,286.65000000000003,0
Resort Hotel,200,2017,May,21,Female,HB,Offline TA/TO,TA/TO,0,0,0,A,Transient,1,1,0,7,1.0,49.7,0,Low,4,🏙️ Viajero Estándar,2,347.90000000000003,1
City Hotel,3,2015,November,26,Female,BB,Corporate,Corporate,0,0,0,A,Transient,1,0,1,1,1.0,79.0,0,Low,1,⚡ Reserva de Última Hora,1,79.0,1
Resort Hotel,251,2017,May,26,Male,HB,Online TA,TA/TO,0,0,0,A,Transient,0,1,0,2,2.0,60.5,0,Low,4,🏙️ Viajero Estándar,3,242.0,0
City Hotel,160,2016,May,22,Female,BB,Online TA,TA/TO,0,0,0,A,Transient,1,1,0,4,2.0,49.725,0,Low,4,🏙️ Viajero Estándar,2,397.8,1
Resort Hotel,55,2015,September,30,Male,HB,Offline TA/TO,TA/TO,0,0,0,A,Transient-Party,0,1,0,3,1.0,67.5,0,High,4,🏙️ Viajero Estándar,2,202.5,0
Resort Hotel,151,2016,August,6,Male,BB,Online TA,TA/TO,0,0,0,F,Transient,2,1,0,5,2.0,79.635,0,Low,4,🏙️ Viajero Estándar,1,796.35,2
Resort Hotel,7,2016,September,13,Female,BB,Direct,Direct,0,0,0,G,Transient,0,1,0,4,2.0,93.625,0,Low,4,🏙️ Viajero Estándar,0,749.0,0
City Hotel,14,2015,October,15,Female,BB,Offline TA/TO,TA/TO,0,1,0,A,Transient-Party,0,1,0,1,1.0,100.0,0,High,0,🗓️ Planificador Anticipado,5,100.0,0
City Hotel,152,2017,August,7,Male,BB,Online TA,TA/TO,0,0,0,A,Transient,0,1,0,6,3.0,49.5,1,Low,3,👨‍👩‍👧 Turista Familiar,2,891.0,1
City Hotel,311,2017,July,23,Male,BB,Groups,TA/TO,0,0,0,A,Transient,0,0,0,3,2.0,55.0,0,High,1,⚡ Reserva de Última Hora,7,330.0,0
Resort Hotel,11,2016,January,26,Male,BB,Online TA,TA/TO,0,0,0,A,Transient-Party,2,1,0,0,2.0,0.0,0,High,4,🏙️ Viajero Estándar,1,0.0,2
City Hotel,86,2016,May,26,Female,BB,Direct,Direct,0,0,0,D,Transient,1,0,0,3,2.0,67.5,0,Low,1,⚡ Reserva de Última Hora,1,405.0,1
Resort Hotel,77,2016,December,23,Male,BB,Online TA,TA/TO,0,0,0,E,Transient,0,1,0,1,2.0,22.32,0,Low,4,🏙️ Viajero Estándar,0,44.64,0
City Hotel,162,2016,December,26,Male,BB,Online TA,TA/TO,0,0,0,A,Transient,0,1,0,7,3.0,52.85333333333333,1,Medium,3,👨‍👩‍👧 Turista Familiar,3,1109.92,1
City Hotel,335,2015,September,17,Female,BB,Offline TA/TO,TA/TO,0,1,0,A,Transient,0,1,0,1,1.0,75.0,0,High,0,🗓️ Planificador Anticipado,8,75.0,0
City Hotel,0,2016,July,28,Female,BB,Online TA,TA/TO,0,0,0,A,Transient,0,1,0,1,1.0,108.11,0,Low,4,🏙️ Viajero Estándar,0,108.11,0
Resort Hotel,107,2016,May,5,Male,HB,Offline TA/TO,TA/TO,0,0,0,D,Contract,2,1,0,14,2.0,37.09,0,Low,0,🗓️ Planificador Anticipado,0,1038.52,2
Resort Hotel,1,2016,November,26,Female,BB,Online TA,TA/TO,0,0,0,A,Transient,1,1,0,3,2.0,18.48,0,Low,4,🏙️ Viajero Estándar,0,110.88,1
City Hotel,36,2016,March,9,Female,BB,Online TA,TA/TO,0,0,0,A,Transient,1,1,0,4,2.0,31.53,0,High,4,🏙️ Viajero Estándar,2,252.24,1
City Hotel,55,2016,March,16,Female,BB,Online TA,TA/TO,0,0,0,A,Transient,1,1,0,2,2.0,39.15,0,Low,4,🏙️ Viajero Estándar,0,156.6,1
City Hotel,177,2017,June,26,Male,HB,Online TA,TA/TO,0,0,0,A,Transient,2,1,0,3,3.0,51.0,0,Low,4,🏙️ Viajero Estándar,1,459.0,2
City Hotel,231,2016,August,23,Female,BB,Offline TA/TO,TA/TO,0,0,0,A,Transient,2,1,0,7,3.0,32.300000000000004,0,Low,4,🏙️ Viajero Estándar,2,678.3000000000001,2
City Hotel,84,2015,December,31,Female,HB,Offline TA/TO,TA/TO,0,0,0,A,Transient,0,1,0,3,2.0,50.165,0,Low,4,🏙️ Viajero Estándar,0,300.99,0
Resort Hotel,171,2017,July,25,Female,BB,Online TA,TA/TO,0,0,0,D,Transient-Party,1,1,0,7,2.0,91.43,0,Low,4,🏙️ Viajero Estándar,2,1280.02,1
Resort Hotel,388,2017,May,25,Male,BB,Groups,TA/TO,0,0,0,E,Transient-Party,0,1,0,3,2.0,36.0,0,Low,4,🏙️ Viajero Estándar,4,216.0,0
Resort Hotel,13,2016,October,10,Female,BB,Offline TA/TO,TA/TO,0,0,0,A,Transient,0,1,0,1,1.0,39.0,0,High,4,🏙️ Viajero Estándar,2,39.0,0
Resort Hotel,247,2015,October,9,Male,FB,Groups,TA/TO,0,1,0,A,Transient,0,1,0,3,2.0,40.5,0,Low,0,🗓️ Planificador Anticipado,7,243.0,0
Resort Hotel,20,2016,May,19,Male,HB,Online TA,TA/TO,0,0,0,A,Transient,1,1,0,3,2.0,53.5,0,Low,4,🏙️ Viajero Estándar,0,321.0,1
City Hotel,70,2016,July,11,Male,BB,Offline TA/TO,TA/TO,0,0,0,A,Transient,1,1,0,6,2.0,42.5,0,Medium,4,🏙️ Viajero Estándar,1,510.0,1
City Hotel,32,2015,October,23,Male,BB,Offline TA/TO,TA/TO,0,0,0,D,Transient,1,1,0,3,2.0,37.5,0,Low,4,🏙️ Viajero Estándar,0,225.0,1
City Hotel,6,2016,April,16,Female,BB,Online TA,TA/TO,0,0,0,A,Transient,0,1,0,2,2.0,58.0,0,Low,4,🏙️ Viajero Estándar,0,232.0,0
Resort Hotel,67,2015,September,4,Female,BB,Online TA,TA/TO,0,0,0,E,Transient,1,1,0,5,2.0,61.5,0,Low,4,🏙️ Viajero Estándar,0,615.0,1
Resort Hotel,14,2016,December,14,Female,BB,Online TA,TA/TO,0,0,0,A,Transient,1,1,0,2,1.0,29.8,0,Low,4,🏙️ Viajero Estándar,0,59.6,1
City Hotel,353,2015,October,5,Female,BB,Groups,TA/TO,0,1,0,A,Contract,0,1,0,2,2.0,31.0,0,High,0,🗓️ Planificador Anticipado,9,124.0,0
Resort Hotel,123,2017,April,8,Male,BB,Online TA,TA/TO,0,0,0,H,Transient,0,1,0,3,4.0,37.5,1,Medium,3,👨‍👩‍👧 Turista Familiar,3,450.0,1
City Hotel,197,2016,June,3,Male,BB,Offline TA/TO,TA/TO,0,1,0,A,Transient,0,1,0,3,2.0,40.0,0,High,0,🗓️ Planificador Anticipado,7,240.0,0
City Hotel,25,2015,November,6,Female,BB,Online TA,TA/TO,0,0,0,A,Contract,1,1,0,4,2.0,45.475,0,High,0,🗓️ Planificador Anticipado,2,363.8,1
City Hotel,79,2017,May,17,Female,SC,Direct,Direct,0,0,0,A,Transient,0,1,0,6,2.0,67.5,0,Low,4,🏙️ Viajero Estándar,0,810.0,0
City Hotel,2,2017,March,9,Male,SC,Direct,Direct,0,0,0,G,Transient,0,0,0,27,0.0,0.0,0,High,2,💼 Viajero Premium,3,0.0,0
Resort Hotel,1,2017,May,2,Female,BB,Online TA,TA/TO,1,0,0,A,Transient,0,1,0,0,2.0,0.0,0,Low,5,🏙️ Viajero Estándar,0,0.0,0
City Hotel,180,2016,October,28,Male,HB,Offline TA/TO,TA/TO,0,0,0,A,Transient,2,1,0,3,2.0,50.04,0,Medium,4,🏙️ Viajero Estándar,2,300.24,2
City Hotel,129,2016,March,25,Female,SC,Online TA,TA/TO,0,0,0,A,Transient,0,1,0,2,2.0,36.375,0,Low,4,🏙️ Viajero Estándar,2,145.5,0
City Hotel,210,2015,October,8,Male,BB,Offline TA/TO,TA/TO,0,0,0,A,Transient-Party,0,1,0,4,2.0,36.375,0,High,4,🏙️ Viajero Estándar,5,291.0,0
Resort Hotel,1,2015,October,13,Female,BB,Online TA,TA/TO,0,0,0,D,Transient,1,1,0,1,2.0,33.0,0,Low,4,🏙️ Viajero Estándar,0,66.0,1
City Hotel,0,2016,December,28,Male,SC,Online TA,TA/TO,0,0,0,A,Transient,0,1,0,1,2.0,44.0,0,High,4,🏙️ Viajero Estándar,2,88.0,0
City Hotel,226,2016,October,25,Male,HB,Offline TA/TO,TA/TO,0,0,0,A,Transient,0,1,0,3,2.0,51.38,0,Low,4,🏙️ Viajero Estándar,3,308.28000000000003,0
City Hotel,580,2017,February,9,Male,BB,Groups,TA/TO,0,0,0,A,Transient,0,1,0,2,2.0,31.0,0,High,4,🏙️ Viajero Estándar,6,124.0,0
Resort Hotel,190,2017,June,16,Female,BB,Direct,Direct,0,0,0,D,Transient,2,1,0,7,2.0,61.25,0,High,4,🏙️ Viajero Estándar,3,857.5,2
Resort Hotel,81,2015,July,6,Female,HB,Direct,Direct,0,0,0,G,Transient,0,1,0,4,4.0,52.5,1,Low,3,👨‍👩‍👧 Turista Familiar,0,840.0,1
City Hotel,91,2016,June,18,Male,SC,Online TA,TA/TO,0,0,0,A,Transient,0,1,0,2,2.0,58.05,0,Low,4,🏙️ Viajero Estándar,0,232.2,0
City Hotel,12,2016,August,1,Female,SC,Online TA,TA/TO,0,0,0,A,Transient,2,1,0,3,2.0,64.0,0,Low,4,🏙️ Viajero Estándar,0,384.0,2
Resort Hotel,4,2016,November,28,Female,BB,Online TA,TA/TO,0,0,0,A,Transient,0,1,0,1,1.0,43.0,0,High,4,🏙️ Viajero Estándar,2,43.0,0
City Hotel,276,2016,September,22,Male,BB,Offline TA/TO,TA/TO,0,0,0,A,Transient-Party,0,1,0,3,1.0,95.67,0,Low,4,🏙️ Viajero Estándar,3,287.01,0
City Hotel,51,2016,March,29,Female,BB,Online TA,TA/TO,0,0,0,A,Transient,0,1,0,1,2.0,45.45,0,Low,4,🏙️ Viajero Estándar,0,90.9,0
City Hotel,307,2017,March,15,Female,BB,Online TA,TA/TO,0,0,0,A,Transient,0,1,0,7,2.0,38.675,0,Low,4,🏙️ Viajero Estándar,3,541.4499999999999,0
City Hotel,1,2017,May,26,Male,BB,Direct,Direct,0,0,0,B,Transient,0,1,0,2,3.0,59.833333333333336,1,High,3,👨‍👩‍👧 Turista Familiar,2,359.0,1
Resort Hotel,225,2016,August,23,Male,BB,Offline TA/TO,TA/TO,0,0,0,E,Contract,0,1,0,10,2.0,42.65,0,Low,0,🗓️ Planificador Anticipado,3,853.0,0
City Hotel,105,2016,October,12,Male,BB,Offline TA/TO,TA/TO,0,0,0,A,Transient-Party,0,1,0,3,2.0,37.5,0,High,4,🏙️ Viajero Estándar,2,225.0,0
Resort Hotel,127,2017,June,4,Female,BB,Online TA,TA/TO,0,0,0,E,Transient,1,1,0,5,2.0,70.0,0,Low,4,🏙️ Viajero Estándar,2,700.0,1
Resort Hotel,36,2015,August,4,Male,BB,Direct,Direct,0,0,0,F,Transient,0,1,0,3,1.0,221.0,0,High,4,🏙️ Viajero Estándar,2,663.0,0
Resort Hotel,149,2016,July,23,Female,BB,Offline TA/TO,TA/TO,0,0,0,E,Transient,0,1,0,7,2.0,60.85,0,Low,4,🏙️ Viajero Estándar,2,851.9,0
City Hotel,37,2015,October,18,Male,BB,Online TA,TA/TO,0,1,0,A,Contract,2,1,0,4,2.0,51.75,0,High,0,🗓️ Planificador Anticipado,4,414.0,2
City Hotel,1,2017,February,2,Male,BB,Direct,Direct,0,0,0,D,Transient,3,1,0,3,3.0,47.333333333333336,1,Low,3,👨‍👩‍👧 Turista Familiar,0,426.0,4
City Hotel,109,2016,August,4,Female,HB,Online TA,TA/TO,0,0,0,A,Transient,1,1,0,3,3.0,58.75,1,Low,3,👨‍👩‍👧 Turista Familiar,0,528.75,2
Resort Hotel,0,2016,August,11,Female,BB,Online TA,TA/TO,0,0,0,E,Transient,1,1,0,1,2.0,122.0,0,Low,4,🏙️ Viajero Estándar,0,244.0,1
City Hotel,76,2016,September,15,Female,BB,Online TA,TA/TO,0,0,0,D,Transient,3,1,0,3,3.0,56.1,0,Low,4,🏙️ Viajero Estándar,0,504.90000000000003,3
City Hotel,40,2015,October,3,Male,BB,Direct,Direct,0,1,0,A,Transient,1,0,0,2,2.0,58.835,0,High,1,⚡ Reserva de Última Hora,6,235.34,1
Resort Hotel,22,2016,August,27,Female,BB,Online TA,TA/TO,0,0,0,D,Transient,1,1,0,2,2.0,108.0,0,Low,4,🏙️ Viajero Estándar,0,432.0,1
City Hotel,44,2016,July,8,Male,BB,Corporate,Corporate,0,0,0,A,Transient,0,0,1,1,2.0,37.5,0,High,1,⚡ Reserva de Última Hora,3,75.0,0
Resort Hotel,143,2016,May,17,Female,HB,Offline TA/TO,TA/TO,0,0,0,A,Transient,0,1,0,7,2.0,33.7,0,Low,4,🏙️ Viajero Estándar,2,471.80000000000007,0
City Hotel,259,2016,October,5,Female,BB,Offline TA/TO,TA/TO,0,0,0,A,Transient,0,1,0,4,2.0,44.5,0,High,4,🏙️ Viajero Estándar,5,356.0,0
City Hotel,177,2017,April,21,Male,SC,Online TA,TA/TO,0,0,0,A,Transient,0,1,0,2,2.0,49.5,0,Low,4,🏙️ Viajero Estándar,2,198.0,0
City Hotel,57,2016,June,10,Female,BB,Offline TA/TO,TA/TO,0,0,0,A,Transient-Party,1,1,0,3,2.0,45.335,0,High,4,🏙️ Viajero Estándar,2,272.01,1
City Hotel,66,2016,March,16,Female,SC,Online TA,TA/TO,0,0,0,A,Transient,0,1,0,3,2.0,36.75,0,Low,4,🏙️ Viajero Estándar,0,220.5,0
City Hotel,86,2016,December,15,Male,BB,Offline TA/TO,TA/TO,0,0,0,A,Transient,0,1,0,2,2.0,37.5,0,Low,4,🏙️ Viajero Estándar,0,150.0,0
City Hotel,179,2016,July,18,Female,SC,Online TA,TA/TO,0,0,0,A,Transient,0,1,0,4,2.0,40.375,0,Medium,4,🏙️ Viajero Estándar,3,323.0,0
Resort Hotel,23,2017,May,6,Female,BB,Offline TA/TO,TA/TO,0,0,0,D,Transient,0,1,0,1,2.0,45.0,0,Low,4,🏙️ Viajero Estándar,0,90.0,0
Resort Hotel,2,2016,April,11,Female,BB,Direct,Direct,0,0,0,A,Transient,0,1,0,2,2.0,33.75,0,Low,4,🏙️ Viajero Estándar,0,135.0,0
City Hotel,107,2016,June,10,Male,BB,Offline TA/TO,TA/TO,0,0,0,A,Transient-Party,1,1,0,2,2.0,65.0,0,High,4,🏙️ Viajero Estándar,2,260.0,1
Resort Hotel,9,2017,May,27,Female,BB,Direct,Direct,0,0,0,A,Transient,1,1,0,2,2.0,51.0,0,Low,4,🏙️ Viajero Estándar,0,204.0,1
City Hotel,126,2016,April,14,Male,BB,Groups,TA/TO,0,0,0,A,Transient,0,1,0,3,2.0,32.5,0,High,4,🏙️ Viajero Estándar,5,195.0,0
Resort Hotel,3,2017,June,5,Female,BB,Corporate,Corporate,1,0,4,A,Transient,1,0,1,2,1.0,75.0,0,High,5,🏙️ Viajero Estándar,1,150.0,1
City Hotel,212,2016,May,20,Female,BB,Offline TA/TO,TA/TO,0,0,0,A,Transient-Party,0,1,0,5,2.0,39.0,0,High,4,🏙️ Viajero Estándar,5,390.0,0
Resort Hotel,183,2016,July,6,Male,HB,Offline TA/TO,TA/TO,0,0,0,D,Contract,0,1,0,7,2.0,49.0,0,Low,0,🗓️ Planificador Anticipado,2,686.0,0
City Hotel,47,2017,February,25,Female,BB,Online TA,TA/TO,0,0,0,D,Transient,0,1,0,4,2.0,49.3,0,Medium,4,🏙️ Viajero Estándar,1,394.4,0
City Hotel,123,2017,February,19,Male,SC,Online TA,TA/TO,0,0,0,A,Transient,1,1,0,1,2.0,39.6,0,Low,4,🏙️ Viajero Estándar,2,79.2,1
Resort Hotel,143,2016,July,21,Female,BB,Online TA,TA/TO,0,0,0,A,Transient-Party,2,1,0,12,2.0,72.5,0,Low,2,💼 Viajero Premium,1,1740.0,2
Resort Hotel,256,2017,July,30,Female,BB,Direct,Direct,0,0,0,D,Transient,0,1,0,7,2.0,85.3,0,High,4,🏙️ Viajero Estándar,5,1194.2,0
City Hotel,176,2017,March,10,Female,BB,Online TA,TA/TO,0,0,0,D,Transient,1,1,0,2,3.0,42.0,0,Medium,4,🏙️ Viajero Estándar,3,252.0,1
City Hotel,38,2017,April,15,Female,SC,Online TA,TA/TO,0,0,0,A,Transient,3,1,0,3,2.0,63.335,0,Low,4,🏙️ Viajero Estándar,0,380.01,3
Resort Hotel,8,2015,December,29,Male,BB,Direct,Direct,0,0,0,A,Transient,0,0,0,6,2.0,52.165,0,High,1,⚡ Reserva de Última Hora,3,625.98,0
City Hotel,42,2016,November,2,Male,SC,Online TA,TA/TO,0,0,0,A,Transient,2,1,0,1,2.0,44.0,0,Low,4,🏙️ Viajero Estándar,0,88.0,2
City Hotel,63,2016,September,12,Female,SC,Online TA,TA/TO,0,0,0,A,Transient,2,1,0,2,2.0,62.55,0,Low,4,🏙️ Viajero Estándar,0,250.2,2
Resort Hotel,245,2016,September,26,Female,HB,Groups,TA/TO,0,0,0,A,Transient-Party,0,1,0,10,2.0,41.0,0,Low,4,🏙️ Viajero Estándar,4,820.0,0
City Hotel,16,2015,October,29,Male,BB,Online TA,TA/TO,0,0,0,A,Contract,1,1,0,1,2.0,67.5,0,High,0,🗓️ Planificador Anticipado,2,135.0,1
Resort Hotel,211,2016,September,10,Female,BB,Online TA,TA/TO,0,0,0,E,Transient,2,1,0,7,2.0,53.815,0,Low,4,🏙️ Viajero Estándar,2,753.41,2
Resort Hotel,0,2015,October,16,Female,BB,Offline TA/TO,TA/TO,0,0,0,A,Transient,1,1,0,1,1.0,37.0,0,High,4,🏙️ Viajero Estándar,2,37.0,1
City Hotel,0,2016,October,5,Female,BB,Direct,Direct,0,0,0,A,Transient,0,0,0,2,2.0,44.5,0,High,1,⚡ Reserva de Última Hora,3,178.0,0
Resort Hotel,8,2016,October,19,Male,BB,Corporate,Corporate,1,0,6,A,Transient,0,0,1,2,1.0,45.0,0,High,5,🏙️ Viajero Estándar,1,90.0,0
City Hotel,41,2016,December,27,Female,BB,Offline TA/TO,TA/TO,0,0,0,A,Transient-Party,0,1,0,1,2.0,32.5,0,Medium,4,🏙️ Viajero Estándar,1,65.0,0
Resort Hotel,27,2016,September,8,Female,BB,Direct,Direct,0,0,2,A,Transient,1,1,0,2,2.0,44.145,0,Low,4,🏙️ Viajero Estándar,0,176.58,1
City Hotel,419,2016,September,1,Female,BB,Groups,TA/TO,0,0,0,A,Transient,0,1,0,2,2.0,31.0,0,High,4,🏙️ Viajero Estándar,6,124.0,0
City Hotel,13,2017,January,29,Female,HB,Direct,Direct,0,0,0,B,Transient,0,1,0,6,2.0,61.55,1,Low,3,👨‍👩‍👧 Turista Familiar,0,738.5999999999999,1
City Hotel,159,2017,April,28,Male,BB,Online TA,TA/TO,0,0,0,D,Transient,0,1,0,3,2.0,65.25,0,Low,4,🏙️ Viajero Estándar,2,391.5,0
Resort Hotel,15,2015,December,8,Male,BB,Online TA,TA/TO,0,0,0,A,Transient,1,1,0,3,1.0,39.0,0,Low,4,🏙️ Viajero Estándar,0,117.0,1
City Hotel,81,2016,December,31,Female,BB,Direct,Direct,0,0,0,E,Transient-Party,4,0,0,2,4.0,112.875,1,High,3,👨‍👩‍👧 Turista Familiar,2,903.0,5
Resort Hotel,96,2017,March,19,Male,BB,Groups,TA/TO,0,0,0,A,Transient-Party,0,1,0,7,1.0,31.71,0,Low,4,🏙️ Viajero Estándar,1,221.97,0
City Hotel,76,2015,September,16,Male,BB,Groups,TA/TO,0,0,0,A,Transient-Party,0,1,0,2,2.0,31.0,0,Low,4,🏙️ Viajero Estándar,1,124.0,0
Resort Hotel,253,2016,June,22,Male,HB,Groups,Direct,0,0,0,A,Transient-Party,0,0,0,3,2.0,46.0,0,Low,1,⚡ Reserva de Última Hora,5,276.0,0
City Hotel,1,2016,May,21,Male,BB,Online TA,TA/TO,0,0,0,D,Transient,0,1,0,1,2.0,88.0,0,Low,4,🏙️ Viajero Estándar,0,176.0,0
City Hotel,42,2017,March,13,Female,BB,Online TA,TA/TO,0,0,0,A,Transient,0,1,0,4,2.0,33.575,0,Low,4,🏙️ Viajero Estándar,0,268.6,0
Resort Hotel,181,2017,August,22,Female,BB,Offline TA/TO,TA/TO,0,0,0,A,Transient,1,1,0,4,2.0,59.25,0,Low,4,🏙️ Viajero Estándar,2,474.0,1
Resort Hotel,71,2017,August,24,Male,BB,Online TA,TA/TO,0,0,0,A,Transient,0,1,0,4,2.0,110.0,0,Low,4,🏙️ Viajero Estándar,0,880.0,0
City Hotel,359,2016,September,16,Male,BB,Online TA,TA/TO,0,0,0,A,Transient,0,1,0,4,1.0,95.0,0,Low,4,🏙️ Viajero Estándar,3,380.0,0
Resort Hotel,12,2015,November,17,Male,HB,Offline TA/TO,TA/TO,0,0,0,E,Transient,0,1,0,4,2.0,32.95,0,Low,4,🏙️ Viajero Estándar,0,263.6,0
City Hotel,130,2017,April,22,Female,SC,Offline TA/TO,TA/TO,0,0,0,A,Transient,1,1,0,4,2.0,44.5,0,Low,4,🏙️ Viajero Estándar,2,356.0,1
Resort Hotel,47,2017,July,11,Female,BB,Online TA,TA/TO,0,0,0,A,Transient,0,1,0,1,2.0,80.0,0,Low,4,🏙️ Viajero Estándar,0,160.0,0
Resort Hotel,136,2016,July,17,Male,BB,Offline TA/TO,TA/TO,0,0,0,D,Transient,0,1,0,4,2.0,57.6,0,High,4,🏙️ Viajero Estándar,4,460.8,0
City Hotel,32,2017,May,8,Female,BB,Direct,Direct,0,0,0,A,Transient,0,1,0,2,1.0,154.5,0,Low,4,🏙️ Viajero Estándar,0,309.0,0
City Hotel,185,2017,July,29,Female,BB,Online TA,TA/TO,0,0,0,A,Transient,0,1,0,8,3.0,39.3,1,High,3,👨‍👩‍👧 Turista Familiar,4,943.1999999999999,1
Resort Hotel,23,2017,July,5,Male,BB,Direct,Direct,1,0,2,A,Transient,2,1,0,3,2.0,80.625,0,High,5,🏙️ Viajero Estándar,0,483.75,2
City Hotel,4,2016,February,4,Male,BB,Online TA,TA/TO,0,0,0,D,Transient,1,1,0,2,3.0,44.333333333333336,0,Low,4,🏙️ Viajero Estándar,0,266.0,1
City Hotel,73,2016,May,31,Male,SC,Online TA,TA/TO,0,0,0,A,Transient,0,1,0,2,2.0,58.05,0,Low,4,🏙️ Viajero Estándar,0,232.2,0
Resort Hotel,0,2016,March,17,Male,BB,Direct,Direct,0,0,0,A,Transient,0,0,0,1,1.0,46.0,0,High,1,⚡ Reserva de Última Hora,3,46.0,0
Resort Hotel,0,2017,February,1,Male,BB,Online TA,TA/TO,0,0,0,D,Transient,0,1,0,8,2.0,29.5,0,Low,4,🏙️ Viajero Estándar,0,472.0,0
City Hotel,15,2016,October,4,Male,BB,Offline TA/TO,TA/TO,0,0,0,A,Transient,1,1,0,3,1.0,129.0,0,High,4,🏙️ Viajero Estándar,2,387.0,1
Resort Hotel,53,2017,August,28,Male,BB,Online TA,TA/TO,0,0,0,A,Transient,2,1,0,3,2.0,95.0,0,Low,4,🏙️ Viajero Estándar,0,570.0,2
City Hotel,5,2016,June,18,Female,BB,Online TA,TA/TO,0,0,0,A,Transient,1,1,0,2,2.0,70.5,0,High,4,🏙️ Viajero Estándar,2,282.0,1
Resort Hotel,11,2017,July,7,Male,BB,Direct,Direct,0,0,0,D,Transient,1,1,0,4,2.0,86.875,0,Low,4,🏙️ Viajero Estándar,0,695.0,1
Resort Hotel,24,2015,October,22,Female,BB,Online TA,TA/TO,0,0,0,E,Transient-Party,2,1,0,3,2.0,38.0,0,Low,4,🏙️ Viajero Estándar,0,228.0,2
City Hotel,39,2016,February,15,Female,BB,Online TA,TA/TO,0,0,0,D,Transient,1,1,0,5,2.0,49.05,0,Low,4,🏙️ Viajero Estándar,0,490.5,1
Resort Hotel,118,2017,May,26,Female,BB,Direct,Direct,0,0,0,D,Transient,0,1,0,9,2.0,49.64,0,Low,4,🏙️ Viajero Estándar,0,893.52,0
City Hotel,1,2016,September,22,Female,BB,Online TA,TA/TO,0,0,0,E,Transient,0,1,0,1,1.0,188.0,0,High,4,🏙️ Viajero Estándar,2,188.0,0
City Hotel,121,2016,July,3,Female,BB,Online TA,TA/TO,0,0,0,A,Transient,0,1,0,4,2.0,53.975,0,Medium,4,🏙️ Viajero Estándar,3,431.8,0
City Hotel,30,2016,March,9,Male,BB,Online TA,TA/TO,0,0,0,B,Transient,0,1,0,3,4.0,19.375,1,Low,3,👨‍👩‍👧 Turista Familiar,0,232.5,1
Resort Hotel,113,2016,June,2,Male,BB,Offline TA/TO,TA/TO,0,0,0,A,Transient,0,1,0,7,2.0,29.655,0,Low,4,🏙️ Viajero Estándar,0,415.17,0
City Hotel,3,2017,March,14,Female,BB,Online TA,TA/TO,0,0,0,D,Transient,2,1,0,1,2.0,64.0,0,High,4,🏙️ Viajero Estándar,1,128.0,2
Resort Hotel,102,2017,July,15,Female,BB,Online TA,TA/TO,0,0,0,D,Transient,1,1,0,5,2.0,111.5,0,Low,4,🏙️ Viajero Estándar,0,1115.0,1
City Hotel,0,2017,August,22,Female,BB,Direct,Direct,0,0,0,G,Transient,1,1,0,1,3.0,65.0,1,Low,3,👨‍👩‍👧 Turista Familiar,0,195.0,2
City Hotel,8,2017,February,27,Male,SC,Online TA,TA/TO,0,0,0,A,Transient,3,1,0,4,1.0,74.8,0,Low,4,🏙️ Viajero Estándar,0,299.2,3
City Hotel,124,2017,May,6,Male,BB,Online TA,TA/TO,0,0,0,A,Transient,0,1,0,4,2.0,63.0,0,Low,4,🏙️ Viajero Estándar,2,504.0,0
Resort Hotel,25,2016,December,10,Female,BB,Online TA,TA/TO,0,0,0,A,Transient,1,1,0,3,2.0,26.0,0,Low,4,🏙️ Viajero Estándar,0,156.0,1
City Hotel,70,2016,January,15,Female,BB,Offline TA/TO,TA/TO,0,0,0,A,Transient,0,1,0,3,2.0,20.335,0,Low,4,🏙️ Viajero Estándar,0,122.01,0
City Hotel,75,2016,March,17,Male,BB,Offline TA/TO,TA/TO,0,0,0,A,Transient,0,1,0,4,2.0,40.0,0,High,4,🏙️ Viajero Estándar,2,320.0,0
City Hotel,0,2017,March,1,Female,BB,Online TA,TA/TO,1,0,0,A,Transient,2,1,0,0,0.0,0.0,0,High,5,🏙️ Viajero Estándar,0,0.0,2
City Hotel,315,2016,December,2,Male,BB,Offline TA/TO,TA/TO,0,0,0,A,Transient,0,1,0,2,2.0,26.0,0,High,4,🏙️ Viajero Estándar,5,104.0,0
City Hotel,185,2015,July,5,Male,BB,Online TA,TA/TO,0,1,0,A,Transient,0,1,0,10,2.0,38.25,0,High,0,🗓️ Planificador Anticipado,7,765.0,0
Resort Hotel,3,2017,June,8,Male,HB,Offline TA/TO,TA/TO,0,0,0,A,Transient,0,1,0,7,2.0,47.5,0,Low,4,🏙️ Viajero Estándar,0,665.0,0
City Hotel,3,2015,December,7,Male,BB,Direct,Direct,0,0,0,A,Transient,0,0,0,3,1.0,62.0,0,Low,1,⚡ Reserva de Última Hora,1,186.0,0
City Hotel,297,2015,August,10,Female,BB,Groups,TA/TO,0,1,0,A,Transient-Party,0,1,0,2,2.0,31.0,0,High,0,🗓️ Planificador Anticipado,9,124.0,0
Resort Hotel,59,2015,December,5,Male,HB,Online TA,TA/TO,0,0,0,A,Transient,2,1,0,3,2.0,34.225,0,Low,4,🏙️ Viajero Estándar,0,205.35000000000002,2
City Hotel,295,2016,April,28,Male,BB,Groups,TA/TO,0,0,0,A,Transient,0,1,0,2,2.0,31.0,0,High,4,🏙️ Viajero Estándar,6,124.0,0
City Hotel,48,2016,March,9,Female,BB,Online TA,TA/TO,0,0,0,D,Transient,1,1,0,3,2.0,52.65,0,Medium,4,🏙️ Viajero Estándar,1,315.9,1
Resort Hotel,306,2016,July,21,Female,BB,Offline TA/TO,TA/TO,0,0,0,E,Transient,0,1,0,7,2.0,68.715,0,Low,4,🏙️ Viajero Estándar,3,962.01,0
City Hotel,479,2017,July,18,Male,BB,Groups,TA/TO,0,0,0,A,Transient,0,1,0,3,2.0,45.0,0,High,4,🏙️ Viajero Estándar,6,270.0,0
City Hotel,31,2016,October,4,Female,BB,Online TA,TA/TO,0,0,0,A,Transient,1,1,0,1,2.0,67.05,0,Low,4,🏙️ Viajero Estándar,0,134.1,1
City Hotel,125,2017,July,15,Female,BB,Online TA,TA/TO,0,0,0,D,Transient,0,1,0,3,2.0,67.5,0,Medium,4,🏙️ Viajero Estándar,3,405.0,0
City Hotel,46,2016,November,4,Female,BB,Offline TA/TO,TA/TO,0,0,0,A,Transient,0,1,0,2,2.0,37.5,0,Low,4,🏙️ Viajero Estándar,0,150.0,0
City Hotel,160,2017,March,25,Female,BB,Online TA,TA/TO,0,0,0,D,Transient,1,1,0,1,3.0,45.0,0,High,4,🏙️ Viajero Estándar,4,135.0,1
City Hotel,41,2017,January,8,Female,BB,Online TA,TA/TO,0,0,0,A,Transient,0,1,0,4,3.0,35.13333333333333,1,Low,3,👨‍👩‍👧 Turista Familiar,0,421.6,1
City Hotel,137,2017,March,6,Female,BB,Groups,TA/TO,0,0,0,A,Transient-Party,1,1,0,2,2.0,40.0,0,Low,4,🏙️ Viajero Estándar,3,160.0,1
City Hotel,111,2016,October,6,Female,BB,Online TA,TA/TO,0,0,0,B,Transient,1,1,0,1,4.0,55.35,1,Low,3,👨‍👩‍👧 Turista Familiar,0,221.4,2
Resort Hotel,74,2016,November,6,Male,HB,Online TA,TA/TO,0,0,0,D,Transient-Party,2,1,0,4,2.0,31.24,0,Low,4,🏙️ Viajero Estándar,0,249.92,2
City Hotel,127,2016,May,6,Female,BB,Online TA,TA/TO,0,0,0,A,Transient,0,1,0,5,2.0,49.725,0,Low,4,🏙️ Viajero Estándar,2,497.25,0
Resort Hotel,0,2017,January,9,Male,BB,Online TA,TA/TO,0,0,0,A,Transient,0,1,0,1,1.0,34.4,0,High,4,🏙️ Viajero Estándar,2,34.4,0
Resort Hotel,145,2016,July,27,Female,BB,Direct,Direct,0,0,0,F,Transient,0,1,0,3,3.0,74.0,0,Low,4,🏙️ Viajero Estándar,2,666.0,0
Resort Hotel,0,2016,October,29,Female,BB,Direct,Direct,0,0,0,A,Transient,0,0,0,1,1.0,61.0,0,High,1,⚡ Reserva de Última Hora,3,61.0,0
Resort Hotel,47,2017,February,25,Female,BB,Online TA,TA/TO,0,0,0,D,Transient,1,1,0,3,2.0,42.5,0,Low,4,🏙️ Viajero Estándar,0,255.0,1
City Hotel,16,2016,June,1,Female,BB,Online TA,TA/TO,0,0,0,D,Transient,0,1,0,4,2.0,67.9,0,Low,4,🏙️ Viajero Estándar,0,543.2,0
City Hotel,164,2016,August,1,Male,SC,Online TA,TA/TO,0,0,0,A,Transient,0,1,0,5,2.0,44.625,0,Low,4,🏙️ Viajero Estándar,2,446.25,0
Resort Hotel,74,2016,May,14,Male,BB,Direct,Direct,0,0,0,E,Transient,0,0,0,9,2.0,35.0,0,Low,1,⚡ Reserva de Última Hora,1,630.0,0
Resort Hotel,0,2015,December,20,Female,BB,Online TA,TA/TO,0,0,0,D,Transient,0,1,0,1,2.0,24.0,0,High,4,🏙️ Viajero Estándar,2,48.0,0
City Hotel,59,2017,January,23,Male,BB,Groups,TA/TO,0,0,0,A,Transient,0,1,0,2,2.0,40.0,0,High,4,🏙️ Viajero Estándar,3,160.0,0
City Hotel,0,2016,April,14,Female,BB,Direct,Direct,0,0,0,A,Transient,0,0,0,2,2.0,49.0,0,Low,1,⚡ Reserva de Última Hora,1,196.0,0
Resort Hotel,0,2015,October,29,Female,BB,Corporate,Corporate,0,0,0,A,Transient,0,0,1,1,1.0,48.0,0,High,1,⚡ Reserva de Última Hora,3,48.0,0
Resort Hotel,131,2017,January,2,Male,BB,Online TA,TA/TO,0,0,0,E,Transient,1,1,0,4,2.0,27.9,0,Low,4,🏙️ Viajero Estándar,2,223.2,1
City Hotel,12,2015,August,29,Female,BB,Online TA,TA/TO,0,0,0,A,Contract,2,1,0,1,2.0,45.0,0,High,0,🗓️ Planificador Anticipado,1,90.0,2
Resort Hotel,1,2016,June,10,Female,BB,Direct,Direct,0,0,0,A,Transient,0,0,0,1,2.0,60.0,0,High,1,⚡ Reserva de Última Hora,3,120.0,0
Resort Hotel,2,2017,April,2,Male,BB,Online TA,TA/TO,0,0,0,A,Transient,0,1,0,1,1.0,84.0,0,High,4,🏙️ Viajero Estándar,2,84.0,0
Resort Hotel,181,2016,August,8,Male,HB,Offline TA/TO,TA/TO,0,0,0,E,Transient,1,1,0,14,3.0,65.56666666666666,0,High,2,💼 Viajero Premium,4,2753.7999999999997,1
Resort Hotel,336,2016,September,15,Female,BB,Groups,Direct,0,0,0,A,Transient-Party,0,0,1,4,1.0,60.0,0,Low,1,⚡ Reserva de Última Hora,5,240.0,0
City Hotel,357,2017,May,24,Male,SC,Online TA,TA/TO,0,0,0,A,Transient,0,1,0,2,2.0,49.5,0,Low,4,🏙️ Viajero Estándar,3,198.0,0
City Hotel,9,2016,December,16,Male,BB,Online TA,GDS,0,0,0,A,Transient,0,1,0,1,1.0,86.0,0,High,4,🏙️ Viajero Estándar,2,86.0,0
City Hotel,134,2015,December,4,Male,BB,Offline TA/TO,TA/TO,0,0,0,A,Transient,0,1,0,4,2.0,32.5,0,High,4,🏙️ Viajero Estándar,4,260.0,0
City Hotel,221,2016,August,12,Male,BB,Offline TA/TO,TA/TO,0,0,0,A,Transient-Party,0,1,0,1,2.0,40.0,0,High,4,🏙️ Viajero Estándar,5,80.0,0
Resort Hotel,190,2015,August,4,Male,BB,Offline TA/TO,TA/TO,0,0,0,D,Contract,1,1,0,10,2.0,55.35,0,Low,0,🗓️ Planificador Anticipado,2,1107.0,1
City Hotel,68,2015,September,12,Female,BB,Groups,TA/TO,0,0,0,A,Transient-Party,0,1,0,4,2.0,31.0,0,High,4,🏙️ Viajero Estándar,3,248.0,0
City Hotel,23,2017,January,11,Male,BB,Online TA,TA/TO,0,0,0,A,Transient,1,1,0,1,1.0,89.5,0,Low,4,🏙️ Viajero Estándar,0,89.5,1
Resort Hotel,115,2015,July,13,Female,HB,Offline TA/TO,TA/TO,0,0,0,A,Transient-Party,2,1,0,7,2.0,59.85,0,High,4,🏙️ Viajero Estándar,1,837.9,2
City Hotel,88,2017,April,9,Female,BB,Online TA,TA/TO,0,0,0,E,Transient,0,1,0,7,2.0,79.715,0,Low,4,🏙️ Viajero Estándar,0,1116.01,0
City Hotel,9,2016,August,6,Female,BB,Offline TA/TO,TA/TO,0,0,0,D,Transient,1,1,0,1,3.0,49.1,1,Low,3,👨‍👩‍👧 Turista Familiar,0,147.3,2
Resort Hotel,138,2017,February,13,Female,BB,Offline TA/TO,TA/TO,0,0,0,A,Transient,0,1,0,6,2.0,19.465,0,High,4,🏙️ Viajero Estándar,4,233.57999999999998,0
City Hotel,3,2016,November,21,Male,BB,Corporate,Corporate,0,0,0,A,Transient,0,0,1,1,1.0,65.0,0,High,1,⚡ Reserva de Última Hora,3,65.0,0
City Hotel,5,2016,November,23,Male,SC,Online TA,TA/TO,0,0,0,A,Transient,0,1,0,3,2.0,45.165,0,Low,4,🏙️ Viajero Estándar,0,270.99,0
Resort Hotel,14,2017,March,4,Male,BB,Online TA,TA/TO,0,0,0,E,Transient,0,1,0,2,2.0,32.0,0,Low,4,🏙️ Viajero Estándar,0,128.0,0
City Hotel,223,2017,March,20,Female,BB,Direct,Direct,0,0,0,A,Transient,0,1,0,4,2.0,39.6,0,Low,4,🏙️ Viajero Estándar,3,316.8,0
Resort Hotel,39,2017,April,17,Male,HB,Online TA,TA/TO,0,0,0,A,Transient,0,1,0,2,2.0,58.5,0,High,4,🏙️ Viajero Estándar,2,234.0,0
City Hotel,55,2017,May,7,Female,BB,Online TA,TA/TO,0,0,0,A,Transient,2,1,0,4,2.0,72.0,0,Low,4,🏙️ Viajero Estándar,0,576.0,2
City Hotel,73,2015,November,24,Male,BB,Offline TA/TO,TA/TO,0,0,0,A,Transient-Party,0,1,0,3,1.0,67.83,0,High,4,🏙️ Viajero Estándar,2,203.49,0
City Hotel,4,2017,May,30,Female,BB,Corporate,Corporate,0,0,0,A,Transient-Party,0,0,1,1,1.0,144.0,0,High,1,⚡ Reserva de Última Hora,3,144.0,0
Resort Hotel,185,2016,April,18,Male,HB,Groups,TA/TO,0,0,0,A,Transient-Party,0,1,0,2,2.0,43.0,0,High,4,🏙️ Viajero Estándar,5,172.0,0
Resort Hotel,283,2017,July,12,Male,BB,Online TA,TA/TO,0,0,0,A,Transient,1,1,0,7,2.0,83.12,0,Low,4,🏙️ Viajero Estándar,3,1163.68,1
Resort Hotel,109,2017,April,25,Male,HB,Groups,TA/TO,0,0,0,A,Transient-Party,0,1,0,2,2.0,45.0,0,Low,4,🏙️ Viajero Estándar,1,180.0,0
City Hotel,278,2017,June,14,Female,SC,Online TA,TA/TO,0,0,0,A,Transient,2,1,0,4,2.0,55.0,0,Low,4,🏙️ Viajero Estándar,2,440.0,2
City Hotel,103,2017,April,1,Male,SC,Online TA,TA/TO,0,0,0,A,Transient,0,1,0,7,2.0,37.4,0,Low,4,🏙️ Viajero Estándar,0,523.6,0
Resort Hotel,1,2016,April,26,Female,BB,Online TA,TA/TO,0,0,0,A,Transient,1,1,0,3,2.0,34.5,0,Low,4,🏙️ Viajero Estándar,0,207.0,1
Resort Hotel,107,2015,July,25,Male,BB,Online TA,TA/TO,0,0,0,A,Transient,2,1,0,9,1.0,125.0,0,High,4,🏙️ Viajero Estándar,1,1125.0,2
City Hotel,83,2015,September,23,Female,BB,Groups,TA/TO,0,0,0,A,Transient-Party,0,1,0,2,2.0,31.0,0,Low,4,🏙️ Viajero Estándar,1,124.0,0
Resort Hotel,0,2015,October,13,Male,BB,Direct,Direct,0,0,0,A,Transient,0,0,0,1,2.0,28.0,0,High,1,⚡ Reserva de Última Hora,3,56.0,0
City Hotel,19,2016,June,15,Female,BB,Direct,Direct,0,0,0,D,Transient,0,0,0,2,1.0,129.2,0,Low,1,⚡ Reserva de Última Hora,1,258.4,0
City Hotel,18,2016,February,12,Female,BB,Online TA,TA/TO,0,0,0,A,Transient,0,1,0,3,2.0,45.5,0,Low,4,🏙️ Viajero Estándar,0,273.0,0
Resort Hotel,310,2017,June,3,Female,BB,Online TA,TA/TO,0,0,0,D,Transient-Party,0,1,0,7,2.0,44.1,0,Low,4,🏙️ Viajero Estándar,3,617.4,0
Resort Hotel,4,2016,October,16,Female,BB,Online TA,TA/TO,0,0,0,A,Transient,1,1,0,2,2.0,23.775,0,Low,4,🏙️ Viajero Estándar,0,95.1,1
Resort Hotel,2,2016,May,4,Female,BB,Corporate,Corporate,0,0,0,A,Transient,0,1,0,1,1.0,42.0,0,Low,4,🏙️ Viajero Estándar,0,42.0,0
City Hotel,149,2017,June,24,Female,BB,Groups,TA/TO,0,0,0,A,Transient-Party,0,0,0,1,2.0,65.0,0,High,1,⚡ Reserva de Última Hora,6,130.0,0
Resort Hotel,214,2017,March,24,Female,HB,Groups,TA/TO,0,0,0,A,Transient-Party,0,1,0,7,1.0,41.6,0,Low,4,🏙️ Viajero Estándar,4,291.2,0
Resort Hotel,115,2016,October,23,Female,BB,Online TA,TA/TO,0,0,0,A,Transient-Party,1,1,0,6,2.0,24.5,0,Low,4,🏙️ Viajero Estándar,0,294.0,1
City Hotel,3,2016,August,5,Female,BB,Online TA,TA/TO,0,0,0,A,Transient,1,1,0,2,2.0,75.5,0,Low,4,🏙️ Viajero Estándar,0,302.0,1
City Hotel,300,2015,August,13,Female,BB,Groups,TA/TO,1,1,0,A,Transient-Party,0,1,0,2,2.0,31.4,0,High,5,🏙️ Viajero Estándar,7,125.6,0
City Hotel,37,2016,March,24,Female,BB,Online TA,TA/TO,0,0,0,A,Transient-Party,1,1,0,3,2.0,63.3,0,Low,4,🏙️ Viajero Estándar,0,379.79999999999995,1
City Hotel,104,2017,July,10,Female,BB,Offline TA/TO,TA/TO,0,0,0,A,Transient,2,1,0,1,2.0,40.05,0,High,4,🏙️ Viajero Estándar,1,80.1,2
City Hotel,87,2015,September,25,Male,BB,Groups,TA/TO,0,0,0,A,Transient,0,1,0,5,2.0,85.0,0,High,4,🏙️ Viajero Estándar,3,850.0,0
City Hotel,232,2016,October,24,Female,BB,Online TA,TA/TO,0,0,0,A,Transient,2,1,0,5,3.0,35.416666666666664,1,Low,3,👨‍👩‍👧 Turista Familiar,2,531.25,3
Resort Hotel,14,2016,December,5,Female,Undefined,Groups,TA/TO,0,0,0,A,Transient-Party,0,1,0,3,2.0,42.0,0,Low,0,🗓️ Planificador Anticipado,1,252.0,0
City Hotel,115,2016,August,26,Female,BB,Online TA,TA/TO,0,0,0,D,Transient,0,1,0,4,2.0,65.7,0,Low,4,🏙️ Viajero Estándar,0,525.6,0
City Hotel,3,2016,March,30,Female,HB,Online TA,TA/TO,0,0,0,F,Transient,2,1,0,3,5.0,50.734,1,High,3,👨‍👩‍👧 Turista Familiar,1,761.01,3
Resort Hotel,49,2016,November,14,Female,BB,Offline TA/TO,TA/TO,0,0,0,A,Transient,1,1,0,5,2.0,14.5,0,Low,4,🏙️ Viajero Estándar,0,145.0,1
City Hotel,7,2016,August,4,Male,BB,Online TA,TA/TO,0,0,0,A,Transient,2,1,0,3,2.0,75.5,0,Low,4,🏙️ Viajero Estándar,0,453.0,2
City Hotel,70,2017,April,25,Male,BB,Online TA,TA/TO,0,0,0,E,Transient,3,1,0,4,2.0,81.0,0,Low,4,🏙️ Viajero Estándar,0,648.0,3
Resort Hotel,39,2016,April,30,Male,HB,Groups,TA/TO,0,0,0,A,Transient-Party,0,1,0,2,2.0,43.0,0,High,4,🏙️ Viajero Estándar,3,172.0,0
City Hotel,53,2017,July,22,Male,BB,Online TA,TA/TO,0,0,0,E,Transient,2,1,0,1,2.0,95.0,0,Low,4,🏙️ Viajero Estándar,0,190.0,2
City Hotel,46,2017,July,10,Male,SC,Online TA,TA/TO,0,0,0,A,Transient,2,1,0,3,2.0,60.0,0,Low,4,🏙️ Viajero Estándar,0,360.0,2
Resort Hotel,0,2017,February,1,Male,BB,Corporate,Corporate,0,0,0,A,Transient,0,0,1,1,1.0,35.0,0,High,1,⚡ Reserva de Última Hora,3,35.0,0
Resort Hotel,6,2015,December,14,Female,BB,Corporate,TA/TO,0,0,0,A,Transient,0,1,0,1,1.0,38.0,0,High,4,🏙️ Viajero Estándar,2,38.0,0
Resort Hotel,4,2015,July,31,Female,BB,Online TA,TA/TO,0,0,0,A,Transient,3,1,0,2,2.0,77.4,0,High,4,🏙️ Viajero Estándar,1,309.6,3
Resort Hotel,1,2016,December,19,Male,HB,Online TA,TA/TO,0,0,0,A,Transient,1,1,0,3,2.0,42.0,0,High,4,🏙️ Viajero Estándar,2,252.0,1
Resort Hotel,109,2016,July,24,Female,BB,Online TA,TA/TO,0,0,0,D,Transient,0,1,0,7,2.0,96.715,0,High,4,🏙️ Viajero Estándar,2,1354.01,0
Resort Hotel,10,2016,December,3,Male,HB,Groups,Direct,0,0,0,A,Transient-Party,0,0,0,1,1.0,44.0,0,High,1,⚡ Reserva de Última Hora,4,44.0,0
City Hotel,15,2016,November,22,Female,SC,Online TA,TA/TO,0,0,0,A,Transient,2,1,0,7,2.0,38.675,0,Low,4,🏙️ Viajero Estándar,0,541.4499999999999,2
Resort Hotel,3,2016,December,12,Male,BB,Corporate,Corporate,0,0,8,A,Transient,0,0,1,3,1.0,30.0,0,Low,1,⚡ Reserva de Última Hora,1,90.0,0
City Hotel,3,2016,August,26,Female,BB,Direct,Direct,0,0,0,E,Transient,2,1,0,3,2.0,97.5,0,Low,4,🏙️ Viajero Estándar,0,585.0,2
City Hotel,23,2017,March,22,Female,SC,Online TA,TA/TO,0,0,0,A,Transient,0,1,0,2,1.0,62.4,0,High,4,🏙️ Viajero Estándar,2,124.8,0
City Hotel,10,2016,May,6,Female,BB,Online TA,TA/TO,0,0,0,D,Transient,2,1,0,3,2.0,73.0,0,Low,4,🏙️ Viajero Estándar,0,438.0,2
City Hotel,3,2016,November,19,Female,SC,Online TA,TA/TO,0,0,0,A,Transient,1,1,0,1,2.0,47.5,0,Low,4,🏙️ Viajero Estándar,0,95.0,1
City Hotel,18,2017,January,14,Female,BB,Online TA,TA/TO,0,0,0,A,Transient,0,1,0,4,2.0,41.44,0,Low,4,🏙️ Viajero Estándar,0,331.52,0
City Hotel,180,2016,May,2,Female,BB,Offline TA/TO,TA/TO,0,0,0,A,Transient-Party,1,1,0,2,2.0,50.0,0,Medium,4,🏙️ Viajero Estándar,3,200.0,1
City Hotel,41,2016,December,27,Female,BB,Offline TA/TO,TA/TO,0,0,0,A,Transient-Party,1,1,0,1,2.0,32.5,0,Medium,4,🏙️ Viajero Estándar,1,65.0,1
City Hotel,20,2017,June,12,Male,BB,Direct,Direct,0,0,0,A,Transient,0,1,0,1,2.0,49.05,0,High,4,🏙️ Viajero Estándar,2,98.1,0
Resort Hotel,364,2016,October,12,Female,BB,Groups,Corporate,0,0,0,A,Transient-Party,0,0,1,7,2.0,36.0,0,Low,1,⚡ Reserva de Última Hora,5,504.0,0
City Hotel,31,2017,June,5,Female,SC,Online TA,TA/TO,0,0,0,A,Transient,2,1,0,4,2.0,62.5,0,Low,4,🏙️ Viajero Estándar,0,500.0,2
City Hotel,74,2017,April,16,Female,BB,Direct,Direct,0,0,0,E,Transient,0,1,0,1,4.0,48.75,1,Low,3,👨‍👩‍👧 Turista Familiar,0,195.0,1
Resort Hotel,0,2017,January,30,Male,BB,Direct,Direct,1,0,0,A,Transient,0,0,0,1,2.0,28.5,0,High,5,🏙️ Viajero Estándar,1,57.0,0
Resort Hotel,22,2016,August,17,Male,BB,Online TA,TA/TO,0,0,0,D,Transient,0,1,0,3,2.0,119.5,0,Low,4,🏙️ Viajero Estándar,0,717.0,0
Resort Hotel,136,2016,March,24,Female,Undefined,Offline TA/TO,TA/TO,0,0,0,A,Transient-Party,0,1,0,3,2.0,42.0,0,High,0,🗓️ Planificador Anticipado,4,252.0,0
Resort Hotel,3,2015,October,1,Female,BB,Corporate,Corporate,1,1,1,A,Transient-Party,0,0,1,1,1.0,48.0,0,High,5,🏙️ Viajero Estándar,4,48.0,0
Resort Hotel,0,2017,March,8,Female,BB,Corporate,Direct,0,0,0,A,Transient,0,0,1,1,1.0,35.0,0,High,1,⚡ Reserva de Última Hora,3,35.0,0
City Hotel,29,2016,March,23,Female,SC,Offline TA/TO,TA/TO,0,0,0,A,Transient,0,1,0,3,2.0,32.4,0,Low,4,🏙️ Viajero Estándar,0,194.39999999999998,0
City Hotel,0,2016,February,3,Female,BB,Direct,Direct,0,0,0,B,Transient-Party,0,0,0,2,1.0,22.5,0,High,1,⚡ Reserva de Última Hora,3,45.0,0
City Hotel,143,2017,May,4,Male,BB,Groups,TA/TO,0,0,0,A,Transient,0,1,0,3,2.0,50.0,0,High,4,🏙️ Viajero Estándar,5,300.0,0
Resort Hotel,243,2016,October,6,Male,BB,Groups,TA/TO,0,0,0,D,Transient-Party,0,1,0,5,1.0,53.1,0,Low,4,🏙️ Viajero Estándar,4,265.5,0
City Hotel,218,2016,June,9,Female,HB,Groups,TA/TO,0,1,0,A,Transient,0,1,0,2,2.0,67.5,0,High,0,🗓️ Planificador Anticipado,9,270.0,0
City Hotel,7,2017,April,14,Female,SC,Online TA,TA/TO,0,0,0,A,Transient,1,1,0,2,2.0,80.0,0,Low,4,🏙️ Viajero Estándar,0,320.0,1
Resort Hotel,60,2017,February,13,Female,BB,Online TA,TA/TO,0,0,0,G,Transient,0,1,0,5,4.0,22.0,1,Low,3,👨‍👩‍👧 Turista Familiar,0,440.0,1
City Hotel,316,2016,May,26,Male,BB,Groups,TA/TO,0,0,0,A,Transient-Party,0,1,0,3,2.0,55.0,0,Low,4,🏙️ Viajero Estándar,4,330.0,0
City Hotel,203,2017,January,2,Female,BB,Online TA,TA/TO,0,0,0,B,Transient,2,1,0,4,2.0,45.8,0,Low,4,🏙️ Viajero Estándar,2,366.4,2
City Hotel,212,2017,May,22,Male,HB,Online TA,TA/TO,0,0,0,A,Transient,2,1,0,6,2.0,65.4,0,Low,4,🏙️ Viajero Estándar,2,784.8000000000001,2
Resort Hotel,1,2016,November,18,Male,BB,Online TA,TA/TO,0,0,0,E,Transient,1,1,0,2,2.0,43.0,0,Low,4,🏙️ Viajero Estándar,0,172.0,1
Resort Hotel,8,2015,December,5,Female,HB,Groups,TA/TO,0,1,0,A,Transient-Party,0,1,0,3,2.0,34.0,0,High,0,🗓️ Planificador Anticipado,6,204.0,0
City Hotel,107,2017,July,9,Male,BB,Online TA,TA/TO,0,0,0,D,Transient,0,1,0,4,3.0,57.0,0,Low,4,🏙️ Viajero Estándar,0,684.0,0
City Hotel,3,2016,June,28,Female,BB,Online TA,TA/TO,0,0,0,D,Transient,2,1,0,4,2.0,79.25,0,High,4,🏙️ Viajero Estándar,1,634.0,2
City Hotel,258,2015,July,2,Male,BB,Groups,TA/TO,1,1,0,A,Transient-Party,0,1,0,2,2.0,31.4,0,High,5,🏙️ Viajero Estándar,7,125.6,0
City Hotel,41,2016,February,22,Male,BB,Online TA,TA/TO,0,0,0,B,Transient,0,1,0,5,4.0,34.875,1,Low,3,👨‍👩‍👧 Turista Familiar,0,697.5,1
Resort Hotel,219,2016,October,16,Female,HB,Groups,Corporate,0,0,0,E,Transient-Party,0,0,0,4,2.0,20.25,0,Low,1,⚡ Reserva de Última Hora,5,162.0,0
City Hotel,152,2016,August,19,Female,SC,Online TA,TA/TO,0,0,0,A,Transient,1,1,0,6,2.0,45.335,0,Low,4,🏙️ Viajero Estándar,2,544.02,1
City Hotel,33,2016,February,8,Male,BB,Online TA,TA/TO,0,0,0,D,Transient,2,1,0,5,3.0,25.076666666666668,1,Low,3,👨‍👩‍👧 Turista Familiar,0,376.15000000000003,3
Resort Hotel,37,2015,July,19,Male,HB,Direct,Direct,0,0,0,D,Transient,2,1,0,5,2.0,73.475,0,High,4,🏙️ Viajero Estándar,1,734.75,2
Resort Hotel,130,2015,September,9,Female,BB,Online TA,TA/TO,0,0,0,A,Transient,2,1,0,6,1.0,65.7,0,Low,4,🏙️ Viajero Estándar,1,394.20000000000005,2
City Hotel,7,2016,June,8,Female,BB,Groups,Direct,0,0,0,A,Transient,0,0,0,1,1.0,92.65,0,High,1,⚡ Reserva de Última Hora,4,92.65,0
City Hotel,14,2017,June,7,Male,BB,Corporate,Corporate,1,0,1,D,Transient,0,0,1,1,1.0,130.5,0,Low,5,🏙️ Viajero Estándar,0,130.5,0
City Hotel,47,2015,December,5,Female,BB,Groups,TA/TO,0,0,0,A,Transient-Party,0,1,0,3,1.0,0.0,0,High,4,🏙️ Viajero Estándar,3,0.0,0
Resort Hotel,213,2017,July,11,Male,BB,Online TA,TA/TO,0,0,0,E,Transient-Party,2,1,0,14,2.0,94.715,0,Low,2,💼 Viajero Premium,2,2652.02,2
City Hotel,247,2017,August,31,Female,BB,Offline TA/TO,TA/TO,0,0,0,A,Transient,0,1,0,4,2.0,43.425,0,Low,4,🏙️ Viajero Estándar,3,347.4,0
City Hotel,124,2016,August,8,Female,BB,Online TA,TA/TO,0,0,0,A,Transient,0,1,0,6,2.0,57.15,0,Low,4,🏙️ Viajero Estándar,2,685.8,0
City Hotel,201,2017,June,14,Male,BB,Groups,TA/TO,0,0,0,A,Transient,0,0,0,4,2.0,55.0,0,High,1,⚡ Reserva de Última Hora,7,440.0,0
City Hotel,170,2017,July,28,Female,HB,Offline TA/TO,TA/TO,0,0,0,A,Contract,2,1,0,7,3.0,36.66666666666666,1,Low,3,👨‍👩‍👧 Turista Familiar,1,769.9999999999998,3
Resort Hotel,23,2016,May,19,Female,BB,Online TA,TA/TO,0,0,0,A,Transient,0,1,0,2,2.0,46.5,0,High,4,🏙️ Viajero Estándar,2,186.0,0
City Hotel,39,2017,June,12,Female,BB,Offline TA/TO,TA/TO,0,0,0,A,Transient,0,1,0,3,2.0,54.0,0,Low,4,🏙️ Viajero Estándar,0,324.0,0
City Hotel,105,2017,May,19,Male,BB,Offline TA/TO,TA/TO,0,0,0,A,Transient,0,0,0,2,1.0,160.0,0,High,1,⚡ Reserva de Última Hora,3,320.0,0
City Hotel,199,2017,April,3,Male,BB,Offline TA/TO,TA/TO,0,0,0,A,Transient,0,1,0,4,2.0,37.5,0,Low,4,🏙️ Viajero Estándar,2,300.0,0
Resort Hotel,12,2017,March,25,Female,BB,Complementary,Direct,0,0,0,A,Transient,0,0,0,2,2.0,0.0,0,High,1,⚡ Reserva de Última Hora,3,0.0,0
Resort Hotel,55,2016,January,14,Male,HB,Offline TA/TO,TA/TO,0,0,0,A,Transient,0,1,0,7,2.0,27.7,0,Low,4,🏙️ Viajero Estándar,0,387.8,0
Resort Hotel,2,2017,June,7,Female,BB,Online TA,TA/TO,0,0,0,C,Transient,2,0,0,4,2.0,70.0,0,Low,1,⚡ Reserva de Última Hora,0,560.0,2
Resort Hotel,386,2016,October,20,Male,BB,Groups,Corporate,0,0,0,A,Transient-Party,0,0,0,4,2.0,24.5,0,High,1,⚡ Reserva de Última Hora,7,196.0,0
City Hotel,83,2017,April,9,Female,BB,Offline TA/TO,TA/TO,0,0,0,A,Transient,0,1,0,5,3.0,38.333333333333336,0,Low,4,🏙️ Viajero Estándar,0,575.0,0
City Hotel,144,2016,June,2,Female,SC,Online TA,TA/TO,0,0,0,A,Transient,0,1,0,3,2.0,47.7,0,Low,4,🏙️ Viajero Estándar,2,286.20000000000005,0
City Hotel,179,2016,September,30,Male,BB,Online TA,TA/TO,0,0,0,A,Transient,0,1,0,4,2.0,56.7,0,Low,4,🏙️ Viajero Estándar,2,453.6,0
City Hotel,138,2016,April,23,Female,BB,Offline TA/TO,TA/TO,0,0,0,A,Transient,0,1,0,3,2.0,35.5,0,Low,4,🏙️ Viajero Estándar,2,213.0,0
City Hotel,301,2016,July,30,Female,HB,Offline TA/TO,TA/TO,0,0,0,A,Transient-Party,1,1,0,2,2.0,57.5,0,Low,4,🏙️ Viajero Estándar,3,230.0,1
Resort Hotel,161,2017,August,23,Male,HB,Offline TA/TO,TA/TO,0,0,0,E,Transient,1,1,0,12,2.0,79.3,0,Low,2,💼 Viajero Premium,2,1903.1999999999998,1
City Hotel,135,2016,June,14,Female,BB,Online TA,TA/TO,0,0,0,A,Transient,1,1,0,4,2.0,46.14,0,High,4,🏙️ Viajero Estándar,4,369.12,1
City Hotel,138,2016,July,3,Male,BB,Online TA,TA/TO,0,0,0,A,Transient,1,1,0,4,2.0,48.665,0,Low,4,🏙️ Viajero Estándar,2,389.32,1
Resort Hotel,45,2016,March,1,Female,HB,Groups,Direct,0,0,0,E,Transient-Party,0,0,0,5,2.0,40.5,0,High,1,⚡ Reserva de Última Hora,4,405.0,0
City Hotel,222,2016,August,31,Female,BB,Online TA,TA/TO,0,0,0,A,Transient,1,1,0,3,2.0,48.15,0,Low,4,🏙️ Viajero Estándar,3,288.9,1
City Hotel,35,2016,March,8,Male,BB,Online TA,TA/TO,0,0,0,A,Transient,1,1,0,7,2.0,40.95,0,Low,4,🏙️ Viajero Estándar,0,573.3000000000001,1
City Hotel,228,2017,July,14,Male,BB,Online TA,TA/TO,0,0,0,A,Transient,1,1,0,2,2.0,53.55,0,Low,4,🏙️ Viajero Estándar,3,214.2,1
City Hotel,168,2017,May,26,Female,BB,Groups,TA/TO,0,0,0,A,Transient,0,0,1,3,2.0,70.0,0,High,1,⚡ Reserva de Última Hora,6,420.0,0
City Hotel,210,2017,June,19,Female,BB,Offline TA/TO,TA/TO,0,0,0,A,Transient,0,1,0,4,2.0,65.0,0,High,4,🏙️ Viajero Estándar,5,520.0,0
Resort Hotel,114,2016,May,19,Female,HB,Offline TA/TO,TA/TO,0,0,0,A,Contract,0,1,0,7,1.0,44.45,0,Low,0,🗓️ Planificador Anticipado,0,311.15000000000003,0
Resort Hotel,143,2015,July,30,Male,BB,Offline TA/TO,TA/TO,0,0,0,A,Transient-Party,1,1,0,5,2.0,45.475,0,Low,4,🏙️ Viajero Estándar,2,454.75,1
City Hotel,104,2017,August,17,Male,BB,Online TA,TA/TO,0,0,0,D,Transient,1,1,0,3,2.0,77.5,0,Low,4,🏙️ Viajero Estándar,0,465.0,1
City Hotel,141,2017,June,27,Female,BB,Groups,TA/TO,0,0,0,A,Transient,0,0,0,7,1.0,130.0,0,High,1,⚡ Reserva de Última Hora,6,910.0,0
City Hotel,9,2016,October,7,Male,BB,Online TA,TA/TO,0,0,0,D,Transient,2,1,0,2,2.0,92.0,0,Low,4,🏙️ Viajero Estándar,0,368.0,2
City Hotel,276,2015,July,20,Female,BB,Groups,TA/TO,0,1,0,A,Transient-Party,0,1,0,2,2.0,31.0,0,High,0,🗓️ Planificador Anticipado,9,124.0,0
City Hotel,19,2017,April,18,Female,SC,Online TA,TA/TO,0,0,0,A,Transient,1,1,0,3,1.0,79.8,0,Low,4,🏙️ Viajero Estándar,0,239.39999999999998,1
City Hotel,54,2017,April,25,Male,BB,Online TA,TA/TO,0,0,0,D,Transient,3,1,0,4,2.0,74.375,0,Low,4,🏙️ Viajero Estándar,0,595.0,3
Resort Hotel,49,2015,August,27,Female,BB,Offline TA/TO,TA/TO,0,0,0,A,Contract,0,1,0,7,2.0,45.195,0,Low,0,🗓️ Planificador Anticipado,0,632.73,0
City Hotel,8,2017,January,17,Female,SC,Online TA,GDS,0,0,0,A,Transient,0,1,0,1,1.0,70.0,0,Low,4,🏙️ Viajero Estándar,0,70.0,0
City Hotel,193,2015,October,15,Male,BB,Offline TA/TO,TA/TO,0,0,0,A,Transient,0,1,0,3,2.0,32.5,0,Low,4,🏙️ Viajero Estándar,2,195.0,0
City Hotel,101,2017,April,27,Female,BB,Offline TA/TO,TA/TO,0,0,0,A,Transient,0,1,0,3,2.0,42.5,0,Low,4,🏙️ Viajero Estándar,0,255.0,0
Resort Hotel,6,2016,December,13,Male,BB,Corporate,Corporate,1,0,3,A,Transient,1,0,1,2,1.0,30.0,0,High,5,🏙️ Viajero Estándar,1,60.0,1
Resort Hotel,0,2017,January,27,Female,BB,Online TA,TA/TO,0,0,0,E,Transient-Party,1,1,0,1,1.0,76.0,0,High,4,🏙️ Viajero Estándar,2,76.0,1
Resort Hotel,2,2015,December,2,Female,BB,Corporate,Corporate,0,0,0,A,Transient,0,0,0,1,1.0,38.0,0,High,1,⚡ Reserva de Última Hora,3,38.0,0
City Hotel,115,2015,July,29,Female,BB,Online TA,TA/TO,0,0,0,A,Transient,1,1,0,7,2.0,38.25,0,Low,4,🏙️ Viajero Estándar,0,535.5,1
Resort Hotel,45,2016,October,26,Female,BB,Online TA,TA/TO,0,0,0,E,Transient,2,1,0,5,2.0,47.0,0,Low,4,🏙️ Viajero Estándar,0,470.0,2
City Hotel,216,2017,May,11,Female,BB,Online TA,TA/TO,0,0,0,D,Transient,0,1,0,6,2.0,73.8,0,Low,4,🏙️ Viajero Estándar,3,885.5999999999999,0
City Hotel,80,2016,November,19,Male,BB,Online TA,TA/TO,0,0,0,A,Transient,1,1,0,3,2.0,46.8,0,Low,4,🏙️ Viajero Estándar,0,280.79999999999995,1
City Hotel,81,2016,May,15,Female,BB,Groups,TA/TO,0,0,0,A,Transient-Party,1,1,0,2,2.0,45.0,0,Low,4,🏙️ Viajero Estándar,1,180.0,1
City Hotel,2,2017,April,5,Female,BB,Complementary,Direct,1,0,11,A,Transient,2,0,1,1,1.0,0.0,0,High,5,🏙️ Viajero Estándar,0,0.0,2
Resort Hotel,4,2016,March,14,Male,BB,Online TA,TA/TO,1,0,1,A,Group,0,1,0,2,1.0,34.4,0,High,5,🏙️ Viajero Estándar,0,68.8,0
Resort Hotel,6,2015,November,15,Male,HB,Offline TA/TO,TA/TO,0,0,0,D,Transient,0,1,0,7,2.0,34.5,0,Low,4,🏙️ Viajero Estándar,0,483.0,0
City Hotel,290,2016,December,1,Female,BB,Online TA,TA/TO,0,0,0,D,Transient,0,1,0,4,2.0,43.35,0,Low,4,🏙️ Viajero Estándar,3,346.8,0
City Hotel,190,2016,August,10,Male,BB,Online TA,TA/TO,0,0,0,E,Transient,2,1,0,7,4.0,29.3775,1,Low,3,👨‍👩‍👧 Turista Familiar,1,822.57,3
City Hotel,29,2017,January,18,Female,BB,Groups,TA/TO,0,0,0,A,Transient-Party,0,1,0,3,1.0,65.0,0,Low,4,🏙️ Viajero Estándar,1,195.0,0
Resort Hotel,60,2017,June,5,Female,BB,Online TA,TA/TO,0,0,0,A,Transient,2,1,0,9,1.0,147.0,0,Low,4,🏙️ Viajero Estándar,0,1323.0,2
City Hotel,152,2017,June,27,Male,BB,Offline TA/TO,TA/TO,0,0,0,A,Transient,0,1,0,5,2.0,40.05,0,Low,4,🏙️ Viajero Estándar,2,400.5,0
Resort Hotel,117,2015,August,20,Female,BB,Online TA,TA/TO,0,0,0,A,Transient,2,1,0,2,2.0,60.3,0,Low,4,🏙️ Viajero Estándar,0,241.2,2
City Hotel,2,2015,December,11,Male,BB,Offline TA/TO,TA/TO,0,0,0,A,Transient-Party,0,1,0,1,1.0,75.0,0,High,4,🏙️ Viajero Estándar,2,75.0,0
City Hotel,69,2015,October,25,Female,BB,Groups,TA/TO,0,0,0,A,Transient-Party,0,1,0,3,1.0,75.33,0,High,4,🏙️ Viajero Estándar,3,225.99,0
City Hotel,121,2015,December,27,Female,BB,Online TA,TA/TO,0,0,0,A,Contract,1,1,0,4,2.0,36.125,0,High,0,🗓️ Planificador Anticipado,4,289.0,1
City Hotel,137,2016,August,15,Male,BB,Direct,Direct,0,0,0,B,Transient-Party,0,1,0,2,3.0,40.21,0,Low,4,🏙️ Viajero Estándar,2,241.26,0
City Hotel,24,2016,February,13,Female,BB,Direct,Direct,0,0,0,D,Transient,2,1,0,1,2.0,38.25,0,High,4,🏙️ Viajero Estándar,1,76.5,2
City Hotel,158,2016,August,8,Male,BB,Direct,Direct,0,0,0,G,Transient,0,1,0,3,5.0,50.58,1,Low,3,👨‍👩‍👧 Turista Familiar,2,758.6999999999999,1
City Hotel,23,2016,May,7,Male,BB,Online TA,TA/TO,0,0,0,F,Transient,0,1,0,4,4.0,49.725,1,Low,3,👨‍👩‍👧 Turista Familiar,0,795.6,1
Resort Hotel,294,2016,June,21,Female,BB,Online TA,TA/TO,0,0,0,A,Transient,1,1,0,5,1.0,64.8,0,Low,4,🏙️ Viajero Estándar,3,324.0,1
Resort Hotel,90,2015,August,30,Male,BB,Online TA,TA/TO,0,0,0,E,Transient,1,1,0,3,2.0,66.165,0,High,4,🏙️ Viajero Estándar,2,396.99,1
City Hotel,182,2016,April,27,Female,BB,Offline TA/TO,TA/TO,0,1,0,A,Transient,0,1,0,4,2.0,37.5,0,High,0,🗓️ Planificador Anticipado,7,300.0,0
City Hotel,36,2016,November,26,Male,BB,Offline TA/TO,TA/TO,0,0,0,A,Transient,0,1,0,3,2.0,36.0,0,Low,4,🏙️ Viajero Estándar,0,216.0,0
Resort Hotel,156,2016,December,22,Male,BB,Direct,Direct,0,0,0,E,Transient-Party,2,1,0,5,2.0,32.11,0,Low,4,🏙️ Viajero Estándar,1,321.1,2
City Hotel,5,2015,September,20,Female,BB,Corporate,Corporate,1,1,0,A,Transient,0,1,0,2,2.0,50.0,0,High,5,🏙️ Viajero Estándar,3,200.0,0
City Hotel,22,2015,November,17,Female,BB,Corporate,Corporate,0,0,0,A,Transient-Party,0,0,1,1,1.0,62.0,0,Low,1,⚡ Reserva de Última Hora,1,62.0,0
Resort Hotel,223,2017,June,6,Female,BB,Offline TA/TO,TA/TO,0,0,0,D,Contract,0,1,0,21,2.0,46.75,0,High,2,💼 Viajero Premium,5,1963.5,0
Resort Hotel,0,2017,March,20,Female,BB,Direct,Direct,1,0,0,A,Transient,0,0,0,1,1.0,70.0,0,High,5,🏙️ Viajero Estándar,1,70.0,0
Resort Hotel,1,2016,May,8,Female,BB,Offline TA/TO,TA/TO,0,0,0,A,Transient-Party,1,1,0,2,1.0,48.6,0,High,4,🏙️ Viajero Estándar,2,97.2,1
Resort Hotel,95,2016,December,24,Female,BB,Online TA,TA/TO,0,0,0,A,Transient,2,1,0,2,2.0,28.9,0,Low,4,🏙️ Viajero Estándar,0,115.6,2
City Hotel,73,2017,March,6,Male,SC,Online TA,TA/TO,0,0,0,A,Transient,0,1,0,4,2.0,37.4,0,Low,4,🏙️ Viajero Estándar,0,299.2,0
City Hotel,111,2016,May,21,Female,BB,Online TA,TA/TO,0,0,0,D,Transient,1,1,0,2,2.0,70.2,0,Low,4,🏙️ Viajero Estándar,0,280.8,1
City Hotel,35,2017,January,2,Female,HB,Online TA,TA/TO,0,0,0,A,Transient,3,1,0,5,2.0,64.85,0,Low,4,🏙️ Viajero Estándar,0,648.5,3
Resort Hotel,67,2016,November,18,Female,HB,Groups,TA/TO,0,0,0,A,Transient-Party,0,1,0,3,2.0,25.0,0,Low,4,🏙️ Viajero Estándar,1,150.0,0
City Hotel,21,2017,February,21,Male,BB,Online TA,TA/TO,0,0,0,A,Transient,0,1,0,2,2.0,40.0,0,Low,4,🏙️ Viajero Estándar,0,160.0,0
City Hotel,8,2016,January,27,Female,BB,Online TA,TA/TO,0,0,0,A,Transient,1,1,0,6,2.0,36.6,0,High,4,🏙️ Viajero Estándar,2,439.20000000000005,1
City Hotel,14,2017,February,3,Female,BB,Direct,Direct,0,0,0,A,Transient,1,0,0,1,2.0,42.0,0,High,1,⚡ Reserva de Última Hora,3,84.0,1
City Hotel,80,2017,March,31,Male,BB,Offline TA/TO,TA/TO,0,0,0,A,Transient,0,1,0,2,2.0,45.0,0,High,4,🏙️ Viajero Estándar,2,180.0,0
City Hotel,104,2016,October,11,Female,BB,Online TA,TA/TO,0,0,0,D,Transient,0,1,0,7,2.0,66.15,0,Low,4,🏙️ Viajero Estándar,0,926.1000000000001,0
City Hotel,81,2016,March,25,Female,BB,Offline TA/TO,TA/TO,0,0,0,A,Transient-Party,0,1,0,4,2.0,32.5,0,High,4,🏙️ Viajero Estándar,2,260.0,0
City Hotel,594,2017,February,23,Female,BB,Groups,TA/TO,0,0,0,A,Transient,0,1,0,1,1.0,59.0,0,High,4,🏙️ Viajero Estándar,6,59.0,0
City Hotel,0,2017,March,17,Female,BB,Direct,Direct,0,0,0,A,Transient,0,0,0,1,2.0,6.0,0,High,1,⚡ Reserva de Última Hora,3,12.0,0
Resort Hotel,75,2015,September,22,Female,BB,Online TA,TA/TO,0,0,0,A,Transient,2,1,0,7,2.0,45.355,0,Low,4,🏙️ Viajero Estándar,0,634.9699999999999,2
City Hotel,48,2017,April,24,Female,BB,Direct,Direct,0,0,0,A,Transient,0,0,0,4,1.0,91.2,0,Low,1,⚡ Reserva de Última Hora,1,364.8,0
Resort Hotel,318,2017,June,2,Male,BB,Direct,Direct,0,0,0,D,Transient,0,1,0,7,2.0,48.455,0,Low,4,🏙️ Viajero Estándar,3,678.37,0
City Hotel,183,2016,July,26,Female,BB,Online TA,TA/TO,0,0,0,D,Transient,1,1,0,2,3.0,45.9,0,Low,4,🏙️ Viajero Estándar,2,275.4,1
City Hotel,6,2016,November,16,Female,SC,Online TA,GDS,0,0,0,E,Transient,0,1,0,1,1.0,120.0,0,Low,4,🏙️ Viajero Estándar,0,120.0,0
City Hotel,13,2016,June,12,Female,BB,Online TA,TA/TO,0,0,0,A,Transient,0,1,0,2,1.0,115.0,0,Low,4,🏙️ Viajero Estándar,0,230.0,0
Resort Hotel,27,2015,July,27,Male,BB,Online TA,TA/TO,0,0,0,A,Transient,0,1,0,4,2.0,76.5,0,Low,4,🏙️ Viajero Estándar,0,612.0,0
Resort Hotel,5,2015,September,16,Female,BB,Online TA,TA/TO,0,0,0,A,Transient,2,1,0,1,2.0,33.3,0,Low,4,🏙️ Viajero Estándar,0,66.6,2
City Hotel,86,2016,June,17,Male,BB,Online TA,TA/TO,0,0,0,A,Transient,1,1,0,5,2.0,63.45,0,Low,4,🏙️ Viajero Estándar,0,634.5,1
City Hotel,150,2016,October,3,Female,BB,Online TA,TA/TO,0,0,0,A,Transient,2,1,0,3,2.0,59.4,0,Medium,4,🏙️ Viajero Estándar,2,356.4,2
City Hotel,14,2017,August,9,Male,BB,Offline TA/TO,TA/TO,0,0,0,G,Transient,0,1,0,3,4.0,68.975,0,High,4,🏙️ Viajero Estándar,2,827.6999999999999,0
Resort Hotel,277,2015,October,6,Male,HB,Groups,Direct,0,0,0,D,Transient-Party,0,1,0,7,2.0,34.37,0,Low,4,🏙️ Viajero Estándar,4,481.17999999999995,0
Resort Hotel,333,2016,July,15,Female,BB,Online TA,TA/TO,0,0,0,D,Transient,2,1,0,3,2.0,57.75,0,High,4,🏙️ Viajero Estándar,4,346.5,2
City Hotel,256,2016,October,18,Female,SC,Online TA,TA/TO,0,0,0,A,Transient,1,1,0,7,2.0,41.59,0,Low,4,🏙️ Viajero Estándar,3,582.26,1
City Hotel,434,2017,June,3,Male,BB,Groups,TA/TO,0,0,0,A,Transient-Party,1,1,0,3,2.0,56.335,0,Low,4,🏙️ Viajero Estándar,4,338.01,1
Resort Hotel,258,2016,June,12,Female,BB,Online TA,TA/TO,0,0,0,A,Transient,2,1,0,1,2.0,32.4,0,Low,4,🏙️ Viajero Estándar,2,64.8,2
