hotel,lead_time,arrival_date_year,arrival_date_month,arrival_date_day_of_month,gender_account,meal,market_segment,distribution_channel,is_repeated_guest,previous_cancellations,previous_bookings_not_canceled,reserved_room_type,customer_type,total_of_special_requests,has_agent,has_company,total_nights,total_guests,adr_per_guest,is_family_booking,country_risk
Resort Hotel,203,2016,December,2,Female,BB,Direct,Direct,0,0,0,F,Transient,0,1,0,7,2.0,33.4,0,Low
City Hotel,82,2015,July,16,Female,BB,Online TA,TA/TO,0,0,0,A,Transient,0,1,0,3,2.0,38.25,0,High
City Hotel,25,2016,December,27,Female,BB,Offline TA/TO,TA/TO,0,0,0,A,Transient-Party,1,1,0,3,3.0,20.0,0,Medium
City Hotel,1,2016,March,9,Female,BB,Online TA,TA/TO,0,0,0,A,Transient-Party,0,1,0,1,1.0,95.0,0,Low
City Hotel,70,2017,April,16,Female,SC,Online TA,TA/TO,0,0,0,A,Transient,0,1,0,4,2.0,54.0,0,Low
City Hotel,170,2017,April,27,Female,BB,Online TA,TA/TO,0,0,0,D,Transient,0,1,0,3,2.0,65.25,0,Low
City Hotel,21,2016,March,4,Female,BB,Online TA,TA/TO,0,0,0,A,Transient-Party,0,1,0,1,1.0,85.0,0,Low
City Hotel,102,2015,October,16,Female,HB,Offline TA/TO,TA/TO,0,0,0,A,Transient-Party,0,1,0,2,2.0,54.5,0,Low
Resort Hotel,55,2016,November,19,Female,HB,Online TA,TA/TO,0,0,0,D,Transient,0,1,0,7,2.0,33.72,0,Low
Resort Hotel,222,2015,September,14,Male,HB,Groups,TA/TO,0,0,0,A,Transient,0,1,0,2,2.0,40.0,0,Low
Resort Hotel,120,2016,December,26,Male,BB,Online TA,TA/TO,0,0,0,D,Transient-Party,3,1,0,4,2.0,27.4,0,Low
City Hotel,88,2017,February,17,Female,SC,Online TA,TA/TO,0,0,0,A,Transient,0,1,0,2,2.0,39.6,0,Low
Resort Hotel,79,2015,December,24,Female,HB,Offline TA/TO,TA/TO,0,0,0,A,Transient,2,1,0,7,2.0,28.645,0,Low
City Hotel,41,2016,August,15,Female,BB,Offline TA/TO,TA/TO,0,0,0,A,Transient,0,1,0,3,2.0,38.25,0,High
City Hotel,239,2015,October,17,Male,BB,Groups,TA/TO,0,1,0,A,Transient,0,1,0,1,2.0,30.0,0,High
Resort Hotel,23,2017,April,20,Female,BB,Groups,Direct,0,0,0,A,Transient-Party,0,0,0,2,2.0,49.5,0,Low
Resort Hotel,34,2016,December,9,Female,BB,Online TA,TA/TO,0,0,0,A,Transient,1,1,0,1,2.0,24.0,0,High
City Hotel,38,2016,May,6,Male,HB,Online TA,TA/TO,0,0,0,A,Transient,0,1,0,5,3.0,49.89333333333334,1,Low
City Hotel,160,2017,July,15,Female,BB,Online TA,TA/TO,0,0,0,A,Transient,1,1,0,7,2.0,39.175,0,Low
Resort Hotel,32,2016,October,27,Male,BB,Direct,Direct,0,0,0,F,Transient,0,1,0,7,2.0,45.925,0,Low
Resort Hotel,56,2016,March,29,Male,BB,Online TA,TA/TO,0,0,0,A,Transient,1,1,0,4,2.0,29.0,0,High
City Hotel,97,2015,October,5,Male,BB,Groups,TA/TO,0,0,0,A,Transient,0,1,0,4,1.0,140.0,0,High
Resort Hotel,85,2017,April,19,Male,BB,Direct,Direct,0,0,0,E,Transient-Party,1,0,0,5,2.0,37.3,0,Low
City Hotel,278,2017,July,26,Male,BB,Online TA,TA/TO,0,0,0,D,Transient,2,1,0,4,3.0,55.199999999999996,0,Low
City Hotel,175,2016,August,10,Female,BB,Online TA,TA/TO,0,0,0,A,Transient,0,1,0,4,2.0,49.725,0,Low
City Hotel,26,2017,May,22,Female,BB,Offline TA/TO,TA/TO,0,0,0,A,Transient,0,1,0,2,2.0,64.0,0,High
City Hotel,360,2015,October,12,Female,BB,Groups,TA/TO,0,1,0,A,Contract,0,1,0,2,2.0,31.0,0,High
Resort Hotel,378,2016,November,1,Female,BB,Groups,TA/TO,0,0,0,A,Transient,0,1,0,2,2.0,23.0,0,High
City Hotel,32,2016,January,24,Female,BB,Corporate,Corporate,0,0,0,A,Transient-Party,0,1,0,3,2.0,32.0,0,Low
Resort Hotel,165,2015,December,30,Male,Undefined,Groups,TA/TO,0,0,0,A,Transient-Party,0,1,0,4,1.0,0.0,0,High
City Hotel,4,2015,August,25,Female,BB,Groups,TA/TO,0,0,0,A,Transient-Party,0,1,0,4,2.0,31.0,0,High
City Hotel,179,2016,July,1,Male,BB,Groups,TA/TO,0,0,0,A,Transient,0,1,0,2,2.0,32.5,0,High
City Hotel,349,2016,October,4,Male,BB,Offline TA/TO,TA/TO,0,0,0,A,Transient-Party,0,1,0,6,2.0,61.665,0,Low
City Hotel,47,2016,February,18,Female,BB,Online TA,TA/TO,0,0,0,D,Transient,0,1,0,3,2.0,45.15,0,Low
City Hotel,237,2015,September,14,Female,BB,Online TA,TA/TO,0,0,0,A,Transient-Party,0,1,0,3,1.0,80.75,0,Low
City Hotel,31,2016,September,27,Female,BB,Online TA,TA/TO,0,0,0,A,Transient,0,1,0,1,2.0,63.0,0,Low
City Hotel,158,2016,July,1,Female,BB,Online TA,TA/TO,0,0,0,F,Transient,1,1,0,3,4.0,42.075,1,Low
City Hotel,25,2016,December,13,Male,BB,Online TA,TA/TO,0,0,0,A,Transient,1,1,0,4,1.0,79.9,0,Low
City Hotel,386,2016,October,23,Female,HB,Offline TA/TO,TA/TO,0,0,0,A,Transient-Party,1,1,0,2,2.0,57.5,0,Low
Resort Hotel,10,2016,September,13,Female,BB,Online TA,TA/TO,0,0,0,A,Transient,0,1,0,2,2.0,54.5,0,Low
City Hotel,76,2016,March,20,Male,BB,Online TA,TA/TO,0,0,0,D,Transient,1,1,0,5,2.0,55.075,0,Low
City Hotel,42,2017,April,21,Female,BB,Online TA,TA/TO,0,0,0,D,Transient,2,1,0,3,2.0,78.335,0,Medium
Resort Hotel,210,2016,August,22,Male,HB,Online TA,TA/TO,0,0,0,E,Transient,2,1,0,11,2.0,96.365,0,High
City Hotel,4,2016,June,26,Female,SC,Online TA,TA/TO,0,0,0,A,Transient,1,1,0,2,1.0,113.0,0,Low
City Hotel,33,2016,May,29,Female,BB,Offline TA/TO,TA/TO,0,0,0,A,Transient,0,1,0,3,2.0,42.75,0,High
City Hotel,7,2016,December,17,Female,SC,Online TA,TA/TO,0,0,0,A,Transient,1,1,0,2,2.0,39.0,0,High
City Hotel,21,2015,December,17,Male,BB,Corporate,Corporate,0,0,0,A,Transient-Party,0,0,1,2,1.0,65.0,0,High
City Hotel,160,2015,December,30,Female,BB,Offline TA/TO,TA/TO,0,0,0,A,Transient-Party,0,1,0,3,2.0,35.0,0,High
Resort Hotel,28,2016,May,19,Male,BB,Offline TA/TO,TA/TO,0,0,0,A,Transient,2,1,0,7,3.0,26.633333333333336,0,Low
City Hotel,274,2015,July,18,Male,BB,Groups,TA/TO,0,1,0,A,Transient-Party,0,1,0,4,2.0,31.0,0,High
City Hotel,155,2017,July,17,Male,SC,Online TA,TA/TO,0,0,0,A,Transient,1,1,0,2,2.0,44.55,0,Low
Resort Hotel,48,2016,September,30,Male,BB,Online TA,TA/TO,0,0,0,E,Transient,0,1,0,5,2.0,53.5,0,Low
Resort Hotel,25,2016,January,14,Male,BB,Online TA,TA/TO,0,0,0,G,Transient,1,1,0,2,4.0,19.75,1,Low
Resort Hotel,154,2016,July,11,Female,BB,Offline TA/TO,TA/TO,0,0,0,A,Transient,0,1,0,3,2.0,32.4,0,Low
City Hotel,1,2015,December,29,Female,BB,Groups,TA/TO,0,0,0,B,Transient,2,1,0,4,3.0,24.166666666666668,1,High
City Hotel,364,2015,October,16,Female,HB,Offline TA/TO,TA/TO,0,1,0,A,Transient-Party,0,1,0,2,2.0,50.75,0,High
City Hotel,18,2016,December,11,Female,BB,Offline TA/TO,TA/TO,0,0,0,A,Transient-Party,0,1,0,1,2.0,40.0,0,High
City Hotel,21,2017,January,2,Female,BB,Online TA,TA/TO,0,0,0,A,Transient,2,1,0,4,2.0,45.05,0,Low
City Hotel,15,2017,February,17,Male,BB,Offline TA/TO,TA/TO,0,0,0,A,Transient,0,1,0,2,2.0,47.5,0,High
City Hotel,22,2017,March,16,Female,BB,Offline TA/TO,TA/TO,0,0,0,A,Transient,1,1,0,7,2.0,34.0,0,Low
Resort Hotel,80,2017,August,26,Female,BB,Offline TA/TO,TA/TO,0,0,0,D,Contract,1,1,0,4,2.0,67.5,0,High
City Hotel,25,2015,December,8,Male,BB,Offline TA/TO,TA/TO,0,1,0,A,Transient,0,1,0,2,1.0,90.0,0,High
Resort Hotel,164,2015,November,9,Male,HB,Online TA,TA/TO,0,0,0,A,Transient,0,1,0,7,2.0,30.6,0,Low
City Hotel,69,2016,May,14,Male,BB,Online TA,TA/TO,0,0,0,A,Transient,1,1,0,3,3.0,53.1,0,Low
Resort Hotel,3,2016,May,20,Female,BB,Online TA,TA/TO,0,0,0,A,Transient,0,1,0,2,2.0,44.5,0,Low
Resort Hotel,206,2016,March,21,Female,BB,Online TA,TA/TO,0,0,0,A,Transient,1,1,0,7,2.0,21.345,0,High
City Hotel,157,2017,May,1,Male,BB,Groups,TA/TO,0,0,0,A,Transient,0,1,0,4,2.0,65.0,0,High
City Hotel,30,2016,May,21,Female,BB,Online TA,TA/TO,0,0,0,A,Transient,0,1,0,4,3.0,44.52666666666667,1,Medium
City Hotel,1,2017,May,9,Male,SC,Online TA,TA/TO,0,0,0,A,Transient,0,1,0,1,1.0,95.0,0,Low
Resort Hotel,32,2016,April,19,Male,HB,Groups,Direct,0,0,0,D,Transient-Party,0,1,0,7,2.0,19.11,0,Low
Resort Hotel,53,2016,June,7,Female,BB,Online TA,TA/TO,0,0,0,A,Transient,1,1,0,2,2.0,64.5,0,Low
Resort Hotel,246,2015,September,5,Male,BB,Offline TA/TO,TA/TO,0,1,0,A,Transient-Party,0,1,0,7,2.0,29.475,0,Low
City Hotel,304,2016,November,3,Female,BB,Offline TA/TO,TA/TO,0,0,0,A,Transient,0,1,0,3,2.0,44.5,0,High
City Hotel,127,2017,July,25,Female,BB,Offline TA/TO,TA/TO,0,0,0,D,Transient,0,1,0,3,2.0,49.05,0,Low
Resort Hotel,0,2017,January,17,Female,BB,Direct,Direct,1,0,1,A,Transient,0,0,0,1,1.0,57.0,0,Low
City Hotel,113,2016,September,7,Male,BB,Offline TA/TO,TA/TO,0,0,0,A,Transient,0,1,0,5,2.0,59.4,0,High
City Hotel,272,2017,July,12,Female,BB,Online TA,TA/TO,0,0,0,F,Transient-Party,2,1,0,3,4.0,44.775,1,Low
City Hotel,11,2016,November,5,Male,BB,Online TA,TA/TO,0,0,0,A,Transient,1,1,0,1,3.0,50.0,1,Low
City Hotel,98,2015,November,23,Male,BB,Groups,TA/TO,0,0,0,A,Transient-Party,0,1,0,3,1.0,70.0,0,High
City Hotel,292,2015,August,5,Male,BB,Groups,TA/TO,0,1,0,A,Transient-Party,0,1,0,2,2.0,31.0,0,High
City Hotel,16,2016,December,4,Female,BB,Online TA,TA/TO,0,0,0,A,Transient,1,1,0,2,3.0,39.6,1,Low
City Hotel,70,2016,April,22,Female,BB,Online TA,TA/TO,0,0,0,A,Transient,0,1,0,4,2.0,48.665,0,Low
Resort Hotel,49,2015,July,20,Female,FB,Offline TA/TO,TA/TO,0,0,0,D,Transient,0,1,0,9,2.0,55.6,0,High
City Hotel,379,2015,October,31,Female,BB,Groups,TA/TO,0,1,0,A,Transient,0,1,0,2,2.0,31.0,0,High
Resort Hotel,289,2017,July,25,Female,BB,Online TA,TA/TO,0,0,0,E,Transient,0,1,0,4,3.0,57.6,1,Low
Resort Hotel,108,2016,April,29,Male,HB,Groups,TA/TO,0,0,0,A,Transient,0,0,0,4,2.0,42.0,0,High
Resort Hotel,128,2016,December,8,Male,BB,Online TA,TA/TO,0,0,0,D,Transient,2,1,0,3,2.0,18.02,0,Low
Resort Hotel,18,2016,April,9,Female,BB,Offline TA/TO,TA/TO,0,0,0,A,Contract,0,1,0,5,1.0,33.3,0,Low
Resort Hotel,46,2017,August,12,Male,BB,Offline TA/TO,TA/TO,0,0,0,A,Transient,0,1,0,7,2.0,106.0,0,High
City Hotel,4,2015,August,11,Female,BB,Online TA,TA/TO,0,0,0,A,Contract,2,1,0,5,2.0,45.0,0,Low
City Hotel,332,2017,April,22,Female,BB,Online TA,TA/TO,0,0,0,A,Transient,0,1,0,2,3.0,41.699999999999996,1,Low
City Hotel,28,2017,February,13,Male,BB,Offline TA/TO,TA/TO,0,0,0,A,Transient,0,1,0,3,2.0,37.5,0,Low
Resort Hotel,1,2015,October,13,Male,BB,Online TA,TA/TO,0,0,0,D,Transient,1,1,0,1,2.0,33.0,0,Low
City Hotel,53,2015,October,9,Female,BB,Online TA,TA/TO,0,0,0,A,Contract,0,1,0,3,2.0,47.25,0,Low
Resort Hotel,260,2015,December,20,Male,BB,Online TA,TA/TO,0,0,0,D,Transient,1,1,0,13,1.0,47.54,0,High
Resort Hotel,166,2016,August,27,Female,BB,Offline TA/TO,TA/TO,0,0,0,A,Transient-Party,0,1,0,4,1.0,100.8,0,Low
City Hotel,76,2017,July,16,Female,BB,Direct,Direct,0,0,0,A,Transient,0,1,0,5,2.0,54.0,0,Low
City Hotel,1,2015,August,9,Female,BB,Online TA,TA/TO,0,0,0,F,Transient,2,1,0,1,4.0,38.25,1,High
City Hotel,172,2017,April,13,Female,BB,Online TA,TA/TO,0,0,0,A,Transient,2,1,0,3,3.0,51.0,1,Low
City Hotel,2,2016,March,20,Female,BB,Offline TA/TO,TA/TO,0,0,0,A,Transient-Party,0,1,0,6,2.0,42.5,0,High
Resort Hotel,4,2017,June,6,Female,BB,Offline TA/TO,TA/TO,1,0,3,A,Transient,2,1,0,3,1.0,108.0,0,High
City Hotel,175,2017,August,31,Female,BB,Offline TA/TO,TA/TO,0,0,0,A,Transient,2,1,0,4,2.0,43.425,0,Low
City Hotel,97,2015,October,5,Female,BB,Groups,TA/TO,0,0,0,A,Transient,0,1,0,4,1.0,140.0,0,High
Resort Hotel,2,2015,October,9,Female,BB,Groups,Corporate,0,0,1,A,Transient,0,0,1,1,1.0,48.0,0,High
Resort Hotel,8,2015,July,7,Male,BB,Online TA,TA/TO,0,0,0,H,Transient,1,1,0,4,5.0,38.6,1,Low
Resort Hotel,468,2016,May,12,Female,HB,Groups,TA/TO,0,1,0,A,Transient-Party,0,1,0,2,2.0,33.5,0,High
Resort Hotel,36,2016,June,9,Male,BB,Online TA,TA/TO,0,0,0,F,Transient,1,1,0,3,3.0,51.01,1,Low
City Hotel,262,2015,November,9,Female,BB,Groups,TA/TO,0,1,0,A,Transient,0,1,0,3,2.0,31.4,0,High
City Hotel,91,2016,March,18,Female,BB,Groups,TA/TO,0,0,0,A,Transient,0,1,0,2,1.0,75.0,0,High
City Hotel,50,2016,April,12,Male,HB,Online TA,TA/TO,0,0,0,A,Transient,2,1,0,3,3.0,54.75,1,Low
City Hotel,32,2016,October,22,Male,BB,Direct,Direct,0,0,0,A,Transient,2,0,0,7,2.0,59.0,0,Low
City Hotel,19,2015,October,6,Female,BB,Offline TA/TO,TA/TO,1,1,0,A,Transient,0,1,0,3,1.0,80.0,0,High
City Hotel,61,2016,April,30,Female,BB,Offline TA/TO,TA/TO,0,0,0,A,Transient,1,1,0,2,2.0,44.875,0,Low
City Hotel,297,2017,July,21,Male,BB,Direct,Direct,0,0,0,A,Transient,0,1,0,4,3.0,34.03333333333333,1,Low
City Hotel,131,2017,June,8,Male,BB,Online TA,TA/TO,0,0,0,A,Transient,1,1,0,3,2.0,72.0,0,Low
Resort Hotel,228,2016,September,5,Female,HB,Direct,Direct,0,0,1,D,Transient,1,0,0,21,2.0,44.0,0,Low
City Hotel,330,2016,June,2,Male,BB,Groups,TA/TO,0,0,0,A,Transient,0,1,0,2,2.0,31.0,0,High
City Hotel,53,2016,May,18,Female,BB,Online TA,TA/TO,0,0,0,A,Transient,0,1,0,2,2.0,63.45,0,Medium
City Hotel,144,2016,June,26,Male,SC,Online TA,TA/TO,0,0,0,A,Transient-Party,1,1,0,2,2.0,42.75,0,Low
Resort Hotel,36,2015,December,27,Male,HB,Offline TA/TO,TA/TO,0,0,0,A,Transient,0,1,0,2,2.0,27.7,0,Low
City Hotel,313,2017,April,29,Female,BB,Offline TA/TO,TA/TO,0,0,0,A,Transient,0,1,0,3,2.0,45.0,0,High
Resort Hotel,32,2016,April,19,Female,HB,Groups,Direct,0,0,0,D,Transient-Party,0,1,0,7,2.0,34.68,0,High
City Hotel,524,2016,December,15,Female,BB,Groups,TA/TO,0,0,0,A,Transient,0,1,0,2,2.0,31.4,0,High
City Hotel,56,2017,March,21,Female,BB,Offline TA/TO,TA/TO,0,0,0,A,Transient,0,1,0,3,2.0,42.5,0,High
City Hotel,138,2016,August,18,Female,BB,Online TA,TA/TO,0,0,0,D,Transient,0,1,0,2,3.0,47.4,0,Low
City Hotel,156,2016,August,21,Female,SC,Online TA,TA/TO,0,0,0,A,Transient,0,1,0,3,2.0,51.75,0,Low
City Hotel,164,2015,October,2,Female,BB,Offline TA/TO,TA/TO,0,0,0,A,Transient-Party,0,1,0,2,1.0,100.0,0,High
Resort Hotel,8,2015,November,25,Male,BB,Corporate,Corporate,0,0,7,A,Transient,1,0,1,1,1.0,35.0,0,Low
Resort Hotel,2,2016,November,18,Female,HB,Direct,TA/TO,0,0,0,A,Transient,2,0,0,2,2.0,36.9,0,Low
City Hotel,391,2016,July,27,Female,BB,Groups,TA/TO,0,0,0,A,Transient,0,1,0,2,2.0,32.5,0,High
City Hotel,66,2016,November,24,Female,BB,Offline TA/TO,TA/TO,0,0,0,A,Transient,0,1,0,3,2.0,37.5,0,Low
City Hotel,256,2016,August,31,Female,BB,Online TA,TA/TO,0,0,0,A,Transient-Party,0,1,0,4,2.0,45.475,0,Low
City Hotel,94,2016,August,23,Male,BB,Online TA,TA/TO,0,0,0,A,Transient,0,1,0,2,2.0,58.95,0,Low
Resort Hotel,94,2017,February,13,Female,HB,Groups,TA/TO,0,0,0,A,Transient-Party,0,1,0,4,3.0,29.333333333333332,0,Low
City Hotel,56,2016,March,3,Male,BB,Groups,Corporate,0,0,0,A,Transient-Party,0,0,0,4,2.0,36.0,0,Low
City Hotel,191,2017,April,6,Male,BB,Online TA,TA/TO,0,0,0,A,Transient,0,1,0,5,2.0,44.2,0,High
Resort Hotel,9,2016,July,1,Female,BB,Online TA,TA/TO,0,0,0,F,Transient,1,1,0,2,2.0,84.5,0,High
City Hotel,81,2016,October,30,Female,BB,Direct,Direct,0,0,0,A,Transient,0,1,0,3,2.0,39.9,0,Low
City Hotel,150,2016,January,18,Male,BB,Offline TA/TO,TA/TO,0,0,0,A,Transient-Party,0,1,0,5,1.0,80.0,0,High
Resort Hotel,210,2017,August,19,Male,HB,Offline TA/TO,TA/TO,0,0,0,A,Transient,0,1,0,7,3.0,62.413333333333334,0,High
City Hotel,448,2017,June,17,Female,BB,Groups,TA/TO,0,0,0,A,Transient-Party,1,1,0,3,2.0,56.335,0,Low
City Hotel,152,2016,July,10,Male,BB,Online TA,TA/TO,0,0,0,D,Transient,3,1,0,4,2.0,67.15,0,High
City Hotel,14,2015,September,4,Female,HB,Online TA,TA/TO,0,0,0,A,Transient,3,1,0,4,2.0,56.5,0,Low
City Hotel,135,2017,April,21,Female,BB,Groups,TA/TO,0,0,0,A,Transient,0,1,0,3,2.0,45.0,0,High
City Hotel,36,2016,September,28,Male,BB,Groups,TA/TO,0,0,0,A,Transient-Party,0,1,0,3,2.0,43.5,0,Low
City Hotel,70,2016,January,27,Female,BB,Offline TA/TO,TA/TO,0,0,0,D,Transient,0,1,0,7,2.0,26.0,0,Low
Resort Hotel,236,2016,May,12,Female,BB,Groups,TA/TO,0,0,0,A,Transient-Party,0,1,0,3,2.0,27.0,0,Low
City Hotel,1,2017,February,3,Male,BB,Online TA,TA/TO,0,0,0,A,Transient,1,1,0,3,2.0,58.5,0,Low
City Hotel,316,2017,May,10,Female,BB,Online TA,TA/TO,0,0,0,D,Transient,1,1,0,2,2.0,61.65,0,High
City Hotel,200,2015,October,2,Female,BB,Online TA,TA/TO,0,0,0,A,Transient,1,1,0,3,2.0,44.625,0,Low
City Hotel,277,2016,November,7,Female,BB,Groups,TA/TO,0,0,0,A,Transient,0,0,0,3,2.0,50.0,0,High
City Hotel,2,2015,August,9,Female,BB,Direct,Direct,0,0,0,E,Transient,2,0,0,1,2.0,33.75,0,High
Resort Hotel,242,2017,May,1,Female,HB,Offline TA/TO,TA/TO,0,0,0,E,Transient,1,1,0,14,2.0,42.075,0,Low
City Hotel,4,2016,February,7,Male,BB,Online TA,TA/TO,0,0,0,A,Transient,1,1,0,4,1.0,76.22,0,Low
City Hotel,56,2016,June,8,Female,BB,Offline TA/TO,Corporate,0,0,0,A,Transient-Party,0,1,0,1,2.0,60.0,0,High
City Hotel,253,2016,September,26,Male,BB,Online TA,TA/TO,0,0,0,A,Transient,0,1,0,3,1.0,2.0,0,Low
City Hotel,357,2017,May,24,Male,BB,Online TA,TA/TO,0,0,0,A,Transient,1,1,0,2,2.0,54.9,0,Low
City Hotel,118,2017,June,10,Male,BB,Online TA,TA/TO,0,0,0,A,Transient,0,1,0,1,2.0,80.0,0,Low
Resort Hotel,170,2017,July,16,Male,HB,Offline TA/TO,TA/TO,0,0,0,E,Transient,0,1,0,15,2.0,81.9,0,Low
Resort Hotel,207,2016,October,4,Male,HB,Offline TA/TO,TA/TO,0,0,0,A,Transient,0,1,0,6,2.0,35.0,0,Low
City Hotel,87,2017,April,15,Male,BB,Groups,TA/TO,0,0,0,A,Transient,0,1,0,4,2.0,47.5,0,High
City Hotel,37,2017,March,15,Male,BB,Groups,TA/TO,0,0,0,A,Transient,0,1,0,2,2.0,55.0,0,High
City Hotel,110,2017,April,10,Female,SC,Online TA,TA/TO,0,0,0,A,Transient,1,1,0,3,2.0,49.5,0,Low
Resort Hotel,0,2015,November,4,Male,BB,Online TA,TA/TO,0,0,0,A,Transient,1,1,0,2,1.0,44.1,0,High
City Hotel,74,2015,September,18,Female,HB,Offline TA/TO,TA/TO,0,0,0,A,Transient-Party,0,1,0,2,2.0,50.75,0,High
Resort Hotel,143,2017,March,5,Female,HB,Offline TA/TO,TA/TO,0,0,0,D,Transient,0,1,0,7,2.0,26.2,0,Low
City Hotel,2,2015,December,11,Male,SC,Online TA,TA/TO,0,0,0,A,Transient,0,1,0,1,2.0,47.0,0,High
City Hotel,344,2016,June,16,Female,BB,Groups,TA/TO,0,0,0,A,Transient,0,1,0,2,2.0,31.0,0,High
City Hotel,43,2016,November,29,Male,BB,Online TA,TA/TO,0,0,0,A,Transient,1,1,0,15,1.0,74.8,0,Low
City Hotel,100,2017,August,1,Female,SC,Online TA,TA/TO,0,0,0,A,Transient-Party,0,1,0,7,2.0,62.5,0,Low
City Hotel,92,2015,July,1,Male,BB,Online TA,TA/TO,0,0,0,A,Transient,2,1,0,6,2.0,38.25,0,High
City Hotel,215,2017,April,14,Male,SC,Online TA,TA/TO,0,0,0,A,Transient,1,1,0,4,2.0,55.0,0,Low
Resort Hotel,208,2016,April,19,Female,HB,Groups,Direct,0,0,0,E,Transient,0,1,0,7,2.0,30.15,0,High
City Hotel,158,2017,March,27,Female,BB,Groups,TA/TO,0,0,0,A,Transient-Party,1,1,0,2,2.0,47.5,0,Low
Resort Hotel,78,2015,October,9,Female,FB,Groups,TA/TO,0,0,0,A,Transient,0,1,0,3,2.0,46.0,0,Low
Resort Hotel,49,2015,July,27,Female,BB,Online TA,TA/TO,0,0,0,A,Transient,0,1,0,6,2.0,59.085,0,High
Resort Hotel,0,2017,February,17,Male,BB,Direct,Direct,0,0,0,E,Transient,0,0,0,3,2.0,38.0,0,Low
City Hotel,133,2017,July,7,Female,BB,Online TA,TA/TO,0,0,0,A,Transient,2,1,0,3,2.0,53.55,0,Low
City Hotel,80,2017,January,20,Female,BB,Online TA,TA/TO,0,0,0,A,Transient,0,1,0,2,2.0,46.8,0,Low
Resort Hotel,199,2016,May,2,Female,HB,Groups,TA/TO,0,0,0,A,Transient-Party,0,1,0,2,2.0,42.5,0,High
Resort Hotel,40,2016,July,22,Male,BB,Online TA,TA/TO,0,0,0,D,Transient,0,1,0,6,2.0,97.0,0,Low
City Hotel,2,2016,November,2,Male,BB,Aviation,Corporate,0,0,0,D,Transient,0,0,1,2,1.0,94.0,0,High
City Hotel,13,2016,March,27,Female,BB,Offline TA/TO,TA/TO,0,0,0,A,Transient,0,1,0,4,2.0,39.575,0,Low
City Hotel,5,2016,November,6,Female,SC,Online TA,TA/TO,0,0,0,A,Transient,1,1,0,5,2.0,53.34,0,Low
City Hotel,153,2015,August,3,Male,BB,Groups,TA/TO,0,1,0,A,Transient,0,1,0,3,2.0,30.0,0,High
City Hotel,54,2016,February,8,Female,BB,Online TA,TA/TO,0,0,0,A,Transient,1,1,0,5,2.0,37.975,0,Low
Resort Hotel,10,2017,February,12,Male,BB,Online TA,TA/TO,0,0,0,A,Transient,1,1,0,1,2.0,24.0,0,High
Resort Hotel,23,2016,August,4,Female,HB,Online TA,TA/TO,0,0,0,A,Transient,0,1,0,3,3.0,90.89999999999999,1,High
City Hotel,235,2016,August,6,Male,BB,Online TA,TA/TO,0,0,0,A,Transient-Party,2,1,0,2,2.0,52.65,0,High
City Hotel,242,2016,October,28,Female,BB,Online TA,TA/TO,0,0,0,D,Transient,1,1,0,4,3.0,31.709999999999997,1,Low
City Hotel,185,2017,May,12,Female,SC,Online TA,TA/TO,0,0,0,A,Transient,0,1,0,5,2.0,57.15,0,Low
City Hotel,16,2016,October,29,Male,BB,Online TA,TA/TO,0,0,0,A,Transient,2,1,0,3,2.0,70.0,0,Low
City Hotel,229,2017,July,12,Male,BB,Groups,TA/TO,0,0,0,A,Transient,0,0,0,5,2.0,55.0,0,High
City Hotel,158,2016,May,24,Male,BB,Groups,TA/TO,0,0,0,A,Transient,0,1,0,2,1.0,130.0,0,High
City Hotel,17,2015,September,26,Female,BB,Groups,TA/TO,0,0,0,A,Transient-Party,0,1,0,4,1.0,170.0,0,Low
Resort Hotel,149,2017,July,26,Female,BB,Direct,Direct,0,0,0,C,Transient,0,1,0,4,4.0,52.8125,1,Low
Resort Hotel,163,2015,October,23,Female,BB,Online TA,TA/TO,0,0,0,A,Transient-Party,1,1,0,3,1.0,47.0,0,Low
Resort Hotel,1,2016,August,11,Female,BB,Direct,Direct,0,0,0,A,Transient,0,1,0,1,1.0,149.0,0,High
Resort Hotel,81,2016,April,3,Female,BB,Online TA,TA/TO,0,0,0,A,Transient,1,1,0,5,2.0,26.1,0,High
City Hotel,91,2017,April,2,Male,BB,Online TA,TA/TO,0,0,0,A,Transient,4,1,0,4,2.0,58.5,0,Low
City Hotel,122,2016,April,15,Female,BB,Offline TA/TO,TA/TO,0,0,0,A,Transient-Party,0,1,0,2,2.0,42.5,0,High
City Hotel,143,2016,November,17,Male,BB,Online TA,TA/TO,0,0,0,A,Transient,1,1,0,1,1.0,84.6,0,Medium
Resort Hotel,120,2015,August,4,Female,BB,Offline TA/TO,TA/TO,0,0,0,A,Transient-Party,1,1,0,7,2.0,45.475,0,Low
City Hotel,113,2016,February,25,Female,BB,Offline TA/TO,TA/TO,0,1,0,A,Transient,0,1,0,3,2.0,37.5,0,High
City Hotel,395,2016,March,21,Female,BB,Groups,TA/TO,0,1,0,A,Transient,0,1,0,3,2.0,31.4,0,High
City Hotel,391,2016,August,4,Female,BB,Groups,TA/TO,0,0,0,A,Transient,0,1,0,1,1.0,59.0,0,High
City Hotel,71,2017,July,7,Male,BB,Online TA,TA/TO,0,0,0,D,Transient,1,1,0,3,2.0,75.0,0,Low
Resort Hotel,7,2017,March,2,Male,BB,Groups,Corporate,0,0,0,A,Transient-Party,0,0,1,4,1.0,29.0,0,Low
City Hotel,151,2015,July,25,Male,HB,Groups,TA/TO,0,1,0,A,Transient-Party,0,1,0,3,2.0,43.0,0,High
City Hotel,169,2017,June,8,Female,BB,Offline TA/TO,TA/TO,0,0,0,A,Transient,0,1,0,3,2.0,85.0,0,High
City Hotel,158,2016,May,25,Female,BB,Online TA,TA/TO,0,0,0,A,Transient,1,1,0,4,3.0,38.25,1,Low
Resort Hotel,50,2016,October,29,Male,BB,Online TA,TA/TO,0,0,0,E,Transient,1,1,0,1,2.0,44.0,0,Low
City Hotel,0,2017,July,2,Female,SC,Direct,Direct,0,0,0,B,Transient,0,0,0,1,2.0,49.0,0,High
City Hotel,73,2017,July,24,Female,BB,Online TA,TA/TO,0,0,0,A,Transient,0,1,0,4,2.0,73.75,0,Low
City Hotel,0,2016,April,28,Female,BB,Offline TA/TO,TA/TO,0,0,0,A,Transient-Party,2,1,0,1,1.0,45.0,0,Low
Resort Hotel,0,2017,May,5,Female,BB,Online TA,TA/TO,0,0,0,A,Transient,0,1,0,2,2.0,40.0,0,High
City Hotel,316,2016,May,19,Female,BB,Groups,TA/TO,0,0,0,A,Transient,0,1,0,2,2.0,31.0,0,High
City Hotel,158,2017,March,27,Female,BB,Groups,TA/TO,0,0,0,A,Transient-Party,0,1,0,2,2.0,47.5,0,Low
Resort Hotel,43,2017,January,27,Male,BB,Online TA,TA/TO,0,0,0,A,Transient-Party,0,1,0,3,2.0,24.0,0,Low
Resort Hotel,219,2016,March,2,Male,HB,Offline TA/TO,TA/TO,0,0,0,A,Transient,0,1,0,7,2.0,26.0,0,High
City Hotel,288,2016,May,5,Female,BB,Groups,TA/TO,0,0,0,A,Transient-Party,0,1,0,3,2.0,32.5,0,High
Resort Hotel,162,2016,March,24,Female,Undefined,Groups,TA/TO,0,0,0,A,Transient-Party,0,0,0,3,2.0,42.0,0,Low
City Hotel,97,2016,August,5,Female,BB,Online TA,TA/TO,0,0,0,D,Transient,1,1,0,3,3.0,50.1,0,Low
Resort Hotel,21,2017,July,17,Male,BB,Online TA,TA/TO,0,0,0,E,Transient,1,1,0,4,2.0,115.0,0,Low
City Hotel,214,2016,November,20,Female,BB,Groups,Corporate,0,0,0,A,Transient,0,0,1,3,1.0,75.0,0,Low
City Hotel,1,2016,December,29,Female,SC,Online TA,TA/TO,0,0,0,A,Transient,1,1,0,2,2.0,60.0,0,Low
City Hotel,18,2017,February,17,Male,BB,Direct,Direct,0,0,0,D,Transient,0,1,0,2,2.0,49.44,0,Low
City Hotel,142,2016,May,6,Female,BB,Online TA,TA/TO,0,0,0,D,Transient,0,1,0,3,2.0,57.15,0,Low
City Hotel,99,2017,May,30,Female,HB,Online TA,TA/TO,0,0,0,A,Transient,2,1,0,4,2.0,84.6,0,Low
Resort Hotel,320,2017,July,4,Male,BB,Online TA,TA/TO,0,0,0,A,Transient,0,1,0,3,2.0,46.69,0,Low
City Hotel,211,2016,May,20,Male,BB,Offline TA/TO,TA/TO,0,0,0,A,Transient,0,1,0,2,2.0,50.0,0,High
Resort Hotel,198,2016,October,15,Male,BB,Online TA,TA/TO,0,0,0,D,Transient-Party,0,1,0,7,2.0,34.0,0,Low
City Hotel,37,2016,June,29,Female,BB,Offline TA/TO,TA/TO,0,0,0,A,Transient,1,1,0,1,3.0,37.199999999999996,0,Low
City Hotel,408,2017,May,30,Female,BB,Groups,TA/TO,0,0,0,A,Transient,0,1,0,1,2.0,45.0,0,High
City Hotel,27,2017,February,23,Female,BB,Online TA,TA/TO,0,0,0,D,Transient,0,1,0,3,2.0,59.0,0,Medium
City Hotel,110,2015,July,25,Male,HB,Offline TA/TO,TA/TO,0,0,0,A,Transient-Party,0,1,0,3,2.0,47.25,0,Medium
City Hotel,129,2017,June,2,Female,BB,Groups,TA/TO,0,0,0,A,Transient,0,1,0,3,2.0,65.0,0,High
Resort Hotel,275,2015,October,4,Female,HB,Offline TA/TO,TA/TO,0,26,0,A,Transient,0,1,0,2,2.0,25.0,0,High
City Hotel,152,2016,July,11,Male,BB,Online TA,TA/TO,0,0,0,A,Transient-Party,2,1,0,2,2.0,49.5,0,High
Resort Hotel,43,2017,June,11,Male,BB,Online TA,TA/TO,0,0,0,A,Transient,1,1,0,7,2.0,70.0,0,Low
City Hotel,19,2016,February,13,Female,BB,Direct,Direct,0,0,0,D,Transient,2,0,0,1,2.0,50.25,0,High
City Hotel,107,2016,June,10,Female,BB,Offline TA/TO,TA/TO,0,0,0,A,Transient-Party,0,1,0,2,1.0,120.0,0,Low
City Hotel,16,2016,February,27,Male,BB,Direct,Direct,0,0,0,D,Transient,0,1,0,7,1.0,101.0,0,Low
City Hotel,281,2016,April,14,Male,BB,Groups,TA/TO,0,0,0,A,Transient,0,1,0,2,2.0,31.0,0,High
City Hotel,1,2017,August,27,Female,SC,Online TA,TA/TO,0,0,0,A,Transient,0,1,0,1,1.0,80.1,0,Low
City Hotel,88,2017,June,17,Female,HB,Online TA,TA/TO,0,0,0,A,Transient,0,1,0,1,3.0,68.10000000000001,1,Low
Resort Hotel,4,2016,August,23,Female,BB,Corporate,Corporate,0,0,0,A,Transient,0,0,1,1,1.0,138.0,0,High
City Hotel,111,2017,May,14,Female,BB,Online TA,TA/TO,0,0,0,D,Transient,0,1,0,3,2.0,58.8,0,Low
City Hotel,74,2015,September,18,Male,HB,Offline TA/TO,TA/TO,0,0,0,A,Transient-Party,0,1,0,2,2.0,54.5,0,High
Resort Hotel,190,2017,July,17,Female,Undefined,Direct,Direct,0,0,0,D,Transient,0,1,0,7,3.0,91.48333333333333,0,Low
Resort Hotel,11,2015,December,6,Male,BB,Offline TA/TO,TA/TO,0,0,0,D,Transient,0,1,0,2,2.0,18.5,0,Low
City Hotel,46,2017,March,6,Female,BB,Online TA,TA/TO,0,0,0,D,Transient,0,1,0,7,2.0,50.15,0,High
Resort Hotel,240,2016,October,21,Male,HB,Offline TA/TO,TA/TO,0,0,0,E,Contract,2,1,0,7,2.0,42.475,0,Low
City Hotel,279,2015,July,23,Male,BB,Groups,TA/TO,0,1,0,A,Contract,0,1,0,2,2.0,31.0,0,High
City Hotel,2,2015,November,9,Female,BB,Direct,Direct,0,0,0,A,Transient,0,1,0,11,2.0,47.905,0,High
Resort Hotel,54,2015,August,18,Female,HB,Online TA,TA/TO,0,0,0,A,Transient,1,1,0,5,2.0,75.615,0,Low
City Hotel,9,2017,February,8,Male,BB,Direct,Direct,0,0,0,B,Transient,0,1,0,4,2.0,45.55,0,Low
City Hotel,64,2016,October,31,Male,BB,Online TA,TA/TO,0,0,0,D,Transient,4,1,0,3,2.0,52.8,0,Low
City Hotel,594,2017,February,23,Male,BB,Groups,TA/TO,0,0,0,A,Transient,0,1,0,2,2.0,31.0,0,High
City Hotel,23,2016,February,12,Female,BB,Online TA,TA/TO,0,0,0,A,Transient,0,1,0,3,2.0,36.4,0,Low
Resort Hotel,30,2015,August,28,Male,BB,Direct,Direct,0,0,0,A,Transient,3,1,0,1,2.0,57.5,0,Low
City Hotel,4,2017,April,12,Male,SC,Online TA,TA/TO,0,0,0,A,Transient,2,1,0,3,2.0,78.335,0,Low
City Hotel,84,2017,May,12,Male,BB,Online TA,TA/TO,0,0,0,D,Transient,0,1,0,2,3.0,63.0,0,Medium
City Hotel,92,2016,November,29,Male,BB,Groups,TA/TO,0,0,0,A,Transient,0,0,1,3,2.0,45.0,0,High
City Hotel,4,2016,September,13,Female,BB,Online TA,TA/TO,0,0,0,D,Transient,1,1,0,3,2.0,87.335,0,Low
City Hotel,32,2016,November,11,Female,BB,Online TA,TA/TO,0,0,0,A,Transient,1,1,0,2,2.0,65.0,0,Low
Resort Hotel,0,2017,February,22,Female,BB,Direct,Direct,0,0,0,E,Transient,0,0,0,1,2.0,40.0,0,Low
City Hotel,8,2017,April,13,Female,SC,Online TA,TA/TO,0,0,0,A,Transient,1,1,0,4,2.0,92.625,0,Low
City Hotel,73,2016,July,12,Male,SC,Direct,Direct,0,0,0,A,Transient,1,1,0,1,2.0,52.5,0,Low
City Hotel,184,2017,May,28,Female,BB,Groups,TA/TO,0,0,0,A,Transient,0,1,0,5,2.0,65.0,0,High
City Hotel,85,2015,July,24,Male,BB,Online TA,TA/TO,0,0,0,A,Transient,0,1,0,5,2.0,38.25,0,High
Resort Hotel,11,2016,January,15,Female,BB,Online TA,TA/TO,0,0,0,H,Transient,0,1,0,2,4.0,17.8,1,High
City Hotel,4,2016,July,27,Female,BB,Online TA,TA/TO,0,0,0,D,Transient,1,1,0,3,3.0,59.0,0,Low
City Hotel,26,2015,October,31,Female,BB,Online TA,TA/TO,0,0,0,A,Contract,1,1,0,7,2.0,47.98,0,Medium
City Hotel,36,2017,March,14,Female,BB,Online TA,TA/TO,0,0,0,D,Transient,0,1,0,4,2.0,53.34,0,Low
Resort Hotel,55,2016,October,3,Female,BB,Online TA,TA/TO,0,0,0,D,Transient,2,1,0,9,1.0,89.0,0,Low
City Hotel,135,2017,June,30,Female,BB,Groups,TA/TO,0,0,0,A,Transient,0,1,0,1,2.0,65.0,0,High
City Hotel,130,2016,September,3,Female,BB,Offline TA/TO,TA/TO,0,0,0,A,Transient,0,1,0,3,2.0,40.375,0,Low
City Hotel,25,2017,January,6,Male,BB,Direct,Direct,0,0,0,G,Transient,0,1,0,2,2.0,99.0,0,Low
City Hotel,248,2017,April,9,Female,BB,Groups,TA/TO,0,0,0,A,Transient-Party,1,1,0,2,2.0,40.0,0,Low
Resort Hotel,92,2016,February,26,Female,Undefined,Groups,TA/TO,0,1,0,A,Transient,0,1,0,3,2.0,39.5,0,High
City Hotel,233,2015,November,7,Female,BB,Groups,TA/TO,0,0,0,A,Transient-Party,0,1,0,2,2.0,30.0,0,High
City Hotel,131,2016,August,22,Male,SC,Online TA,TA/TO,0,0,0,A,Transient,0,1,0,4,2.0,46.125,0,High
City Hotel,183,2016,September,8,Female,BB,Offline TA/TO,TA/TO,0,0,0,A,Transient-Party,1,1,0,3,2.0,55.0,0,Low
City Hotel,355,2015,October,7,Female,BB,Groups,TA/TO,0,1,0,A,Transient-Party,0,1,0,2,2.0,31.0,0,High
City Hotel,0,2017,March,24,Female,BB,Online TA,TA/TO,1,0,0,A,Transient,0,1,0,0,0.0,0.0,0,High
City Hotel,61,2017,January,8,Male,BB,Offline TA/TO,TA/TO,0,0,0,A,Transient,0,1,0,5,2.0,36.0,0,Low
City Hotel,96,2017,April,26,Female,BB,Groups,TA/TO,0,0,0,A,Transient,0,1,0,2,2.0,65.0,0,High
City Hotel,150,2016,June,14,Female,BB,Online TA,TA/TO,0,0,0,D,Transient,2,1,0,6,2.0,60.915,0,Low
City Hotel,181,2016,October,11,Female,BB,Offline TA/TO,TA/TO,0,0,0,A,Transient-Party,0,1,0,2,1.0,120.0,0,Low
City Hotel,6,2015,December,31,Male,BB,Online TA,TA/TO,0,0,0,D,Transient,1,1,0,2,2.0,68.5,0,Low
City Hotel,39,2015,August,14,Female,HB,Offline TA/TO,TA/TO,0,0,0,A,Transient-Party,0,1,0,2,2.0,54.5,0,Low
City Hotel,19,2017,May,12,Female,BB,Online TA,TA/TO,0,0,0,D,Transient,1,1,0,7,2.0,92.145,0,Low
City Hotel,286,2015,July,30,Male,BB,Groups,TA/TO,0,1,0,A,Contract,0,1,0,2,2.0,31.0,0,High
City Hotel,37,2016,October,13,Male,BB,Offline TA/TO,TA/TO,0,0,0,A,Transient-Party,0,1,0,3,2.0,52.5,0,High
City Hotel,102,2015,October,16,Female,HB,Offline TA/TO,TA/TO,0,0,0,A,Transient-Party,0,1,0,2,2.0,54.5,0,Low
City Hotel,280,2016,September,19,Female,BB,Offline TA/TO,TA/TO,0,0,0,A,Transient,0,1,0,3,2.0,55.0,0,High
City Hotel,1,2017,February,26,Female,BB,Direct,Direct,0,0,0,A,Transient,1,1,0,2,3.0,41.0,1,Low
City Hotel,59,2017,January,23,Female,BB,Groups,TA/TO,0,0,0,A,Transient,0,1,0,2,2.0,40.0,0,High
Resort Hotel,50,2017,February,25,Male,BB,Direct,Direct,0,0,0,A,Transient,1,1,0,3,3.0,13.200000000000001,1,High
City Hotel,37,2016,July,1,Female,BB,Online TA,TA/TO,0,0,0,D,Transient,0,1,0,1,2.0,65.7,0,Medium
City Hotel,330,2015,September,12,Female,BB,Groups,TA/TO,0,1,0,A,Transient-Party,0,1,0,3,2.0,31.4,0,High
City Hotel,50,2015,October,24,Female,BB,Groups,Direct,0,0,0,A,Transient,0,0,0,2,2.0,37.5,0,High
City Hotel,25,2017,August,14,Female,SC,Online TA,TA/TO,0,0,0,A,Transient,1,1,0,3,2.0,84.5,0,Low
City Hotel,151,2016,July,4,Female,BB,Direct,Direct,0,0,0,F,Transient,0,1,0,1,4.0,42.975,1,Low
Resort Hotel,6,2015,December,6,Male,BB,Online TA,TA/TO,0,1,0,D,Transient,0,1,0,2,2.0,27.2,0,High
City Hotel,153,2017,July,9,Female,SC,Online TA,TA/TO,0,0,0,A,Transient,0,1,0,1,2.0,44.55,0,Low
City Hotel,70,2016,September,15,Male,BB,Online TA,TA/TO,0,0,0,D,Transient,0,1,0,2,2.0,74.7,0,High
City Hotel,62,2016,May,19,Female,SC,Online TA,TA/TO,0,0,0,A,Transient,0,1,0,1,1.0,116.1,0,Low
City Hotel,104,2017,March,19,Male,BB,Offline TA/TO,TA/TO,0,0,0,A,Transient-Party,0,1,0,7,1.0,65.0,0,Low
City Hotel,83,2015,September,30,Male,HB,Offline TA/TO,TA/TO,0,0,0,A,Transient-Party,0,1,0,1,2.0,56.1,0,High
City Hotel,69,2017,April,7,Female,BB,Online TA,TA/TO,0,0,0,D,Transient,1,1,0,2,3.0,54.0,0,Low
City Hotel,5,2016,August,26,Male,SC,Online TA,TA/TO,0,0,0,A,Transient,1,1,0,3,2.0,48.38,0,High
City Hotel,77,2015,August,3,Female,BB,Online TA,TA/TO,0,0,0,A,Transient,0,1,0,17,2.0,38.25,0,High
Resort Hotel,167,2015,September,17,Female,HB,Offline TA/TO,TA/TO,0,0,0,D,Contract,3,1,0,14,2.0,34.0,0,Low
City Hotel,72,2016,June,1,Male,BB,Online TA,TA/TO,0,0,0,D,Transient,0,1,0,3,2.0,54.055,0,Low
City Hotel,3,2017,January,24,Male,SC,Online TA,TA/TO,0,0,0,A,Transient,0,1,0,1,1.0,88.0,0,High
Resort Hotel,256,2015,August,1,Female,BB,Online TA,TA/TO,0,1,0,G,Transient-Party,1,1,0,9,4.0,49.75,1,High
Resort Hotel,109,2015,July,4,Male,BB,Online TA,TA/TO,0,0,0,A,Transient,1,1,0,8,2.0,61.5,0,High
City Hotel,4,2015,August,17,Male,BB,Online TA,TA/TO,0,0,0,A,Contract,3,1,0,4,2.0,61.0,0,Low
City Hotel,13,2015,October,6,Female,BB,Offline TA/TO,TA/TO,0,0,0,D,Transient,1,1,0,3,2.0,37.5,0,Low
Resort Hotel,2,2017,February,27,Female,HB,Online TA,TA/TO,0,0,0,A,Transient,1,1,0,1,2.0,46.0,0,Low
City Hotel,265,2015,July,9,Female,BB,Groups,TA/TO,0,1,0,A,Contract,0,1,0,2,2.0,31.0,0,High
City Hotel,3,2016,September,22,Female,BB,Corporate,Corporate,0,0,0,D,Transient,0,0,1,1,1.0,166.25,0,High
City Hotel,105,2016,April,6,Female,BB,Offline TA/TO,TA/TO,0,0,0,A,Transient,0,1,0,1,2.0,37.5,0,High
City Hotel,178,2017,July,13,Female,HB,Direct,Direct,0,0,0,E,Transient,3,1,0,7,4.0,53.5,1,Low
City Hotel,29,2016,December,2,Female,BB,Corporate,TA/TO,0,0,0,A,Transient-Party,1,0,0,2,1.0,66.18,0,Low
Resort Hotel,61,2016,March,14,Female,BB,Offline TA/TO,TA/TO,0,0,0,D,Transient,1,1,0,4,2.0,17.575,0,Low
City Hotel,82,2017,March,5,Male,BB,Online TA,TA/TO,0,0,0,A,Transient,0,1,0,6,2.0,45.9,0,Low
Resort Hotel,111,2015,October,23,Male,BB,Online TA,TA/TO,0,0,0,A,Transient,1,1,0,3,2.0,22.5,0,High
City Hotel,61,2016,December,16,Female,BB,Direct,Direct,0,0,0,A,Transient,0,1,0,3,2.0,39.6,0,Low
City Hotel,197,2017,March,16,Female,SC,Online TA,TA/TO,0,0,0,A,Transient,2,1,0,3,2.0,39.6,0,Low
Resort Hotel,86,2017,March,9,Female,Undefined,Groups,TA/TO,0,0,0,A,Transient,0,1,0,3,2.0,23.0,0,High
City Hotel,247,2016,June,6,Female,HB,Offline TA/TO,TA/TO,0,0,0,A,Transient-Party,1,1,0,2,2.0,57.5,0,Low
City Hotel,280,2017,August,16,Male,BB,Online TA,TA/TO,0,0,0,A,Transient,0,1,0,6,2.0,56.55,0,Medium
City Hotel,27,2016,July,23,Female,BB,Online TA,TA/TO,0,0,0,D,Transient,2,1,0,1,3.0,62.333333333333336,0,High
Resort Hotel,41,2016,September,23,Female,BB,Online TA,TA/TO,0,0,0,E,Transient,1,1,0,1,1.0,139.0,0,Low
City Hotel,78,2017,April,29,Female,BB,Groups,TA/TO,0,0,0,A,Transient,0,1,0,3,2.0,45.0,0,High
Resort Hotel,19,2017,August,31,Female,HB,Online TA,TA/TO,0,0,0,A,Transient,0,1,0,3,2.0,82.8,0,Low
City Hotel,220,2016,September,17,Male,HB,Offline TA/TO,TA/TO,0,0,0,A,Transient-Party,0,1,0,3,1.0,128.0,0,Medium
City Hotel,133,2016,October,23,Male,BB,Direct,Direct,0,0,0,D,Transient,0,1,0,4,2.0,54.19,0,Low
Resort Hotel,213,2016,May,16,Male,HB,Groups,TA/TO,0,0,0,A,Transient-Party,0,1,0,2,1.0,54.5,0,Low
City Hotel,23,2016,January,2,Female,HB,Offline TA/TO,TA/TO,0,0,0,A,Transient-Party,0,1,0,3,2.0,54.5,0,Medium
Resort Hotel,238,2017,February,10,Female,HB,Groups,TA/TO,0,0,0,A,Transient,0,1,0,2,2.0,27.0,0,High
City Hotel,39,2017,July,15,Female,SC,Online TA,TA/TO,0,0,0,A,Transient,0,1,0,1,1.0,140.0,0,Low
City Hotel,195,2015,September,17,Male,BB,Offline TA/TO,TA/TO,0,1,0,A,Transient,0,1,0,2,2.0,24.0,0,High
City Hotel,47,2016,April,12,Female,BB,Online TA,TA/TO,0,0,0,A,Transient,0,1,0,1,1.0,99.9,0,Low
City Hotel,58,2016,January,27,Female,BB,Offline TA/TO,TA/TO,0,1,0,A,Transient-Party,0,1,0,2,1.0,80.0,0,High
City Hotel,49,2017,April,16,Male,SC,Online TA,TA/TO,0,0,0,A,Transient,0,1,0,2,2.0,54.0,0,Low
Resort Hotel,349,2016,August,4,Female,BB,Online TA,TA/TO,0,0,0,A,Transient,3,1,0,5,2.0,62.7,0,High
Resort Hotel,0,2017,April,8,Male,BB,Direct,Direct,0,0,0,A,Transient,0,0,0,1,2.0,55.0,0,High
Resort Hotel,3,2015,October,9,Female,BB,Online TA,TA/TO,0,0,0,E,Transient,2,1,0,3,2.0,41.665,0,Low
Resort Hotel,27,2017,March,16,Male,BB,Online TA,TA/TO,0,0,0,D,Transient,1,0,0,1,2.0,34.0,0,Low
City Hotel,38,2017,January,14,Male,BB,Corporate,Corporate,0,0,0,A,Transient,0,0,1,1,1.0,75.0,0,High
City Hotel,61,2017,May,17,Male,BB,Online TA,TA/TO,0,0,0,A,Transient,1,1,0,4,2.0,81.0,0,Low
Resort Hotel,154,2017,August,21,Female,HB,Offline TA/TO,TA/TO,0,0,0,A,Contract,1,1,0,7,2.0,66.43,0,Low
City Hotel,183,2017,January,1,Female,BB,Online TA,TA/TO,0,0,0,F,Transient,1,1,0,6,4.0,38.375,1,Low
City Hotel,105,2017,August,13,Female,SC,Online TA,TA/TO,0,0,0,A,Transient,1,1,0,5,2.0,47.5,0,Low
City Hotel,194,2017,April,21,Female,BB,Online TA,TA/TO,0,0,0,A,Transient,2,1,0,5,2.0,58.5,0,Low
City Hotel,4,2016,February,13,Male,BB,Direct,Direct,0,0,0,D,Transient,2,1,0,1,2.0,47.5,0,High
Resort Hotel,1,2016,December,17,Male,HB,Online TA,TA/TO,0,0,0,G,Transient,1,1,0,1,3.0,45.333333333333336,1,Low
City Hotel,6,2016,November,24,Male,BB,Corporate,Corporate,1,1,3,A,Transient,1,0,1,1,1.0,65.0,0,High
Resort Hotel,82,2017,July,23,Female,HB,Direct,Direct,0,0,0,F,Transient,2,1,0,8,2.0,147.0,0,Low
City Hotel,174,2015,October,10,Female,BB,Offline TA/TO,TA/TO,0,0,0,A,Transient,0,1,0,2,2.0,35.0,0,High
City Hotel,22,2017,April,21,Female,SC,Online TA,TA/TO,0,0,0,A,Transient,1,1,0,4,2.0,57.5,0,Medium
City Hotel,272,2015,July,16,Female,BB,Groups,TA/TO,0,1,0,A,Contract,0,1,0,2,2.0,31.0,0,High
City Hotel,0,2017,May,19,Female,BB,Direct,Direct,0,0,0,F,Transient,0,0,0,1,4.0,76.25,1,Low
City Hotel,34,2016,November,7,Female,BB,Online TA,GDS,0,0,0,A,Transient,0,1,0,3,1.0,169.2,0,Low
Resort Hotel,139,2016,April,4,Male,BB,Online TA,TA/TO,0,0,0,D,Transient,1,1,0,2,3.0,31.333333333333332,0,High
City Hotel,14,2016,July,2,Female,BB,Online TA,TA/TO,0,0,0,A,Transient,2,1,0,5,2.0,75.5,0,Low
Resort Hotel,237,2017,May,3,Male,HB,Online TA,TA/TO,0,0,0,E,Transient-Party,0,1,0,1,2.0,54.9,0,Low
City Hotel,46,2016,July,27,Male,BB,Online TA,TA/TO,0,0,0,A,Transient,2,1,0,1,3.0,50.699999999999996,1,Low
City Hotel,86,2016,December,24,Female,BB,Online TA,TA/TO,0,0,0,D,Transient,2,1,0,5,3.0,39.666666666666664,0,Low
City Hotel,265,2016,April,20,Male,BB,Groups,TA/TO,0,0,0,A,Transient,0,1,0,4,2.0,50.5,0,High
City Hotel,52,2017,January,6,Female,BB,Online TA,TA/TO,1,1,1,A,Transient,2,1,0,4,2.0,44.2,0,Medium
Resort Hotel,47,2016,November,19,Female,BB,Online TA,TA/TO,0,0,0,A,Transient,2,1,0,5,2.0,18.9,0,Low
City Hotel,47,2017,July,3,Male,BB,Online TA,TA/TO,0,0,0,E,Transient,1,1,0,4,3.0,78.16666666666667,0,Low
Resort Hotel,2,2017,February,23,Female,Undefined,Groups,TA/TO,0,0,0,A,Transient-Party,0,1,0,2,1.0,0.0,0,Low
Resort Hotel,199,2016,May,2,Female,HB,Groups,TA/TO,0,0,0,A,Transient-Party,0,1,0,2,2.0,42.5,0,Low
City Hotel,99,2017,June,9,Female,HB,Online TA,TA/TO,0,0,0,D,Transient,0,1,0,1,1.0,146.16,0,Medium
City Hotel,246,2017,July,10,Female,BB,Online TA,TA/TO,0,0,0,A,Transient,1,1,0,1,2.0,53.55,0,Low
City Hotel,97,2017,July,11,Male,BB,Online TA,TA/TO,0,0,0,D,Transient,2,1,0,3,2.0,75.0,0,Low
Resort Hotel,250,2017,June,26,Female,BB,Direct,Direct,0,0,0,A,Transient,0,1,0,5,3.0,44.199999999999996,1,Low
Resort Hotel,106,2016,March,24,Female,FB,Groups,Direct,0,0,0,A,Transient,0,1,0,4,2.0,42.0,0,High
City Hotel,4,2016,September,20,Male,SC,Offline TA/TO,TA/TO,0,0,0,A,Transient,0,1,0,1,3.0,50.73333333333333,1,High
Resort Hotel,54,2015,September,5,Female,BB,Direct,Direct,0,0,0,A,Transient,2,1,0,7,2.0,49.0,0,Low
City Hotel,179,2016,September,2,Female,BB,Online TA,TA/TO,0,0,0,B,Transient-Party,0,1,0,7,2.0,60.505,1,Low
City Hotel,127,2017,August,16,Female,BB,Offline TA/TO,TA/TO,0,0,0,A,Transient,1,1,0,7,2.0,40.05,0,Low
Resort Hotel,74,2017,March,30,Female,BB,Online TA,TA/TO,0,0,0,G,Transient,1,1,0,7,4.0,28.3225,1,High
Resort Hotel,12,2016,July,24,Female,BB,Direct,Direct,0,0,0,A,Transient-Party,0,0,0,1,2.0,63.0,0,High
Resort Hotel,21,2017,May,28,Female,BB,Online TA,TA/TO,0,0,0,D,Transient,3,1,0,3,2.0,71.0,0,High
Resort Hotel,0,2017,January,9,Male,BB,Online TA,TA/TO,1,0,0,A,Transient,0,1,0,1,2.0,15.495,0,Low
Resort Hotel,80,2015,August,1,Female,BB,Online TA,TA/TO,0,0,0,C,Transient,1,1,0,10,4.0,42.25,1,High
Resort Hotel,57,2017,March,11,Male,HB,Groups,TA/TO,0,0,0,D,Transient-Party,0,1,0,7,1.0,51.0,0,High
City Hotel,69,2016,June,12,Female,BB,Offline TA/TO,TA/TO,0,0,0,A,Transient,0,1,0,6,1.0,120.0,0,High
City Hotel,95,2017,March,25,Male,BB,Offline TA/TO,TA/TO,0,0,0,A,Transient,0,1,0,5,2.0,36.0,0,Low
Resort Hotel,16,2015,July,25,Female,BB,Direct,Direct,0,0,0,A,Transient,0,0,0,2,2.0,67.0,0,High
City Hotel,50,2016,December,4,Female,BB,Online TA,TA/TO,0,0,0,A,Transient,0,1,0,4,2.0,44.2,0,Low
Resort Hotel,2,2017,February,22,Female,BB,Groups,Direct,0,0,0,A,Transient-Party,0,0,0,4,1.0,36.0,0,High
City Hotel,23,2017,August,3,Male,SC,Online TA,TA/TO,0,0,0,A,Transient,1,1,0,4,2.0,73.5,0,Low
Resort Hotel,2,2015,October,14,Male,BB,Corporate,Corporate,0,1,0,A,Transient,0,0,0,1,1.0,47.0,0,High
City Hotel,3,2016,March,25,Female,SC,Online TA,TA/TO,0,0,0,A,Transient,1,1,0,3,2.0,67.835,0,Low
Resort Hotel,23,2017,April,20,Female,BB,Groups,Direct,0,0,0,A,Transient-Party,0,0,0,3,2.0,49.5,0,Low
City Hotel,103,2016,November,7,Female,BB,Online TA,TA/TO,0,0,0,A,Transient,2,1,0,4,1.0,187.25,0,Low
City Hotel,168,2017,May,14,Female,SC,Online TA,TA/TO,0,0,0,A,Transient,0,1,0,3,2.0,54.0,0,Low
City Hotel,260,2016,October,22,Male,BB,Online TA,TA/TO,0,0,0,A,Transient-Party,3,1,0,7,3.0,36.22666666666667,1,Low
Resort Hotel,99,2015,October,24,Female,BB,Online TA,TA/TO,0,0,0,E,Transient,2,1,0,2,2.0,32.5,0,High
City Hotel,192,2016,June,24,Female,BB,Offline TA/TO,TA/TO,0,0,0,A,Transient-Party,0,1,0,2,1.0,95.0,0,High
City Hotel,273,2015,July,17,Male,HB,Offline TA/TO,TA/TO,0,1,0,A,Transient-Party,0,1,0,2,2.0,50.75,0,High
Resort Hotel,10,2016,March,11,Female,BB,Online TA,TA/TO,0,0,0,E,Transient,1,1,0,4,2.0,33.75,0,Low
City Hotel,41,2016,April,21,Female,BB,Online TA,TA/TO,0,0,0,G,Transient,0,1,0,3,4.0,47.895,1,High
City Hotel,21,2015,September,3,Male,BB,Online TA,TA/TO,0,0,0,A,Contract,0,1,0,2,2.0,52.5,0,Low
Resort Hotel,6,2016,November,25,Male,Undefined,Direct,Direct,0,0,0,F,Transient,0,1,0,1,2.0,73.5,0,High
Resort Hotel,234,2016,October,23,Female,HB,Offline TA/TO,TA/TO,0,0,0,A,Contract,2,1,0,7,2.0,18.7,0,Low
City Hotel,3,2015,August,17,Female,BB,Corporate,Corporate,0,0,0,A,Transient,0,0,1,4,2.0,65.0,0,High
Resort Hotel,0,2017,July,15,Female,BB,Direct,Direct,0,0,0,A,Transient-Party,0,0,0,1,2.0,97.5,0,Low
City Hotel,6,2017,July,14,Female,BB,Online TA,TA/TO,0,0,0,E,Transient,2,1,0,2,2.0,86.25,0,Low
Resort Hotel,5,2017,May,15,Female,BB,Complementary,TA/TO,1,0,3,E,Transient,2,1,0,1,1.0,0.0,0,Low
City Hotel,6,2015,September,20,Female,BB,Corporate,Corporate,0,1,0,A,Transient,0,1,0,2,2.0,50.0,0,High
Resort Hotel,156,2017,May,8,Male,HB,Groups,TA/TO,0,0,0,A,Transient-Party,1,1,0,7,2.0,40.0,0,Low
Resort Hotel,229,2017,March,27,Female,BB,Online TA,TA/TO,0,0,0,A,Transient,2,1,0,7,2.0,26.215,0,Low
Resort Hotel,134,2017,April,13,Female,HB,Offline TA/TO,TA/TO,0,0,0,D,Transient-Party,1,1,0,3,2.0,47.7,0,High
City Hotel,0,2015,October,12,Male,BB,Corporate,Corporate,0,0,0,A,Transient,0,0,1,3,1.0,65.0,0,High
City Hotel,8,2016,April,16,Male,BB,Online TA,TA/TO,0,0,0,D,Transient,1,1,0,4,3.0,48.166666666666664,0,Low
Resort Hotel,33,2017,June,10,Female,BB,Direct,Direct,0,0,0,A,Transient,2,0,0,1,2.0,59.0,0,High
City Hotel,13,2016,March,20,Female,BB,Offline TA/TO,TA/TO,0,0,0,A,Transient-Party,1,1,0,1,2.0,42.5,0,High
City Hotel,115,2017,May,18,Male,BB,Offline TA/TO,TA/TO,0,0,0,A,Transient,0,1,0,3,2.0,95.0,0,High
Resort Hotel,22,2017,August,25,Male,HB,Online TA,TA/TO,0,0,0,C,Transient-Party,2,1,0,3,4.0,78.6675,1,Low
City Hotel,63,2016,April,13,Female,BB,Online TA,TA/TO,0,0,0,F,Transient,1,1,0,4,4.0,41.8625,1,Low
Resort Hotel,9,2015,October,14,Male,BB,Online TA,TA/TO,0,0,0,A,Transient,1,1,0,5,2.0,24.1,0,High
City Hotel,462,2017,July,1,Male,BB,Groups,TA/TO,0,0,0,A,Transient-Party,1,1,0,3,2.0,56.335,0,High
Resort Hotel,8,2015,July,14,Male,HB,Online TA,TA/TO,0,0,0,A,Transient,1,1,0,7,2.0,84.285,0,Low
City Hotel,330,2015,September,12,Male,BB,Groups,TA/TO,0,1,0,A,Transient-Party,0,1,0,4,2.0,31.0,0,High
City Hotel,212,2016,September,26,Female,BB,Online TA,TA/TO,0,0,0,A,Transient-Party,1,1,0,4,2.0,64.825,0,Low
Resort Hotel,109,2016,March,7,Female,BB,Offline TA/TO,TA/TO,0,0,0,A,Transient,1,1,0,4,2.0,13.75,0,Low
City Hotel,86,2016,October,20,Male,BB,Online TA,TA/TO,0,0,0,G,Transient,1,1,0,3,4.0,48.215,0,Low
City Hotel,79,2017,April,24,Female,BB,Online TA,TA/TO,0,0,0,D,Transient,1,1,0,4,2.0,66.375,0,Low
City Hotel,221,2016,June,10,Female,BB,Offline TA/TO,TA/TO,0,1,0,A,Transient,0,1,0,3,2.0,40.0,0,High
Resort Hotel,256,2016,June,17,Male,BB,Online TA,TA/TO,0,0,0,A,Transient,1,1,0,9,2.0,36.0,0,High
City Hotel,9,2015,August,23,Female,BB,Direct,Direct,0,0,0,A,Transient,0,1,0,2,2.0,37.5,0,Low
Resort Hotel,207,2016,August,12,Female,BB,Online TA,TA/TO,0,0,0,A,Transient,0,1,0,3,2.0,76.0,0,High
Resort Hotel,147,2016,March,28,Male,HB,Offline TA/TO,TA/TO,0,0,0,E,Transient-Party,0,0,0,7,2.0,36.5,0,High
Resort Hotel,10,2016,October,9,Female,BB,Groups,Corporate,0,0,0,A,Transient-Party,0,0,0,2,2.0,27.5,0,Low
Resort Hotel,32,2016,April,19,Male,HB,Groups,Direct,0,0,0,D,Transient-Party,0,1,0,7,2.0,34.68,0,High
Resort Hotel,88,2016,April,15,Female,BB,Offline TA/TO,TA/TO,0,0,0,D,Transient,1,1,0,7,2.0,34.85,0,Low
Resort Hotel,11,2015,December,5,Female,FB,Offline TA/TO,TA/TO,0,1,0,A,Transient-Party,0,0,0,3,2.0,32.0,0,High
City Hotel,320,2016,August,18,Female,HB,Offline TA/TO,TA/TO,0,0,0,A,Transient-Party,1,1,0,2,2.0,57.5,0,Low
Resort Hotel,107,2015,July,2,Female,BB,Online TA,TA/TO,0,0,0,A,Transient,2,1,0,7,2.0,55.35,0,High
City Hotel,177,2017,July,3,Male,SC,Online TA,TA/TO,0,0,0,A,Transient,0,1,0,2,2.0,44.55,0,Low
City Hotel,20,2017,May,24,Male,BB,Groups,TA/TO,0,0,0,A,Transient-Party,0,1,0,1,2.0,60.0,0,Low
Resort Hotel,12,2016,January,30,Female,BB,Offline TA/TO,TA/TO,0,0,0,A,Transient,0,1,0,1,1.0,25.0,0,Low
Resort Hotel,19,2017,January,15,Male,BB,Online TA,TA/TO,0,0,0,H,Transient,1,1,0,4,4.0,23.25,1,Low
Resort Hotel,44,2016,April,6,Female,HB,Direct,Direct,0,0,0,A,Transient-Party,2,1,0,4,2.0,41.5,0,High
City Hotel,80,2015,October,9,Male,HB,Offline TA/TO,TA/TO,0,0,0,D,Transient-Party,0,1,0,2,1.0,108.0,0,High
City Hotel,285,2016,October,3,Female,BB,Offline TA/TO,TA/TO,0,0,0,A,Transient,0,1,0,4,2.0,50.0,0,High
Resort Hotel,2,2017,February,10,Female,BB,Online TA,TA/TO,0,0,0,A,Transient,2,1,0,2,2.0,24.0,0,Low
Resort Hotel,40,2017,January,16,Male,Undefined,Groups,Direct,0,0,0,A,Transient-Party,0,0,0,3,1.0,55.0,0,High
City Hotel,18,2016,December,30,Female,BB,Direct,Direct,0,0,0,G,Transient,0,0,0,2,4.0,50.0,1,High
Resort Hotel,5,2016,March,20,Female,BB,Offline TA/TO,TA/TO,0,0,0,A,Transient,0,1,0,4,3.0,13.799999999999999,1,Low
Resort Hotel,100,2016,August,6,Male,BB,Online TA,TA/TO,0,0,0,A,Transient,0,1,0,2,2.0,100.5,0,Low
City Hotel,20,2016,March,31,Female,BB,Corporate,Corporate,0,0,0,A,Transient,0,0,1,2,1.0,79.0,0,High
City Hotel,262,2017,May,24,Female,BB,Online TA,TA/TO,0,0,0,D,Transient,2,1,0,4,3.0,52.5,0,Low
City Hotel,78,2016,April,5,Female,BB,Online TA,TA/TO,0,0,0,D,Transient,0,1,0,4,2.0,48.665,0,Low
Resort Hotel,342,2016,September,29,Female,BB,Groups,TA/TO,0,0,0,A,Transient-Party,0,1,0,6,1.0,36.0,0,Low
Resort Hotel,32,2015,August,21,Female,BB,Online TA,TA/TO,0,0,0,A,Transient,2,1,0,6,2.0,89.165,0,Low
Resort Hotel,53,2016,September,23,Female,BB,Online TA,TA/TO,0,0,0,E,Transient,3,1,0,3,2.0,64.665,0,Low
City Hotel,55,2015,September,6,Male,BB,Groups,TA/TO,0,0,0,A,Transient-Party,0,1,0,2,2.0,37.5,0,Low
City Hotel,5,2015,December,22,Female,BB,Complementary,Direct,0,0,0,B,Transient,0,0,0,5,2.0,0.0,1,High
City Hotel,342,2015,September,24,Female,BB,Groups,TA/TO,0,1,0,A,Contract,0,1,0,2,2.0,31.0,0,High
City Hotel,77,2016,March,26,Male,BB,Online TA,TA/TO,0,0,0,D,Transient,0,1,0,7,2.0,48.51,0,Low
City Hotel,41,2016,September,18,Male,BB,Online TA,TA/TO,0,0,0,D,Transient,1,1,0,3,2.0,74.7,0,Low
City Hotel,68,2017,July,10,Female,SC,Online TA,TA/TO,0,0,0,A,Transient,1,1,0,1,2.0,50.0,0,Low
City Hotel,50,2017,March,21,Female,SC,Online TA,TA/TO,0,0,0,A,Transient,0,1,0,4,2.0,28.8,0,Low
Resort Hotel,22,2017,June,29,Female,BB,Direct,Direct,0,0,0,A,Transient,0,0,0,1,1.0,60.0,0,High
Resort Hotel,91,2015,July,17,Female,BB,Online TA,TA/TO,0,0,0,A,Transient,3,1,0,3,3.0,39.5,1,Low
City Hotel,42,2017,April,16,Female,BB,Online TA,TA/TO,0,0,0,D,Transient,0,1,0,4,2.0,73.125,0,Low
Resort Hotel,5,2017,January,19,Female,BB,Online TA,TA/TO,0,0,0,A,Transient,3,1,0,3,1.0,43.0,0,Low
City Hotel,6,2016,May,9,Male,BB,Online TA,TA/TO,0,0,0,D,Transient,1,1,0,2,2.0,63.0,0,Low
City Hotel,50,2016,January,29,Female,BB,Online TA,TA/TO,0,0,0,A,Transient,0,1,0,3,1.0,72.9,0,Low
City Hotel,177,2017,August,16,Female,BB,Online TA,TA/TO,0,0,0,D,Transient,0,1,0,4,2.0,60.885,0,Low
City Hotel,24,2016,February,22,Female,BB,Offline TA/TO,TA/TO,0,0,0,A,Transient,0,1,0,3,2.0,36.4,0,High
Resort Hotel,31,2016,April,16,Female,BB,Offline TA/TO,TA/TO,0,0,0,A,Transient,0,1,0,7,2.0,20.7,0,Low
City Hotel,30,2017,June,4,Female,SC,Online TA,TA/TO,0,0,0,A,Transient,1,1,0,3,2.0,66.665,0,Low
Resort Hotel,3,2016,March,4,Male,BB,Online TA,TA/TO,0,0,0,D,Transient,1,1,0,5,2.0,29.0,0,Low
City Hotel,150,2016,October,3,Female,BB,Online TA,TA/TO,0,0,0,A,Transient,0,1,0,3,3.0,45.0,1,Medium
City Hotel,159,2016,May,26,Female,BB,Online TA,TA/TO,0,0,0,A,Transient,1,1,0,3,3.0,39.949999999999996,1,High
Resort Hotel,287,2015,October,15,Female,BB,Groups,Corporate,0,0,0,A,Transient-Party,0,0,1,4,1.0,37.0,0,Low
City Hotel,0,2017,January,25,Male,BB,Groups,TA/TO,0,0,0,A,Transient-Party,0,0,1,2,1.0,85.0,0,High
Resort Hotel,73,2016,November,12,Female,BB,Online TA,TA/TO,0,0,0,A,Transient,1,1,0,1,2.0,18.9,0,High
City Hotel,39,2016,March,6,Female,BB,Online TA,TA/TO,0,0,0,A,Transient,1,1,0,5,2.0,58.05,0,Medium
City Hotel,32,2015,November,20,Male,BB,Offline TA/TO,TA/TO,0,0,0,A,Transient-Party,0,1,0,2,1.0,73.0,0,High
Resort Hotel,121,2015,December,4,Female,BB,Online TA,TA/TO,0,0,0,E,Transient,2,1,0,1,2.0,25.2,0,High
City Hotel,147,2016,July,22,Female,BB,Offline TA/TO,TA/TO,0,0,0,A,Transient,1,1,0,3,3.0,28.19333333333333,1,Low
City Hotel,152,2015,October,29,Female,BB,Offline TA/TO,TA/TO,0,0,0,A,Transient,0,1,0,4,2.0,28.26,0,Low
City Hotel,111,2017,August,14,Female,BB,Online TA,TA/TO,0,0,0,E,Transient,2,1,0,3,3.0,75.0,0,Medium
Resort Hotel,152,2017,June,28,Female,HB,Online TA,TA/TO,0,0,0,A,Transient,0,1,0,5,2.0,53.25,0,High
Resort Hotel,13,2015,August,18,Female,BB,Direct,Direct,0,0,0,A,Transient,0,1,0,1,2.0,86.0,0,High
City Hotel,42,2017,June,30,Female,BB,Direct,Direct,0,0,0,E,Transient,0,1,0,4,4.0,37.895,1,Low
Resort Hotel,94,2016,June,10,Male,BB,Online TA,TA/TO,0,0,0,A,Transient-Party,0,1,0,2,3.0,54.333333333333336,0,High
City Hotel,9,2017,February,12,Female,BB,Online TA,TA/TO,0,0,0,A,Transient,0,1,0,3,2.0,41.58,0,Medium
Resort Hotel,237,2016,December,29,Male,BB,Online TA,TA/TO,0,0,0,D,Transient,2,1,0,8,2.0,34.125,0,Medium
City Hotel,165,2017,May,19,Female,BB,Groups,TA/TO,0,0,0,A,Transient,0,0,0,4,2.0,112.5,0,High
City Hotel,31,2016,April,2,Female,BB,Online TA,TA/TO,0,0,0,A,Transient,0,1,0,1,2.0,58.95,0,High
Resort Hotel,287,2016,September,5,Male,BB,Groups,TA/TO,0,0,0,A,Transient-Party,0,1,0,7,2.0,34.5,0,Low
Resort Hotel,2,2016,February,6,Male,BB,Direct,Direct,0,0,0,E,Transient-Party,0,0,0,1,2.0,29.0,0,High
City Hotel,54,2016,March,18,Female,SC,Online TA,TA/TO,0,0,0,A,Transient,0,1,0,3,2.0,44.1,0,Low
Resort Hotel,0,2016,October,19,Female,BB,Direct,Direct,0,0,0,A,Transient,1,0,0,1,3.0,28.333333333333332,1,High
City Hotel,14,2016,November,28,Male,BB,Offline TA/TO,TA/TO,0,0,0,A,Transient,0,1,0,3,2.0,40.0,0,Low
City Hotel,320,2017,June,15,Female,BB,Groups,TA/TO,0,0,0,A,Transient,0,1,0,3,1.0,80.0,0,High
Resort Hotel,0,2016,March,14,Female,BB,Direct,Direct,0,0,0,A,Transient,0,0,1,1,1.0,30.0,0,High
City Hotel,34,2015,September,23,Female,HB,Offline TA/TO,TA/TO,0,0,0,A,Transient-Party,0,1,0,3,2.0,112.335,0,Low
City Hotel,135,2016,August,2,Female,BB,Online TA,TA/TO,0,0,0,A,Transient,0,1,0,2,3.0,43.5,1,High
City Hotel,327,2015,September,9,Female,BB,Groups,TA/TO,0,1,0,A,Transient-Party,0,1,0,2,2.0,31.0,0,High
City Hotel,184,2017,July,15,Female,BB,Direct,Direct,0,0,0,A,Transient,1,1,0,1,2.0,44.55,0,Low
City Hotel,451,2016,May,16,Female,BB,Groups,TA/TO,0,0,0,A,Transient,0,1,0,3,2.0,30.0,0,High
Resort Hotel,14,2016,March,19,Female,Undefined,Offline TA/TO,TA/TO,0,0,0,A,Transient,0,1,0,5,2.0,29.0,0,Low
Resort Hotel,0,2015,October,3,Female,BB,Direct,Direct,0,0,0,A,Transient,0,0,0,1,1.0,74.0,0,Low
City Hotel,6,2017,June,30,Male,SC,Online TA,TA/TO,0,0,0,A,Transient-Party,1,1,0,1,2.0,80.0,0,Low
City Hotel,2,2017,March,16,Female,BB,Aviation,Corporate,1,0,3,D,Transient,2,0,1,1,1.0,95.0,0,High
City Hotel,159,2017,July,11,Female,SC,Online TA,TA/TO,0,0,0,A,Transient,1,1,0,1,2.0,44.55,0,Low
City Hotel,20,2017,January,30,Female,BB,Corporate,Corporate,0,0,0,A,Transient-Party,0,0,1,1,1.0,80.0,0,High
Resort Hotel,83,2016,July,25,Female,BB,Groups,Corporate,0,0,0,A,Transient-Party,0,1,0,8,1.0,139.0,0,Low
City Hotel,92,2015,November,26,Male,BB,Offline TA/TO,TA/TO,0,0,0,A,Transient,1,1,0,3,2.0,24.535,0,Low
Resort Hotel,0,2017,January,26,Male,BB,Direct,Direct,0,0,0,E,Transient,0,0,0,2,2.0,36.0,0,Low
City Hotel,195,2016,July,21,Female,BB,Online TA,TA/TO,0,0,0,A,Transient,1,1,0,7,2.0,45.475,0,Low
City Hotel,279,2015,July,23,Male,BB,Groups,TA/TO,1,1,0,A,Transient-Party,0,1,0,2,2.0,31.4,0,High
Resort Hotel,21,2015,November,24,Female,BB,Offline TA/TO,TA/TO,0,0,0,A,Transient,2,1,0,1,2.0,19.2,0,Low
Resort Hotel,253,2017,August,25,Male,BB,Online TA,TA/TO,0,0,0,A,Transient,1,1,0,6,1.0,153.75,0,Low
Resort Hotel,152,2017,April,5,Female,BB,Groups,TA/TO,0,0,0,D,Transient-Party,0,0,1,5,2.0,33.5,0,Low
City Hotel,59,2015,October,15,Male,BB,Offline TA/TO,TA/TO,0,0,0,A,Contract,1,1,0,5,2.0,38.25,0,Low
City Hotel,41,2017,August,27,Female,BB,Direct,Direct,0,0,0,A,Transient,0,1,0,1,1.0,90.0,0,Low
City Hotel,104,2016,October,9,Female,SC,Online TA,TA/TO,0,0,0,A,Transient,1,1,0,1,2.0,54.0,0,Low
City Hotel,102,2015,August,21,Female,BB,Online TA,TA/TO,0,0,0,A,Transient,1,1,0,2,2.0,38.25,0,High
City Hotel,65,2016,September,9,Male,BB,Online TA,TA/TO,0,0,0,D,Transient,1,1,0,2,2.0,74.7,0,Low
City Hotel,98,2016,March,17,Male,BB,Online TA,TA/TO,0,0,0,A,Transient,0,1,0,5,2.0,36.975,0,Medium
Resort Hotel,103,2017,March,27,Male,BB,Groups,Corporate,0,0,0,E,Transient,0,1,0,2,2.0,36.5,0,High
City Hotel,159,2017,August,7,Male,BB,Online TA,TA/TO,0,0,0,D,Transient,0,1,0,2,3.0,61.5,0,Low
Resort Hotel,13,2015,December,23,Female,BB,Online TA,TA/TO,0,0,0,E,Transient,1,1,0,4,1.0,73.75,0,Low
City Hotel,117,2016,November,13,Female,SC,Online TA,TA/TO,0,0,0,A,Transient,0,1,0,2,2.0,39.6,0,Low
City Hotel,155,2017,June,1,Male,BB,Online TA,TA/TO,0,0,0,A,Transient,1,1,0,3,2.0,69.0,0,Low
Resort Hotel,134,2015,August,29,Female,BB,Online TA,TA/TO,0,0,0,E,Transient,2,1,0,5,2.0,70.0,0,High
Resort Hotel,52,2015,August,3,Male,BB,Online TA,TA/TO,0,0,0,D,Transient,0,1,0,5,2.0,86.5,0,High
Resort Hotel,28,2017,May,14,Male,BB,Online TA,TA/TO,0,0,0,G,Transient,1,1,0,7,4.0,42.5,1,Low
City Hotel,68,2016,February,20,Female,BB,Offline TA/TO,TA/TO,0,0,0,A,Transient,0,1,0,7,2.0,21.715,0,Low
Resort Hotel,208,2017,May,1,Female,BB,Online TA,TA/TO,0,0,0,E,Transient,0,1,0,5,2.0,40.5,0,Low
Resort Hotel,18,2017,February,12,Male,BB,Online TA,TA/TO,0,0,0,D,Transient,0,1,0,2,2.0,29.0,0,Low
City Hotel,4,2016,February,16,Male,BB,Corporate,Corporate,1,0,5,A,Transient,1,0,1,3,1.0,65.0,0,High
City Hotel,50,2016,March,31,Male,BB,Groups,TA/TO,0,0,0,A,Transient-Party,0,1,0,3,2.0,32.5,0,High
City Hotel,56,2016,November,22,Female,BB,Online TA,TA/TO,0,0,0,D,Transient,2,1,0,4,3.0,39.666666666666664,0,Medium
City Hotel,70,2017,February,15,Female,BB,Groups,TA/TO,0,0,0,A,Transient-Party,0,0,1,4,2.0,39.0,0,Low
City Hotel,102,2016,October,9,Male,SC,Online TA,TA/TO,0,0,0,A,Transient,1,1,0,1,2.0,54.0,0,Low
City Hotel,5,2015,September,9,Female,BB,Online TA,TA/TO,0,0,0,A,Contract,2,1,0,2,1.0,114.0,0,Low
City Hotel,91,2017,May,18,Male,BB,Offline TA/TO,TA/TO,0,0,0,A,Transient,0,1,0,1,2.0,44.55,0,Low
Resort Hotel,0,2016,October,28,Female,BB,Direct,Direct,1,0,0,D,Transient,1,0,0,1,2.0,39.0,0,Low
City Hotel,39,2016,September,16,Female,BB,Direct,Direct,0,0,0,G,Transient,2,1,0,3,4.0,56.7375,1,Low
City Hotel,6,2015,October,11,Female,BB,Online TA,TA/TO,0,0,0,A,Transient,2,1,0,3,1.0,97.02,0,Low
City Hotel,19,2015,October,6,Female,BB,Offline TA/TO,TA/TO,1,0,0,A,Transient-Party,0,1,0,3,2.0,45.0,0,High
Resort Hotel,5,2015,November,22,Female,BB,Online TA,TA/TO,0,0,0,A,Transient,1,1,0,2,1.0,40.0,0,Low
City Hotel,187,2017,August,8,Female,HB,Online TA,TA/TO,0,0,0,A,Transient,0,1,0,2,2.0,83.25,0,Low
City Hotel,191,2017,April,1,Male,BB,Offline TA/TO,TA/TO,0,0,0,A,Transient,0,1,0,5,2.0,37.5,0,Low
City Hotel,157,2017,June,20,Female,BB,Online TA,TA/TO,0,0,0,D,Transient,1,1,0,8,2.0,63.9,0,Low
City Hotel,172,2017,July,10,Male,BB,Online TA,TA/TO,0,0,0,D,Transient,2,1,0,6,3.0,50.699999999999996,0,Medium
Resort Hotel,12,2016,April,27,Female,Undefined,Groups,Direct,0,0,0,A,Transient-Party,0,1,0,3,2.0,42.665,0,High
City Hotel,0,2015,September,26,Female,BB,Direct,Direct,1,0,0,A,Transient,0,0,0,1,2.0,85.0,0,High
Resort Hotel,9,2016,January,17,Female,BB,Online TA,TA/TO,0,0,0,G,Transient,1,1,0,1,2.0,38.0,0,Low
City Hotel,288,2016,April,21,Female,BB,Groups,TA/TO,0,0,0,A,Transient,0,1,0,2,2.0,31.0,0,High
City Hotel,8,2015,September,29,Female,BB,Corporate,Corporate,0,0,0,A,Transient,0,0,1,3,1.0,65.0,0,High
City Hotel,63,2015,September,4,Female,HB,Offline TA/TO,TA/TO,0,0,0,A,Transient-Party,0,1,0,2,2.0,58.0,0,High
Resort Hotel,54,2017,February,25,Female,BB,Online TA,TA/TO,0,0,0,A,Transient,1,1,0,3,2.0,24.0,0,High
City Hotel,198,2016,May,20,Female,BB,Groups,TA/TO,0,0,0,A,Transient-Party,0,1,0,1,2.0,32.5,0,High
City Hotel,27,2017,June,6,Female,BB,Online TA,TA/TO,0,0,0,D,Transient,2,1,0,1,2.0,95.0,0,Low
Resort Hotel,25,2015,November,3,Male,BB,Offline TA/TO,TA/TO,0,0,0,D,Transient,0,1,0,4,1.0,47.6,0,Low
City Hotel,46,2017,March,7,Female,BB,Direct,Direct,0,0,0,A,Transient,1,1,0,3,2.0,49.0,0,Low
City Hotel,188,2016,August,13,Male,BB,Online TA,TA/TO,0,0,0,A,Transient,0,1,0,2,2.0,52.65,0,Low
Resort Hotel,3,2016,March,12,Female,BB,Offline TA/TO,TA/TO,0,0,0,C,Transient,0,1,0,3,2.0,4.0,0,Low
City Hotel,169,2017,July,2,Female,BB,Online TA,TA/TO,0,0,0,A,Transient,0,1,0,1,2.0,53.55,0,Low
City Hotel,1,2015,September,1,Female,BB,Groups,TA/TO,0,0,0,A,Transient,0,1,0,3,1.0,0.0,0,Low
City Hotel,70,2017,July,31,Female,BB,Online TA,TA/TO,0,0,0,E,Transient,1,1,0,3,3.0,76.66666666666667,0,Low
City Hotel,144,2016,July,25,Male,BB,Online TA,TA/TO,0,0,0,A,Transient,1,1,0,6,2.0,50.435,0,Low
Resort Hotel,21,2016,January,2,Female,BB,Offline TA/TO,TA/TO,0,0,0,E,Transient,0,1,0,14,1.0,46.07,0,Low
City Hotel,395,2017,May,17,Female,BB,Offline TA/TO,TA/TO,0,0,0,A,Transient-Party,1,1,0,3,2.0,56.335,0,Low
City Hotel,59,2017,May,29,Female,BB,Groups,TA/TO,0,0,0,A,Transient,0,1,0,1,2.0,70.0,0,High
City Hotel,176,2017,May,15,Female,BB,Direct,Direct,0,0,0,A,Transient,0,1,0,3,2.0,53.55,0,Low
City Hotel,99,2016,February,19,Female,BB,Corporate,TA/TO,0,0,0,A,Transient-Party,0,0,1,2,1.0,81.0,0,High
City Hotel,96,2016,October,28,Female,BB,Online TA,TA/TO,0,0,0,F,Transient,1,1,0,3,4.0,40.725,1,Low
City Hotel,16,2015,September,25,Female,BB,Groups,TA/TO,0,0,0,A,Transient-Party,0,1,0,5,1.0,170.0,0,High
City Hotel,93,2017,June,22,Male,BB,Offline TA/TO,TA/TO,0,0,0,A,Transient-Party,0,1,0,5,2.0,49.5,0,High
City Hotel,207,2015,August,21,Female,BB,Online TA,TA/TO,0,0,0,A,Transient-Party,3,1,0,5,2.0,38.25,0,Low
Resort Hotel,244,2017,June,20,Female,BB,Offline TA/TO,TA/TO,0,0,0,D,Contract,1,1,0,14,2.0,42.4,0,Low
City Hotel,50,2016,November,17,Female,SC,Online TA,TA/TO,0,0,0,A,Transient,1,1,0,1,2.0,39.6,0,Medium
Resort Hotel,251,2017,June,26,Male,HB,Groups,TA/TO,0,0,0,D,Transient-Party,1,1,0,4,2.0,54.0,0,Low
City Hotel,10,2017,February,8,Male,BB,Online TA,TA/TO,0,0,0,A,Transient,0,1,0,2,2.0,39.5,0,Low
City Hotel,125,2017,June,15,Female,BB,Online TA,TA/TO,0,0,0,A,Transient,0,1,0,5,2.0,61.2,0,Low
Resort Hotel,468,2016,May,12,Female,HB,Groups,TA/TO,0,0,0,A,Transient-Party,0,1,0,2,2.0,33.5,0,High
City Hotel,14,2015,September,1,Female,BB,Online TA,TA/TO,0,0,0,A,Contract,2,1,0,1,2.0,52.5,0,High
Resort Hotel,112,2017,March,15,Male,BB,Corporate,Corporate,0,0,0,A,Transient-Party,0,0,1,3,1.0,40.0,0,Medium
City Hotel,245,2016,June,17,Female,BB,Offline TA/TO,TA/TO,0,0,0,A,Transient,0,1,0,2,2.0,37.5,0,High
City Hotel,82,2017,May,3,Female,SC,Online TA,TA/TO,0,0,0,A,Transient,0,1,0,3,2.0,54.0,0,Low
City Hotel,40,2015,December,26,Female,BB,Online TA,TA/TO,0,0,0,A,Transient,0,1,0,5,2.0,32.075,0,Low
City Hotel,40,2017,July,31,Female,SC,Online TA,TA/TO,0,0,0,A,Transient,1,1,0,1,2.0,70.0,0,Low
Resort Hotel,542,2016,September,26,Male,HB,Groups,TA/TO,0,0,0,A,Transient-Party,0,1,0,7,2.0,34.0,0,Low
City Hotel,15,2017,March,8,Male,BB,Online TA,TA/TO,0,0,0,D,Transient,1,1,0,3,1.0,121.33,0,Medium
City Hotel,21,2017,August,1,Female,BB,Online TA,TA/TO,0,0,0,D,Transient,1,1,0,4,2.0,79.5,0,Low
Resort Hotel,385,2016,September,21,Female,BB,Groups,Direct,0,0,0,A,Transient,0,0,0,4,2.0,33.0,0,High
City Hotel,51,2017,March,8,Male,BB,Offline TA/TO,TA/TO,0,0,0,A,Transient,0,1,0,0,0.0,0.0,0,High
City Hotel,146,2016,April,24,Female,BB,Offline TA/TO,TA/TO,0,0,0,A,Transient,0,1,0,2,2.0,47.5,0,High
City Hotel,2,2017,January,21,Female,SC,Online TA,TA/TO,0,0,0,A,Transient,1,1,0,3,1.0,48.05,0,Low
Resort Hotel,19,2016,July,21,Female,BB,Online TA,TA/TO,0,0,0,A,Transient,1,1,0,3,2.0,97.165,0,Low
City Hotel,4,2017,March,22,Male,BB,Direct,Direct,0,0,0,A,Transient,0,1,0,1,1.0,94.0,0,Low
City Hotel,4,2017,February,21,Male,BB,Corporate,Corporate,0,0,0,A,Group,0,0,0,1,1.0,80.0,0,High
City Hotel,59,2017,August,24,Male,SC,Online TA,TA/TO,0,0,0,A,Transient,1,1,0,2,2.0,64.5,0,Medium
City Hotel,2,2016,May,14,Female,BB,Direct,Direct,0,0,0,G,Transient,1,0,0,2,3.0,30.0,1,High
Resort Hotel,140,2017,June,13,Male,BB,Online TA,TA/TO,0,0,0,A,Transient,0,1,0,7,1.0,110.0,0,Low
Resort Hotel,37,2016,May,8,Female,BB,Offline TA/TO,TA/TO,0,0,0,A,Transient,1,1,0,2,2.0,23.0,0,High
City Hotel,37,2016,October,13,Female,BB,Offline TA/TO,TA/TO,0,0,0,A,Transient-Party,0,1,0,3,2.0,52.5,0,High
City Hotel,12,2016,May,11,Female,BB,Offline TA/TO,TA/TO,0,0,0,A,Transient,0,1,0,4,2.0,52.0,0,Low
City Hotel,7,2015,September,16,Female,BB,Offline TA/TO,TA/TO,0,0,0,A,Contract,0,1,0,2,1.0,113.6,0,Low
Resort Hotel,104,2015,September,2,Male,BB,Online TA,TA/TO,0,0,0,A,Transient,0,1,0,5,2.0,35.845,0,Low
Resort Hotel,196,2016,August,29,Female,BB,Offline TA/TO,TA/TO,0,0,0,E,Transient,1,1,0,7,2.0,60.735,0,High
City Hotel,0,2016,January,22,Female,BB,Direct,Direct,0,0,0,D,Transient,1,0,0,3,2.0,53.0,0,High
City Hotel,10,2016,January,2,Female,BB,Online TA,TA/TO,0,0,0,B,Transient,0,1,0,3,2.0,41.79,0,Low
City Hotel,98,2017,March,3,Female,BB,Online TA,TA/TO,0,0,0,A,Transient,0,1,0,2,2.0,48.6,0,Low
City Hotel,16,2016,December,9,Male,BB,Direct,Direct,0,0,0,A,Transient,1,1,0,3,2.0,40.545,0,Low
Resort Hotel,4,2016,August,4,Female,HB,Online TA,TA/TO,0,0,0,A,Transient,1,1,0,4,3.0,84.5,1,High
City Hotel,22,2016,April,14,Male,BB,Online TA,TA/TO,0,0,0,D,Transient,2,1,0,5,3.0,50.86666666666667,0,Low
City Hotel,85,2016,April,1,Female,BB,Online TA,TA/TO,0,0,0,A,Transient-Party,0,1,0,2,1.0,81.9,0,Low
City Hotel,301,2016,July,30,Male,HB,Offline TA/TO,TA/TO,0,0,0,A,Transient-Party,0,1,0,2,1.0,90.0,0,Low
City Hotel,95,2016,November,5,Female,BB,Groups,TA/TO,0,0,0,A,Transient-Party,0,0,0,1,1.0,75.0,0,High
Resort Hotel,364,2016,October,12,Male,BB,Groups,Corporate,0,0,0,A,Transient-Party,0,0,1,5,2.0,33.0,0,Low
City Hotel,164,2015,October,2,Male,BB,Offline TA/TO,TA/TO,0,0,0,A,Transient-Party,0,1,0,2,1.0,100.0,0,High
City Hotel,42,2017,June,10,Female,BB,Online TA,TA/TO,0,0,0,A,Transient,1,1,0,2,2.0,65.0,0,Low
Resort Hotel,203,2017,May,25,Female,BB,Groups,TA/TO,0,0,0,A,Transient-Party,0,0,1,4,2.0,27.5,0,Low
City Hotel,56,2015,September,17,Male,HB,Offline TA/TO,TA/TO,0,0,0,A,Transient-Party,0,1,0,2,2.0,41.0,0,Low
Resort Hotel,0,2016,February,27,Female,HB,Online TA,TA/TO,0,0,0,G,Transient,0,1,0,1,3.0,48.666666666666664,1,High
Resort Hotel,18,2016,May,27,Male,BB,Online TA,TA/TO,0,0,0,G,Transient,1,1,0,2,4.0,36.25,1,Low
City Hotel,9,2015,August,19,Female,BB,Online TA,TA/TO,0,0,0,A,Transient,1,1,0,3,2.0,40.5,0,Low
City Hotel,304,2015,August,17,Female,BB,Groups,TA/TO,0,1,0,A,Contract,0,1,0,2,2.0,31.0,0,High
Resort Hotel,0,2015,November,3,Female,BB,Direct,Direct,0,0,0,A,Transient,0,0,0,1,1.0,40.0,0,Low
Resort Hotel,260,2015,September,19,Female,BB,Offline TA/TO,TA/TO,0,1,0,A,Transient,0,1,0,7,2.0,27.495,0,High
Resort Hotel,96,2017,March,12,Male,HB,Groups,TA/TO,0,0,0,A,Transient-Party,0,0,0,11,2.0,26.275,0,Low
Resort Hotel,172,2017,August,26,Male,BB,Direct,Direct,0,0,0,A,Transient,0,1,0,1,3.0,69.0,0,High
City Hotel,39,2015,August,14,Female,HB,Offline TA/TO,TA/TO,0,0,0,A,Transient-Party,0,1,0,2,2.0,54.5,0,Low
City Hotel,65,2016,March,28,Female,BB,Online TA,TA/TO,0,0,0,A,Transient-Party,2,1,0,3,3.0,34.5,1,High
City Hotel,0,2016,May,14,Female,BB,Complementary,Direct,0,0,0,A,Transient,0,0,0,1,2.0,0.0,0,High
Resort Hotel,126,2017,May,2,Male,BB,Offline TA/TO,TA/TO,0,0,0,E,Transient,0,1,0,2,2.0,32.4,0,Low
City Hotel,68,2016,February,17,Male,BB,Groups,TA/TO,0,1,0,A,Transient,0,1,0,2,2.0,37.5,0,High
City Hotel,27,2017,July,2,Male,BB,Online TA,TA/TO,0,0,0,F,Transient,0,1,0,2,4.0,62.5,1,Medium
Resort Hotel,44,2016,May,18,Male,BB,Online TA,TA/TO,0,0,0,A,Transient,1,1,0,2,2.0,40.5,0,Low
Resort Hotel,157,2017,August,22,Female,BB,Direct,Direct,0,0,0,F,Transient,0,1,0,4,2.0,118.75,0,Low
City Hotel,19,2015,September,21,Male,BB,Offline TA/TO,TA/TO,0,0,0,A,Transient-Party,0,1,0,2,2.0,24.0,0,High
City Hotel,0,2016,April,29,Female,BB,Groups,TA/TO,0,0,0,A,Transient-Party,0,1,0,2,1.0,100.0,0,High
Resort Hotel,61,2017,May,26,Female,BB,Online TA,TA/TO,0,0,0,A,Transient,1,1,0,3,2.0,34.0,0,Low
City Hotel,172,2016,July,26,Female,BB,Offline TA/TO,TA/TO,0,0,0,A,Transient,0,1,0,6,2.0,36.125,0,Low
City Hotel,199,2016,October,28,Female,BB,Groups,TA/TO,0,0,0,A,Transient-Party,0,1,0,2,2.0,47.5,0,High
City Hotel,267,2016,March,31,Female,BB,Groups,TA/TO,0,0,0,A,Transient,0,1,0,2,2.0,31.0,0,High
City Hotel,39,2017,June,9,Male,BB,Online TA,TA/TO,0,0,0,E,Transient,1,1,0,2,3.0,73.33333333333333,0,Low
Resort Hotel,26,2017,April,17,Male,BB,Corporate,Corporate,0,1,8,A,Transient,0,0,1,1,1.0,45.0,0,High
Resort Hotel,82,2016,February,7,Male,Undefined,Groups,TA/TO,1,1,0,A,Transient-Party,0,1,0,2,2.0,33.0,0,High
City Hotel,350,2016,September,30,Female,BB,Offline TA/TO,TA/TO,0,1,0,A,Transient,0,1,0,3,2.0,45.0,0,High
City Hotel,82,2017,May,8,Female,BB,Online TA,TA/TO,0,0,0,D,Transient,0,1,0,6,2.0,70.5,0,Low
City Hotel,84,2017,March,25,Female,BB,Online TA,TA/TO,0,0,0,D,Transient,1,1,0,4,2.0,50.15,0,Low
City Hotel,0,2016,June,20,Female,BB,Direct,Direct,0,0,0,A,Transient,0,0,0,2,1.0,123.25,0,Medium
Resort Hotel,191,2016,April,22,Female,Undefined,Offline TA/TO,TA/TO,0,0,0,A,Transient-Party,0,0,0,3,2.0,42.665,0,High
Resort Hotel,272,2015,September,30,Female,HB,Offline TA/TO,TA/TO,0,0,0,A,Transient-Party,0,1,0,3,1.0,0.0,0,Low
City Hotel,49,2016,January,15,Male,BB,Online TA,TA/TO,0,0,0,A,Transient,1,1,0,2,2.0,34.61,0,Low
City Hotel,300,2016,November,11,Female,BB,Groups,TA/TO,0,0,0,A,Transient,0,1,0,2,2.0,32.5,0,High
City Hotel,78,2016,December,20,Female,BB,Direct,Direct,0,0,0,G,Transient-Party,2,1,0,6,3.0,39.800000000000004,0,Low
City Hotel,50,2016,June,21,Female,SC,Online TA,TA/TO,0,0,0,A,Transient,0,1,0,3,2.0,44.55,0,Low
City Hotel,67,2017,May,2,Male,BB,Groups,Corporate,0,0,0,A,Transient-Party,0,0,1,3,2.0,60.0,0,Low
City Hotel,39,2017,June,9,Female,SC,Offline TA/TO,TA/TO,0,0,0,A,Transient,0,1,0,2,2.0,44.5,0,Low
City Hotel,8,2016,September,15,Female,BB,Direct,Direct,0,0,0,A,Transient,0,1,0,1,1.0,159.0,0,High
City Hotel,32,2017,June,28,Male,BB,Online TA,TA/TO,0,0,0,D,Transient,0,1,0,3,3.0,72.22333333333333,0,Low
Resort Hotel,7,2017,March,2,Female,BB,Groups,Corporate,0,0,0,D,Transient-Party,0,0,1,4,2.0,23.5,0,Low
Resort Hotel,96,2017,March,19,Female,BB,Groups,TA/TO,0,0,0,A,Transient-Party,0,1,0,7,2.0,17.0,0,Low
City Hotel,1,2015,October,9,Female,BB,Online TA,TA/TO,0,0,0,A,Transient,2,1,0,4,2.0,72.5,0,Low
City Hotel,42,2016,December,11,Female,BB,Online TA,TA/TO,0,0,0,A,Transient,2,1,0,5,2.0,44.2,0,Medium
City Hotel,36,2015,October,13,Female,HB,Offline TA/TO,TA/TO,0,0,0,A,Transient-Party,0,1,0,3,2.0,56.0,0,High
City Hotel,0,2015,November,14,Male,SC,Online TA,TA/TO,0,0,0,A,Contract,2,1,0,1,2.0,42.5,0,Low
Resort Hotel,317,2017,April,23,Female,HB,Groups,TA/TO,0,0,0,D,Transient-Party,0,1,0,7,2.0,39.47,0,Low
City Hotel,12,2016,October,12,Female,BB,Corporate,Corporate,1,3,18,A,Transient,0,0,1,1,1.0,67.0,0,High
City Hotel,87,2016,August,27,Female,BB,Online TA,TA/TO,0,0,0,A,Transient,2,1,0,6,3.0,37.343333333333334,0,Low
Resort Hotel,67,2016,October,6,Female,BB,Online TA,TA/TO,0,0,0,G,Transient,0,1,0,4,4.0,34.75,1,Low
City Hotel,34,2016,February,8,Female,BB,Online TA,TA/TO,0,0,0,A,Transient,0,1,0,5,1.0,73.9,0,Low
City Hotel,176,2017,March,9,Female,BB,Offline TA/TO,TA/TO,0,0,0,A,Transient,0,1,0,3,2.0,37.5,0,Low
City Hotel,6,2017,June,13,Female,BB,Online TA,TA/TO,0,0,0,A,Transient,0,1,0,2,2.0,49.5,0,Low
City Hotel,6,2015,December,10,Male,HB,Offline TA/TO,TA/TO,0,0,0,A,Transient-Party,1,1,0,2,2.0,0.0,0,Low
City Hotel,221,2017,June,23,Female,BB,Offline TA/TO,TA/TO,0,0,0,A,Transient,2,1,0,2,2.0,44.55,0,High
City Hotel,104,2017,March,19,Female,BB,Offline TA/TO,TA/TO,0,0,0,A,Transient-Party,1,1,0,7,2.0,37.5,0,High
City Hotel,56,2017,February,1,Female,BB,Groups,TA/TO,0,0,0,A,Transient,0,1,0,3,2.0,30.0,0,High
City Hotel,0,2016,March,7,Male,BB,Corporate,Corporate,0,0,0,A,Transient,0,1,0,1,1.0,80.0,0,Low
Resort Hotel,243,2016,October,6,Male,BB,Groups,TA/TO,0,0,0,D,Transient-Party,0,1,0,5,1.0,53.1,0,Low
Resort Hotel,35,2016,December,7,Female,FB,Online TA,TA/TO,0,0,0,E,Transient,0,1,0,4,3.0,40.166666666666664,1,High
Resort Hotel,4,2015,July,19,Female,BB,Online TA,TA/TO,0,0,0,E,Transient,2,1,0,2,2.0,77.25,0,High
City Hotel,1,2016,January,2,Female,BB,Online TA,TA/TO,0,0,0,A,Transient,0,1,0,3,2.0,37.465,0,High
City Hotel,65,2016,November,20,Female,SC,Online TA,TA/TO,0,0,0,A,Transient,0,1,0,1,1.0,79.2,0,Low
City Hotel,9,2017,July,14,Female,BB,Online TA,TA/TO,0,0,0,D,Transient,1,1,0,2,2.0,74.5,0,Low
Resort Hotel,153,2016,April,14,Female,BB,Online TA,TA/TO,0,0,0,H,Transient-Party,2,1,0,3,4.0,30.75,1,High
City Hotel,132,2016,July,5,Female,BB,Online TA,TA/TO,0,0,0,A,Transient,0,1,0,4,2.0,52.915,0,Low
City Hotel,104,2016,June,9,Male,BB,Online TA,TA/TO,0,0,0,A,Transient,0,1,0,3,2.0,63.45,0,Medium
Resort Hotel,41,2015,November,12,Female,BB,Corporate,Corporate,0,0,0,A,Transient-Party,0,1,1,4,1.0,36.0,0,High
City Hotel,14,2017,February,13,Male,BB,Direct,Direct,0,0,0,A,Transient,1,1,0,1,3.0,32.666666666666664,0,Low
City Hotel,178,2016,September,9,Female,BB,Groups,TA/TO,0,0,0,A,Transient,0,1,0,2,1.0,135.0,0,High
Resort Hotel,77,2015,October,9,Male,BB,Direct,Direct,0,0,0,A,Contract,1,1,0,2,2.0,28.0,0,High
City Hotel,0,2017,March,14,Male,BB,Offline TA/TO,TA/TO,0,0,0,F,Transient,0,1,0,1,2.0,32.5,0,High
City Hotel,36,2016,March,1,Male,BB,Corporate,Corporate,0,0,0,A,Transient-Party,0,0,1,1,1.0,86.5,0,Low
Resort Hotel,83,2016,November,12,Male,HB,Online TA,TA/TO,0,0,0,E,Transient,0,1,0,7,1.0,57.64,0,Low
City Hotel,3,2016,February,25,Female,BB,Corporate,Corporate,1,0,3,A,Transient-Party,1,0,1,1,1.0,66.0,0,High
Resort Hotel,96,2016,October,9,Female,BB,Groups,Corporate,0,0,0,A,Transient-Party,0,0,0,3,2.0,27.5,0,High
Resort Hotel,22,2015,October,9,Male,BB,Online TA,TA/TO,0,0,0,D,Transient,2,1,0,4,2.0,41.5,0,High
City Hotel,40,2016,October,10,Female,BB,Offline TA/TO,TA/TO,0,0,0,A,Transient,0,1,0,3,2.0,42.75,0,Low
City Hotel,437,2016,May,2,Female,BB,Groups,TA/TO,0,0,0,A,Transient,0,1,0,3,2.0,30.0,0,High
City Hotel,66,2015,November,19,Female,BB,Online TA,TA/TO,0,0,0,D,Contract,2,1,0,1,2.0,40.95,0,Low
City Hotel,323,2015,September,5,Female,BB,Groups,TA/TO,0,1,0,A,Transient-Party,0,1,0,2,2.0,31.0,0,High
Resort Hotel,31,2017,August,25,Female,BB,Online TA,TA/TO,0,0,0,E,Transient,2,1,0,4,2.0,125.0,0,Low
City Hotel,89,2015,October,3,Male,BB,Groups,TA/TO,0,0,0,A,Transient,0,1,0,4,2.0,31.0,0,High
City Hotel,17,2015,August,29,Female,BB,Online TA,TA/TO,0,0,0,A,Transient-Party,1,1,0,1,2.0,45.0,0,High
Resort Hotel,89,2017,April,14,Female,BB,Online TA,TA/TO,0,0,0,E,Transient-Party,3,1,0,2,3.0,40.666666666666664,0,High
City Hotel,41,2016,April,12,Female,BB,Online TA,TA/TO,0,0,0,A,Transient,0,1,0,3,2.0,52.65,0,Low
City Hotel,88,2017,May,17,Female,SC,Online TA,TA/TO,0,0,0,A,Transient,0,1,0,3,2.0,58.5,0,Medium
City Hotel,56,2016,November,11,Female,SC,Online TA,TA/TO,0,0,0,A,Transient,3,1,0,4,2.0,37.4,0,Low
City Hotel,225,2017,June,29,Male,SC,Online TA,TA/TO,0,0,0,A,Transient,3,1,0,3,2.0,47.85,0,Low
City Hotel,1,2016,January,23,Male,SC,Online TA,TA/TO,0,0,0,A,Transient,0,1,0,3,2.0,39.5,0,Low
Resort Hotel,0,2015,October,27,Male,BB,Direct,Direct,0,0,0,D,Transient,0,0,0,1,1.0,45.0,0,High
Resort Hotel,209,2016,July,8,Female,BB,Online TA,TA/TO,0,0,0,G,Transient,0,1,0,7,4.0,40.75,1,High
Resort Hotel,0,2017,February,27,Female,BB,Direct,Direct,0,0,0,D,Transient-Party,0,0,0,2,2.0,31.0,0,High
City Hotel,96,2017,May,11,Female,BB,Online TA,TA/TO,0,0,0,D,Transient,0,1,0,3,2.0,73.5,0,Low
City Hotel,113,2016,April,15,Female,BB,Online TA,TA/TO,0,0,0,A,Transient,1,1,0,2,2.0,48.15,0,Low
City Hotel,32,2017,February,26,Female,SC,Online TA,TA/TO,0,0,0,A,Transient,2,1,0,4,2.0,37.4,0,Low
City Hotel,326,2015,September,8,Female,BB,Groups,TA/TO,0,1,0,A,Transient,0,1,0,1,2.0,30.0,0,High
City Hotel,405,2016,August,18,Female,BB,Groups,TA/TO,0,0,0,A,Transient,0,1,0,2,2.0,31.0,0,High
City Hotel,6,2017,February,4,Male,BB,Online TA,TA/TO,0,0,0,D,Transient,3,1,0,5,2.0,50.15,0,Low
City Hotel,396,2017,April,25,Female,BB,Offline TA/TO,TA/TO,0,0,0,A,Transient,0,1,0,1,2.0,45.0,0,High
Resort Hotel,128,2016,September,30,Male,BB,Direct,Direct,0,0,0,F,Transient,0,1,0,7,2.0,48.115,0,Low
City Hotel,4,2017,February,21,Female,SC,Groups,TA/TO,0,0,0,A,Transient-Party,0,0,0,3,0.0,0.0,0,High
City Hotel,111,2017,April,3,Male,BB,Groups,TA/TO,0,0,0,A,Transient-Party,1,1,0,2,2.0,47.5,0,Low
Resort Hotel,233,2017,August,21,Male,BB,Online TA,TA/TO,0,0,0,A,Transient,2,1,0,6,2.0,76.875,0,Low
Resort Hotel,0,2016,February,8,Male,BB,Direct,Direct,0,0,0,A,Transient,0,0,0,1,2.0,27.5,0,Low
City Hotel,8,2017,August,23,Male,SC,Online TA,TA/TO,0,0,0,A,Transient,0,1,0,2,2.0,64.75,0,Low
City Hotel,206,2017,August,3,Female,BB,Online TA,TA/TO,0,0,0,D,Transient,0,1,0,4,2.0,72.0,0,Low
City Hotel,48,2015,October,2,Female,BB,Online TA,TA/TO,0,0,0,A,Transient,0,1,0,3,2.0,36.755,0,Low
City Hotel,19,2016,September,12,Male,SC,Online TA,TA/TO,0,0,0,A,Transient,0,1,0,1,2.0,44.5,0,Low
Resort Hotel,134,2016,August,17,Female,HB,Online TA,TA/TO,0,0,0,A,Transient,0,1,0,6,3.0,91.33333333333333,0,Low
Resort Hotel,5,2016,September,3,Female,BB,Direct,Direct,0,0,0,F,Transient,0,1,0,4,2.0,85.05,0,Low
Resort Hotel,0,2016,November,11,Female,BB,Direct,Direct,0,0,0,E,Transient,0,0,0,1,2.0,42.5,0,High
City Hotel,12,2017,February,20,Male,BB,Online TA,GDS,0,0,0,A,Transient,0,1,0,2,1.0,90.0,0,Low
City Hotel,283,2016,October,16,Female,HB,Groups,TA/TO,0,0,0,A,Transient,0,1,0,2,2.0,48.0,0,High
Resort Hotel,84,2017,April,18,Female,BB,Direct,Direct,0,0,0,E,Transient-Party,0,0,0,6,1.0,74.6,0,Medium
City Hotel,86,2015,September,9,Male,BB,Corporate,Corporate,0,0,0,A,Transient-Party,0,0,1,2,1.0,90.0,0,Low
Resort Hotel,204,2016,August,5,Female,BB,Online TA,TA/TO,0,0,0,E,Transient,2,1,0,6,2.0,79.75,0,Low
Resort Hotel,1,2016,April,29,Female,BB,Corporate,Corporate,1,0,1,D,Transient,0,0,1,2,2.0,36.25,0,High
City Hotel,100,2015,October,31,Male,BB,Groups,TA/TO,0,0,0,A,Transient-Party,0,1,0,2,2.0,31.0,0,High
City Hotel,0,2016,December,1,Male,BB,Online TA,TA/TO,0,0,0,A,Transient,1,1,0,2,1.0,96.0,0,Low
Resort Hotel,5,2016,February,8,Male,Undefined,Offline TA/TO,TA/TO,0,0,0,A,Transient,0,1,0,21,2.0,37.905,0,Low
City Hotel,104,2016,May,14,Male,BB,Online TA,TA/TO,0,0,0,D,Transient-Party,2,1,0,3,3.0,53.1,0,Low
City Hotel,19,2015,September,20,Male,BB,Direct,Direct,0,0,0,A,Transient,0,1,1,1,2.0,62.0,0,High
Resort Hotel,1,2015,December,12,Female,HB,Direct,Direct,0,0,0,A,Transient,1,0,0,1,3.0,26.333333333333332,1,High
Resort Hotel,83,2017,January,10,Male,HB,Online TA,TA/TO,0,0,0,D,Transient,0,1,0,14,1.0,50.96,0,Low
City Hotel,56,2015,November,6,Male,BB,Offline TA/TO,TA/TO,0,0,0,D,Transient,1,1,0,3,2.0,30.0,0,Low
City Hotel,111,2017,June,29,Female,BB,Online TA,TA/TO,0,0,0,F,Transient,0,1,0,1,4.0,57.5,1,Low
City Hotel,265,2016,November,20,Male,BB,Online TA,TA/TO,0,0,0,A,Transient,2,1,0,3,2.0,39.15,0,Low
City Hotel,93,2017,April,21,Female,HB,Online TA,TA/TO,0,0,0,A,Transient,1,1,0,8,3.0,61.5,1,Low
City Hotel,53,2017,June,25,Female,SC,Online TA,TA/TO,0,0,0,A,Transient,1,1,0,1,1.0,120.0,0,Medium
City Hotel,305,2016,November,4,Female,BB,Offline TA/TO,TA/TO,0,0,0,A,Transient,0,1,0,3,2.0,44.5,0,High
Resort Hotel,336,2016,September,15,Male,BB,Groups,Direct,0,0,0,A,Transient-Party,0,0,1,4,2.0,36.75,0,Low
City Hotel,188,2016,August,8,Male,HB,Online TA,TA/TO,0,0,0,A,Transient,1,1,0,2,3.0,54.75,1,Medium
Resort Hotel,0,2015,December,18,Female,BB,Offline TA/TO,TA/TO,1,0,1,A,Transient,1,1,0,1,2.0,15.25,0,High
City Hotel,175,2016,July,10,Male,BB,Online TA,TA/TO,0,0,0,D,Transient,1,1,0,10,2.0,49.725,0,Low
City Hotel,52,2017,April,28,Female,BB,Corporate,Corporate,0,0,0,A,Transient-Party,1,0,1,1,2.0,38.5,0,Low
Resort Hotel,11,2015,December,5,Male,HB,Offline TA/TO,TA/TO,0,1,0,A,Transient-Party,0,0,0,3,2.0,34.0,0,High
City Hotel,194,2016,July,9,Male,BB,Online TA,TA/TO,0,0,0,B,Transient,0,1,0,3,2.0,43.315,1,Low
City Hotel,18,2016,June,13,Female,BB,Online TA,TA/TO,0,0,0,D,Transient,0,1,0,1,2.0,48.51,0,High
City Hotel,2,2016,May,4,Female,BB,Aviation,Corporate,0,0,0,A,Transient,0,0,1,1,1.0,95.0,0,High
City Hotel,0,2017,March,21,Female,BB,Complementary,Direct,1,0,1,A,Transient,1,0,1,2,1.0,0.0,0,High
City Hotel,2,2016,July,11,Male,BB,Complementary,Corporate,1,2,6,A,Transient,1,0,1,3,1.0,0.0,0,High
City Hotel,28,2017,April,29,Female,SC,Online TA,TA/TO,0,0,0,A,Transient,1,1,0,1,2.0,57.5,0,Low
Resort Hotel,0,2015,September,2,Female,BB,Corporate,Corporate,0,0,0,A,Transient,0,1,0,1,1.0,134.0,0,High
Resort Hotel,4,2017,February,7,Female,BB,Corporate,Corporate,0,0,0,A,Transient,0,0,1,3,1.0,35.0,0,High
City Hotel,181,2016,October,11,Male,BB,Offline TA/TO,TA/TO,0,0,0,A,Transient-Party,0,1,0,2,1.0,120.0,0,High
City Hotel,1,2016,November,22,Female,SC,Online TA,TA/TO,0,0,0,D,Transient,1,1,0,3,2.0,50.0,0,Low
City Hotel,12,2016,October,25,Female,BB,Online TA,TA/TO,0,0,0,A,Transient,2,1,0,3,1.0,130.0,0,Low
City Hotel,125,2016,August,8,Female,BB,Online TA,TA/TO,0,0,0,A,Transient,0,1,0,5,2.0,57.15,0,Low
Resort Hotel,312,2017,March,5,Female,HB,Groups,TA/TO,0,0,0,A,Transient-Party,0,1,0,7,2.0,28.0,0,Low
City Hotel,42,2016,March,11,Male,BB,Online TA,TA/TO,0,0,0,A,Transient,0,1,0,2,2.0,40.95,0,Low
City Hotel,75,2015,September,19,Female,BB,Groups,TA/TO,0,0,0,A,Transient-Party,0,1,0,4,2.0,31.0,0,Low
City Hotel,334,2015,September,16,Female,BB,Groups,TA/TO,0,1,0,A,Transient-Party,0,1,0,2,2.0,31.0,0,High
City Hotel,188,2016,June,15,Female,BB,Offline TA/TO,TA/TO,0,0,0,A,Transient,0,1,0,2,1.0,130.0,0,High
City Hotel,108,2017,August,20,Female,BB,Offline TA/TO,TA/TO,0,0,0,A,Transient,0,1,0,5,1.0,71.1,0,High
City Hotel,42,2016,April,2,Male,BB,Online TA,TA/TO,0,0,0,A,Transient,0,1,0,1,2.0,58.95,0,Low
Resort Hotel,18,2016,July,1,Female,BB,Online TA,TA/TO,0,0,0,A,Transient,1,1,0,3,2.0,64.5,0,Low
City Hotel,205,2016,August,4,Female,SC,Online TA,TA/TO,0,0,0,A,Transient,0,1,0,4,2.0,40.375,0,High
Resort Hotel,7,2017,February,10,Female,BB,Direct,Direct,0,0,0,D,Transient,2,1,0,2,2.0,33.0,0,Low
City Hotel,274,2017,August,16,Female,BB,Online TA,TA/TO,0,0,0,F,Transient,1,1,0,4,4.0,44.775,1,Low
City Hotel,67,2016,April,30,Female,HB,Online TA,TA/TO,0,0,0,D,Transient,2,1,0,2,3.0,73.2,0,Low
Resort Hotel,138,2016,April,25,Male,BB,Groups,TA/TO,0,0,0,E,Transient,0,0,0,3,2.0,32.5,0,High
Resort Hotel,155,2017,February,15,Female,BB,Offline TA/TO,TA/TO,0,0,0,E,Transient,1,1,0,21,2.0,22.5,0,Low
City Hotel,4,2017,January,17,Female,BB,Online TA,TA/TO,0,0,0,A,Transient,1,1,0,3,2.0,54.0,0,High
City Hotel,58,2016,September,29,Female,BB,Direct,Direct,0,0,0,D,Transient,2,1,0,1,3.0,53.6,1,Low
City Hotel,317,2016,September,9,Female,BB,Offline TA/TO,TA/TO,0,1,0,A,Transient,0,1,0,3,2.0,45.0,0,High
Resort Hotel,94,2017,February,13,Male,HB,Groups,TA/TO,0,0,0,A,Transient-Party,0,1,0,4,3.0,29.333333333333332,0,Low
City Hotel,19,2016,November,7,Female,BB,Online TA,TA/TO,0,0,0,A,Transient,0,1,0,2,1.0,150.0,0,High
City Hotel,211,2016,May,20,Female,BB,Offline TA/TO,TA/TO,0,0,0,A,Transient,0,1,0,2,2.0,50.0,0,High
City Hotel,215,2017,June,28,Male,BB,Groups,TA/TO,0,0,0,A,Transient,0,0,0,4,2.0,55.0,0,High
City Hotel,40,2016,April,6,Female,BB,Online TA,TA/TO,0,0,0,F,Transient,0,1,0,1,4.0,47.475,1,Low
City Hotel,29,2016,October,5,Female,BB,Online TA,TA/TO,0,0,0,D,Transient,2,1,0,5,2.0,80.5,0,Low
Resort Hotel,31,2016,April,18,Female,BB,Groups,Corporate,0,0,0,D,Transient,0,0,0,2,1.0,75.0,0,Low
City Hotel,115,2017,August,25,Male,BB,Online TA,TA/TO,0,0,0,D,Transient,2,1,0,2,3.0,65.0,0,High
City Hotel,22,2017,March,15,Female,BB,Corporate,Corporate,0,0,0,D,Transient,0,0,1,1,1.0,65.0,0,High
Resort Hotel,82,2016,February,7,Female,BB,Groups,TA/TO,1,1,0,A,Transient-Party,0,1,0,2,2.0,43.0,0,High
City Hotel,57,2017,March,29,Male,BB,Online TA,TA/TO,0,0,0,A,Transient,0,1,0,2,3.0,38.4,1,Medium
City Hotel,91,2016,July,20,Male,BB,Online TA,TA/TO,0,0,0,A,Transient,2,1,0,2,3.0,42.0,1,High
Resort Hotel,170,2017,June,26,Male,BB,Online TA,TA/TO,0,0,0,C,Transient,0,1,0,6,4.0,29.6,1,High
City Hotel,241,2015,October,19,Male,BB,Groups,TA/TO,0,0,0,A,Transient-Party,0,1,0,3,2.0,30.0,0,Low
Resort Hotel,307,2017,June,8,Female,HB,Offline TA/TO,TA/TO,0,0,0,D,Contract,0,1,0,14,2.0,49.2,0,Low
City Hotel,89,2015,July,27,Male,BB,Online TA,TA/TO,0,0,0,A,Transient,0,1,0,2,2.0,38.25,0,High
Resort Hotel,24,2016,June,25,Female,BB,Online TA,TA/TO,0,0,0,A,Transient,1,1,0,3,2.0,47.845,0,Low
City Hotel,177,2017,August,31,Female,BB,Offline TA/TO,TA/TO,0,0,0,D,Transient,1,1,0,3,2.0,47.55,0,High
City Hotel,11,2015,August,15,Male,HB,Offline TA/TO,TA/TO,0,0,0,A,Transient-Party,0,1,0,3,2.0,47.25,0,Medium
Resort Hotel,81,2016,July,15,Female,BB,Online TA,TA/TO,0,0,0,E,Transient,2,1,0,7,2.0,97.145,0,Low
Resort Hotel,46,2016,December,30,Female,BB,Offline TA/TO,TA/TO,0,0,0,D,Transient,0,1,0,2,2.0,81.0,0,High
City Hotel,1,2017,May,9,Female,BB,Offline TA/TO,Corporate,0,0,0,A,Transient,0,1,0,1,1.0,110.5,0,High
City Hotel,181,2017,May,25,Male,BB,Groups,Direct,0,0,0,A,Transient,0,0,0,2,2.0,65.0,0,High
Resort Hotel,7,2017,May,6,Female,HB,Online TA,TA/TO,0,0,0,H,Transient,1,1,0,1,4.0,50.175,1,Low
City Hotel,43,2016,August,5,Female,BB,Online TA,TA/TO,0,0,0,D,Transient,2,1,0,4,3.0,56.1,0,Low
City Hotel,229,2016,October,27,Male,BB,Online TA,TA/TO,0,0,0,A,Transient,2,1,0,3,2.0,35.22,0,Low
Resort Hotel,7,2017,April,11,Male,BB,Online TA,TA/TO,0,0,0,D,Transient-Party,1,1,0,1,1.0,105.0,0,High
City Hotel,188,2015,August,23,Female,BB,Online TA,TA/TO,0,0,0,D,Transient,1,1,0,5,2.0,44.625,0,High
City Hotel,26,2017,April,29,Female,SC,Online TA,TA/TO,0,0,0,A,Transient,1,1,0,1,2.0,57.5,0,Low
City Hotel,90,2017,May,21,Female,BB,Direct,Direct,0,0,0,A,Transient,1,1,0,3,2.0,58.5,0,Low
City Hotel,186,2017,May,30,Male,BB,Groups,TA/TO,0,0,0,A,Transient,0,1,0,2,2.0,65.0,0,High
Resort Hotel,56,2017,May,24,Female,BB,Offline TA/TO,TA/TO,0,0,0,D,Transient,0,0,1,1,2.0,31.0,0,Low
Resort Hotel,20,2015,July,30,Female,BB,Online TA,TA/TO,0,0,0,A,Transient,1,1,0,4,3.0,64.33333333333333,1,Medium
City Hotel,262,2015,July,6,Female,BB,Groups,TA/TO,0,1,0,A,Contract,0,1,0,2,2.0,31.0,0,High
Resort Hotel,14,2016,October,25,Female,BB,Complementary,Direct,0,1,1,A,Transient,2,0,0,3,2.0,0.0,0,Low
City Hotel,443,2016,October,7,Male,BB,Groups,TA/TO,0,0,0,A,Transient,0,1,0,2,2.0,32.5,0,High
City Hotel,97,2015,October,7,Male,BB,Groups,TA/TO,0,0,0,A,Transient-Party,0,1,0,2,2.0,31.0,0,High
City Hotel,250,2016,September,26,Female,BB,Offline TA/TO,TA/TO,0,0,0,A,Transient,0,1,0,4,2.0,47.5,0,High
City Hotel,72,2017,August,17,Female,BB,Direct,Direct,0,0,0,B,Transient,2,1,0,3,3.0,46.00666666666667,1,Low
Resort Hotel,112,2016,February,12,Female,FB,Groups,TA/TO,0,0,0,A,Transient-Party,0,1,0,2,2.0,34.0,0,High
City Hotel,312,2015,August,25,Male,BB,Groups,TA/TO,0,1,0,A,Transient-Party,0,1,0,4,2.0,31.0,0,High
City Hotel,302,2016,September,16,Female,BB,Offline TA/TO,TA/TO,0,0,0,A,Transient,0,1,0,3,2.0,50.0,0,High
City Hotel,346,2015,September,28,Male,BB,Groups,TA/TO,0,1,0,A,Contract,0,1,0,2,2.0,31.0,0,High
City Hotel,9,2016,June,17,Male,BB,Online TA,TA/TO,0,0,0,D,Transient,2,1,0,2,3.0,59.0,0,Low
City Hotel,124,2016,June,30,Female,BB,Online TA,TA/TO,0,0,0,B,Transient-Party,0,1,0,2,2.0,48.775,0,Low
Resort Hotel,54,2016,July,15,Female,BB,Online TA,TA/TO,0,0,0,A,Transient,0,1,0,2,2.0,80.0,0,Low
City Hotel,161,2017,May,5,Male,BB,Groups,TA/TO,0,0,0,A,Transient,0,1,0,2,2.0,60.0,0,High
City Hotel,3,2016,September,26,Female,BB,Corporate,Corporate,1,4,46,A,Transient,0,0,1,10,1.0,65.0,0,High
City Hotel,69,2015,October,25,Female,BB,Groups,TA/TO,0,0,0,A,Transient-Party,0,1,0,3,2.0,42.835,0,High
City Hotel,420,2016,September,3,Male,BB,Groups,TA/TO,0,0,0,A,Transient,0,1,0,4,2.0,37.5,0,High
City Hotel,7,2015,September,21,Female,BB,Online TA,TA/TO,0,0,0,D,Contract,2,1,0,3,2.0,68.0,0,Low
City Hotel,122,2016,March,27,Male,HB,Offline TA/TO,TA/TO,0,0,0,A,Transient-Party,1,1,0,3,2.0,53.5,0,High
City Hotel,3,2016,April,25,Male,BB,Corporate,Corporate,1,0,4,A,Transient,0,0,1,1,1.0,65.0,0,High
City Hotel,178,2016,August,23,Female,BB,Online TA,TA/TO,0,0,0,D,Transient,1,1,0,3,3.0,47.9,0,Medium
City Hotel,83,2016,March,28,Female,BB,Offline TA/TO,TA/TO,0,0,0,A,Transient,0,1,0,5,2.0,40.375,0,High
Resort Hotel,162,2016,August,31,Male,BB,Online TA,TA/TO,0,0,0,A,Transient,0,1,0,9,2.0,70.665,0,Low
Resort Hotel,16,2016,December,24,Female,BB,Direct,Direct,0,0,0,E,Transient,0,0,0,3,2.0,49.665,0,Low
Resort Hotel,108,2016,March,21,Female,BB,Online TA,TA/TO,0,0,0,A,Transient,1,1,0,2,2.0,24.0,0,High
City Hotel,13,2016,October,10,Female,BB,Corporate,Corporate,0,0,0,A,Transient,0,0,1,3,2.0,79.5,0,Low
Resort Hotel,130,2016,August,20,Male,BB,Direct,Direct,0,0,0,D,Transient,0,0,0,14,2.0,94.93,0,Low
City Hotel,178,2016,August,18,Male,BB,Online TA,TA/TO,0,0,0,A,Transient,0,1,0,3,2.0,62.25,1,Medium
Resort Hotel,217,2017,August,29,Female,BB,Offline TA/TO,TA/TO,0,0,0,A,Transient,1,1,0,4,2.0,53.175,0,Low
Resort Hotel,73,2017,February,17,Male,BB,Corporate,Corporate,0,0,0,A,Transient-Party,0,0,1,3,2.0,20.0,0,Low
Resort Hotel,4,2016,November,26,Male,BB,Online TA,TA/TO,0,0,0,A,Transient,1,1,0,3,1.0,43.0,0,Low
Resort Hotel,126,2017,June,20,Male,BB,Offline TA/TO,TA/TO,0,0,0,A,Transient,0,1,0,4,2.0,31.5,0,High
City Hotel,7,2016,August,26,Female,BB,Online TA,TA/TO,0,0,0,A,Transient,1,1,0,4,2.0,71.5,0,Low
City Hotel,230,2016,July,26,Male,BB,Online TA,TA/TO,0,0,0,B,Transient-Party,1,1,0,3,2.0,47.875,0,Low
Resort Hotel,72,2016,February,6,Female,HB,Groups,Direct,0,0,0,D,Transient-Party,0,0,0,3,2.0,36.665,0,High
City Hotel,226,2017,June,16,Male,BB,Offline TA/TO,TA/TO,0,0,0,A,Transient,0,1,0,3,2.0,52.5,0,High
Resort Hotel,63,2017,April,10,Female,HB,Offline TA/TO,TA/TO,0,0,0,A,Contract,0,1,0,3,1.0,63.95,0,Low
City Hotel,127,2016,April,28,Male,BB,Offline TA/TO,TA/TO,0,0,0,A,Transient,0,1,0,4,2.0,45.0,0,Low
City Hotel,87,2017,April,15,Female,BB,Groups,TA/TO,0,0,0,A,Transient,0,1,0,4,2.0,47.5,0,High
City Hotel,19,2016,September,23,Female,BB,Online TA,TA/TO,0,0,0,A,Transient,1,1,0,3,2.0,79.5,0,Low
City Hotel,21,2017,February,20,Female,SC,Online TA,TA/TO,0,0,0,A,Transient,0,1,0,2,2.0,40.0,0,Low
Resort Hotel,39,2015,November,11,Male,BB,Online TA,TA/TO,0,0,0,D,Transient,0,1,0,5,2.0,33.32,0,Low
City Hotel,3,2015,September,5,Female,BB,Groups,TA/TO,0,0,0,A,Transient-Party,0,1,0,4,1.0,0.0,0,High
City Hotel,6,2016,September,22,Male,SC,Online TA,TA/TO,0,0,0,A,Transient,3,1,0,1,2.0,79.5,0,Medium
City Hotel,169,2017,April,21,Female,BB,Online TA,TA/TO,0,0,0,A,Transient,1,1,0,5,3.0,39.0,1,Low
Resort Hotel,95,2017,April,8,Male,BB,Online TA,TA/TO,0,0,0,H,Transient,0,1,0,5,4.0,37.5,1,High
City Hotel,27,2017,February,5,Male,BB,Online TA,TA/TO,0,0,0,A,Transient,1,1,0,4,1.0,68.0,0,Low
Resort Hotel,155,2015,October,31,Female,BB,Groups,Direct,0,0,0,A,Transient,0,0,0,1,2.0,18.0,0,High
City Hotel,14,2017,May,2,Male,SC,Online TA,TA/TO,0,0,0,A,Transient,1,1,0,4,2.0,63.75,0,Medium
Resort Hotel,0,2017,July,12,Male,BB,Online TA,TA/TO,0,0,0,A,Transient,0,1,0,1,2.0,4.0,0,High
Resort Hotel,277,2015,October,6,Female,HB,Groups,Direct,0,0,0,D,Transient-Party,0,1,0,7,2.0,34.37,0,Low
City Hotel,6,2015,September,11,Female,BB,Online TA,TA/TO,0,0,0,A,Transient,0,1,0,3,2.0,63.5,0,High
City Hotel,46,2017,March,27,Male,BB,Online TA,TA/TO,0,0,0,A,Transient,0,1,0,3,2.0,53.1,0,Low
Resort Hotel,77,2015,September,28,Male,BB,Offline TA/TO,TA/TO,0,0,0,E,Transient,1,1,0,4,2.0,37.3,0,High
Resort Hotel,315,2015,September,29,Female,HB,Offline TA/TO,TA/TO,0,0,0,D,Contract,0,1,0,9,2.0,35.63,0,Low
City Hotel,263,2017,June,23,Female,BB,Groups,TA/TO,0,0,0,A,Transient-Party,1,1,0,4,2.0,52.5,0,High
City Hotel,112,2017,April,12,Female,BB,Online TA,TA/TO,0,0,0,D,Transient,1,1,0,3,3.0,57.5,0,Low
City Hotel,3,2017,January,5,Male,BB,Online TA,TA/TO,0,0,0,A,Transient,1,1,0,3,1.0,90.1,0,Low
Resort Hotel,222,2017,June,23,Male,BB,Online TA,TA/TO,0,0,0,A,Transient,1,1,0,5,2.0,38.115,0,Low
City Hotel,128,2017,August,4,Male,BB,Online TA,TA/TO,0,0,0,D,Transient,0,1,0,1,3.0,65.0,0,Low
City Hotel,40,2017,March,29,Female,BB,Online TA,TA/TO,0,0,0,E,Transient,0,1,0,3,2.0,79.0,0,Low
Resort Hotel,34,2016,March,8,Female,FB,Offline TA/TO,TA/TO,0,0,0,E,Transient,1,1,0,7,2.0,41.665,0,Low
City Hotel,8,2015,October,29,Female,SC,Online TA,TA/TO,0,0,0,A,Contract,0,1,0,4,2.0,47.12,0,Low
City Hotel,196,2016,August,4,Female,BB,Online TA,TA/TO,0,0,0,A,Transient,0,1,0,3,2.0,52.65,0,Low
Resort Hotel,3,2016,December,1,Female,BB,Online TA,TA/TO,0,0,0,A,Transient,1,1,0,2,2.0,24.0,0,High
Resort Hotel,274,2017,August,16,Female,HB,Direct,Direct,0,0,0,C,Transient,3,1,0,6,3.0,74.7,1,High
Resort Hotel,6,2016,March,15,Male,BB,Corporate,Corporate,0,0,0,A,Transient,0,0,0,2,1.0,30.0,0,Low
City Hotel,5,2015,December,9,Female,BB,Offline TA/TO,TA/TO,0,0,0,A,Transient-Party,1,1,0,3,2.0,29.0,0,Low
Resort Hotel,0,2015,September,30,Female,BB,Corporate,Corporate,0,0,0,G,Transient,0,1,0,1,2.0,45.05,0,Low
City Hotel,219,2017,June,18,Female,BB,Online TA,TA/TO,0,0,0,A,Transient,1,1,0,5,2.0,58.5,0,Low
City Hotel,115,2016,May,4,Female,BB,Online TA,TA/TO,0,0,0,A,Transient-Party,1,1,0,5,2.0,49.725,0,Low
City Hotel,115,2016,April,8,Male,BB,Groups,TA/TO,0,0,0,A,Transient-Party,0,1,0,2,1.0,57.5,0,High
Resort Hotel,77,2015,September,28,Female,HB,Online TA,TA/TO,0,0,0,D,Transient,2,1,0,7,2.0,39.05,0,Low
City Hotel,302,2016,October,6,Female,BB,Offline TA/TO,TA/TO,0,1,0,A,Transient,0,1,0,3,2.0,52.5,0,High
Resort Hotel,1,2017,February,11,Female,BB,Online TA,TA/TO,1,0,1,A,Transient,1,1,0,1,2.0,24.0,0,High
Resort Hotel,129,2016,July,10,Male,BB,Online TA,TA/TO,0,0,0,A,Transient,3,1,0,6,2.0,79.335,0,High
City Hotel,0,2017,June,1,Male,SC,Online TA,TA/TO,0,0,0,A,Transient,0,1,0,1,2.0,46.49,0,Low
City Hotel,9,2016,June,17,Female,BB,Offline TA/TO,TA/TO,0,0,0,A,Transient,1,1,0,3,3.0,31.666666666666668,1,Low
City Hotel,28,2016,June,14,Male,BB,Online TA,TA/TO,0,0,0,D,Transient,1,1,0,3,1.0,108.42,0,Low
City Hotel,10,2017,July,6,Female,BB,Corporate,Corporate,0,0,0,A,Transient-Party,0,1,0,1,1.0,95.0,0,High
Resort Hotel,295,2017,March,15,Female,BB,Online TA,TA/TO,0,0,0,A,Transient,1,1,0,6,1.0,26.64,0,Low
City Hotel,127,2016,April,28,Male,BB,Offline TA/TO,TA/TO,0,0,0,A,Transient-Party,0,1,0,4,1.0,80.0,0,High
Resort Hotel,22,2017,April,6,Male,BB,Online TA,TA/TO,0,0,0,E,Transient,0,1,0,3,2.0,57.5,0,High
City Hotel,97,2017,March,14,Female,BB,Offline TA/TO,TA/TO,0,0,0,A,Transient,0,1,0,2,2.0,42.5,0,High
City Hotel,59,2015,November,28,Female,BB,Online TA,TA/TO,0,0,0,A,Contract,1,1,0,6,2.0,53.1,0,Low
Resort Hotel,21,2015,November,12,Male,BB,Corporate,Corporate,0,0,0,A,Transient-Party,0,1,1,3,1.0,40.0,0,High
City Hotel,95,2017,July,28,Female,SC,Online TA,TA/TO,0,0,0,A,Transient,1,1,0,2,2.0,62.5,0,Low
City Hotel,153,2016,July,23,Female,BB,Online TA,TA/TO,0,0,0,A,Transient,1,1,0,4,2.0,54.225,0,Low
City Hotel,88,2017,August,12,Male,BB,Online TA,TA/TO,0,0,0,D,Transient,1,1,0,7,3.0,65.0,0,Low
City Hotel,3,2017,August,31,Male,SC,Online TA,TA/TO,0,0,0,A,Transient,1,1,0,1,2.0,70.0,0,High
City Hotel,31,2016,November,23,Female,BB,Online TA,TA/TO,0,0,0,B,Transient,2,1,0,4,2.0,38.93,0,Low
Resort Hotel,231,2015,July,7,Male,BB,Online TA,TA/TO,0,1,0,A,Transient,0,1,0,8,2.0,55.35,0,High
City Hotel,97,2017,March,4,Female,BB,Online TA,TA/TO,0,0,0,A,Transient,1,1,0,3,2.0,48.6,0,Low
City Hotel,6,2017,February,14,Female,BB,Online TA,TA/TO,0,0,0,A,Transient,0,1,0,1,3.0,42.666666666666664,1,Low
City Hotel,34,2016,June,14,Female,SC,Online TA,TA/TO,0,0,0,A,Transient,1,1,0,3,2.0,53.55,0,High
City Hotel,1,2016,January,8,Male,SC,Online TA,TA/TO,1,11,0,A,Transient-Party,0,1,0,2,2.0,33.75,0,Medium
City Hotel,13,2017,January,21,Female,SC,Online TA,TA/TO,0,0,0,A,Transient,1,1,0,2,2.0,44.5,0,Low
City Hotel,14,2016,April,16,Female,BB,Online TA,TA/TO,0,0,0,A,Transient,0,1,0,3,3.0,42.556666666666665,1,High
City Hotel,4,2015,November,14,Female,BB,Direct,Direct,0,0,0,B,Transient,1,1,0,3,2.0,40.5,0,Low
City Hotel,157,2017,August,1,Female,BB,Online TA,TA/TO,0,0,0,A,Transient,0,1,0,4,2.0,68.625,0,Low
City Hotel,212,2016,October,9,Female,BB,Online TA,TA/TO,0,0,0,A,Transient,0,1,0,4,2.0,37.615,0,High
City Hotel,163,2016,June,5,Female,BB,Offline TA/TO,TA/TO,0,0,0,A,Transient,0,1,0,4,1.0,100.0,0,High
City Hotel,116,2016,October,23,Female,BB,Online TA,TA/TO,0,0,0,A,Transient,2,1,0,4,3.0,34.949999999999996,1,Low
Resort Hotel,106,2016,July,21,Male,BB,Online TA,TA/TO,0,0,0,G,Transient,0,1,0,4,4.0,63.0,1,Low
Resort Hotel,72,2016,February,6,Male,HB,Groups,Direct,0,0,0,D,Transient-Party,0,0,0,3,2.0,36.665,0,High
Resort Hotel,30,2016,February,20,Male,BB,Direct,Direct,0,0,0,A,Transient,1,0,0,7,3.0,16.0,1,Low
Resort Hotel,222,2016,April,2,Female,BB,Online TA,TA/TO,0,0,0,A,Transient,2,1,0,7,2.0,21.095,0,Low
City Hotel,9,2016,April,19,Female,SC,Online TA,TA/TO,0,0,0,A,Transient,0,1,0,1,2.0,44.5,0,Low
City Hotel,317,2016,September,15,Female,BB,Offline TA/TO,TA/TO,0,0,0,A,Transient,0,1,0,2,2.0,60.0,0,High
Resort Hotel,129,2016,March,28,Female,BB,Direct,Direct,0,0,0,C,Transient,1,0,0,7,3.0,29.613333333333333,0,Low
City Hotel,240,2016,December,10,Male,SC,Online TA,TA/TO,0,0,0,A,Transient,2,1,0,3,2.0,33.75,0,Medium
City Hotel,87,2016,May,22,Male,SC,Offline TA/TO,TA/TO,0,0,0,A,Transient,0,1,0,7,2.0,42.5,0,Low
City Hotel,23,2016,March,18,Male,BB,Online TA,TA/TO,0,0,0,A,Transient-Party,2,1,0,1,3.0,36.333333333333336,1,High
Resort Hotel,0,2016,October,28,Male,BB,Direct,Direct,0,0,0,D,Transient,0,0,0,1,2.0,34.0,0,Low
Resort Hotel,132,2016,July,18,Female,BB,Online TA,TA/TO,0,0,0,C,Transient,0,1,0,4,4.0,49.625,1,High
City Hotel,479,2017,August,9,Female,BB,Offline TA/TO,TA/TO,0,0,0,A,Transient-Party,0,1,0,3,2.0,56.335,0,High
City Hotel,405,2017,July,4,Male,HB,Offline TA/TO,TA/TO,0,0,0,A,Transient-Party,0,1,0,2,2.0,57.2,0,Low
Resort Hotel,29,2017,April,10,Female,BB,Online TA,TA/TO,0,0,0,A,Transient,1,1,0,1,2.0,37.5,0,Low
Resort Hotel,109,2015,November,13,Female,BB,Direct,Direct,0,0,0,F,Transient,2,0,0,1,2.0,40.4,0,High
City Hotel,184,2017,August,28,Male,BB,Direct,Direct,0,0,0,E,Transient,3,1,0,3,2.0,95.835,0,High
City Hotel,214,2017,May,28,Female,SC,Online TA,TA/TO,0,0,0,A,Transient,0,1,0,6,2.0,57.9,0,Low
City Hotel,39,2017,August,20,Female,BB,Offline TA/TO,TA/TO,0,0,0,A,Transient,0,1,0,2,1.0,140.0,0,High
City Hotel,28,2015,September,10,Female,BB,Offline TA/TO,TA/TO,0,0,0,D,Transient,0,1,0,2,2.0,48.5,0,Low
Resort Hotel,283,2015,October,12,Male,BB,Groups,Direct,0,0,0,E,Transient-Party,0,1,0,7,2.0,38.645,0,Low
City Hotel,57,2016,February,7,Female,BB,Direct,Direct,0,0,0,B,Transient,1,0,0,4,2.0,32.5,0,Low
Resort Hotel,1,2015,July,4,Female,BB,Online TA,TA/TO,0,0,0,A,Transient,0,1,0,2,2.0,57.25,0,High
City Hotel,107,2016,April,14,Female,BB,Online TA,TA/TO,0,0,0,D,Transient,1,1,0,3,2.0,51.15,0,Low
City Hotel,74,2016,March,20,Female,BB,Online TA,TA/TO,0,0,0,A,Transient,1,1,0,4,2.0,41.225,0,Medium
City Hotel,133,2017,April,19,Female,BB,Offline TA/TO,TA/TO,0,0,0,A,Transient-Party,0,1,0,4,2.0,62.0,0,Low
City Hotel,0,2015,August,18,Female,SC,Direct,Direct,0,0,0,D,Transient,0,0,0,1,1.0,100.0,0,Low
City Hotel,277,2016,November,7,Male,BB,Groups,TA/TO,0,0,0,A,Transient,0,0,0,3,2.0,50.0,0,High
City Hotel,2,2016,August,13,Female,BB,Direct,Direct,0,0,0,D,Transient,2,1,0,1,3.0,58.550000000000004,1,High
Resort Hotel,2,2017,May,7,Male,BB,Online TA,TA/TO,0,0,0,A,Transient,1,1,0,2,2.0,39.75,0,High
Resort Hotel,152,2016,September,26,Female,HB,Groups,TA/TO,0,0,0,A,Transient-Party,0,1,0,7,1.0,48.5,0,Low
City Hotel,44,2016,June,19,Male,BB,Online TA,TA/TO,0,0,0,A,Transient,1,1,0,1,2.0,49.55,0,High
Resort Hotel,178,2016,July,11,Male,BB,Direct,Direct,0,0,0,A,Transient,0,1,0,4,2.0,51.45,0,High
City Hotel,71,2016,June,14,Female,BB,Offline TA/TO,TA/TO,0,0,0,A,Transient,0,1,0,3,1.0,120.0,0,High
City Hotel,13,2016,June,20,Female,BB,Online TA,TA/TO,0,0,0,A,Transient,1,1,0,4,2.0,65.5,0,Low
City Hotel,1,2017,February,2,Female,BB,Direct,Direct,1,1,6,E,Transient,0,0,0,1,1.0,110.0,0,High
Resort Hotel,1,2016,May,2,Male,HB,Online TA,TA/TO,0,0,0,D,Transient,0,1,0,1,2.0,45.0,0,High
City Hotel,130,2016,September,29,Female,BB,Online TA,TA/TO,0,0,0,D,Transient,2,1,0,3,2.0,69.75,0,Low
City Hotel,10,2017,February,16,Female,SC,Online TA,TA/TO,0,0,0,A,Transient,0,1,0,3,2.0,49.0,0,Medium
Resort Hotel,101,2015,September,18,Female,BB,Online TA,TA/TO,0,0,0,A,Transient,0,1,0,3,2.0,41.5,0,High
City Hotel,97,2015,December,28,Male,SC,Online TA,TA/TO,0,0,0,A,Transient,0,1,0,4,2.0,26.69,0,High
City Hotel,48,2017,February,22,Male,BB,Groups,TA/TO,0,0,0,A,Transient-Party,1,0,0,2,1.0,65.0,0,Low
Resort Hotel,69,2017,July,14,Male,BB,Online TA,TA/TO,0,0,0,A,Transient,0,1,0,7,2.0,80.0,0,Low
City Hotel,184,2016,October,12,Male,SC,Online TA,TA/TO,0,0,0,A,Transient,0,1,0,1,2.0,49.05,0,Low
City Hotel,67,2015,December,5,Female,SC,Online TA,TA/TO,0,0,0,A,Transient,3,1,0,3,3.0,37.63333333333333,1,High
Resort Hotel,38,2015,August,10,Male,BB,Online TA,TA/TO,0,0,0,A,Transient,2,1,0,7,2.0,92.785,0,High
Resort Hotel,107,2015,August,10,Female,BB,Direct,Direct,0,0,0,A,Transient-Party,1,0,0,3,2.0,67.0,0,High
City Hotel,19,2016,December,30,Female,BB,Online TA,TA/TO,0,0,0,D,Transient,0,1,0,1,2.0,74.0,0,Low
City Hotel,78,2017,May,28,Female,BB,Offline TA/TO,TA/TO,0,0,0,A,Transient,1,1,0,4,2.0,44.55,0,Low
City Hotel,221,2015,October,3,Male,HB,Groups,TA/TO,0,1,0,A,Transient-Party,0,1,0,3,2.0,43.0,0,High
Resort Hotel,145,2017,January,2,Female,HB,Online TA,TA/TO,0,0,0,G,Transient,0,1,0,3,2.0,49.32,0,Low
Resort Hotel,35,2017,March,28,Female,BB,Offline TA/TO,TA/TO,0,0,0,A,Transient,0,1,0,8,1.0,36.0,0,Low
City Hotel,0,2015,November,12,Male,BB,Online TA,TA/TO,0,0,0,A,Transient,1,0,0,1,1.0,79.0,0,Low
Resort Hotel,8,2016,December,13,Male,BB,Online TA,TA/TO,0,0,0,A,Transient,3,1,0,2,1.0,43.0,0,Low
Resort Hotel,0,2017,April,18,Female,BB,Direct,Direct,0,0,0,A,Transient,0,0,0,2,2.0,45.5,0,Low
City Hotel,186,2017,May,30,Female,BB,Groups,TA/TO,0,0,0,A,Transient,0,1,0,2,2.0,65.0,0,High
City Hotel,36,2016,May,7,Female,SC,Online TA,TA/TO,0,0,0,A,Transient,0,1,0,1,2.0,52.245,0,Low
City Hotel,184,2016,August,17,Female,HB,Online TA,TA/TO,0,0,0,A,Transient-Party,1,1,0,1,2.0,69.75,0,Low
City Hotel,78,2016,November,4,Female,BB,Direct,Direct,0,0,0,A,Transient,1,0,0,3,2.0,40.0,0,High
City Hotel,256,2016,June,15,Female,HB,Offline TA/TO,TA/TO,0,0,0,A,Transient-Party,1,1,0,2,2.0,56.0,0,Low
City Hotel,221,2016,June,10,Male,BB,Offline TA/TO,TA/TO,0,1,0,A,Transient,0,1,0,3,2.0,40.0,0,High
City Hotel,3,2016,September,22,Male,BB,Online TA,TA/TO,0,0,0,G,Transient,1,1,0,3,2.0,109.36,0,Low
City Hotel,85,2016,October,6,Female,BB,Offline TA/TO,TA/TO,0,0,0,A,Transient-Party,1,1,0,4,2.0,42.5,0,Low
City Hotel,20,2016,September,9,Male,HB,Online TA,TA/TO,0,0,0,A,Transient,2,1,0,2,3.0,64.35000000000001,1,Low
City Hotel,33,2015,September,15,Female,BB,Online TA,TA/TO,0,0,0,A,Contract,2,1,0,3,2.0,47.25,0,Low
City Hotel,31,2017,April,21,Male,BB,Offline TA/TO,TA/TO,0,0,0,A,Transient-Party,0,1,0,5,2.0,42.5,0,Low
City Hotel,162,2015,September,17,Male,BB,Offline TA/TO,TA/TO,0,0,0,A,Transient-Party,0,1,0,3,2.0,17.5,0,Low
Resort Hotel,45,2016,March,22,Female,BB,Direct,Direct,0,0,0,D,Transient,1,1,0,2,2.0,22.5,0,Low
Resort Hotel,7,2016,December,13,Male,BB,Corporate,Corporate,0,0,6,A,Transient,0,0,1,1,1.0,35.0,0,Low
Resort Hotel,131,2016,October,28,Female,BB,Online TA,TA/TO,0,0,0,E,Transient,0,1,0,7,2.0,31.515,0,Low
Resort Hotel,0,2016,February,24,Female,BB,Direct,Direct,1,0,0,E,Transient,0,0,0,1,2.0,32.5,0,Low
Resort Hotel,82,2016,February,7,Female,Undefined,Groups,TA/TO,1,1,0,A,Transient-Party,0,1,0,2,2.0,33.0,0,High
Resort Hotel,137,2016,May,30,Female,HB,Online TA,TA/TO,0,0,0,D,Transient,2,1,0,5,1.0,106.38,0,Low
Resort Hotel,98,2015,August,8,Female,HB,Offline TA/TO,TA/TO,0,0,0,A,Transient,0,1,0,7,2.0,69.0,0,High
City Hotel,101,2016,June,27,Male,BB,Groups,TA/TO,0,0,0,A,Transient,0,0,0,6,1.0,140.0,0,High
Resort Hotel,38,2016,March,25,Female,BB,Direct,Direct,0,0,0,D,Transient,0,1,0,2,2.0,36.0,0,High
City Hotel,48,2016,November,4,Female,BB,Online TA,TA/TO,0,0,0,A,Transient,2,1,0,2,2.0,48.6,0,Low
Resort Hotel,70,2016,August,4,Male,HB,Online TA,TA/TO,0,0,0,D,Transient,1,1,0,5,2.0,122.5,0,Low
Resort Hotel,107,2016,August,13,Male,HB,Online TA,TA/TO,0,0,0,F,Transient,0,1,0,4,3.0,75.97333333333333,0,High
Resort Hotel,171,2017,August,27,Female,BB,Offline TA/TO,TA/TO,0,0,0,D,Transient,0,1,0,7,2.0,60.75,0,High
City Hotel,10,2016,April,17,Female,SC,Online TA,TA/TO,0,0,0,A,Transient,0,1,0,1,2.0,44.5,0,Medium
City Hotel,20,2017,June,20,Female,BB,Corporate,Corporate,1,1,23,D,Transient,2,0,1,1,1.0,119.0,0,High
City Hotel,69,2016,November,10,Female,BB,Direct,Direct,0,0,0,A,Transient,2,1,0,4,2.0,52.09,0,Low
Resort Hotel,8,2017,January,14,Female,BB,Online TA,TA/TO,0,0,0,E,Transient,1,1,0,1,2.0,34.0,0,High
City Hotel,82,2017,May,31,Male,BB,Online TA,TA/TO,0,0,0,D,Transient-Party,2,1,0,3,3.0,51.0,0,Low
City Hotel,80,2016,December,27,Female,BB,Online TA,TA/TO,0,0,0,D,Transient,1,1,0,3,2.0,57.45,1,Low
City Hotel,5,2016,June,14,Male,BB,Corporate,Corporate,0,0,0,A,Transient,0,0,1,1,1.0,95.0,0,High
City Hotel,50,2017,June,11,Female,BB,Direct,Direct,0,0,0,A,Transient,0,1,0,4,1.0,126.0,0,Low
City Hotel,173,2017,June,4,Female,BB,Groups,TA/TO,0,0,0,A,Transient,0,1,0,4,2.0,60.0,0,High
City Hotel,39,2016,September,25,Female,BB,Online TA,TA/TO,0,0,0,A,Transient,0,1,0,1,1.0,129.7,0,Low
Resort Hotel,146,2016,September,29,Female,BB,Offline TA/TO,TA/TO,0,0,0,E,Transient-Party,0,0,1,1,2.0,58.05,0,Low
City Hotel,1,2015,November,19,Female,BB,Corporate,Corporate,0,0,0,A,Transient,0,0,1,1,1.0,65.0,0,High
Resort Hotel,45,2016,September,18,Female,BB,Online TA,TA/TO,0,0,0,A,Transient,2,1,0,3,2.0,43.0,0,High
City Hotel,2,2016,September,22,Male,BB,Online TA,TA/TO,0,0,0,A,Transient,3,1,0,1,1.0,194.0,0,Low
City Hotel,158,2016,May,25,Female,BB,Online TA,TA/TO,0,0,0,D,Transient,1,1,0,4,2.0,61.625,0,Low
Resort Hotel,33,2017,August,7,Male,BB,Online TA,TA/TO,0,0,0,A,Transient,2,1,0,5,2.0,122.0,0,Low
Resort Hotel,25,2016,March,28,Female,BB,Online TA,TA/TO,0,0,0,A,Transient,1,1,0,2,2.0,30.0,0,High
Resort Hotel,9,2015,October,11,Male,BB,Direct,Direct,0,0,0,A,Transient,0,1,0,1,2.0,28.0,0,High
City Hotel,241,2017,March,31,Female,BB,Online TA,TA/TO,0,0,0,A,Transient,0,1,0,4,1.0,103.6,0,Low
City Hotel,71,2016,June,17,Male,BB,Offline TA/TO,TA/TO,0,0,0,A,Transient-Party,1,1,0,4,3.0,31.026666666666667,1,High
Resort Hotel,100,2015,July,6,Female,BB,Offline TA/TO,TA/TO,0,0,0,D,Transient,1,1,0,10,2.0,31.93,0,Low
Resort Hotel,50,2016,March,5,Male,BB,Online TA,TA/TO,0,0,0,A,Transient,1,1,0,1,2.0,24.0,0,High
City Hotel,68,2016,February,17,Female,BB,Groups,TA/TO,0,1,0,A,Transient,0,1,0,2,2.0,37.5,0,High
City Hotel,0,2016,March,8,Female,BB,Corporate,TA/TO,0,0,0,D,Transient-Party,0,0,1,2,1.0,75.0,0,High
City Hotel,265,2016,June,24,Male,HB,Offline TA/TO,TA/TO,0,0,0,A,Transient-Party,1,1,0,2,2.0,57.5,0,High
Resort Hotel,160,2016,May,17,Male,BB,Offline TA/TO,TA/TO,0,0,0,D,Transient,1,1,0,1,2.0,29.5,0,Low
Resort Hotel,9,2017,February,18,Male,BB,Online TA,Direct,1,0,1,A,Transient,2,1,0,2,2.0,30.0,0,High
Resort Hotel,28,2015,October,21,Male,HB,Offline TA/TO,TA/TO,0,0,0,A,Transient-Party,0,1,0,2,2.0,35.0,0,Low
City Hotel,48,2016,April,1,Female,SC,Online TA,TA/TO,0,0,0,A,Transient,1,1,0,5,2.0,31.61,0,Low
City Hotel,12,2015,October,5,Female,BB,Direct,Direct,0,0,0,A,Transient,3,1,0,5,2.0,57.0,0,High
City Hotel,45,2016,July,5,Female,BB,Offline TA/TO,TA/TO,0,0,0,A,Transient,0,1,0,1,2.0,38.25,0,High
City Hotel,4,2016,September,27,Male,BB,Offline TA/TO,TA/TO,0,0,0,A,Transient,2,1,0,1,2.0,37.5,0,High
City Hotel,0,2017,May,29,Male,BB,Online TA,TA/TO,0,0,0,A,Transient,1,1,0,1,2.0,69.5,0,High
Resort Hotel,130,2016,June,5,Female,HB,Offline TA/TO,TA/TO,0,0,0,A,Contract,0,1,0,7,2.0,39.925,0,Low
City Hotel,216,2015,October,19,Female,BB,Groups,TA/TO,0,0,0,A,Transient-Party,0,1,0,3,2.0,6.0,0,High
Resort Hotel,210,2016,August,2,Male,BB,Online TA,TA/TO,0,0,0,A,Transient,1,1,0,3,2.0,63.0,0,High
City Hotel,0,2015,August,10,Male,SC,Online TA,TA/TO,0,0,0,A,Transient,0,1,0,1,2.0,57.5,0,High
City Hotel,78,2017,April,23,Male,BB,Online TA,TA/TO,0,0,0,A,Transient,1,1,0,3,2.0,46.085,0,Low
City Hotel,20,2017,June,1,Male,BB,Direct,Direct,0,0,0,G,Transient,0,0,0,4,2.0,120.0,0,High
City Hotel,142,2016,May,22,Female,BB,Online TA,TA/TO,0,0,0,D,Transient-Party,0,1,0,3,2.0,57.15,0,Low
City Hotel,342,2015,September,24,Female,BB,Groups,TA/TO,0,1,0,A,Transient,0,1,0,6,2.0,85.0,0,High
Resort Hotel,0,2015,August,26,Female,BB,Online TA,TA/TO,0,0,0,A,Transient,0,1,0,1,1.0,153.0,0,Low
City Hotel,1,2015,September,22,Male,BB,Online TA,TA/TO,0,0,0,A,Contract,1,1,0,2,2.0,72.5,0,High
City Hotel,40,2017,June,8,Female,BB,Online TA,TA/TO,0,0,0,A,Transient,2,1,0,1,2.0,70.0,0,High
City Hotel,160,2017,August,22,Female,BB,Online TA,TA/TO,0,0,0,E,Transient,0,1,0,4,3.0,67.5,0,Low
Resort Hotel,179,2016,April,27,Male,BB,Online TA,TA/TO,0,0,0,A,Transient,1,1,0,2,2.0,26.1,0,High
City Hotel,128,2017,May,11,Female,BB,Online TA,TA/TO,0,0,0,A,Transient,0,1,0,3,1.0,130.8,0,Low
City Hotel,167,2016,July,23,Female,BB,Online TA,TA/TO,0,0,0,A,Transient,0,1,0,7,2.0,49.725,0,Low
City Hotel,3,2016,May,9,Male,BB,Aviation,Corporate,0,0,0,D,Transient,0,0,1,15,1.0,110.0,0,Low
City Hotel,1,2017,March,30,Female,SC,Online TA,TA/TO,0,0,0,A,Transient,1,1,0,2,2.0,53.5,0,Low
City Hotel,10,2016,March,29,Female,BB,Online TA,TA/TO,0,0,0,D,Transient,0,1,0,1,3.0,45.666666666666664,0,High
Resort Hotel,118,2015,July,29,Male,HB,Online TA,TA/TO,0,0,0,D,Transient,2,1,0,5,2.0,93.0,0,High
Resort Hotel,209,2016,July,23,Female,BB,Online TA,TA/TO,0,0,0,H,Transient,0,1,0,7,4.0,52.5,1,High
Resort Hotel,4,2016,April,30,Male,BB,Direct,Direct,0,0,0,D,Transient,3,0,0,1,3.0,31.666666666666668,1,High
Resort Hotel,6,2016,March,30,Male,BB,Corporate,Corporate,0,0,0,A,Transient-Party,0,0,1,1,2.0,25.0,0,High
City Hotel,7,2017,February,15,Male,BB,Direct,Direct,0,0,0,D,Transient,1,0,0,1,2.0,61.5,0,Low
Resort Hotel,168,2017,May,2,Female,BB,Offline TA/TO,TA/TO,0,0,0,D,Transient,0,1,0,1,2.0,31.0,0,Low
Resort Hotel,19,2016,October,30,Female,HB,Online TA,TA/TO,0,0,0,A,Transient,2,1,0,4,2.0,39.0,0,High
City Hotel,89,2015,October,3,Female,BB,Groups,TA/TO,0,0,0,A,Transient,0,1,0,4,2.0,31.0,0,High
Resort Hotel,30,2016,August,8,Male,HB,Online TA,TA/TO,0,0,0,D,Transient,2,1,0,5,2.0,135.5,0,High
Resort Hotel,3,2016,January,3,Male,BB,Online TA,TA/TO,0,0,0,A,Transient,1,1,0,3,2.0,24.0,0,Low
City Hotel,18,2017,February,21,Male,SC,Online TA,TA/TO,0,0,0,A,Transient,1,1,0,2,1.0,51.21,0,Low
Resort Hotel,195,2017,July,24,Female,BB,Offline TA/TO,TA/TO,0,0,0,A,Transient,0,1,0,7,3.0,49.81666666666666,0,Low
City Hotel,99,2016,February,19,Female,BB,Corporate,TA/TO,0,0,0,A,Transient-Party,0,0,1,1,1.0,81.0,0,High
City Hotel,7,2017,January,12,Male,BB,Online TA,TA/TO,0,0,0,A,Transient,1,1,0,3,2.0,35.845,0,Low
Resort Hotel,1,2017,February,3,Female,BB,Direct,Direct,0,0,0,A,Transient,1,1,0,1,2.0,21.6,0,High
City Hotel,56,2016,June,1,Male,BB,Online TA,TA/TO,0,0,0,D,Transient,1,1,0,3,2.0,70.2,0,Low
City Hotel,37,2017,January,12,Female,BB,Online TA,TA/TO,0,0,0,D,Transient,1,1,0,1,3.0,39.526666666666664,0,High
City Hotel,17,2016,December,2,Male,BB,Online TA,TA/TO,0,0,0,D,Transient,2,1,0,2,3.0,52.5,0,Low
City Hotel,52,2015,October,23,Female,BB,Online TA,TA/TO,0,0,0,A,Contract,3,1,0,3,2.0,47.25,0,Low
City Hotel,38,2017,February,26,Female,BB,Offline TA/TO,TA/TO,0,0,0,A,Transient,0,1,0,3,2.0,37.5,0,High
City Hotel,86,2015,September,9,Male,BB,Corporate,Corporate,0,0,0,A,Transient-Party,0,0,1,3,1.0,90.0,0,Low
City Hotel,4,2016,April,21,Female,BB,Online TA,TA/TO,0,0,0,D,Transient,1,1,0,5,2.0,51.59,0,Low
City Hotel,2,2017,August,20,Male,SC,Online TA,TA/TO,0,0,0,A,Transient,0,1,0,3,2.0,40.85,0,High
Resort Hotel,221,2015,October,10,Female,HB,Offline TA/TO,TA/TO,0,1,0,A,Transient,0,1,0,2,2.0,17.0,0,High
Resort Hotel,7,2017,April,29,Female,BB,Online TA,TA/TO,0,0,0,D,Transient,1,1,0,3,2.0,57.835,0,Low
City Hotel,444,2016,December,1,Female,BB,Offline TA/TO,TA/TO,0,1,0,A,Transient,0,1,0,3,1.0,75.0,0,High
Resort Hotel,53,2017,March,5,Male,BB,Groups,TA/TO,0,0,0,A,Transient-Party,0,1,0,7,1.0,30.0,0,High
City Hotel,110,2017,July,10,Male,BB,Online TA,TA/TO,0,0,0,A,Transient,0,1,0,2,3.0,48.0,1,Low
Resort Hotel,105,2015,November,18,Male,Undefined,Offline TA/TO,TA/TO,0,0,0,A,Transient-Party,0,1,0,6,2.0,34.5,0,Low
City Hotel,50,2017,March,22,Female,BB,Online TA,TA/TO,0,0,0,D,Transient,1,1,0,2,1.0,78.31,0,Low
City Hotel,56,2016,May,30,Male,BB,Groups,TA/TO,0,0,0,A,Transient-Party,0,0,0,1,1.0,120.0,0,High
City Hotel,315,2016,September,17,Female,BB,Groups,TA/TO,0,0,0,A,Transient-Party,1,1,0,2,2.0,32.5,0,Low
City Hotel,59,2016,May,21,Male,SC,Online TA,TA/TO,0,0,0,A,Transient,1,1,0,5,2.0,58.05,0,Medium
Resort Hotel,1,2017,August,6,Female,BB,Online TA,TA/TO,0,0,0,A,Transient,1,1,0,1,2.0,72.2,0,High
City Hotel,3,2016,March,31,Female,BB,Online TA,TA/TO,0,0,0,A,Transient,1,1,0,1,1.0,106.0,0,Low
City Hotel,0,2016,February,15,Female,BB,Aviation,TA/TO,0,0,0,A,Transient,0,1,0,4,1.0,88.0,0,High
Resort Hotel,125,2016,September,11,Male,BB,Direct,Direct,0,0,0,F,Transient,0,1,0,3,2.0,90.5,0,High
City Hotel,94,2016,April,12,Male,BB,Online TA,TA/TO,0,0,0,A,Transient,1,1,0,7,2.0,34.55,0,Low
City Hotel,274,2017,January,9,Female,BB,Online TA,TA/TO,0,0,0,D,Transient,0,1,0,3,3.0,38.1,0,Low
City Hotel,153,2016,August,19,Female,BB,Online TA,TA/TO,0,0,0,F,Transient,0,1,0,1,4.0,46.575,1,Low
Resort Hotel,186,2015,September,4,Female,BB,Offline TA/TO,TA/TO,0,0,0,A,Transient-Party,1,1,0,3,1.0,52.2,0,Low
Resort Hotel,231,2015,September,15,Female,BB,Direct,Direct,0,1,0,A,Transient,1,1,0,5,3.0,26.58,0,High
City Hotel,346,2016,September,13,Male,HB,Offline TA/TO,TA/TO,0,0,0,A,Transient-Party,1,1,0,2,2.0,57.5,0,High
City Hotel,131,2016,July,3,Female,BB,Online TA,TA/TO,0,0,0,A,Transient,2,1,0,2,3.0,40.5,1,Low
City Hotel,318,2015,August,31,Female,BB,Groups,TA/TO,0,1,0,A,Contract,0,1,0,2,2.0,31.0,0,High
Resort Hotel,104,2016,November,5,Female,BB,Online TA,TA/TO,0,0,0,D,Transient-Party,1,1,0,7,2.0,27.0,0,Low
Resort Hotel,50,2016,August,5,Female,HB,Offline TA/TO,TA/TO,0,0,0,C,Transient-Party,0,1,0,6,2.0,115.585,0,Low
City Hotel,17,2017,February,26,Male,BB,Groups,TA/TO,0,0,0,D,Transient-Party,0,1,0,3,1.0,75.0,0,Low
City Hotel,93,2017,April,11,Female,BB,Online TA,TA/TO,0,0,0,A,Transient,1,1,0,3,2.0,60.0,0,Low
City Hotel,0,2015,October,15,Female,BB,Offline TA/TO,TA/TO,0,0,0,A,Transient,0,1,0,2,1.0,100.0,0,High
Resort Hotel,26,2017,January,28,Female,HB,Online TA,TA/TO,0,0,0,D,Transient,1,1,0,1,2.0,44.0,0,Low
Resort Hotel,0,2017,April,3,Female,BB,Direct,Direct,0,0,0,D,Transient,0,0,0,2,2.0,51.0,0,Low
City Hotel,157,2017,May,1,Female,HB,Direct,Direct,0,0,0,A,Transient,2,1,0,4,2.0,67.125,0,Low
City Hotel,330,2016,June,2,Male,BB,Groups,TA/TO,0,0,0,A,Transient,0,1,0,1,1.0,59.0,0,High
City Hotel,42,2017,March,22,Female,BB,Online TA,TA/TO,0,0,0,E,Transient,0,1,0,4,3.0,42.64333333333334,0,Low
City Hotel,124,2017,August,21,Female,BB,Offline TA/TO,TA/TO,0,0,0,A,Transient-Party,0,1,0,4,1.0,115.0,0,Low
City Hotel,288,2016,May,5,Male,HB,Groups,TA/TO,0,0,0,A,Transient-Party,0,1,0,3,2.0,40.835,0,Low
City Hotel,94,2016,April,16,Female,SC,Online TA,TA/TO,0,0,0,A,Transient,0,1,0,4,2.0,38.25,0,Low
City Hotel,63,2015,September,4,Male,HB,Offline TA/TO,TA/TO,0,0,0,A,Transient-Party,0,1,0,2,2.0,58.0,0,High
City Hotel,143,2016,August,25,Male,BB,Offline TA/TO,TA/TO,0,0,0,A,Transient-Party,0,1,0,3,2.0,50.0,0,Low
City Hotel,52,2016,October,29,Female,SC,Online TA,TA/TO,0,0,0,A,Transient,1,1,0,2,2.0,49.5,0,Low
City Hotel,171,2017,August,29,Male,HB,Online TA,TA/TO,0,0,0,A,Transient,0,1,0,4,2.0,84.04,0,Low
Resort Hotel,14,2015,July,24,Female,BB,Online TA,TA/TO,0,0,0,A,Transient,1,1,0,4,2.0,74.85,0,Low
City Hotel,140,2015,November,18,Male,BB,Groups,TA/TO,0,0,0,A,Transient-Party,0,1,0,3,2.0,37.5,0,High
City Hotel,129,2017,January,8,Female,BB,Groups,TA/TO,0,0,0,D,Transient,0,0,0,3,1.0,67.0,0,High
Resort Hotel,258,2015,September,17,Male,HB,Groups,TA/TO,0,0,0,A,Transient-Party,1,1,0,2,2.0,39.15,0,Low
City Hotel,160,2017,August,11,Male,SC,Online TA,TA/TO,0,0,0,A,Transient,0,1,0,3,2.0,60.415,0,Low
Resort Hotel,24,2017,June,8,Female,BB,Offline TA/TO,TA/TO,0,0,0,A,Transient,0,1,0,2,2.0,33.0,0,High
City Hotel,48,2017,June,26,Male,BB,Online TA,TA/TO,0,0,0,F,Transient,0,1,0,1,4.0,57.5,1,Low
Resort Hotel,243,2016,September,19,Female,FB,Offline TA/TO,TA/TO,0,0,0,A,Transient,1,1,0,7,1.0,71.9,0,Low
Resort Hotel,2,2017,May,8,Male,BB,Online TA,Direct,0,0,1,G,Transient,3,1,0,1,4.0,38.0,1,High
City Hotel,78,2016,March,31,Male,BB,Online TA,TA/TO,0,0,0,A,Transient,0,1,0,5,2.0,41.225,0,Low
Resort Hotel,20,2016,December,4,Female,BB,Online TA,TA/TO,0,0,0,E,Transient,1,1,0,1,2.0,37.5,0,High
Resort Hotel,234,2016,August,26,Male,BB,Direct,Direct,0,0,0,A,Transient,1,1,0,2,2.0,59.5,0,High
City Hotel,173,2017,August,5,Male,BB,Online TA,TA/TO,0,0,0,A,Transient,0,1,0,7,3.0,49.5,1,Low
Resort Hotel,168,2016,April,28,Female,BB,Groups,TA/TO,0,0,0,A,Transient,0,1,0,4,2.0,40.0,0,High
City Hotel,17,2017,January,23,Female,BB,Online TA,GDS,0,0,0,A,Transient,0,1,0,3,1.0,88.0,0,Low
Resort Hotel,220,2016,July,4,Male,BB,Offline TA/TO,TA/TO,0,0,0,D,Transient,0,1,0,10,2.0,35.0,0,Low
Resort Hotel,1,2017,January,2,Male,BB,Direct,Direct,0,0,0,F,Transient,0,1,0,1,2.0,35.5,0,Low
Resort Hotel,154,2016,December,3,Female,BB,Direct,Direct,0,0,0,D,Transient,0,1,0,6,2.0,21.06,0,Low
Resort Hotel,286,2015,October,14,Female,BB,Groups,Corporate,0,0,0,A,Transient-Party,0,0,1,1,2.0,22.25,0,Low
City Hotel,39,2016,November,21,Male,BB,Offline TA/TO,TA/TO,0,0,0,A,Transient,0,1,0,3,2.0,36.0,0,Low
Resort Hotel,178,2017,June,26,Male,BB,Online TA,TA/TO,0,0,0,C,Transient,1,1,0,7,2.0,53.28,0,Low
City Hotel,79,2017,July,23,Female,BB,Online TA,TA/TO,0,0,0,D,Transient,2,1,0,4,3.0,63.333333333333336,0,Low
Resort Hotel,178,2015,September,13,Female,BB,Online TA,TA/TO,0,0,0,A,Transient-Party,1,1,0,4,2.0,45.5,0,High
Resort Hotel,41,2015,November,12,Male,BB,Corporate,Corporate,0,0,0,A,Transient-Party,0,1,0,2,1.0,40.0,0,High
City Hotel,24,2016,January,31,Female,HB,Online TA,TA/TO,0,0,0,A,Transient,0,1,0,3,2.0,61.0,0,Low
City Hotel,77,2016,July,7,Male,BB,Online TA,TA/TO,0,0,0,D,Transient,0,1,0,4,2.0,64.8,0,High
City Hotel,36,2015,October,13,Female,HB,Offline TA/TO,TA/TO,0,0,0,A,Transient-Party,0,1,0,3,2.0,56.0,0,High
City Hotel,44,2016,April,23,Male,BB,Offline TA/TO,TA/TO,0,0,0,B,Transient-Party,0,1,0,3,2.0,47.5,0,Low
City Hotel,12,2017,July,31,Female,SC,Online TA,TA/TO,0,0,0,A,Transient,1,1,0,3,2.0,71.5,0,Low
City Hotel,128,2016,October,11,Female,BB,Online TA,TA/TO,0,0,0,D,Transient,0,1,0,5,3.0,45.0,1,Low
City Hotel,110,2016,April,30,Female,SC,Online TA,TA/TO,0,0,0,A,Transient,0,1,0,4,2.0,44.625,0,Medium
City Hotel,46,2016,November,3,Female,BB,Online TA,TA/TO,0,0,0,D,Transient,2,1,0,3,2.0,53.1,0,Low
Resort Hotel,36,2017,May,8,Female,BB,Direct,Direct,0,0,0,F,Transient,0,1,0,7,2.0,67.0,0,Low
City Hotel,276,2015,July,20,Female,BB,Groups,TA/TO,0,1,0,A,Contract,0,1,0,2,2.0,31.0,0,High
Resort Hotel,0,2016,December,20,Male,BB,Direct,Direct,0,0,0,A,Transient,0,0,0,1,2.0,45.0,0,Low
City Hotel,78,2016,March,25,Female,BB,Online TA,TA/TO,0,0,0,D,Transient,0,1,0,3,2.0,52.65,0,Medium
City Hotel,323,2016,May,26,Male,BB,Groups,TA/TO,0,0,0,A,Transient,0,1,0,2,2.0,31.0,0,High
City Hotel,173,2016,July,11,Female,BB,Online TA,TA/TO,0,0,0,A,Transient,1,1,0,4,2.0,32.745,1,Low
City Hotel,131,2016,July,15,Male,BB,Online TA,TA/TO,0,0,0,F,Transient,0,1,0,1,4.0,44.325,1,Medium
City Hotel,205,2016,July,22,Male,BB,Online TA,TA/TO,0,0,0,A,Transient-Party,0,1,0,5,2.0,45.475,0,Low
Resort Hotel,32,2016,February,28,Male,BB,Online TA,TA/TO,0,0,0,A,Transient,0,1,0,7,2.0,24.0,0,High
Resort Hotel,65,2017,August,18,Male,BB,Online TA,TA/TO,0,0,0,A,Transient,1,1,0,7,2.0,95.3,0,Low
City Hotel,50,2017,April,11,Female,SC,Online TA,TA/TO,0,0,0,A,Transient,1,1,0,3,2.0,54.0,0,Low
City Hotel,61,2015,October,4,Female,BB,Offline TA/TO,TA/TO,0,0,0,A,Transient-Party,0,1,0,2,2.0,45.5,0,Low
City Hotel,188,2016,June,15,Male,BB,Offline TA/TO,TA/TO,0,0,0,A,Transient,0,1,0,2,1.0,130.0,0,High
City Hotel,93,2016,October,29,Male,BB,Online TA,TA/TO,0,0,0,B,Transient,2,1,0,2,2.0,40.75,0,Low
Resort Hotel,0,2015,October,4,Male,BB,Direct,Direct,0,0,0,C,Transient,0,0,0,1,2.0,38.0,0,High
City Hotel,93,2017,June,22,Male,BB,Groups,TA/TO,0,0,0,A,Transient-Party,0,1,0,5,2.0,42.5,0,Low
City Hotel,99,2016,October,16,Female,BB,Online TA,TA/TO,0,0,0,A,Transient,1,1,0,3,2.0,59.4,0,Low
Resort Hotel,82,2016,February,7,Female,Undefined,Groups,TA/TO,1,0,0,A,Transient-Party,0,1,0,2,3.0,28.666666666666668,1,High
Resort Hotel,101,2016,March,8,Male,HB,Offline TA/TO,TA/TO,0,0,0,A,Transient,0,1,0,7,2.0,24.7,0,Low
City Hotel,58,2016,January,27,Male,BB,Offline TA/TO,TA/TO,0,1,0,A,Transient-Party,0,1,0,2,1.0,80.0,0,High
City Hotel,31,2017,June,7,Female,BB,Online TA,TA/TO,0,0,0,D,Transient,1,1,0,1,2.0,75.0,0,Medium
Resort Hotel,165,2017,July,5,Male,BB,Online TA,TA/TO,0,0,0,F,Transient,1,1,0,4,2.0,65.715,0,Low
Resort Hotel,0,2016,October,25,Female,BB,Offline TA/TO,TA/TO,0,0,0,A,Transient,0,1,0,2,2.0,24.0,0,High
Resort Hotel,27,2017,July,14,Female,BB,Direct,Direct,0,0,0,A,Transient,2,1,0,2,2.0,90.0,0,Low
Resort Hotel,22,2017,August,19,Female,BB,Online TA,TA/TO,0,0,0,H,Transient,1,1,0,4,4.0,85.0,1,Low
City Hotel,34,2016,September,18,Male,BB,Offline TA/TO,TA/TO,0,0,0,A,Transient,0,1,0,3,2.0,42.75,0,Low
Resort Hotel,100,2015,July,4,Female,BB,Online TA,TA/TO,0,0,0,A,Transient-Party,1,1,0,2,2.0,36.9,0,Low
City Hotel,7,2016,February,11,Female,HB,Offline TA/TO,TA/TO,0,0,0,A,Transient-Party,1,1,0,3,2.0,58.0,0,Low
City Hotel,405,2017,July,4,Male,HB,Offline TA/TO,TA/TO,0,0,0,A,Transient-Party,0,1,0,2,1.0,91.5,0,Low
Resort Hotel,0,2016,August,11,Male,BB,Direct,Direct,0,0,0,E,Transient,0,0,0,1,2.0,114.5,0,High
City Hotel,134,2017,February,25,Female,BB,Groups,TA/TO,0,0,0,A,Transient-Party,0,1,0,1,1.0,75.0,0,High
Resort Hotel,346,2016,September,1,Male,BB,Online TA,TA/TO,0,0,0,A,Transient,2,1,0,1,2.0,40.5,0,High
Resort Hotel,177,2016,June,10,Female,HB,Online TA,TA/TO,0,0,0,E,Transient,2,1,0,7,2.0,71.0,0,Low
Resort Hotel,271,2017,June,12,Female,Undefined,Offline TA/TO,TA/TO,0,0,0,E,Transient,1,1,0,8,2.0,68.85,0,High
City Hotel,155,2017,June,19,Male,BB,Online TA,TA/TO,0,0,0,D,Transient,1,1,0,3,2.0,63.9,0,High
City Hotel,175,2017,May,27,Female,BB,Online TA,TA/TO,0,0,0,A,Transient,1,1,0,2,2.0,63.0,0,Medium
City Hotel,275,2016,October,5,Female,BB,Offline TA/TO,TA/TO,0,0,0,A,Transient,0,1,0,5,2.0,45.0,0,High
City Hotel,5,2016,April,8,Female,BB,Direct,Direct,0,0,0,A,Transient,0,1,0,1,2.0,54.0,0,Low
Resort Hotel,59,2017,August,13,Female,FB,Direct,Direct,0,0,0,H,Transient,0,1,0,6,4.0,109.25,1,High
City Hotel,26,2017,April,27,Female,SC,Online TA,TA/TO,0,0,0,A,Transient,3,1,0,1,2.0,62.0,0,Low
City Hotel,1,2017,February,23,Female,SC,Online TA,TA/TO,0,0,0,A,Transient,0,1,0,1,1.0,70.4,0,Low
City Hotel,286,2016,October,28,Female,BB,Groups,TA/TO,0,0,0,A,Transient,0,1,0,2,2.0,32.5,0,High
City Hotel,102,2016,July,8,Female,BB,Offline TA/TO,TA/TO,0,0,0,A,Transient,0,1,0,4,2.0,36.125,0,High
Resort Hotel,16,2015,October,25,Female,BB,Online TA,TA/TO,0,0,0,G,Transient,0,1,0,5,4.0,26.5,1,High
City Hotel,90,2016,June,28,Female,BB,Online TA,TA/TO,0,0,0,A,Transient,0,1,0,6,2.0,57.15,0,Low
Resort Hotel,7,2016,June,13,Male,BB,Corporate,Corporate,0,0,0,A,Transient,0,0,1,3,1.0,75.0,0,High
Resort Hotel,237,2017,May,2,Male,BB,Offline TA/TO,TA/TO,0,0,0,A,Transient,1,1,0,7,2.0,21.6,0,Low
City Hotel,43,2016,August,7,Female,BB,Online TA,TA/TO,0,0,0,A,Transient,1,1,0,2,2.0,67.95,0,Low
Resort Hotel,1,2017,February,26,Female,BB,Online TA,TA/TO,0,0,0,C,Transient,0,1,0,1,4.0,18.75,1,Low
Resort Hotel,22,2015,July,16,Female,BB,Direct,Direct,0,0,0,F,Transient,0,1,0,7,2.0,80.0,0,High
City Hotel,175,2017,March,10,Male,BB,Online TA,TA/TO,0,0,0,A,Transient,0,1,0,3,2.0,46.8,0,Low
City Hotel,219,2016,August,20,Female,HB,Groups,TA/TO,0,0,0,A,Transient-Party,0,1,0,2,2.0,48.0,0,Medium
City Hotel,120,2017,August,23,Female,BB,Direct,Direct,0,0,0,E,Transient,2,1,0,2,1.0,180.0,0,Low
City Hotel,301,2016,July,30,Female,HB,Offline TA/TO,TA/TO,0,0,0,A,Transient-Party,1,1,0,2,2.0,57.5,0,Low
City Hotel,98,2016,July,15,Male,BB,Online TA,TA/TO,0,0,0,A,Transient,1,1,0,3,3.0,40.5,1,Low
Resort Hotel,3,2016,May,19,Female,BB,Online TA,TA/TO,0,0,0,D,Transient,0,1,0,1,1.0,94.0,0,High
Resort Hotel,99,2016,April,27,Male,HB,Groups,TA/TO,0,0,0,A,Transient-Party,0,1,0,9,2.0,35.945,0,Low
City Hotel,1,2015,December,31,Female,SC,Online TA,TA/TO,0,0,0,A,Transient,0,1,0,3,3.0,61.166666666666664,0,Medium
City Hotel,29,2015,October,27,Female,BB,Offline TA/TO,TA/TO,0,0,0,D,Group,0,1,0,3,2.0,37.5,0,Low
Resort Hotel,1,2016,January,12,Female,BB,Corporate,Corporate,1,0,1,A,Transient,0,0,1,1,1.0,30.0,0,High
City Hotel,109,2017,March,30,Female,BB,Online TA,TA/TO,0,0,0,A,Transient,2,1,0,1,2.0,48.6,0,Low
City Hotel,90,2015,November,24,Female,BB,Online TA,TA/TO,0,0,0,A,Contract,2,1,0,7,2.0,36.125,0,High
Resort Hotel,17,2015,July,2,Female,BB,Direct,Direct,0,0,0,F,Transient,1,1,0,3,2.0,66.5,0,Low
City Hotel,46,2016,October,16,Female,BB,Offline TA/TO,TA/TO,0,0,0,A,Transient,0,1,0,4,2.0,42.75,0,Low
City Hotel,1,2017,June,11,Female,SC,Online TA,TA/TO,0,0,0,A,Transient,1,1,0,1,2.0,64.0,0,High
City Hotel,12,2017,April,21,Male,SC,Online TA,TA/TO,0,0,0,A,Transient,1,1,0,3,2.0,75.0,0,Low
City Hotel,147,2015,December,29,Female,BB,Online TA,TA/TO,0,0,0,A,Contract,2,1,0,3,2.0,36.125,0,High
City Hotel,283,2016,December,5,Female,BB,Corporate,Corporate,0,0,0,E,Transient-Party,0,0,1,3,1.0,106.0,0,High
City Hotel,140,2016,August,12,Male,BB,Online TA,TA/TO,0,0,0,D,Transient,0,1,0,2,3.0,48.9,0,Low
City Hotel,43,2017,April,27,Male,SC,Offline TA/TO,TA/TO,0,0,0,A,Transient,1,1,0,1,2.0,49.0,0,High
City Hotel,219,2017,August,25,Female,BB,Online TA,TA/TO,0,0,0,A,Transient,0,1,0,4,2.0,58.5,0,Medium
City Hotel,464,2017,July,25,Female,BB,Offline TA/TO,TA/TO,0,0,0,A,Transient,0,1,0,1,2.0,45.0,0,High
City Hotel,1,2016,February,20,Female,BB,Direct,Direct,0,0,0,A,Transient,0,0,0,1,2.0,45.5,0,High
City Hotel,75,2016,April,29,Female,BB,Online TA,TA/TO,0,0,0,A,Transient,0,1,0,5,3.0,45.050000000000004,1,Low
Resort Hotel,143,2016,June,4,Female,HB,Offline TA/TO,TA/TO,0,0,0,E,Transient,3,1,0,7,2.0,49.3,0,Low
Resort Hotel,48,2017,February,25,Male,BB,Online TA,TA/TO,0,0,0,D,Transient-Party,3,1,0,2,2.0,29.0,0,High
City Hotel,41,2016,March,8,Female,SC,Online TA,TA/TO,0,0,0,A,Transient,0,1,0,7,2.0,35.705,0,Low
City Hotel,208,2017,August,2,Female,HB,Groups,TA/TO,0,0,0,A,Transient-Party,1,1,0,1,2.0,78.5,0,Low
City Hotel,210,2015,July,30,Female,BB,Online TA,TA/TO,0,1,0,A,Transient,2,1,0,4,2.0,38.25,0,High
Resort Hotel,0,2016,February,10,Female,BB,Online TA,TA/TO,0,0,0,A,Transient,1,1,0,1,1.0,53.0,0,Low
Resort Hotel,191,2016,November,5,Male,BB,Online TA,TA/TO,0,0,0,A,Transient,0,1,0,7,2.0,15.12,0,High
City Hotel,36,2016,October,31,Female,SC,Online TA,TA/TO,0,0,0,A,Transient,0,1,0,3,2.0,47.5,0,Low
Resort Hotel,90,2015,September,7,Female,BB,Offline TA/TO,TA/TO,0,0,0,D,Transient,0,1,0,4,2.0,38.8,0,Low
City Hotel,110,2017,April,26,Female,SC,Online TA,TA/TO,0,0,0,A,Transient,0,1,0,5,3.0,33.6,0,Low
Resort Hotel,59,2017,July,1,Female,HB,Online TA,TA/TO,0,0,0,A,Transient,1,1,0,7,3.0,59.43666666666667,1,High
City Hotel,14,2017,July,17,Female,BB,Direct,Direct,1,0,7,A,Transient,2,0,1,3,1.0,75.0,0,Low
Resort Hotel,1,2016,March,28,Female,BB,Online TA,TA/TO,0,0,0,A,Transient,1,1,0,1,2.0,24.0,0,High
Resort Hotel,13,2016,January,22,Male,BB,Online TA,TA/TO,0,0,0,D,Transient,2,1,0,6,2.0,22.4,0,High
City Hotel,247,2016,June,6,Female,HB,Offline TA/TO,TA/TO,0,0,0,A,Transient-Party,0,1,0,2,2.0,57.5,0,Low
Resort Hotel,0,2015,November,24,Male,BB,Online TA,TA/TO,0,0,0,A,Transient,0,1,0,1,1.0,40.0,0,High
Resort Hotel,25,2017,May,23,Female,BB,Online TA,TA/TO,0,0,0,D,Transient,1,1,0,1,2.0,38.0,0,Low
City Hotel,69,2016,January,29,Female,BB,Offline TA/TO,TA/TO,0,0,0,F,Transient,0,1,0,3,2.0,41.0,0,High
City Hotel,27,2015,September,30,Female,BB,Offline TA/TO,TA/TO,0,0,0,A,Transient,0,1,0,2,2.0,54.0,0,High
City Hotel,223,2016,June,14,Female,HB,Groups,TA/TO,0,1,0,A,Transient,0,1,0,2,2.0,67.5,0,High
Resort Hotel,225,2016,May,28,Female,HB,Groups,TA/TO,0,0,0,A,Transient-Party,0,1,0,2,2.0,42.5,0,Low
City Hotel,296,2016,September,21,Male,HB,Offline TA/TO,TA/TO,0,0,0,A,Transient-Party,0,1,0,4,2.0,58.5,0,Medium
City Hotel,93,2016,October,22,Female,HB,Online TA,TA/TO,0,0,0,D,Transient,1,1,0,7,3.0,50.18666666666667,1,Low
Resort Hotel,13,2017,June,12,Female,BB,Corporate,Corporate,0,0,0,A,Transient,0,0,1,3,1.0,75.0,0,High
Resort Hotel,77,2015,October,8,Female,BB,Direct,Direct,0,0,0,A,Contract,2,1,0,3,3.0,23.666666666666668,1,High
Resort Hotel,356,2016,July,10,Female,HB,Offline TA/TO,TA/TO,0,0,0,E,Contract,0,1,0,9,2.0,68.365,0,Low
City Hotel,32,2015,November,20,Male,BB,Offline TA/TO,TA/TO,0,0,0,A,Transient-Party,0,1,0,2,1.0,73.0,0,High
Resort Hotel,35,2016,December,25,Female,BB,Online TA,TA/TO,0,0,0,A,Transient-Party,2,1,0,3,2.0,30.0,0,Low
Resort Hotel,60,2016,May,15,Female,BB,Offline TA/TO,TA/TO,0,0,0,D,Transient,0,1,0,7,2.0,26.995,0,Low
City Hotel,38,2016,December,2,Female,BB,Online TA,TA/TO,0,0,0,B,Transient,1,1,0,4,2.0,38.93,0,Low
City Hotel,53,2017,June,14,Female,BB,Direct,Direct,0,0,0,A,Transient,1,1,0,5,2.0,63.0,0,Low
Resort Hotel,3,2016,February,29,Female,Undefined,Offline TA/TO,TA/TO,0,0,0,A,Transient,0,1,0,3,2.0,27.5,0,High
City Hotel,102,2016,May,16,Male,BB,Offline TA/TO,TA/TO,0,0,0,A,Transient,0,1,0,3,2.0,37.5,0,Low
Resort Hotel,142,2016,June,4,Female,BB,Offline TA/TO,TA/TO,0,0,0,D,Transient,0,1,0,15,2.0,34.2,0,Low
Resort Hotel,57,2015,July,15,Female,FB,Groups,Direct,0,0,0,A,Transient-Party,0,1,0,2,2.0,53.5,0,High
Resort Hotel,204,2017,May,20,Male,HB,Offline TA/TO,TA/TO,0,0,0,A,Contract,0,1,0,10,2.0,34.475,0,Low
City Hotel,47,2016,October,16,Male,BB,Offline TA/TO,TA/TO,0,0,0,A,Transient,0,1,0,4,2.0,40.375,0,Low
Resort Hotel,214,2017,March,25,Male,BB,Offline TA/TO,TA/TO,0,0,0,A,Transient,0,1,0,4,1.0,27.0,0,Low
City Hotel,42,2015,September,19,Male,BB,Offline TA/TO,TA/TO,0,0,0,A,Transient,0,1,0,3,2.0,38.25,0,Low
City Hotel,74,2015,September,18,Female,HB,Offline TA/TO,TA/TO,0,0,0,A,Transient-Party,0,1,0,2,2.0,54.5,0,High
Resort Hotel,29,2016,November,4,Female,BB,Online TA,TA/TO,0,0,0,E,Transient-Party,2,1,0,2,2.0,27.9,0,Low
City Hotel,475,2016,October,27,Male,BB,Groups,TA/TO,0,0,0,A,Transient,0,1,0,2,2.0,31.0,0,High
Resort Hotel,85,2016,April,7,Male,HB,Groups,TA/TO,0,0,0,A,Transient-Party,0,1,0,3,2.0,32.0,0,High
Resort Hotel,0,2017,August,9,Female,BB,Direct,Direct,0,0,0,A,Transient,0,0,0,1,2.0,122.0,0,High
Resort Hotel,28,2016,January,5,Male,BB,Online TA,TA/TO,0,1,0,D,Transient,0,1,0,1,2.0,28.0,0,High
City Hotel,256,2016,June,15,Male,HB,Offline TA/TO,TA/TO,0,0,0,A,Transient-Party,1,1,0,2,2.0,57.5,0,Low
Resort Hotel,23,2016,March,24,Male,HB,Direct,Direct,1,1,5,E,Transient,4,0,0,4,2.0,49.25,0,High
Resort Hotel,7,2016,March,21,Female,BB,Offline TA/TO,TA/TO,0,0,0,A,Transient,0,1,0,1,2.0,13.05,0,Low
City Hotel,12,2016,August,14,Male,SC,Online TA,TA/TO,0,0,0,A,Transient,3,1,0,4,2.0,65.75,0,Low
Resort Hotel,82,2016,November,15,Male,BB,Direct,Direct,0,0,0,D,Transient,2,1,0,5,2.0,21.06,0,Low
City Hotel,11,2015,August,18,Female,BB,Corporate,Corporate,0,0,0,A,Transient,0,0,1,2,2.0,37.5,0,High
City Hotel,2,2016,January,3,Male,BB,Online TA,TA/TO,0,0,0,A,Transient,0,1,0,2,2.0,40.3,0,Low
City Hotel,73,2016,October,28,Female,BB,Offline TA/TO,TA/TO,0,0,1,A,Transient-Party,0,1,0,1,1.0,62.5,0,Low
Resort Hotel,43,2017,July,24,Female,BB,Direct,Direct,0,0,0,E,Transient,0,1,0,4,2.0,121.0,0,Low
City Hotel,302,2015,August,15,Male,BB,Groups,TA/TO,0,1,0,A,Transient-Party,0,1,0,4,2.0,31.0,0,High
Resort Hotel,185,2015,September,19,Female,BB,Offline TA/TO,TA/TO,0,0,0,A,Contract,0,1,0,10,2.0,25.875,0,Low
City Hotel,12,2016,February,7,Female,BB,Direct,Direct,0,0,0,F,Transient,1,1,0,2,3.0,45.5,1,High
City Hotel,40,2016,August,29,Female,BB,Online TA,TA/TO,0,0,0,A,Transient,0,1,0,4,2.0,55.915,0,Low
Resort Hotel,154,2016,March,19,Female,BB,Offline TA/TO,TA/TO,0,0,0,A,Transient,0,1,0,7,2.0,12.825,0,Low
City Hotel,34,2015,October,15,Male,BB,Online TA,TA/TO,0,1,0,A,Transient,0,1,0,3,2.0,54.45,0,High
City Hotel,3,2017,February,27,Female,SC,Online TA,TA/TO,0,0,0,A,Transient,2,1,0,2,1.0,88.0,0,Low
City Hotel,7,2017,July,23,Female,SC,Online TA,TA/TO,0,0,0,A,Transient,1,1,0,4,2.0,73.375,0,Low
Resort Hotel,166,2016,June,27,Female,BB,Offline TA/TO,TA/TO,0,0,0,E,Transient,1,1,0,10,2.0,45.1,0,Low
City Hotel,21,2016,November,30,Male,BB,Groups,Direct,0,0,0,A,Transient-Party,0,0,0,2,1.0,76.0,0,Low
Resort Hotel,10,2016,September,5,Female,BB,Direct,Direct,0,0,0,F,Transient,0,1,0,7,3.0,62.81,1,High
City Hotel,89,2017,July,7,Female,BB,Online TA,TA/TO,0,0,0,D,Transient,0,1,0,2,2.0,75.0,0,High
City Hotel,0,2016,November,23,Female,SC,Direct,Direct,0,0,0,A,Transient,0,0,0,1,2.0,0.0,0,High
City Hotel,14,2016,January,21,Female,BB,Online TA,TA/TO,0,0,0,B,Transient-Party,0,1,0,3,2.0,39.625,0,High
City Hotel,12,2016,August,13,Female,BB,Online TA,TA/TO,0,0,0,D,Transient,1,1,0,3,3.0,66.66666666666667,0,Low
City Hotel,193,2016,July,9,Female,BB,Online TA,TA/TO,0,0,0,A,Transient,1,1,0,7,2.0,45.475,0,Low
City Hotel,22,2015,July,22,Female,BB,Groups,TA/TO,0,0,0,A,Transient-Party,0,1,0,2,2.0,31.0,0,High
Resort Hotel,22,2017,February,23,Male,Undefined,Groups,TA/TO,0,0,0,A,Transient-Party,0,1,0,2,2.0,30.0,0,High
City Hotel,101,2016,April,14,Female,BB,Online TA,TA/TO,0,0,0,B,Transient-Party,1,1,0,4,2.0,38.89,0,Low
City Hotel,162,2017,June,28,Female,BB,Direct,Direct,0,0,0,A,Transient,3,0,0,4,1.0,117.85,0,Low
Resort Hotel,22,2016,January,20,Male,BB,Online TA,TA/TO,1,0,1,A,Transient,2,1,0,1,1.0,39.0,0,High
Resort Hotel,4,2016,December,10,Male,BB,Online TA,TA/TO,0,0,0,A,Transient,2,1,0,1,2.0,32.5,0,High
City Hotel,101,2017,March,18,Female,BB,Online TA,TA/TO,0,0,0,A,Transient,2,1,0,2,2.0,48.6,0,Low
Resort Hotel,22,2017,August,5,Female,BB,Online TA,TA/TO,0,0,0,A,Transient-Party,1,1,0,3,2.0,94.3,0,Low
Resort Hotel,183,2016,December,3,Male,FB,Groups,TA/TO,0,0,0,A,Transient,0,1,0,3,2.0,36.0,0,High
City Hotel,75,2017,January,7,Female,BB,Online TA,TA/TO,0,0,0,A,Transient,1,1,0,2,1.0,86.4,0,Low
Resort Hotel,4,2016,January,15,Female,HB,Direct,Direct,0,0,0,A,Transient,1,1,0,2,2.0,36.5,0,Medium
City Hotel,16,2015,August,8,Male,BB,Groups,TA/TO,0,0,0,A,Transient-Party,0,1,0,4,2.0,31.0,0,Low
City Hotel,127,2016,December,27,Female,BB,Online TA,TA/TO,0,0,0,D,Transient,1,1,0,3,2.0,42.025,1,High
Resort Hotel,3,2017,June,1,Female,BB,Corporate,Corporate,0,0,4,A,Transient,0,0,1,1,1.0,75.0,0,High
City Hotel,90,2016,December,26,Female,SC,Online TA,TA/TO,0,0,0,A,Transient,0,1,0,5,2.0,44.37,0,Low
Resort Hotel,51,2017,July,12,Male,BB,Online TA,TA/TO,0,0,0,A,Transient,1,1,0,5,2.0,92.0,0,Low
Resort Hotel,137,2017,March,14,Female,BB,Online TA,TA/TO,0,0,0,F,Transient,1,1,0,10,2.0,30.15,0,Low
Resort Hotel,43,2015,August,7,Female,HB,Online TA,TA/TO,0,0,0,A,Transient,0,1,0,6,2.0,101.0,0,High
City Hotel,61,2017,July,3,Male,BB,Online TA,TA/TO,0,0,0,B,Transient,0,1,0,9,1.0,94.8,0,Low
City Hotel,313,2017,April,29,Male,BB,Offline TA/TO,TA/TO,0,0,0,A,Transient,0,1,0,3,2.0,45.0,0,High
City Hotel,0,2017,April,15,Female,BB,Offline TA/TO,TA/TO,0,0,0,D,Transient,0,1,0,1,2.0,72.0,0,High
Resort Hotel,24,2017,January,28,Male,BB,Online TA,TA/TO,0,0,0,A,Transient,2,1,0,1,2.0,24.0,0,Low
Resort Hotel,52,2017,July,7,Female,BB,Online TA,TA/TO,0,0,0,C,Transient,0,1,0,2,4.0,52.5,1,High
Resort Hotel,181,2017,March,1,Female,HB,Groups,TA/TO,0,0,0,A,Transient-Party,1,1,0,25,2.0,28.9,0,High
City Hotel,122,2016,November,14,Female,SC,Online TA,TA/TO,0,0,0,A,Transient,2,1,0,4,2.0,37.95,0,Low
Resort Hotel,280,2017,May,23,Female,BB,Online TA,TA/TO,0,0,0,A,Transient,1,1,0,2,2.0,27.0,0,Low
City Hotel,28,2017,March,2,Male,BB,Groups,TA/TO,0,0,0,A,Transient,0,0,0,3,2.0,47.5,0,High
City Hotel,475,2016,October,27,Female,BB,Groups,TA/TO,0,0,0,A,Transient,0,1,0,2,2.0,31.0,0,High
Resort Hotel,9,2016,May,15,Female,BB,Groups,TA/TO,0,0,0,A,Transient-Party,0,0,0,1,2.0,35.0,0,Low
City Hotel,146,2017,June,20,Male,BB,Online TA,TA/TO,0,0,0,A,Transient,0,1,0,2,2.0,58.5,0,Low
Resort Hotel,0,2015,September,12,Female,HB,Offline TA/TO,TA/TO,0,0,0,A,Transient,0,1,0,7,1.0,58.05,0,Low
Resort Hotel,6,2017,January,24,Female,BB,Online TA,TA/TO,0,0,0,A,Transient,0,1,1,1,1.0,43.0,0,High
Resort Hotel,29,2017,August,29,Female,BB,Direct,Direct,0,0,0,A,Transient,0,1,0,3,2.0,90.0,0,High
City Hotel,121,2016,August,15,Female,BB,Online TA,TA/TO,0,0,0,D,Transient,1,1,0,4,2.0,62.775,0,Low
City Hotel,300,2015,August,13,Female,BB,Groups,TA/TO,0,1,0,A,Contract,0,1,0,2,2.0,31.0,0,High
City Hotel,5,2015,September,20,Female,SC,Online TA,TA/TO,0,0,0,A,Transient,2,1,0,1,2.0,57.0,0,High
Resort Hotel,75,2017,April,29,Female,BB,Online TA,TA/TO,0,0,0,A,Transient,1,1,0,2,2.0,41.0,0,Low
Resort Hotel,18,2017,January,26,Male,BB,Online TA,TA/TO,0,0,0,A,Transient-Party,2,1,0,3,2.0,24.0,0,Medium
City Hotel,32,2017,January,6,Female,BB,Online TA,TA/TO,0,0,0,A,Transient,1,1,0,2,2.0,52.0,0,Low
Resort Hotel,16,2017,February,11,Female,BB,Online TA,TA/TO,0,0,0,D,Transient,2,1,0,4,2.0,29.0,0,Low
City Hotel,0,2016,June,15,Male,BB,Complementary,Direct,0,0,0,A,Transient,0,0,1,1,1.0,0.0,0,High
City Hotel,114,2016,May,2,Female,BB,Online TA,TA/TO,0,0,0,A,Transient,0,1,0,2,1.0,99.9,0,Medium
Resort Hotel,117,2016,May,15,Male,HB,Offline TA/TO,TA/TO,0,0,0,D,Contract,0,1,0,11,2.0,37.195,0,Low
City Hotel,61,2016,April,16,Female,BB,Direct,Direct,0,0,0,F,Transient,3,1,0,3,3.0,50.43333333333334,0,Low
City Hotel,11,2015,August,18,Male,BB,Corporate,Corporate,0,0,0,A,Transient,0,0,1,2,2.0,37.5,0,High
City Hotel,37,2015,September,20,Female,BB,Online TA,TA/TO,0,0,0,A,Transient,0,1,0,4,1.0,95.0,0,Low
City Hotel,44,2016,April,13,Male,SC,Online TA,TA/TO,0,0,0,A,Transient,0,1,0,4,1.0,116.0,0,Low
Resort Hotel,0,2017,May,5,Female,BB,Direct,Direct,0,0,0,E,Transient,0,0,0,1,2.0,50.0,0,Low
City Hotel,38,2016,April,17,Male,SC,Online TA,TA/TO,0,0,0,A,Transient,1,1,0,3,2.0,34.07,0,Low
Resort Hotel,14,2017,August,5,Female,BB,Online TA,TA/TO,0,0,0,A,Transient,2,1,0,4,2.0,114.25,0,Low
City Hotel,16,2017,August,9,Female,BB,Online TA,TA/TO,0,0,0,A,Transient,1,1,0,3,2.0,90.0,0,Low
Resort Hotel,34,2017,August,21,Male,BB,Online TA,TA/TO,0,0,0,E,Transient,3,1,0,4,2.0,135.0,0,High
City Hotel,295,2015,August,8,Female,BB,Groups,TA/TO,0,1,0,A,Transient-Party,0,1,0,4,2.0,31.0,0,High
City Hotel,240,2017,July,7,Female,HB,Online TA,TA/TO,0,0,0,A,Transient,1,1,0,2,2.0,70.65,0,Medium
City Hotel,65,2016,November,11,Female,BB,Direct,Direct,0,0,0,A,Transient,0,1,0,3,2.0,42.875,0,Low
City Hotel,101,2016,April,14,Male,BB,Groups,TA/TO,0,0,0,A,Transient,0,0,0,3,2.0,65.0,0,High
City Hotel,265,2017,June,24,Male,BB,Online TA,TA/TO,0,0,0,A,Transient,0,1,0,12,2.0,58.465,0,Low
Resort Hotel,112,2017,May,8,Female,HB,Direct,Direct,0,0,0,D,Transient,1,1,0,9,2.0,62.0,0,Low
City Hotel,29,2017,April,28,Male,BB,Online TA,TA/TO,0,0,0,E,Transient,1,1,0,2,3.0,71.66666666666667,0,Low
Resort Hotel,79,2017,May,26,Male,BB,Direct,Direct,0,0,0,F,Transient,0,1,0,7,2.0,63.5,0,Low
Resort Hotel,44,2016,November,15,Male,BB,Online TA,TA/TO,0,0,0,A,Transient,2,1,0,2,2.0,18.9,0,Low
City Hotel,282,2016,June,9,Female,BB,Groups,TA/TO,0,0,0,A,Transient-Party,1,1,0,3,2.0,36.665,0,Low
Resort Hotel,41,2015,July,19,Male,HB,Online TA,TA/TO,0,0,0,C,Transient,1,1,0,7,4.0,32.8425,1,Low
Resort Hotel,42,2015,December,30,Male,BB,Direct,Direct,0,0,0,D,Transient,0,0,0,4,2.0,75.0,0,High
Resort Hotel,4,2016,May,30,Female,BB,Online TA,TA/TO,0,0,0,A,Transient,0,1,0,3,2.0,31.6,0,High
City Hotel,0,2016,April,15,Female,BB,Online TA,TA/TO,0,0,0,A,Transient,1,1,0,3,2.0,50.5,0,Low
City Hotel,110,2015,July,25,Female,HB,Offline TA/TO,TA/TO,0,0,0,A,Transient-Party,0,1,0,3,2.0,47.25,0,Medium
City Hotel,98,2015,November,23,Female,BB,Groups,TA/TO,0,0,0,A,Transient-Party,0,1,0,3,1.0,70.0,0,Low
Resort Hotel,32,2016,April,8,Female,BB,Offline TA/TO,TA/TO,0,0,0,A,Transient,2,1,0,3,2.0,28.7,0,Low
City Hotel,108,2016,March,18,Female,BB,Offline TA/TO,TA/TO,0,1,0,A,Transient,0,1,0,2,2.0,40.0,0,High
Resort Hotel,0,2017,May,15,Male,BB,Direct,Direct,0,0,0,A,Transient,1,0,0,1,2.0,46.0,0,Low
City Hotel,30,2016,May,21,Male,BB,Direct,Direct,0,0,0,A,Transient,3,1,0,2,2.0,58.05,0,Medium
City Hotel,112,2017,April,4,Male,BB,Offline TA/TO,TA/TO,0,0,0,A,Transient,0,0,1,2,2.0,47.5,0,High
City Hotel,26,2016,June,8,Female,BB,Offline TA/TO,Corporate,0,0,0,A,Transient-Party,0,1,0,1,2.0,60.0,0,High
City Hotel,198,2016,July,17,Male,BB,Online TA,TA/TO,0,0,0,B,Transient-Party,0,1,0,1,2.0,43.375,0,Low
City Hotel,313,2015,August,26,Female,BB,Groups,TA/TO,0,1,0,A,Transient-Party,0,1,0,2,2.0,31.0,0,High
City Hotel,61,2017,January,25,Female,BB,Groups,TA/TO,0,0,0,A,Transient,0,1,0,2,2.0,40.0,0,High
City Hotel,170,2017,June,29,Male,BB,Online TA,TA/TO,0,0,0,D,Transient,1,1,0,3,2.0,63.6,0,Low
Resort Hotel,13,2017,June,21,Female,BB,Direct,TA/TO,0,0,0,A,Transient,0,0,0,1,2.0,68.0,0,High
Resort Hotel,90,2016,August,6,Female,BB,Online TA,TA/TO,0,0,0,A,Transient,0,1,0,2,2.0,89.5,0,Low
Resort Hotel,75,2017,May,15,Female,BB,Offline TA/TO,TA/TO,0,0,0,A,Contract,1,1,0,3,2.0,20.475,0,Low
City Hotel,274,2017,June,14,Female,BB,Online TA,TA/TO,0,0,0,A,Transient,0,1,0,2,3.0,43.333333333333336,1,Low
City Hotel,172,2017,July,30,Female,BB,Direct,Direct,0,0,0,A,Transient,2,1,0,5,2.0,56.25,0,Low
City Hotel,21,2016,September,12,Female,SC,Online TA,TA/TO,0,0,0,A,Transient,2,1,0,1,2.0,44.5,0,Low
City Hotel,279,2016,October,12,Female,BB,Offline TA/TO,TA/TO,0,0,0,A,Transient,0,1,0,3,2.0,55.0,0,High
City Hotel,247,2016,June,6,Female,HB,Offline TA/TO,TA/TO,0,0,0,A,Transient-Party,0,1,0,2,1.0,90.0,0,Low
City Hotel,76,2016,November,6,Female,SC,Online TA,TA/TO,0,0,0,A,Transient,1,1,0,5,2.0,76.86,0,Low
City Hotel,0,2016,October,15,Female,SC,Online TA,TA/TO,0,0,0,A,Transient,0,1,0,3,2.0,55.835,0,Low
City Hotel,1,2017,May,12,Male,SC,Direct,Direct,0,0,0,A,Transient,1,1,0,2,2.0,82.25,0,Low
Resort Hotel,230,2016,August,30,Female,HB,Online TA,TA/TO,0,0,0,E,Transient,0,1,0,7,2.0,72.9,0,High
City Hotel,110,2017,March,18,Male,BB,Online TA,TA/TO,0,0,0,D,Transient,2,1,0,2,2.0,53.1,0,Low
City Hotel,4,2017,July,2,Female,SC,Online TA,TA/TO,0,0,0,A,Transient,0,1,0,1,2.0,43.87,0,Low
City Hotel,87,2016,August,12,Female,BB,Online TA,TA/TO,0,0,0,D,Transient,0,1,0,2,3.0,50.1,0,Low
City Hotel,22,2017,March,8,Female,SC,Online TA,TA/TO,0,0,0,A,Transient,0,1,0,2,2.0,39.6,0,Low
City Hotel,149,2016,August,27,Male,BB,Offline TA/TO,TA/TO,0,0,0,A,Transient,0,1,0,5,2.0,40.375,0,Low
Resort Hotel,183,2016,April,16,Male,HB,Groups,TA/TO,0,0,0,A,Transient-Party,0,1,0,2,2.0,42.5,0,Low
City Hotel,27,2017,February,12,Female,BB,Offline TA/TO,TA/TO,0,0,0,A,Transient,0,1,0,3,2.0,37.5,0,Low
Resort Hotel,143,2015,October,10,Male,BB,Groups,TA/TO,0,0,0,A,Transient,0,1,0,7,2.0,18.025,0,High
Resort Hotel,139,2016,May,24,Male,HB,Online TA,TA/TO,0,0,0,E,Transient,1,1,0,4,2.0,59.0,0,High
City Hotel,0,2015,August,29,Female,SC,Online TA,TA/TO,0,0,0,A,Transient,0,1,0,7,2.0,49.57,0,Low
Resort Hotel,7,2015,October,12,Female,FB,Corporate,Corporate,0,0,0,A,Transient-Party,0,0,1,4,2.0,54.5,0,High
Resort Hotel,101,2016,April,23,Male,HB,Offline TA/TO,TA/TO,0,0,0,A,Transient,1,1,0,7,2.0,17.815,0,Low
Resort Hotel,74,2015,August,1,Female,BB,Direct,Direct,0,0,0,C,Transient,0,1,0,7,4.0,44.285,1,High
Resort Hotel,13,2017,January,24,Female,BB,Offline TA/TO,TA/TO,0,0,0,A,Transient,0,1,0,2,1.0,35.0,0,High
Resort Hotel,259,2015,September,17,Male,BB,Groups,Corporate,0,1,0,A,Transient,0,0,1,3,1.0,33.3,0,Low
City Hotel,2,2017,August,19,Female,BB,Online TA,TA/TO,0,0,0,D,Transient,1,1,0,1,2.0,74.5,0,Low
City Hotel,3,2016,April,23,Male,BB,Online TA,TA/TO,0,0,0,A,Transient,2,1,0,2,3.0,34.266666666666666,1,High
City Hotel,125,2017,June,4,Female,SC,Online TA,TA/TO,0,0,0,A,Transient,0,1,0,3,2.0,63.0,0,Low
City Hotel,66,2016,June,20,Female,BB,Offline TA/TO,TA/TO,0,0,0,A,Transient,0,1,0,2,2.0,44.875,0,Low
City Hotel,296,2017,July,28,Female,BB,Online TA,TA/TO,0,0,0,F,Transient,0,1,0,5,3.0,61.02666666666667,1,Low
City Hotel,32,2015,November,20,Female,BB,Offline TA/TO,TA/TO,0,0,0,A,Transient-Party,0,1,0,2,1.0,73.0,0,High
Resort Hotel,173,2016,October,17,Female,BB,Online TA,TA/TO,0,0,0,A,Transient-Party,1,1,0,7,2.0,28.5,0,Low
City Hotel,315,2017,August,3,Female,SC,Online TA,TA/TO,0,0,0,A,Transient,2,1,0,7,2.0,44.55,0,Medium
City Hotel,12,2015,August,5,Female,BB,Corporate,Corporate,0,0,0,A,Transient-Party,0,0,1,3,1.0,60.0,0,Low
City Hotel,256,2016,October,20,Male,BB,Online TA,TA/TO,0,0,0,A,Transient-Party,3,1,0,3,2.0,48.15,0,Low
City Hotel,26,2017,May,17,Female,BB,Offline TA/TO,TA/TO,0,0,0,A,Transient-Party,0,1,0,2,1.0,130.0,0,Low
City Hotel,75,2016,December,24,Male,HB,Online TA,TA/TO,0,0,0,A,Transient,2,1,0,4,2.0,60.35,0,Low
Resort Hotel,46,2015,November,17,Female,BB,Offline TA/TO,TA/TO,0,0,0,A,Transient,0,1,0,4,2.0,14.05,0,Low
City Hotel,100,2015,July,31,Male,BB,Online TA,TA/TO,0,0,0,A,Transient,1,1,0,2,2.0,27.98,0,Low
City Hotel,53,2017,July,8,Female,BB,Online TA,TA/TO,0,0,0,A,Transient,1,1,0,3,2.0,80.0,0,Low
Resort Hotel,23,2015,December,3,Male,BB,Online TA,TA/TO,0,0,0,D,Transient,1,1,0,1,2.0,23.2,0,High
City Hotel,64,2016,April,17,Male,BB,Online TA,TA/TO,0,0,0,A,Transient-Party,1,1,0,3,2.0,49.65,0,Low
Resort Hotel,70,2016,March,23,Male,HB,Direct,Direct,0,0,0,D,Transient,0,1,0,4,2.0,47.25,0,Low
City Hotel,168,2016,April,22,Female,BB,Offline TA/TO,TA/TO,0,0,0,A,Transient,0,1,0,3,2.0,42.5,0,High
Resort Hotel,33,2015,August,12,Female,BB,Groups,Corporate,0,0,0,A,Transient,0,0,1,1,2.0,95.5,0,High
City Hotel,296,2016,September,21,Female,HB,Offline TA/TO,TA/TO,0,0,0,A,Transient-Party,1,1,0,4,2.0,58.5,0,Medium
City Hotel,9,2016,October,27,Female,BB,Online TA,TA/TO,0,0,0,A,Transient,1,1,0,5,2.0,70.0,0,Low
City Hotel,10,2016,March,7,Male,SC,Online TA,TA/TO,0,0,0,A,Transient,0,1,0,3,2.0,39.5,0,Medium
Resort Hotel,194,2016,August,6,Female,HB,Online TA,TA/TO,0,0,0,D,Transient,0,1,0,9,2.0,95.0,0,High
City Hotel,37,2015,October,24,Female,SC,Online TA,TA/TO,0,0,0,A,Transient,0,1,0,7,2.0,43.89,1,High
City Hotel,86,2015,October,3,Female,HB,Groups,TA/TO,0,0,0,A,Transient-Party,0,1,0,3,2.0,43.0,0,High
Resort Hotel,5,2016,March,28,Female,BB,Online TA,TA/TO,0,0,0,A,Transient,1,1,0,3,3.0,14.799999999999999,0,Low
Resort Hotel,17,2017,February,15,Male,BB,Direct,Direct,0,0,0,E,Transient,3,1,0,1,2.0,82.5,0,High
City Hotel,11,2015,December,29,Male,BB,Offline TA/TO,TA/TO,0,0,0,E,Transient,0,1,0,3,1.0,157.67,0,Low
City Hotel,301,2016,July,30,Male,HB,Offline TA/TO,TA/TO,0,0,0,A,Transient-Party,1,1,0,2,2.0,57.5,0,Low
Resort Hotel,21,2017,August,31,Female,BB,Offline TA/TO,TA/TO,0,0,0,E,Contract,2,1,0,7,2.0,50.85,0,Low
City Hotel,25,2015,July,27,Male,BB,Groups,TA/TO,0,0,0,A,Transient-Party,0,1,0,2,2.0,31.0,0,High
City Hotel,97,2016,March,20,Female,HB,Groups,TA/TO,0,1,0,A,Transient,0,1,0,7,1.0,79.43,0,High
City Hotel,166,2016,November,1,Male,BB,Offline TA/TO,TA/TO,0,0,0,A,Transient,0,1,0,3,1.0,110.0,0,High
City Hotel,149,2017,August,3,Male,BB,Offline TA/TO,TA/TO,0,0,0,A,Transient,1,1,0,7,2.0,40.05,0,Low
City Hotel,16,2016,February,26,Male,BB,Offline TA/TO,TA/TO,0,0,0,A,Transient,0,1,0,2,2.0,43.5,0,Low
City Hotel,98,2017,April,28,Male,BB,Online TA,TA/TO,0,0,0,A,Transient,1,1,0,1,2.0,58.5,0,Low
City Hotel,35,2016,November,28,Female,BB,Groups,TA/TO,0,0,0,D,Transient-Party,0,0,0,3,1.0,80.0,0,Low
Resort Hotel,80,2017,February,2,Male,HB,Offline TA/TO,TA/TO,0,0,0,A,Contract,0,1,0,10,2.0,31.06,0,Low
Resort Hotel,51,2015,August,7,Female,HB,Online TA,TA/TO,0,0,0,D,Transient,2,1,0,7,2.0,102.5,0,High
City Hotel,30,2016,August,29,Female,BB,Online TA,TA/TO,0,0,0,A,Transient,1,1,0,2,2.0,61.425,0,High
City Hotel,27,2015,September,30,Male,BB,Offline TA/TO,TA/TO,0,0,0,A,Transient,0,1,0,2,2.0,54.0,0,High
City Hotel,60,2017,February,3,Male,SC,Online TA,TA/TO,0,0,0,A,Transient,1,1,0,2,2.0,39.6,0,Low
City Hotel,14,2016,December,28,Female,BB,Online TA,TA/TO,0,0,0,A,Transient,1,1,0,1,2.0,69.0,0,High
City Hotel,91,2017,March,24,Female,BB,Direct,Direct,0,0,0,D,Transient,0,1,0,4,2.0,50.85,0,Low
Resort Hotel,40,2016,May,18,Male,BB,Groups,Corporate,0,0,0,A,Transient,0,0,0,2,1.0,0.0,0,High
City Hotel,16,2017,August,26,Female,SC,Online TA,TA/TO,0,0,0,A,Transient,2,1,0,3,3.0,42.0,1,Low
Resort Hotel,327,2016,September,14,Female,BB,Groups,TA/TO,0,0,0,A,Transient-Party,0,1,0,4,2.0,30.7,0,Low
Resort Hotel,0,2016,May,30,Female,BB,Groups,Direct,0,0,0,A,Transient-Party,0,0,1,0,1.0,0.0,0,Low
City Hotel,320,2016,August,18,Male,HB,Offline TA/TO,TA/TO,0,0,0,A,Transient-Party,1,1,0,2,2.0,57.5,0,Low
City Hotel,39,2015,August,14,Male,HB,Offline TA/TO,TA/TO,0,0,0,A,Transient-Party,0,1,0,2,2.0,54.5,0,Low
City Hotel,40,2017,June,10,Female,HB,Online TA,TA/TO,0,0,0,A,Transient,1,1,0,8,2.0,74.875,0,Low
City Hotel,47,2015,December,19,Female,BB,Direct,Direct,0,0,0,B,Transient,0,1,0,4,2.0,35.75,0,High
City Hotel,1,2017,July,12,Female,BB,Complementary,Direct,1,5,17,A,Transient,3,0,1,1,1.0,0.0,0,High
City Hotel,47,2017,July,30,Female,BB,Online TA,TA/TO,0,0,0,A,Transient,2,1,0,3,2.0,82.0,0,Low
City Hotel,54,2016,October,19,Female,BB,Direct,Direct,0,0,0,A,Transient,0,1,0,2,3.0,43.333333333333336,1,Low
Resort Hotel,74,2017,February,18,Female,BB,Corporate,Corporate,0,0,0,A,Transient-Party,0,0,1,2,2.0,20.0,0,High
Resort Hotel,263,2017,June,29,Female,BB,Online TA,TA/TO,0,0,0,E,Transient,0,1,0,5,2.0,57.87,0,Low
Resort Hotel,74,2016,May,3,Female,BB,Online TA,TA/TO,0,0,0,D,Transient,0,1,0,9,2.0,36.5,0,High
City Hotel,16,2015,September,21,Female,BB,Online TA,TA/TO,0,0,0,A,Transient,2,1,0,4,2.0,62.0,0,Low
City Hotel,47,2016,October,3,Female,HB,Online TA,TA/TO,0,0,0,A,Transient,1,1,0,3,2.0,76.5,0,Low
Resort Hotel,33,2015,July,26,Female,BB,Offline TA/TO,TA/TO,0,0,0,E,Transient,1,1,0,6,2.0,65.6,0,High
Resort Hotel,240,2016,June,10,Female,BB,Direct,Direct,0,0,0,A,Transient,0,1,0,2,1.0,60.35,0,High
City Hotel,19,2017,January,21,Male,BB,Online TA,TA/TO,0,0,0,A,Transient,1,1,0,5,3.0,27.626666666666665,1,Low
City Hotel,92,2015,September,30,Male,BB,Groups,TA/TO,0,0,0,A,Transient,0,1,0,1,2.0,85.0,0,High
Resort Hotel,7,2016,February,17,Male,BB,Online TA,TA/TO,0,0,0,A,Transient-Party,1,1,0,3,1.0,43.0,0,Low
Resort Hotel,17,2016,November,5,Male,BB,Direct,Direct,0,0,0,F,Transient-Party,0,1,0,1,2.0,36.0,0,High
Resort Hotel,22,2015,August,14,Male,HB,Direct,Direct,0,0,0,C,Transient,2,1,0,7,4.0,65.5,1,High
City Hotel,192,2015,September,25,Male,BB,Offline TA/TO,TA/TO,0,0,0,A,Transient-Party,0,1,0,5,2.0,51.0,0,High
City Hotel,68,2016,December,4,Female,BB,Offline TA/TO,TA/TO,0,0,0,A,Transient,0,1,0,2,2.0,37.5,0,Low
Resort Hotel,151,2016,August,8,Male,BB,Online TA,TA/TO,0,0,0,G,Transient,0,1,0,3,2.0,102.25,0,Low
City Hotel,133,2017,May,10,Female,BB,Offline TA/TO,TA/TO,0,0,0,A,Transient,0,1,0,5,2.0,44.55,0,High
Resort Hotel,57,2016,June,12,Female,BB,Online TA,TA/TO,0,0,0,G,Transient,0,1,0,5,4.0,50.25,1,Low
City Hotel,433,2016,September,8,Female,BB,Offline TA/TO,TA/TO,0,0,0,A,Transient,0,1,0,3,2.0,35.0,0,High
Resort Hotel,191,2016,April,22,Male,Undefined,Offline TA/TO,TA/TO,0,0,0,A,Transient-Party,0,0,0,3,2.0,42.665,0,High
City Hotel,2,2016,October,30,Female,BB,Aviation,Corporate,0,0,0,D,Transient,0,0,1,1,1.0,110.0,0,Low
City Hotel,58,2016,September,8,Female,BB,Offline TA/TO,TA/TO,0,0,0,D,Transient,1,1,0,4,2.0,45.475,0,Low
Resort Hotel,80,2016,July,16,Female,BB,Online TA,TA/TO,0,0,0,A,Transient-Party,1,1,0,4,2.0,93.0,0,Low
City Hotel,9,2015,December,10,Male,BB,Corporate,Corporate,0,0,0,A,Transient-Party,0,0,1,1,1.0,65.0,0,High
City Hotel,233,2017,May,22,Female,HB,Online TA,TA/TO,0,0,0,A,Transient,0,1,0,3,2.0,68.25,0,Low
Resort Hotel,45,2016,November,27,Female,BB,Complementary,Direct,0,0,0,A,Transient,0,0,0,2,2.0,0.0,0,High
City Hotel,5,2016,March,14,Female,BB,Online TA,TA/TO,0,0,0,A,Transient,1,1,0,4,2.0,54.5,0,Low
City Hotel,280,2017,July,18,Male,BB,Online TA,TA/TO,0,0,0,A,Transient-Party,4,1,0,6,2.0,53.55,0,Low
Resort Hotel,31,2016,October,28,Female,BB,Online TA,TA/TO,0,0,0,C,Transient,0,1,0,7,2.0,31.735,0,Low
City Hotel,259,2017,August,4,Female,SC,Online TA,TA/TO,0,0,0,A,Transient,1,1,0,3,2.0,44.55,0,Low
City Hotel,55,2015,August,26,Female,BB,Groups,TA/TO,0,0,0,A,Transient-Party,0,1,0,2,2.0,31.0,0,Low
City Hotel,55,2015,December,27,Female,BB,Online TA,TA/TO,0,1,0,D,Contract,0,1,0,8,2.0,58.5,0,High
Resort Hotel,0,2016,January,23,Male,BB,Direct,Direct,0,0,0,A,Transient,0,0,0,1,2.0,22.5,0,High
Resort Hotel,113,2016,July,23,Male,BB,Online TA,TA/TO,0,0,0,A,Transient,1,1,0,5,2.0,86.0,0,Medium
Resort Hotel,238,2015,December,26,Female,BB,Online TA,TA/TO,0,0,0,E,Transient,0,1,0,7,2.0,39.93,0,High
City Hotel,155,2016,August,1,Female,BB,Online TA,TA/TO,0,0,0,A,Transient,1,1,0,2,3.0,43.5,1,Low
City Hotel,104,2017,May,15,Male,BB,Groups,TA/TO,0,0,0,A,Transient,0,0,0,3,1.0,160.0,0,High
Resort Hotel,18,2017,February,25,Male,BB,Online TA,TA/TO,0,0,0,D,Transient,1,1,0,2,2.0,31.0,0,Low
City Hotel,0,2015,August,8,Female,BB,Direct,Direct,0,0,0,A,Transient,0,0,0,1,2.0,42.5,0,Low
City Hotel,125,2017,June,24,Female,BB,Online TA,TA/TO,0,0,0,D,Transient-Party,0,1,0,3,2.0,63.0,0,Low
Resort Hotel,172,2016,April,18,Male,HB,Offline TA/TO,TA/TO,0,0,0,A,Transient-Party,1,1,0,8,1.0,48.8,0,Medium
Resort Hotel,165,2015,December,30,Female,HB,Groups,TA/TO,0,0,0,A,Transient-Party,0,1,0,4,1.0,0.0,0,High
City Hotel,17,2015,September,1,Male,BB,Online TA,TA/TO,0,0,0,A,Transient,0,1,0,3,2.0,52.5,0,Low
City Hotel,178,2016,August,23,Female,BB,Online TA,TA/TO,0,0,0,B,Transient-Party,1,1,0,3,2.0,47.31,1,Medium
Resort Hotel,45,2015,November,19,Male,HB,Online TA,TA/TO,0,0,0,E,Transient,2,1,0,3,2.0,43.0,0,Low
City Hotel,22,2017,January,10,Female,BB,Online TA,TA/TO,0,0,0,A,Transient,0,1,0,1,1.0,89.5,0,Low
City Hotel,299,2015,August,12,Female,BB,Groups,TA/TO,0,1,0,A,Transient-Party,0,1,0,2,2.0,31.0,0,High
City Hotel,120,2017,June,29,Female,BB,Online TA,TA/TO,0,0,0,A,Transient,1,1,0,1,3.0,42.0,1,Low
Resort Hotel,223,2016,September,5,Female,BB,Online TA,TA/TO,0,0,0,D,Transient,1,1,0,5,2.0,50.0,0,High
City Hotel,6,2017,April,27,Female,BB,Online TA,TA/TO,0,0,0,D,Transient,1,1,0,3,3.0,48.13333333333333,1,Low
Resort Hotel,97,2016,March,4,Female,BB,Offline TA/TO,TA/TO,0,0,0,A,Transient,1,1,0,10,2.0,13.0,0,Low
City Hotel,14,2015,October,15,Male,BB,Offline TA/TO,TA/TO,0,0,0,A,Transient-Party,0,1,0,1,1.0,100.0,0,Medium
City Hotel,52,2017,March,13,Female,BB,Offline TA/TO,TA/TO,0,0,0,A,Transient,0,1,0,2,1.0,80.0,0,High
City Hotel,287,2016,August,24,Male,BB,Direct,Direct,0,0,0,A,Transient,1,0,0,5,3.0,30.03333333333333,1,Low
City Hotel,121,2017,April,12,Male,BB,Online TA,TA/TO,0,0,0,D,Transient,0,1,0,4,3.0,57.75,0,Low
Resort Hotel,7,2017,May,30,Female,BB,Online TA,TA/TO,0,0,0,E,Transient,1,1,0,3,2.0,60.0,0,Low
Resort Hotel,129,2016,August,6,Female,HB,Online TA,TA/TO,0,0,0,C,Transient,2,1,0,7,4.0,81.85,1,Low
City Hotel,4,2015,November,27,Male,BB,Groups,TA/TO,0,0,0,A,Transient-Party,0,1,0,2,1.0,62.0,0,Low
City Hotel,47,2016,November,12,Male,BB,Direct,Direct,0,0,0,A,Transient,1,1,0,4,2.0,42.875,0,Low
City Hotel,110,2016,October,9,Female,BB,Offline TA/TO,TA/TO,0,0,0,A,Transient-Party,0,1,0,1,1.0,120.0,0,Low
Resort Hotel,257,2015,September,15,Male,BB,Offline TA/TO,TA/TO,0,0,0,A,Contract,0,1,0,5,2.0,25.075,0,Low
City Hotel,8,2016,December,17,Male,SC,Online TA,TA/TO,0,0,0,A,Transient,1,1,0,1,2.0,39.0,0,High
City Hotel,51,2017,June,12,Male,BB,Offline TA/TO,TA/TO,0,0,0,A,Transient,0,1,0,4,2.0,44.55,0,High
City Hotel,4,2016,February,5,Female,SC,Online TA,TA/TO,0,0,0,A,Transient,0,1,0,2,2.0,40.5,0,Low
Resort Hotel,5,2016,May,9,Female,BB,Corporate,Corporate,0,0,1,A,Transient,0,0,1,4,1.0,45.0,0,Low
Resort Hotel,153,2015,October,29,Male,BB,Groups,Direct,0,0,0,A,Transient-Party,0,0,0,5,2.0,18.0,0,High
Resort Hotel,70,2015,September,22,Male,BB,Offline TA/TO,TA/TO,0,0,0,E,Transient,0,1,0,7,2.0,40.315,0,Low
Resort Hotel,315,2017,July,9,Female,BB,Online TA,TA/TO,0,0,0,H,Transient,0,1,0,8,4.0,60.6875,1,Low
Resort Hotel,339,2017,March,11,Male,HB,Groups,TA/TO,0,0,0,D,Transient-Party,0,1,0,7,2.0,32.0,0,Low
City Hotel,150,2016,January,2,Female,HB,Offline TA/TO,TA/TO,0,0,0,A,Transient,0,1,0,3,2.0,50.5,0,High
City Hotel,46,2016,November,18,Female,BB,Online TA,TA/TO,0,0,0,A,Transient,5,1,0,5,2.0,34.035,0,Medium
City Hotel,50,2016,September,2,Female,SC,Online TA,TA/TO,0,0,0,A,Transient,0,1,0,1,2.0,49.5,0,Low
Resort Hotel,93,2015,December,19,Female,FB,Groups,Direct,0,0,0,A,Transient,0,0,0,1,2.0,40.0,0,High
Resort Hotel,98,2016,August,7,Female,HB,Online TA,TA/TO,0,0,0,D,Transient,0,1,0,5,2.0,120.5,0,Low
City Hotel,58,2016,November,20,Female,BB,Offline TA/TO,TA/TO,0,0,0,A,Transient,1,1,0,3,2.0,37.5,0,Low
City Hotel,35,2017,March,2,Male,BB,Offline TA/TO,TA/TO,0,0,0,A,Transient,1,1,0,3,3.0,31.666666666666668,1,Low
Resort Hotel,38,2016,July,12,Female,BB,Direct,Direct,0,0,0,F,Transient,1,1,0,3,2.0,106.0,0,Low
Resort Hotel,0,2016,January,12,Female,BB,Direct,Direct,1,0,2,A,Transient,0,0,0,1,2.0,21.5,0,High
Resort Hotel,13,2017,January,12,Female,BB,Direct,Corporate,1,0,3,A,Transient,0,0,0,2,2.0,20.0,0,High
City Hotel,0,2016,January,1,Female,SC,Online TA,TA/TO,0,0,0,A,Transient,0,1,0,1,2.0,43.0,0,Medium
City Hotel,322,2017,May,5,Female,BB,Offline TA/TO,TA/TO,0,0,0,A,Transient-Party,0,1,0,1,2.0,37.5,0,High
Resort Hotel,2,2017,August,16,Female,HB,Direct,Direct,0,0,0,E,Transient-Party,1,1,0,2,1.0,238.3,0,High
Resort Hotel,0,2017,August,22,Female,BB,Direct,Direct,0,0,0,F,Transient,0,0,0,1,3.0,76.66666666666667,0,Low
City Hotel,37,2015,November,6,Male,BB,Offline TA/TO,TA/TO,0,0,0,A,Transient,0,1,0,3,1.0,37.33,0,High
City Hotel,11,2016,November,5,Female,BB,Online TA,TA/TO,0,0,0,A,Transient,1,1,0,1,2.0,65.0,0,Low
City Hotel,40,2016,July,23,Female,SC,Online TA,TA/TO,0,0,0,A,Transient,1,1,0,1,2.0,67.05,0,Low
Resort Hotel,33,2015,November,12,Female,BB,Corporate,Corporate,0,0,0,A,Transient-Party,0,1,1,2,1.0,36.0,0,Low
City Hotel,316,2017,July,11,Female,BB,Online TA,TA/TO,0,0,0,B,Transient,3,1,0,5,2.0,45.925,0,Low
City Hotel,177,2016,August,5,Female,BB,Offline TA/TO,TA/TO,0,0,0,A,Transient-Party,1,1,0,4,2.0,36.125,0,Low
City Hotel,1,2016,November,22,Female,BB,Corporate,Corporate,1,0,1,A,Transient,0,0,1,1,1.0,88.0,0,High
City Hotel,79,2016,October,20,Female,BB,Online TA,TA/TO,0,0,0,D,Transient,1,1,0,5,2.0,66.15,0,Low
Resort Hotel,0,2015,August,28,Female,BB,Offline TA/TO,TA/TO,0,0,0,A,Transient,1,0,0,1,2.0,76.5,0,Low
City Hotel,11,2016,August,13,Female,BB,Online TA,TA/TO,0,0,0,A,Transient,1,1,0,3,2.0,75.5,0,Low
City Hotel,103,2016,August,7,Female,BB,Online TA,TA/TO,0,0,0,D,Transient,2,1,0,3,2.0,65.7,0,Low
City Hotel,58,2017,January,23,Female,BB,Online TA,TA/TO,0,0,0,A,Transient,1,1,0,4,2.0,44.2,0,Low
Resort Hotel,13,2016,May,1,Female,BB,Online TA,TA/TO,0,0,0,D,Transient,0,1,0,2,2.0,36.0,0,Low
City Hotel,14,2015,August,21,Female,BB,Online TA,TA/TO,0,0,0,A,Contract,3,1,0,15,2.0,47.0,0,High
City Hotel,136,2015,July,17,Male,BB,Groups,TA/TO,0,1,0,A,Transient,0,1,0,3,2.0,30.0,0,High
City Hotel,1,2016,December,13,Male,SC,Online TA,TA/TO,0,0,0,A,Transient,1,1,0,3,1.0,78.0,0,Low
City Hotel,112,2016,June,2,Female,BB,Offline TA/TO,TA/TO,0,0,0,A,Transient-Party,0,1,0,3,2.0,60.0,0,High
Resort Hotel,300,2017,July,30,Male,BB,Online TA,TA/TO,0,0,0,A,Transient,2,1,0,7,2.0,69.19,0,High
City Hotel,29,2017,May,21,Female,BB,Online TA,TA/TO,0,0,0,D,Transient,2,1,0,7,2.0,95.0,0,Medium
Resort Hotel,79,2015,July,3,Male,BB,Offline TA/TO,TA/TO,0,0,0,A,Transient,2,1,0,21,3.0,36.24333333333333,1,High
City Hotel,43,2016,January,1,Female,BB,Direct,Direct,0,0,0,A,Transient,0,0,0,3,1.0,80.0,0,High
Resort Hotel,43,2016,March,26,Male,BB,Online TA,TA/TO,0,0,0,E,Transient,2,1,0,3,2.0,39.835,0,Medium
Resort Hotel,160,2016,June,26,Male,BB,Offline TA/TO,TA/TO,0,0,0,D,Contract,0,1,0,11,2.0,35.0,0,Low
Resort Hotel,27,2016,October,16,Female,HB,Offline TA/TO,TA/TO,0,0,0,A,Transient,0,1,0,3,2.0,31.7,0,Low
City Hotel,391,2016,August,4,Female,BB,Groups,TA/TO,0,0,0,A,Transient,0,1,0,2,2.0,31.0,0,High
Resort Hotel,84,2017,August,17,Female,BB,Online TA,TA/TO,0,0,0,E,Transient,2,1,0,7,2.0,135.0,0,Low
City Hotel,159,2017,July,8,Male,HB,Online TA,TA/TO,0,0,0,D,Transient,0,1,0,13,2.0,76.05,0,Medium
Resort Hotel,1,2015,October,16,Female,HB,Complementary,Direct,0,0,0,E,Transient,3,0,0,1,1.0,0.0,0,High
City Hotel,4,2016,October,28,Male,BB,Online TA,TA/TO,0,0,0,F,Transient,0,1,0,3,4.0,58.3325,1,High
City Hotel,157,2016,August,28,Female,BB,Offline TA/TO,TA/TO,0,0,0,A,Transient,2,1,0,4,2.0,40.375,0,Low
Resort Hotel,57,2016,April,5,Female,BB,Offline TA/TO,TA/TO,0,0,0,A,Transient,0,1,0,7,2.0,21.735,0,Low
City Hotel,0,2016,July,10,Female,BB,Online TA,TA/TO,0,0,0,A,Transient,0,1,0,1,3.0,5.0,1,High
City Hotel,326,2017,August,8,Female,BB,Online TA,TA/TO,0,0,0,F,Transient,0,1,0,2,4.0,49.75,1,Low
Resort Hotel,100,2015,August,17,Female,BB,Offline TA/TO,TA/TO,0,0,0,A,Transient,0,1,0,4,2.0,53.5,0,High
City Hotel,82,2016,July,1,Male,BB,Online TA,TA/TO,0,0,0,A,Transient,1,1,0,6,2.0,57.15,0,Low
City Hotel,291,2016,September,21,Male,HB,Offline TA/TO,TA/TO,0,0,1,A,Transient-Party,0,1,0,1,1.0,91.0,0,Medium
City Hotel,129,2016,July,4,Female,BB,Online TA,TA/TO,0,0,0,A,Transient,1,1,0,7,2.0,38.15,0,Low
City Hotel,2,2016,January,31,Female,BB,Online TA,TA/TO,0,0,0,A,Transient,1,1,0,4,2.0,51.0,0,Low
City Hotel,165,2017,May,3,Female,BB,Online TA,TA/TO,0,0,0,D,Transient,0,1,0,3,2.0,65.25,0,Medium
City Hotel,6,2015,September,20,Male,BB,Corporate,Corporate,0,1,0,A,Transient,0,1,0,2,2.0,50.0,0,High
City Hotel,10,2017,February,26,Female,SC,Online TA,TA/TO,0,0,0,A,Transient,3,1,0,4,2.0,37.4,0,Low
City Hotel,314,2015,August,27,Female,BB,Groups,TA/TO,0,1,0,A,Contract,0,1,0,2,2.0,31.0,0,High
Resort Hotel,3,2017,July,8,Female,HB,Online TA,TA/TO,0,0,0,G,Transient,0,1,0,1,3.0,107.33333333333333,0,Low
City Hotel,100,2016,April,18,Female,BB,Online TA,TA/TO,0,0,0,A,Transient,1,1,0,2,1.0,91.9,0,Low
Resort Hotel,0,2017,May,8,Male,BB,Direct,Direct,1,0,0,G,Transient,0,0,0,0,2.0,0.0,0,High
City Hotel,5,2015,August,13,Male,BB,Online TA,TA/TO,0,0,0,A,Transient,1,1,0,3,2.0,49.0,0,High
City Hotel,62,2016,September,27,Female,BB,Online TA,TA/TO,0,0,0,D,Transient,1,1,0,2,1.0,115.04,0,Low
City Hotel,33,2016,May,9,Female,BB,Online TA,TA/TO,0,0,0,A,Transient,0,1,0,4,3.0,47.699999999999996,1,Medium
City Hotel,94,2017,June,8,Female,BB,Online TA,TA/TO,0,0,0,D,Transient,0,1,0,3,3.0,63.0,0,Low
Resort Hotel,6,2016,March,8,Female,BB,Direct,Direct,1,0,3,A,Transient,0,0,0,2,1.0,40.0,0,High
City Hotel,29,2016,December,1,Female,BB,Online TA,TA/TO,0,0,0,A,Transient,1,1,0,5,2.0,52.0,0,Low
Resort Hotel,243,2016,July,2,Male,HB,Offline TA/TO,TA/TO,0,0,0,A,Transient,0,1,0,14,2.0,56.1,0,Low
Resort Hotel,36,2016,July,29,Female,BB,Online TA,TA/TO,0,0,0,E,Transient,0,1,0,2,2.0,104.5,0,Low
City Hotel,8,2015,October,10,Female,BB,Groups,TA/TO,0,1,0,A,Transient,0,1,0,3,2.0,31.0,0,High
Resort Hotel,0,2016,October,18,Male,BB,Corporate,Corporate,1,0,2,A,Transient,0,0,1,2,1.0,50.0,0,High
City Hotel,2,2016,April,23,Female,BB,Online TA,TA/TO,0,0,0,D,Transient,0,1,0,3,2.0,68.0,0,Low
Resort Hotel,189,2016,April,26,Female,BB,Groups,TA/TO,0,0,0,A,Transient-Party,0,1,0,2,2.0,23.0,0,High
City Hotel,38,2016,July,19,Female,BB,Online TA,TA/TO,0,0,0,D,Transient,1,1,0,2,3.0,53.1,0,Low
City Hotel,36,2016,September,11,Female,BB,Corporate,Corporate,0,0,0,D,Transient,0,0,1,5,1.0,110.0,0,Medium
City Hotel,65,2016,July,9,Female,BB,Online TA,TA/TO,0,0,0,D,Transient,0,1,0,2,3.0,49.5,0,Low
Resort Hotel,2,2016,January,20,Female,BB,Online TA,TA/TO,0,0,0,A,Transient,0,1,0,1,2.0,24.0,0,High
City Hotel,504,2017,August,12,Female,BB,Offline TA/TO,TA/TO,0,0,0,A,Transient-Party,1,1,0,3,2.0,56.335,0,Low
Resort Hotel,167,2017,July,22,Male,HB,Online TA,TA/TO,0,0,0,D,Transient,0,1,0,8,2.0,77.4,0,High
Resort Hotel,41,2016,August,12,Female,BB,Direct,Direct,0,0,0,F,Transient,0,1,0,4,3.0,78.2,1,Low
City Hotel,118,2016,June,6,Male,BB,Offline TA/TO,Corporate,0,0,0,A,Transient-Party,0,1,0,3,1.0,110.0,0,Low
City Hotel,174,2017,March,18,Female,SC,Online TA,TA/TO,0,0,0,A,Transient,1,1,0,1,2.0,39.6,0,Low
City Hotel,3,2015,August,13,Female,BB,Online TA,TA/TO,0,0,0,A,Contract,2,1,0,6,2.0,47.0,0,Low
Resort Hotel,1,2015,September,11,Male,BB,Direct,Direct,0,0,0,A,Transient,0,0,0,1,2.0,65.5,0,High
City Hotel,137,2016,January,27,Male,BB,Groups,TA/TO,0,1,0,A,Transient,0,1,0,2,1.0,70.0,0,High
City Hotel,68,2017,July,11,Female,BB,Direct,Direct,0,0,0,A,Transient,2,0,0,2,2.0,54.0,0,Low
Resort Hotel,16,2016,March,30,Male,BB,Online TA,TA/TO,0,0,0,A,Transient,1,1,0,1,2.0,19.5,0,High
Resort Hotel,337,2016,October,9,Female,HB,Groups,Direct,0,0,0,D,Transient-Party,0,1,0,7,2.0,33.14,0,Low
City Hotel,195,2017,February,24,Female,BB,Online TA,TA/TO,0,0,0,A,Transient,1,1,0,1,2.0,45.0,0,Medium
Resort Hotel,143,2016,March,27,Female,BB,Online TA,TA/TO,0,0,0,A,Transient,2,1,0,6,2.0,22.8,0,High
City Hotel,6,2017,August,7,Male,SC,Online TA,TA/TO,0,0,0,A,Transient,2,1,0,3,2.0,80.0,0,High
City Hotel,158,2017,May,5,Female,BB,Online TA,TA/TO,0,0,0,D,Transient,3,1,0,4,2.0,72.25,0,Low
City Hotel,190,2017,July,17,Female,BB,Online TA,TA/TO,0,0,0,A,Transient,2,1,0,3,3.0,41.699999999999996,1,Medium
City Hotel,265,2016,April,20,Female,BB,Groups,TA/TO,0,0,0,A,Transient,0,1,0,4,2.0,50.5,0,High
Resort Hotel,2,2016,March,31,Male,BB,Direct,Direct,0,0,0,E,Transient,0,1,0,2,3.0,43.666666666666664,0,High
Resort Hotel,0,2017,April,20,Female,HB,Online TA,TA/TO,0,0,0,A,Transient,0,1,0,2,2.0,51.0,0,Low
City Hotel,5,2015,September,19,Female,BB,Direct,Direct,0,0,0,F,Transient,2,0,0,6,3.0,63.056666666666665,0,Low
City Hotel,0,2016,June,23,Male,BB,Online TA,TA/TO,0,0,0,A,Transient,1,1,0,1,2.0,48.5,0,High
Resort Hotel,6,2016,September,12,Female,BB,Corporate,Corporate,1,0,5,A,Transient,0,0,1,3,1.0,65.0,0,High
City Hotel,175,2017,March,17,Male,SC,Online TA,TA/TO,0,0,0,A,Transient,2,1,0,3,2.0,39.6,0,Low
City Hotel,0,2016,May,13,Female,BB,Direct,Direct,1,0,0,A,Transient,0,0,0,1,2.0,69.5,0,High
City Hotel,49,2017,February,23,Male,BB,Groups,TA/TO,0,0,0,A,Transient-Party,1,0,0,1,1.0,65.0,0,Low
City Hotel,118,2016,April,3,Female,BB,Online TA,TA/TO,0,0,0,A,Transient,1,1,0,3,2.0,43.65,0,Medium
City Hotel,61,2017,May,6,Female,BB,Online TA,TA/TO,0,0,0,A,Transient,0,1,0,3,2.0,72.0,0,Low
City Hotel,34,2017,January,18,Male,BB,Groups,TA/TO,0,0,0,A,Transient-Party,0,1,0,1,1.0,75.0,0,Medium
Resort Hotel,201,2017,May,23,Female,BB,Groups,TA/TO,0,0,0,C,Transient-Party,0,0,1,8,4.0,19.97,1,Low
City Hotel,52,2017,April,12,Female,BB,Online TA,TA/TO,0,0,0,D,Transient,0,1,0,1,3.0,57.0,0,Low
Resort Hotel,320,2017,June,4,Male,BB,Direct,Direct,0,0,0,A,Transient,0,1,0,6,2.0,34.415,0,Low
City Hotel,120,2015,August,20,Male,HB,Offline TA/TO,TA/TO,0,0,0,A,Transient-Party,2,1,0,7,2.0,44.19,0,High
City Hotel,447,2016,September,29,Female,BB,Groups,TA/TO,0,0,0,A,Transient,0,1,0,2,2.0,31.0,0,High
Resort Hotel,215,2017,June,30,Female,BB,Online TA,TA/TO,0,0,0,A,Transient,0,1,0,6,2.0,55.0,0,Low
Resort Hotel,143,2015,July,30,Female,BB,Offline TA/TO,TA/TO,0,0,0,A,Transient-Party,1,1,0,5,2.0,45.475,0,Low
City Hotel,1,2017,August,11,Female,BB,Online TA,TA/TO,0,0,0,D,Transient,0,1,0,1,3.0,76.66666666666667,1,Low
City Hotel,92,2017,April,11,Male,BB,Online TA,TA/TO,0,0,0,D,Transient,1,1,0,4,2.0,67.5,0,Low
City Hotel,6,2016,June,12,Male,SC,Online TA,TA/TO,0,0,0,A,Transient,1,1,0,1,1.0,119.0,0,High
City Hotel,258,2016,October,16,Female,BB,Offline TA/TO,TA/TO,0,0,0,A,Transient,0,1,0,1,2.0,55.0,0,High
Resort Hotel,106,2017,January,31,Male,HB,Online TA,TA/TO,0,0,0,A,Transient,0,1,0,4,2.0,28.12,0,High
City Hotel,3,2016,June,20,Male,BB,Corporate,Corporate,1,0,21,A,Transient,1,0,1,2,1.0,67.0,0,High
Resort Hotel,12,2015,August,16,Female,BB,Corporate,Corporate,0,0,0,E,Transient,0,1,0,1,2.0,92.225,0,High
Resort Hotel,10,2017,May,29,Female,HB,Online TA,TA/TO,0,0,0,D,Transient,1,1,0,4,2.0,64.75,0,Low
City Hotel,123,2016,September,20,Female,BB,Online TA,TA/TO,0,0,0,D,Transient,1,1,0,6,2.0,71.55,0,Low
City Hotel,118,2016,June,6,Female,BB,Offline TA/TO,Corporate,0,0,0,A,Transient-Party,0,1,0,2,1.0,110.0,0,Low
Resort Hotel,24,2017,February,16,Female,BB,Online TA,TA/TO,0,0,0,E,Transient,1,1,0,3,2.0,34.0,0,Low
Resort Hotel,119,2016,July,19,Male,HB,Online TA,TA/TO,0,0,0,E,Transient,1,1,0,7,2.0,113.5,0,Low
City Hotel,47,2016,March,7,Male,SC,Online TA,TA/TO,0,0,0,A,Transient,0,1,0,4,2.0,32.875,0,Low
City Hotel,0,2015,November,17,Female,BB,Direct,Direct,0,0,0,A,Transient,0,0,0,1,2.0,44.5,0,Low
City Hotel,89,2017,August,16,Male,BB,Online TA,TA/TO,0,0,0,D,Transient,2,1,0,3,3.0,66.66666666666667,0,Medium
City Hotel,5,2016,August,20,Male,BB,Online TA,TA/TO,0,0,0,A,Transient,1,1,0,1,2.0,65.0,0,Low
City Hotel,273,2015,July,17,Female,HB,Offline TA/TO,TA/TO,0,0,0,A,Transient-Party,0,1,0,2,2.0,54.5,0,High
City Hotel,105,2017,June,21,Female,SC,Online TA,TA/TO,0,0,0,A,Transient,0,1,0,2,2.0,63.0,0,Low
Resort Hotel,5,2017,August,25,Female,BB,Online TA,TA/TO,0,0,0,E,Transient,2,1,0,2,2.0,137.0,0,Low
Resort Hotel,95,2016,June,14,Female,BB,Offline TA/TO,TA/TO,0,0,0,A,Transient,1,1,0,7,2.0,28.8,0,High
City Hotel,2,2015,September,20,Male,BB,Offline TA/TO,TA/TO,0,0,0,A,Transient,0,1,0,2,1.0,77.0,0,Low
City Hotel,89,2015,November,17,Female,BB,Online TA,TA/TO,0,0,0,A,Transient-Party,1,1,0,3,1.0,63.75,0,Low
Resort Hotel,112,2016,February,12,Male,FB,Groups,TA/TO,0,0,0,A,Transient-Party,0,1,0,2,2.0,34.0,0,High
Resort Hotel,74,2016,February,26,Female,Undefined,Groups,TA/TO,0,0,0,A,Transient,0,1,0,3,2.0,35.0,0,High
Resort Hotel,39,2016,March,29,Male,BB,Online TA,TA/TO,0,0,0,D,Transient,1,1,0,7,2.0,22.23,0,Low
City Hotel,93,2017,March,18,Male,SC,Online TA,TA/TO,0,0,0,A,Transient,2,1,0,1,2.0,39.6,0,Low
City Hotel,32,2015,October,19,Female,BB,Online TA,TA/TO,0,0,0,A,Contract,1,1,0,3,2.0,48.15,0,Low
Resort Hotel,65,2017,May,3,Female,Undefined,Groups,Corporate,0,0,0,A,Transient,0,0,0,12,2.0,62.5,0,High
Resort Hotel,100,2017,April,29,Male,Undefined,Groups,TA/TO,0,0,0,A,Transient-Party,1,1,0,3,2.0,41.5,0,High
City Hotel,422,2017,June,13,Male,BB,Groups,TA/TO,0,0,0,A,Transient,0,1,0,1,2.0,45.0,0,High
Resort Hotel,221,2017,July,17,Female,BB,Direct,Direct,0,0,0,C,Transient,2,1,0,7,3.0,78.18666666666667,1,High
Resort Hotel,15,2017,April,30,Female,BB,Online TA,TA/TO,0,0,0,A,Transient,0,1,0,3,1.0,83.67,0,High
City Hotel,0,2015,September,7,Female,BB,Offline TA/TO,TA/TO,0,0,0,D,Transient,0,1,0,2,2.0,59.4,0,High
City Hotel,45,2015,October,22,Male,BB,Online TA,TA/TO,0,0,0,D,Transient,1,1,0,4,2.0,39.27,0,Low
City Hotel,45,2016,December,18,Male,SC,Online TA,TA/TO,0,0,0,A,Transient,0,1,0,2,2.0,39.6,0,Low
Resort Hotel,7,2015,December,24,Female,Undefined,Direct,Direct,0,0,0,C,Transient,0,1,0,1,4.0,37.25,1,High
City Hotel,224,2016,December,29,Female,BB,Online TA,TA/TO,0,0,0,A,Transient,0,1,0,5,2.0,41.055,0,Low
City Hotel,53,2017,May,8,Female,BB,Direct,Direct,0,0,0,D,Transient,4,1,0,4,2.0,90.875,0,Low
Resort Hotel,219,2016,June,26,Female,BB,Online TA,TA/TO,0,0,0,G,Transient,0,1,0,6,4.0,37.0425,1,Low
City Hotel,10,2016,September,30,Female,BB,Aviation,Corporate,0,0,0,D,Transient,0,0,1,1,1.0,110.0,0,High
City Hotel,5,2017,May,9,Female,BB,Groups,Corporate,0,0,0,A,Transient,0,1,0,1,2.0,45.0,0,High
City Hotel,34,2017,August,14,Male,BB,Online TA,TA/TO,0,0,0,D,Transient,2,1,0,1,3.0,73.0,0,Low
Resort Hotel,25,2017,February,13,Female,HB,Offline TA/TO,TA/TO,0,0,0,E,Transient,0,1,0,14,2.0,41.88,0,Low
City Hotel,22,2015,September,1,Female,BB,Online TA,TA/TO,0,0,0,A,Contract,2,1,0,6,2.0,52.5,0,Medium
Resort Hotel,40,2016,November,12,Female,HB,Online TA,TA/TO,0,0,0,A,Transient,1,1,0,1,2.0,32.4,0,Low
City Hotel,48,2017,August,4,Male,BB,Online TA,TA/TO,0,0,0,A,Transient,1,1,0,3,2.0,84.5,0,Low
Resort Hotel,188,2016,May,4,Female,BB,Online TA,TA/TO,0,0,0,D,Transient,0,1,0,4,2.0,35.85,0,High
City Hotel,110,2017,May,7,Male,BB,Online TA,TA/TO,0,0,0,A,Transient,0,1,0,4,1.0,126.0,0,Low
City Hotel,273,2016,May,13,Female,BB,Offline TA/TO,TA/TO,0,0,0,A,Transient,0,1,0,3,2.0,47.5,0,High
Resort Hotel,1,2017,January,13,Male,BB,Direct,Direct,1,0,0,A,Transient,1,0,0,1,2.0,22.0,0,Low
Resort Hotel,74,2016,January,8,Male,BB,Offline TA/TO,TA/TO,0,0,0,D,Transient,0,1,0,4,2.0,16.65,0,Low
City Hotel,83,2016,October,4,Male,BB,Online TA,TA/TO,0,0,0,A,Transient,1,1,0,1,2.0,59.4,0,Low
City Hotel,294,2015,August,7,Male,BB,Groups,TA/TO,0,1,0,A,Transient-Party,0,1,0,2,2.0,31.0,0,High
Resort Hotel,15,2015,December,19,Male,BB,Direct,Direct,0,0,0,D,Transient,1,0,0,1,3.0,20.333333333333332,1,Low
City Hotel,126,2017,June,20,Female,HB,Online TA,TA/TO,0,0,0,E,Transient,0,1,0,3,3.0,80.10000000000001,0,Low
City Hotel,89,2017,April,10,Male,BB,Online TA,TA/TO,0,0,0,D,Transient,0,1,0,4,3.0,53.126666666666665,0,Low
Resort Hotel,211,2017,August,19,Female,HB,Online TA,TA/TO,0,0,0,A,Transient,0,1,0,7,2.0,66.87,0,High
Resort Hotel,165,2016,August,21,Male,BB,Online TA,TA/TO,0,0,0,A,Transient,0,1,0,2,2.0,85.0,0,Low
City Hotel,84,2015,November,27,Female,BB,Groups,TA/TO,0,0,0,A,Transient-Party,0,1,0,3,2.0,32.0,0,High
Resort Hotel,9,2016,February,27,Female,BB,Online TA,TA/TO,0,0,0,E,Transient,1,1,0,2,1.0,68.0,0,High
City Hotel,60,2016,June,21,Female,BB,Online TA,TA/TO,0,0,0,A,Transient,1,1,0,3,2.0,49.95,0,Low
City Hotel,9,2017,January,2,Female,BB,Online TA,TA/TO,0,0,0,A,Transient,0,1,0,4,3.0,38.71666666666667,1,Medium
City Hotel,129,2017,June,28,Female,BB,Direct,Direct,0,0,0,A,Transient,1,1,0,3,2.0,49.5,0,Low
Resort Hotel,13,2017,August,31,Female,BB,Online TA,TA/TO,0,0,0,C,Transient,1,1,0,4,4.0,55.625,1,Medium
Resort Hotel,74,2017,January,24,Male,HB,Online TA,TA/TO,0,0,0,E,Transient,2,1,0,6,2.0,49.5,0,Low
City Hotel,350,2017,July,17,Male,BB,Online TA,TA/TO,0,0,0,D,Transient,1,1,0,7,2.0,56.7,0,Low
City Hotel,204,2017,July,27,Female,BB,Online TA,TA/TO,0,0,0,D,Transient,0,1,0,1,2.0,90.0,0,Medium
Resort Hotel,183,2016,April,16,Female,HB,Groups,TA/TO,0,0,0,A,Transient-Party,0,1,0,2,2.0,42.5,0,High
Resort Hotel,2,2016,August,26,Female,BB,Online TA,TA/TO,0,0,0,A,Transient-Party,3,1,0,4,3.0,66.33333333333333,1,Low
Resort Hotel,42,2016,April,5,Female,HB,Offline TA/TO,TA/TO,0,0,0,A,Transient,0,1,0,9,2.0,32.39,0,Low
City Hotel,115,2016,March,18,Male,HB,Groups,TA/TO,0,0,0,A,Transient-Party,0,1,0,2,2.0,45.0,0,High
Resort Hotel,276,2017,April,22,Male,Undefined,Groups,TA/TO,0,0,0,A,Transient-Party,0,1,0,7,1.0,72.0,0,Low
City Hotel,164,2017,May,15,Female,BB,Groups,TA/TO,0,0,0,A,Transient,0,0,0,3,1.0,160.0,0,High
Resort Hotel,224,2016,May,25,Male,BB,Groups,Direct,0,0,0,A,Transient-Party,0,0,1,5,1.0,40.0,0,Low
Resort Hotel,238,2017,February,10,Male,HB,Groups,TA/TO,0,0,0,A,Transient,0,1,0,2,2.0,27.0,0,High
Resort Hotel,4,2017,May,2,Male,BB,Direct,Direct,0,0,0,A,Transient,0,0,0,2,1.0,58.9,0,High
Resort Hotel,152,2017,April,5,Male,BB,Groups,TA/TO,0,0,0,A,Transient-Party,0,0,1,4,1.0,42.0,0,Low
City Hotel,177,2017,March,2,Female,BB,Online TA,TA/TO,0,0,0,A,Transient,1,1,0,5,3.0,34.56666666666667,1,Low
City Hotel,72,2015,October,28,Female,BB,Groups,TA/TO,0,0,0,A,Transient-Party,0,1,0,3,2.0,42.835,0,High
Resort Hotel,203,2017,May,25,Female,BB,Groups,TA/TO,0,0,0,A,Transient-Party,0,0,1,3,2.0,24.0,0,Low
Resort Hotel,35,2017,February,6,Female,BB,Online TA,TA/TO,0,0,0,A,Transient,0,1,0,4,2.0,24.0,0,Low
Resort Hotel,3,2016,April,16,Female,BB,Online TA,TA/TO,0,0,0,E,Transient,1,1,0,1,2.0,47.5,0,Low
City Hotel,100,2015,October,16,Female,HB,Offline TA/TO,TA/TO,0,0,0,A,Transient,0,1,0,1,2.0,54.0,0,High
City Hotel,272,2016,August,5,Female,BB,Groups,TA/TO,0,1,0,A,Transient,0,1,0,1,2.0,32.5,0,High
City Hotel,99,2017,June,26,Male,BB,Online TA,TA/TO,0,0,0,A,Transient,0,1,0,4,2.0,63.0,0,Low
City Hotel,339,2015,September,21,Female,BB,Groups,TA/TO,0,1,0,A,Contract,0,1,0,2,2.0,31.0,0,High
City Hotel,119,2016,February,10,Male,BB,Online TA,TA/TO,0,0,0,B,Transient,1,1,0,3,2.0,40.5,0,High
City Hotel,211,2017,July,19,Male,BB,Online TA,TA/TO,0,0,0,F,Transient,2,1,0,4,3.0,61.65,1,Low
City Hotel,0,2015,August,18,Male,BB,Direct,Direct,0,0,0,A,Transient,0,0,0,1,2.0,37.5,0,High
City Hotel,365,2017,May,15,Female,BB,Online TA,TA/TO,0,0,0,D,Transient,2,1,0,1,2.0,61.2,0,Low
City Hotel,14,2016,March,24,Female,BB,Online TA,TA/TO,0,0,0,D,Transient,2,1,0,3,3.0,64.22333333333333,0,Low
City Hotel,55,2016,September,3,Female,BB,Online TA,TA/TO,0,0,0,D,Transient,2,1,0,2,2.0,61.65,0,Low
Resort Hotel,101,2017,August,3,Female,BB,Direct,Direct,0,0,0,A,Transient,0,1,0,2,2.0,106.875,0,High
City Hotel,45,2016,March,12,Female,SC,Online TA,TA/TO,0,0,0,A,Transient,0,1,0,2,2.0,35.55,0,Medium
Resort Hotel,177,2017,August,19,Female,BB,Direct,Direct,0,0,0,F,Transient,1,1,0,6,2.0,119.5,0,High
City Hotel,17,2016,December,8,Female,SC,Online TA,TA/TO,0,0,0,A,Transient,0,1,0,3,2.0,46.335,0,Low
City Hotel,341,2015,September,23,Female,BB,Groups,TA/TO,0,1,0,A,Transient-Party,0,1,0,2,2.0,31.0,0,High
Resort Hotel,65,2016,March,12,Female,HB,Offline TA/TO,TA/TO,0,0,0,A,Contract,0,1,0,5,1.0,34.2,0,High
City Hotel,349,2015,October,1,Female,BB,Groups,TA/TO,0,1,0,A,Contract,0,1,0,2,2.0,31.0,0,High
Resort Hotel,202,2017,May,24,Male,BB,Groups,TA/TO,0,0,0,A,Transient-Party,0,0,1,5,1.0,65.2,0,Low
Resort Hotel,54,2016,April,17,Male,BB,Offline TA/TO,TA/TO,0,0,0,A,Transient,0,1,0,5,2.0,21.15,0,High
Resort Hotel,63,2016,October,18,Male,BB,Online TA,TA/TO,0,0,0,D,Transient,2,1,0,4,2.0,37.0,0,Low
City Hotel,61,2017,January,25,Male,BB,Groups,TA/TO,0,0,0,A,Transient,0,1,0,2,2.0,40.0,0,High
City Hotel,13,2016,December,5,Female,BB,Online TA,TA/TO,0,0,0,A,Transient,0,1,0,1,1.0,96.0,0,Low
Resort Hotel,95,2017,May,17,Male,BB,Offline TA/TO,TA/TO,0,0,0,A,Transient,0,1,0,7,2.0,24.0,0,Low
City Hotel,34,2015,December,8,Female,BB,Offline TA/TO,TA/TO,0,1,0,A,Transient,0,1,0,2,1.0,90.0,0,High
Resort Hotel,3,2016,November,7,Male,BB,Online TA,TA/TO,0,0,0,A,Transient,2,1,0,1,1.0,70.0,0,High
Resort Hotel,112,2016,August,18,Male,BB,Online TA,TA/TO,0,0,0,A,Transient,1,1,0,5,3.0,57.06666666666666,0,High
Resort Hotel,3,2016,April,17,Female,BB,Complementary,Direct,0,0,0,F,Transient,0,0,0,2,1.0,0.0,0,Low
City Hotel,143,2017,August,8,Male,BB,Online TA,TA/TO,0,0,0,A,Transient,1,1,0,4,3.0,51.75,1,Low
City Hotel,83,2016,December,18,Female,BB,Offline TA/TO,TA/TO,0,0,0,A,Transient,0,1,0,2,2.0,37.5,0,Low
Resort Hotel,28,2017,February,20,Male,HB,Direct,Direct,0,0,0,A,Transient,1,1,0,3,2.0,42.0,0,High
Resort Hotel,267,2015,September,26,Female,BB,Offline TA/TO,TA/TO,0,1,0,A,Transient,0,1,0,7,2.0,27.495,0,High
City Hotel,80,2016,November,24,Female,BB,Offline TA/TO,TA/TO,0,0,0,A,Transient,1,1,0,3,2.0,34.0,0,Low
City Hotel,63,2015,September,4,Female,HB,Offline TA/TO,TA/TO,0,0,0,A,Transient-Party,0,1,0,2,2.0,58.0,0,High
City Hotel,29,2016,August,8,Female,SC,Online TA,TA/TO,0,0,0,A,Transient,1,1,0,1,2.0,69.5,0,Low
City Hotel,0,2017,June,28,Female,BB,Direct,Direct,0,0,0,A,Transient,0,0,0,2,2.0,62.0,1,High
City Hotel,83,2015,September,23,Female,BB,Groups,TA/TO,0,0,0,A,Transient-Party,0,1,0,2,2.0,31.0,0,Low
Resort Hotel,273,2015,October,4,Male,BB,Offline TA/TO,TA/TO,0,0,0,D,Contract,0,1,0,4,2.0,24.3,0,Low
Resort Hotel,2,2017,March,1,Female,BB,Direct,Direct,1,0,5,A,Transient,2,0,0,1,1.0,34.2,0,High
City Hotel,31,2016,September,16,Female,BB,Offline TA/TO,TA/TO,0,0,0,A,Transient-Party,0,1,0,3,2.0,37.5,0,Low
City Hotel,0,2016,February,27,Male,BB,Offline TA/TO,TA/TO,0,0,0,A,Transient-Party,0,1,0,1,1.0,60.0,0,High
City Hotel,2,2016,June,30,Female,SC,Online TA,TA/TO,0,0,0,A,Transient,0,1,0,1,1.0,127.0,0,High
City Hotel,48,2016,May,22,Female,BB,Online TA,TA/TO,0,0,0,A,Transient,2,1,0,3,2.0,46.415,0,Low
Resort Hotel,239,2017,May,1,Female,BB,Online TA,TA/TO,0,0,0,A,Transient,2,1,0,7,2.0,32.0,0,Low
City Hotel,33,2016,June,27,Male,BB,Online TA,TA/TO,0,0,0,D,Transient,2,1,0,2,3.0,47.1,0,Low
City Hotel,294,2017,January,21,Female,BB,Online TA,TA/TO,0,0,0,A,Transient,0,1,0,4,2.0,38.675,0,Medium
City Hotel,44,2016,February,18,Male,HB,Offline TA/TO,TA/TO,0,0,0,A,Transient,0,1,0,4,2.0,45.79,0,Low
Resort Hotel,131,2016,October,9,Female,BB,Groups,Corporate,0,0,0,A,Transient-Party,0,0,0,3,2.0,27.5,0,High
City Hotel,20,2015,October,18,Female,BB,Offline TA/TO,TA/TO,0,0,0,D,Group,1,1,0,3,3.0,35.0,0,Low
Resort Hotel,108,2017,July,15,Male,BB,Direct,Direct,0,0,0,D,Transient,2,0,0,7,2.0,102.0,0,High
Resort Hotel,31,2015,November,10,Male,BB,Corporate,Corporate,0,0,0,A,Transient-Party,0,0,1,4,3.0,18.0,0,Low
City Hotel,443,2016,October,7,Female,BB,Groups,TA/TO,0,0,0,A,Transient,0,1,0,2,2.0,32.5,0,High
Resort Hotel,5,2017,May,22,Female,BB,Offline TA/TO,TA/TO,0,0,0,A,Transient,0,1,0,1,1.0,67.0,0,High
Resort Hotel,7,2017,April,1,Female,BB,Direct,Direct,0,0,0,A,Transient,0,1,0,1,3.0,38.666666666666664,0,Low
City Hotel,306,2017,July,22,Female,SC,Online TA,TA/TO,0,0,0,A,Transient,2,1,0,7,2.0,44.55,0,Low
Resort Hotel,63,2016,April,25,Female,BB,Online TA,TA/TO,0,0,0,D,Transient,1,1,0,3,2.0,39.5,0,Low
City Hotel,43,2016,January,14,Female,BB,Online TA,TA/TO,0,0,0,B,Transient-Party,0,1,0,3,4.0,21.6875,1,Low
Resort Hotel,0,2016,June,16,Female,BB,Direct,Direct,0,0,0,F,Transient,0,0,0,1,2.0,69.5,0,Low
Resort Hotel,279,2015,October,8,Male,HB,Groups,TA/TO,0,1,0,A,Transient-Party,0,1,0,7,2.0,31.7,0,Low
City Hotel,16,2017,February,5,Male,HB,Offline TA/TO,TA/TO,0,0,0,A,Transient,0,1,0,3,3.0,50.0,0,Low
Resort Hotel,92,2016,February,26,Male,Undefined,Groups,TA/TO,0,1,0,A,Transient,0,1,0,3,2.0,39.5,0,High
City Hotel,26,2017,May,8,Male,BB,Direct,Direct,0,0,0,A,Transient,0,1,0,1,1.0,164.0,0,Low
City Hotel,594,2017,February,23,Female,BB,Groups,TA/TO,0,0,0,A,Transient,0,1,0,2,2.0,31.0,0,High
City Hotel,26,2017,April,27,Female,SC,Online TA,TA/TO,0,0,0,A,Transient,2,1,0,3,2.0,57.5,0,Low
Resort Hotel,36,2016,October,20,Male,BB,Groups,Corporate,0,0,0,A,Transient-Party,0,0,0,4,2.0,24.5,0,Low
City Hotel,219,2015,September,4,Male,HB,Offline TA/TO,TA/TO,0,0,0,A,Transient-Party,0,1,0,1,2.0,54.0,0,High
City Hotel,79,2016,December,26,Female,HB,Online TA,TA/TO,0,0,0,D,Transient,0,1,0,4,2.0,68.955,0,Medium
City Hotel,0,2016,September,30,Male,SC,Online TA,TA/TO,1,0,0,A,Transient,0,1,0,0,1.0,0.0,0,High
City Hotel,129,2017,January,5,Female,BB,Online TA,TA/TO,0,0,0,D,Transient,3,1,0,1,3.0,45.0,0,Low
Resort Hotel,1,2015,July,24,Female,BB,Online TA,TA/TO,0,0,0,H,Transient,0,1,0,3,3.0,74.22333333333333,0,Low
City Hotel,205,2016,May,29,Male,BB,Offline TA/TO,TA/TO,0,0,0,A,Transient,0,1,0,3,2.0,45.0,0,High
City Hotel,47,2016,August,31,Female,BB,Online TA,TA/TO,0,0,0,D,Transient,2,1,0,7,2.0,70.265,0,Low
Resort Hotel,4,2016,February,26,Male,HB,Offline TA/TO,TA/TO,0,0,0,D,Transient,1,1,0,3,3.0,24.333333333333332,1,Low
City Hotel,34,2017,March,10,Female,BB,Online TA,TA/TO,0,0,0,D,Transient,1,1,0,3,2.0,47.995,0,Low
Resort Hotel,139,2015,July,8,Male,HB,Direct,Direct,0,0,0,A,Transient,1,1,0,8,3.0,35.733333333333334,1,High
Resort Hotel,2,2017,January,25,Male,BB,Direct,Direct,0,0,2,A,Transient,1,0,1,1,1.0,35.0,0,Low
Resort Hotel,9,2017,February,4,Female,BB,Offline TA/TO,TA/TO,0,0,0,D,Transient,0,1,0,7,2.0,24.5,0,Low
City Hotel,10,2017,July,6,Male,BB,Corporate,Corporate,0,0,0,A,Transient-Party,0,1,0,1,1.0,95.0,0,High
Resort Hotel,83,2017,May,3,Male,HB,Online TA,TA/TO,0,0,0,E,Transient,0,1,0,4,2.0,73.5,0,Low
Resort Hotel,128,2015,October,8,Female,BB,Offline TA/TO,TA/TO,0,0,0,E,Transient,0,1,0,12,2.0,31.235,0,Low
City Hotel,207,2016,July,11,Female,BB,Direct,Direct,0,0,0,A,Transient,0,1,0,6,2.0,40.375,0,Low
City Hotel,4,2016,September,26,Female,BB,Offline TA/TO,TA/TO,0,0,0,A,Transient-Party,0,1,0,1,1.0,98.1,0,High
City Hotel,6,2017,May,4,Female,BB,Online TA,TA/TO,0,0,0,D,Transient,0,1,0,2,2.0,90.0,0,Low
City Hotel,342,2015,September,24,Male,BB,Groups,TA/TO,0,1,0,A,Contract,0,1,0,2,2.0,31.0,0,High
City Hotel,97,2017,April,3,Female,BB,Direct,Direct,0,0,0,A,Transient,2,1,0,4,2.0,48.125,0,Low
Resort Hotel,1,2017,January,21,Female,BB,Direct,Direct,0,0,0,F,Transient,0,1,0,1,2.0,38.5,0,High
Resort Hotel,105,2016,August,5,Female,BB,Online TA,TA/TO,0,0,0,A,Transient,0,1,0,3,2.0,94.5,0,Low
City Hotel,164,2017,May,15,Male,BB,Groups,TA/TO,0,0,0,A,Transient,0,0,0,3,1.0,160.0,0,High
City Hotel,30,2017,April,14,Female,BB,Online TA,TA/TO,0,0,0,E,Transient,1,1,0,5,3.0,71.33333333333333,0,Low
Resort Hotel,60,2017,February,21,Male,BB,Online TA,TA/TO,0,0,0,A,Transient-Party,0,1,0,4,2.0,24.0,0,Low
City Hotel,8,2016,March,2,Female,BB,Online TA,TA/TO,0,0,0,A,Transient-Party,0,1,0,1,1.0,86.0,0,High
City Hotel,84,2016,April,10,Female,SC,Online TA,TA/TO,0,0,0,A,Transient,0,1,0,4,2.0,29.07,0,Low
City Hotel,314,2017,July,26,Female,BB,Groups,TA/TO,0,0,0,A,Transient,0,0,0,4,2.0,55.0,0,High
Resort Hotel,0,2016,February,20,Female,BB,Direct,Direct,0,0,0,A,Transient,0,0,0,1,2.0,22.5,0,High
City Hotel,122,2016,July,9,Female,BB,Online TA,TA/TO,0,0,0,A,Transient-Party,2,1,0,4,2.0,52.915,0,High
Resort Hotel,157,2016,June,23,Female,BB,Offline TA/TO,TA/TO,0,0,0,A,Contract,1,1,0,7,2.0,26.925,0,Low
City Hotel,26,2017,January,1,Female,BB,Online TA,TA/TO,0,0,0,D,Transient,0,1,0,4,2.0,51.85,0,Low
City Hotel,40,2015,October,5,Male,BB,Online TA,TA/TO,0,0,0,A,Contract,1,1,0,4,2.0,47.25,0,Low
Resort Hotel,12,2017,July,11,Female,BB,Corporate,Corporate,0,0,0,A,Transient-Party,0,0,1,1,1.0,135.0,0,High
City Hotel,93,2017,April,6,Female,BB,Offline TA/TO,TA/TO,0,0,0,A,Transient,0,1,0,3,2.0,47.5,0,High
City Hotel,90,2017,April,17,Female,BB,Offline TA/TO,TA/TO,0,0,0,A,Transient,0,1,0,3,2.0,42.5,0,Low
Resort Hotel,2,2016,February,19,Female,HB,Online TA,TA/TO,0,0,0,A,Transient,0,1,0,2,2.0,40.0,0,High
Resort Hotel,23,2016,September,28,Male,BB,Corporate,Corporate,1,3,2,A,Transient,0,0,1,1,1.0,89.1,0,High
City Hotel,219,2015,September,4,Male,HB,Offline TA/TO,TA/TO,0,0,0,A,Transient-Party,0,1,0,1,1.0,84.0,0,High
Resort Hotel,26,2017,July,24,Male,BB,Online TA,TA/TO,0,0,0,H,Transient,0,1,0,4,4.0,78.75,1,Low
City Hotel,4,2016,May,29,Male,BB,Online TA,TA/TO,0,0,0,D,Transient,1,1,0,3,2.0,68.0,0,Low
Resort Hotel,286,2017,May,18,Female,HB,Offline TA/TO,TA/TO,0,0,0,A,Contract,1,1,0,4,2.0,39.475,0,Low
City Hotel,351,2016,June,23,Female,BB,Groups,TA/TO,0,0,0,A,Transient,0,1,0,1,1.0,59.0,0,High
City Hotel,18,2016,May,29,Male,BB,Online TA,TA/TO,0,0,0,A,Transient,0,1,0,4,2.0,49.3,0,Low
Resort Hotel,1,2016,August,21,Female,BB,Direct,Direct,0,0,0,A,Transient,1,1,0,1,2.0,100.0,0,High
Resort Hotel,1,2017,January,21,Female,BB,Online TA,TA/TO,0,0,0,A,Transient,1,1,0,1,2.0,24.0,0,Low
City Hotel,67,2017,March,10,Male,BB,Online TA,TA/TO,0,0,0,A,Transient,1,1,0,3,2.0,53.1,0,Low
Resort Hotel,55,2017,January,11,Female,BB,Online TA,TA/TO,0,0,0,E,Transient,1,1,0,3,2.0,22.205,0,Low
Resort Hotel,32,2016,August,20,Female,BB,Online TA,TA/TO,0,0,0,D,Transient,0,1,0,6,2.0,117.835,0,Low
City Hotel,204,2015,October,9,Female,BB,Offline TA/TO,TA/TO,0,0,0,A,Transient-Party,0,1,0,4,2.0,36.375,0,High
City Hotel,1,2016,May,30,Female,BB,Online TA,TA/TO,0,0,0,A,Transient,1,1,0,4,2.0,55.675,0,Low
Resort Hotel,0,2016,February,20,Male,BB,Online TA,TA/TO,0,0,0,A,Transient,0,1,0,1,2.0,24.0,0,Low
City Hotel,335,2016,October,13,Female,BB,Offline TA/TO,TA/TO,0,0,0,A,Transient-Party,0,1,0,3,1.0,80.0,0,Low
City Hotel,45,2016,June,17,Male,BB,Online TA,TA/TO,0,0,0,D,Transient,1,1,0,6,2.0,67.95,0,Low
Resort Hotel,8,2016,September,30,Female,BB,Corporate,Corporate,0,0,0,A,Transient-Party,0,0,1,1,1.0,99.0,0,High
City Hotel,157,2016,July,14,Female,BB,Online TA,TA/TO,0,0,0,A,Transient-Party,2,1,0,2,3.0,40.5,1,Low
City Hotel,15,2017,July,15,Male,BB,Online TA,TA/TO,0,0,0,D,Transient,2,1,0,2,2.0,74.5,0,Low
Resort Hotel,31,2017,July,14,Female,BB,Online TA,TA/TO,0,0,0,E,Transient,1,1,0,2,2.0,107.5,0,Low
Resort Hotel,229,2016,June,9,Female,BB,Online TA,TA/TO,0,0,0,A,Transient,1,1,0,4,1.0,63.9,0,High
City Hotel,0,2017,January,8,Male,SC,Online TA,TA/TO,0,0,0,D,Transient,0,1,0,1,2.0,29.52,0,High
City Hotel,104,2017,August,18,Male,BB,Offline TA/TO,TA/TO,0,0,0,E,Transient,0,1,0,2,4.0,34.875,1,Low
Resort Hotel,217,2015,September,24,Male,BB,Offline TA/TO,TA/TO,0,1,0,C,Contract,2,1,0,4,4.0,27.0825,1,High
City Hotel,7,2016,March,24,Female,BB,Online TA,TA/TO,0,0,0,A,Transient,2,1,0,3,3.0,58.22333333333333,1,High
City Hotel,1,2015,August,10,Female,BB,Online TA,TA/TO,0,0,0,A,Contract,0,1,0,1,2.0,52.5,0,Low
Resort Hotel,307,2017,August,14,Female,BB,Online TA,TA/TO,0,0,0,A,Transient,1,1,0,2,1.0,138.38,0,Medium
City Hotel,85,2016,June,2,Male,BB,Online TA,TA/TO,0,0,0,D,Transient,0,1,0,1,2.0,70.2,0,Medium
Resort Hotel,140,2017,August,27,Female,BB,Online TA,TA/TO,0,0,0,E,Transient,1,1,0,3,2.0,114.5,0,Low
City Hotel,538,2016,December,29,Male,BB,Groups,TA/TO,0,0,0,A,Transient,0,1,0,1,1.0,51.4,0,High
Resort Hotel,92,2016,June,17,Female,BB,Online TA,TA/TO,0,0,0,A,Transient,1,1,0,5,2.0,59.0,0,Low
City Hotel,177,2016,August,16,Female,SC,Online TA,TA/TO,0,0,0,A,Transient,1,1,0,2,2.0,47.25,0,Low
Resort Hotel,90,2015,September,6,Female,BB,Online TA,TA/TO,0,0,0,G,Transient,0,1,0,11,4.0,34.795,1,Low
Resort Hotel,277,2016,June,12,Male,Undefined,Groups,TA/TO,0,0,0,A,Transient,0,0,0,4,2.0,55.0,0,High
City Hotel,34,2015,December,8,Male,BB,Offline TA/TO,TA/TO,0,1,0,A,Transient,0,1,0,2,1.0,90.0,0,High
Resort Hotel,88,2016,August,30,Male,BB,Online TA,TA/TO,0,0,0,G,Transient,0,1,0,7,4.0,55.8225,1,High
City Hotel,2,2017,August,3,Female,BB,Online TA,TA/TO,0,0,0,D,Transient,1,1,0,2,2.0,70.0,0,Low
City Hotel,125,2017,August,10,Male,BB,Online TA,TA/TO,0,0,0,D,Transient,0,1,0,3,2.0,57.195,0,High
Resort Hotel,214,2015,October,3,Female,HB,Offline TA/TO,TA/TO,0,1,0,A,Transient,0,1,0,2,2.0,17.0,0,High
City Hotel,457,2017,August,25,Female,HB,Offline TA/TO,TA/TO,0,0,0,A,Transient-Party,1,1,0,2,2.0,61.2,0,Low
City Hotel,170,2017,August,11,Female,BB,Online TA,TA/TO,0,0,0,D,Transient,0,1,0,4,3.0,46.5,0,Low
City Hotel,69,2016,September,11,Female,BB,Online TA,TA/TO,0,0,0,A,Transient,0,1,0,2,2.0,67.95,0,Low
City Hotel,19,2017,July,25,Male,SC,Direct,Direct,0,0,0,A,Transient,1,0,0,2,2.0,65.0,0,Low
City Hotel,98,2015,November,23,Male,BB,Groups,TA/TO,0,0,0,A,Transient-Party,0,1,0,3,1.0,70.0,0,Low
City Hotel,192,2016,October,21,Female,BB,Groups,TA/TO,0,0,0,A,Transient-Party,0,1,0,2,2.0,47.5,0,Low
City Hotel,278,2017,January,16,Female,BB,Direct,Direct,0,0,0,D,Transient,1,1,0,1,3.0,38.9,0,Low
City Hotel,4,2016,November,19,Female,BB,Online TA,TA/TO,0,0,0,A,Transient,3,1,0,3,3.0,42.88999999999999,1,High
City Hotel,10,2015,October,22,Male,BB,Offline TA/TO,TA/TO,0,0,0,D,Transient,0,1,0,4,2.0,31.875,0,Low
City Hotel,23,2016,November,17,Female,SC,Online TA,TA/TO,0,0,0,A,Transient,2,1,0,2,2.0,44.0,0,Medium
City Hotel,249,2016,October,22,Female,BB,Online TA,TA/TO,0,0,0,A,Transient,0,1,0,4,1.0,80.75,0,High
City Hotel,333,2016,September,20,Male,BB,Offline TA/TO,TA/TO,0,1,0,A,Transient,0,1,0,2,2.0,45.0,0,High
City Hotel,32,2015,November,20,Female,BB,Offline TA/TO,TA/TO,0,0,0,A,Transient-Party,0,1,0,2,1.0,73.0,0,Low
City Hotel,193,2016,June,20,Male,BB,Offline TA/TO,TA/TO,0,0,0,A,Transient,0,1,0,3,2.0,60.0,0,High
City Hotel,28,2017,May,16,Male,BB,Online TA,TA/TO,0,0,0,D,Transient,2,1,0,3,2.0,70.665,0,Low
City Hotel,7,2015,August,31,Female,HB,Groups,TA/TO,0,0,0,A,Transient-Party,0,1,0,3,1.0,60.0,0,Low
Resort Hotel,21,2016,March,12,Female,BB,Direct,Direct,0,0,0,A,Transient,1,0,0,1,2.0,28.0,0,High
City Hotel,178,2017,August,22,Female,BB,Online TA,TA/TO,0,0,0,D,Transient,2,1,0,4,3.0,54.0,0,Low
Resort Hotel,129,2015,November,20,Female,HB,Offline TA/TO,TA/TO,0,0,0,A,Transient,0,1,0,3,1.0,22.5,0,High
Resort Hotel,73,2015,July,26,Female,HB,Direct,Direct,0,0,0,E,Transient,1,1,0,5,3.0,69.66666666666667,0,High
City Hotel,0,2015,August,6,Female,BB,Online TA,TA/TO,0,0,0,A,Transient,0,0,1,1,2.0,40.5,0,High
Resort Hotel,34,2017,August,24,Female,BB,Direct,Direct,0,0,0,F,Transient,3,0,0,7,2.0,128.0,0,High
City Hotel,112,2016,June,2,Female,BB,Offline TA/TO,TA/TO,0,0,0,A,Transient-Party,1,1,0,3,2.0,60.0,0,High
Resort Hotel,9,2016,September,18,Female,BB,Groups,Corporate,0,0,0,E,Transient-Party,0,1,0,1,2.0,45.0,0,Low
City Hotel,327,2015,September,9,Male,BB,Groups,TA/TO,0,1,0,A,Transient-Party,0,1,0,2,2.0,31.0,0,High
Resort Hotel,328,2015,October,6,Male,BB,Direct,Direct,0,0,0,A,Group,0,0,0,7,5.0,0.0,0,High
Resort Hotel,157,2016,October,5,Male,HB,Online TA,TA/TO,0,0,0,A,Transient,1,1,0,3,2.0,50.5,0,High
Resort Hotel,3,2017,February,18,Male,BB,Direct,Direct,0,0,0,D,Transient,0,1,0,2,2.0,30.6,0,Low
City Hotel,131,2015,August,15,Male,HB,Offline TA/TO,TA/TO,0,0,0,A,Transient-Party,0,1,0,3,2.0,47.25,0,Medium
City Hotel,0,2016,January,5,Male,BB,Complementary,Corporate,1,0,12,D,Transient,2,0,1,3,1.0,0.0,0,High
Resort Hotel,197,2016,April,30,Male,HB,Groups,TA/TO,0,0,0,A,Transient-Party,0,1,0,2,2.0,42.5,0,Low
Resort Hotel,31,2016,December,26,Female,BB,Direct,Direct,0,0,0,C,Transient,0,1,0,4,4.0,16.5,1,Low
Resort Hotel,18,2017,April,12,Male,BB,Direct,Direct,0,0,0,A,Transient,0,1,0,5,2.0,55.9,0,Low
City Hotel,134,2017,February,25,Male,BB,Groups,TA/TO,0,0,0,A,Transient-Party,0,1,0,1,1.0,75.0,0,High
City Hotel,9,2015,September,7,Female,HB,Offline TA/TO,TA/TO,0,0,0,A,Transient,0,1,0,5,2.0,58.02,0,High
City Hotel,0,2016,June,22,Female,BB,Complementary,Direct,0,0,0,A,Transient,1,0,1,0,2.0,0.0,0,High
City Hotel,0,2016,January,4,Female,BB,Corporate,Corporate,0,0,0,A,Transient,0,0,1,1,1.0,65.0,0,High
City Hotel,4,2016,September,15,Male,BB,Online TA,TA/TO,0,0,0,A,Transient,2,1,0,1,1.0,159.0,0,High
City Hotel,183,2016,September,8,Female,BB,Offline TA/TO,TA/TO,0,0,0,A,Transient-Party,1,1,0,3,2.0,55.0,0,High
Resort Hotel,98,2015,September,28,Female,HB,Online TA,TA/TO,0,0,0,A,Transient,0,1,0,4,2.0,49.75,0,High
City Hotel,27,2016,April,29,Male,BB,Online TA,TA/TO,0,0,0,D,Transient,0,1,0,3,3.0,59.0,0,Medium
Resort Hotel,160,2016,October,3,Female,BB,Online TA,TA/TO,0,0,0,A,Transient,0,1,0,5,2.0,34.5,0,Low
City Hotel,93,2016,October,15,Female,BB,Offline TA/TO,TA/TO,0,0,0,A,Transient,0,1,0,3,1.0,115.0,0,High
Resort Hotel,299,2017,May,19,Male,BB,Online TA,TA/TO,0,0,0,D,Transient,0,1,0,7,2.0,33.75,0,Low
City Hotel,88,2017,April,24,Female,BB,Online TA,TA/TO,0,0,0,A,Transient,1,1,0,6,2.0,60.75,0,Medium
City Hotel,112,2016,December,5,Female,HB,Online TA,TA/TO,0,0,0,A,Transient,2,1,0,4,2.0,63.15,0,Low
City Hotel,200,2016,October,24,Female,BB,Direct,Direct,0,0,0,D,Transient,0,1,0,4,2.0,50.15,0,Low
Resort Hotel,167,2017,June,11,Female,BB,Online TA,TA/TO,0,0,0,A,Transient,2,1,0,5,1.0,101.0,0,Low
City Hotel,74,2015,September,18,Female,HB,Offline TA/TO,TA/TO,0,0,0,A,Transient-Party,0,1,0,2,2.0,54.5,0,High
City Hotel,30,2017,January,3,Female,SC,Online TA,TA/TO,0,0,0,A,Transient,1,1,0,4,2.0,37.4,0,Low
City Hotel,7,2017,April,29,Male,SC,Online TA,TA/TO,0,0,0,A,Transient,1,1,0,4,2.0,80.0,0,Low
Resort Hotel,26,2015,November,3,Female,BB,Offline TA/TO,TA/TO,0,0,0,A,Transient-Party,0,1,0,4,1.0,22.5,0,High
City Hotel,330,2017,August,27,Male,BB,Online TA,TA/TO,0,0,0,F,Transient,1,1,0,3,4.0,49.75,1,Low
Resort Hotel,173,2016,August,15,Female,BB,Offline TA/TO,TA/TO,0,0,0,D,Transient,0,1,0,4,3.0,47.666666666666664,0,High
City Hotel,142,2017,January,8,Female,BB,Online TA,TA/TO,0,0,0,A,Transient,2,1,0,4,2.0,44.2,0,Low
Resort Hotel,69,2016,May,25,Female,BB,Online TA,TA/TO,0,0,0,F,Transient,0,1,0,1,2.0,40.425,0,High
City Hotel,104,2017,May,15,Male,BB,Groups,TA/TO,0,0,0,A,Transient,0,0,0,3,2.0,85.0,0,High
City Hotel,0,2016,June,20,Female,BB,Corporate,Corporate,0,0,0,A,Transient,0,0,1,1,1.0,95.0,0,Low
City Hotel,28,2016,June,21,Male,BB,Online TA,TA/TO,0,0,0,D,Transient,1,1,0,1,2.0,63.0,0,Low
City Hotel,150,2017,June,17,Female,BB,Offline TA/TO,TA/TO,0,0,0,A,Transient,0,0,0,5,1.0,120.0,0,High
City Hotel,34,2015,December,8,Female,BB,Offline TA/TO,TA/TO,0,1,0,A,Transient,0,1,0,2,1.0,90.0,0,High
City Hotel,64,2016,December,25,Female,BB,Online TA,TA/TO,0,0,0,D,Transient,2,1,0,4,2.0,37.305,0,Medium
City Hotel,11,2016,February,13,Male,BB,Online TA,TA/TO,0,0,0,A,Transient,0,1,0,2,3.0,27.849999999999998,1,High
Resort Hotel,131,2016,October,9,Male,BB,Groups,Corporate,0,0,0,A,Transient-Party,0,0,0,3,2.0,27.5,0,High
Resort Hotel,68,2015,August,19,Male,BB,Offline TA/TO,TA/TO,0,0,0,A,Transient,0,1,0,9,1.0,107.0,0,High
City Hotel,122,2016,May,30,Female,BB,Online TA,TA/TO,0,0,0,F,Transient,3,1,0,6,3.0,62.61666666666667,1,Medium
Resort Hotel,5,2016,May,30,Male,BB,Corporate,Corporate,0,0,3,A,Transient-Party,0,0,0,2,1.0,54.0,0,Low
Resort Hotel,14,2016,January,3,Female,BB,Direct,Direct,0,0,0,A,Transient,1,1,0,2,2.0,21.5,0,High
City Hotel,66,2017,April,9,Female,BB,Groups,TA/TO,0,0,0,A,Transient,0,0,0,2,2.0,50.0,0,High
Resort Hotel,2,2016,February,5,Female,BB,Online TA,TA/TO,0,0,0,A,Transient,0,1,0,1,2.0,29.0,0,Low
City Hotel,182,2017,July,14,Female,BB,Online TA,TA/TO,0,0,0,D,Transient,0,1,0,5,2.0,58.95,0,Low
City Hotel,181,2016,October,11,Female,BB,Offline TA/TO,TA/TO,0,0,0,A,Transient-Party,0,1,0,2,1.0,120.0,0,High
City Hotel,279,2016,October,12,Male,BB,Offline TA/TO,TA/TO,0,0,0,A,Transient,0,1,0,3,2.0,55.0,0,High
Resort Hotel,2,2016,April,13,Female,BB,Corporate,Corporate,1,0,5,A,Transient,0,0,1,1,1.0,59.4,0,High
Resort Hotel,36,2017,May,28,Female,BB,Direct,Direct,0,0,0,F,Transient,2,1,0,3,2.0,71.0,0,Low
City Hotel,130,2016,March,25,Male,BB,Complementary,Direct,0,0,0,A,Contract,2,0,0,1,2.0,3.0,1,Medium
Resort Hotel,3,2016,February,26,Male,HB,Offline TA/TO,TA/TO,0,0,0,E,Transient,0,1,0,4,2.0,34.375,0,Low
City Hotel,14,2015,September,15,Male,BB,Online TA,TA/TO,0,0,0,A,Contract,1,1,0,3,1.0,114.0,0,Low
Resort Hotel,135,2016,October,22,Female,BB,Online TA,TA/TO,0,0,0,D,Transient,0,1,0,4,2.0,34.0,0,Low
City Hotel,61,2016,November,23,Female,BB,Offline TA/TO,TA/TO,0,0,0,A,Transient,1,1,0,3,2.0,37.5,0,Low
City Hotel,298,2016,May,10,Male,BB,Offline TA/TO,TA/TO,0,0,0,A,Transient-Party,0,1,0,2,2.0,37.5,0,High
City Hotel,6,2017,February,4,Female,SC,Direct,Direct,1,0,2,A,Transient,1,1,0,1,2.0,48.5,0,High
Resort Hotel,193,2015,October,13,Female,BB,Offline TA/TO,TA/TO,0,0,0,A,Transient,0,1,0,1,2.0,23.0,0,Low
Resort Hotel,323,2017,June,3,Female,BB,Groups,TA/TO,0,0,0,A,Transient,0,0,0,7,2.0,36.0,0,High
City Hotel,21,2015,September,10,Female,BB,Offline TA/TO,TA/TO,0,0,0,A,Transient,1,1,0,4,1.0,58.65,0,High
City Hotel,229,2016,September,3,Male,SC,Online TA,TA/TO,0,0,0,A,Transient,0,1,0,1,2.0,42.75,0,Low
City Hotel,16,2015,October,8,Male,BB,Online TA,TA/TO,0,0,0,A,Transient,1,1,0,0,2.0,0.0,0,High
City Hotel,0,2016,December,5,Female,SC,Direct,Direct,0,0,0,A,Transient,0,0,0,1,2.0,48.5,0,Low
City Hotel,58,2016,November,3,Male,SC,Online TA,TA/TO,0,0,0,A,Transient,0,1,0,3,2.0,39.6,0,Low
City Hotel,0,2016,June,1,Male,SC,Online TA,TA/TO,0,0,0,A,Transient,0,1,0,1,2.0,59.5,0,Low
City Hotel,73,2017,February,18,Male,BB,Online TA,TA/TO,0,0,0,A,Transient,1,1,0,5,2.0,44.2,0,Low
City Hotel,178,2016,August,1,Female,BB,Online TA,TA/TO,0,0,0,D,Transient,1,1,0,5,3.0,45.75,0,Low
City Hotel,59,2017,March,20,Female,BB,Online TA,TA/TO,0,0,0,D,Transient,2,1,0,2,2.0,53.1,0,Low
City Hotel,208,2017,May,24,Female,HB,Groups,TA/TO,0,0,0,A,Transient-Party,0,1,0,2,2.0,57.2,0,Low
City Hotel,141,2017,April,11,Female,BB,Online TA,TA/TO,0,0,0,D,Transient,0,1,0,1,2.0,65.25,0,Medium
City Hotel,35,2016,December,2,Male,BB,Online TA,TA/TO,0,0,0,A,Transient,1,1,0,4,2.0,48.7,0,Low
City Hotel,31,2017,March,20,Male,SC,Online TA,TA/TO,0,0,0,A,Transient,1,1,0,4,2.0,37.4,0,Low
Resort Hotel,35,2017,August,28,Female,BB,Online TA,TA/TO,0,0,0,E,Transient,1,1,0,4,2.0,115.0,0,Low
City Hotel,320,2016,August,18,Male,HB,Offline TA/TO,TA/TO,0,0,0,A,Transient-Party,1,1,0,2,2.0,57.5,0,Low
City Hotel,85,2016,April,7,Female,BB,Online TA,TA/TO,0,0,0,D,Transient,0,1,0,3,2.0,49.65,0,Medium
Resort Hotel,61,2017,August,28,Male,BB,Offline TA/TO,TA/TO,0,0,0,D,Transient,2,1,0,7,2.0,68.5,0,Low
Resort Hotel,314,2016,June,28,Male,BB,Offline TA/TO,TA/TO,0,0,0,A,Contract,0,1,0,10,2.0,29.9,0,Low
City Hotel,69,2015,September,9,Male,BB,Groups,TA/TO,0,0,0,A,Transient-Party,0,1,0,2,2.0,31.0,0,High
City Hotel,112,2017,April,4,Female,BB,Offline TA/TO,TA/TO,0,0,0,A,Transient,0,0,1,2,2.0,47.5,0,High
Resort Hotel,28,2017,April,9,Female,BB,Online TA,TA/TO,0,0,0,C,Transient,0,1,0,5,4.0,39.5,1,Low
Resort Hotel,0,2016,March,3,Male,BB,Online TA,TA/TO,0,0,0,D,Transient,2,1,0,3,2.0,29.0,0,High
City Hotel,119,2016,November,4,Female,SC,Online TA,TA/TO,0,0,0,A,Transient,2,1,0,2,1.0,79.2,0,Low
City Hotel,23,2016,June,23,Male,SC,Online TA,TA/TO,0,0,0,A,Transient,0,1,0,1,2.0,44.5,0,Low
City Hotel,1,2015,October,10,Female,BB,Direct,Direct,0,0,0,A,Transient,0,0,0,2,2.0,64.0,0,Low
Resort Hotel,264,2016,June,4,Female,BB,Online TA,TA/TO,0,0,0,A,Transient,3,1,0,2,2.0,50.4,0,High
Resort Hotel,3,2016,February,1,Female,BB,Corporate,Corporate,0,0,0,A,Transient-Party,0,0,1,1,1.0,39.0,0,High
Resort Hotel,44,2015,July,22,Female,BB,Online TA,TA/TO,0,0,0,D,Transient,1,1,0,4,2.0,67.5,0,High
City Hotel,208,2017,August,14,Female,HB,Direct,Direct,0,0,0,E,Transient,0,1,0,3,4.0,62.25,1,Low
Resort Hotel,0,2017,January,12,Female,BB,Online TA,TA/TO,0,0,0,A,Transient,1,1,0,1,2.0,17.555,0,Low
City Hotel,29,2016,October,16,Female,SC,Online TA,TA/TO,0,0,0,A,Transient,1,1,0,1,2.0,59.5,0,Medium
City Hotel,50,2016,March,31,Male,BB,Groups,TA/TO,0,0,0,A,Transient-Party,0,1,0,4,2.0,32.5,0,High
City Hotel,49,2015,November,9,Male,BB,Offline TA/TO,TA/TO,0,0,0,D,Transient,0,1,0,3,2.0,30.0,0,Low
City Hotel,56,2015,November,19,Female,BB,Offline TA/TO,TA/TO,0,0,0,D,Transient,1,1,0,3,2.0,30.0,0,Low
City Hotel,283,2015,July,27,Male,BB,Groups,TA/TO,0,1,0,A,Contract,0,1,0,2,2.0,31.0,0,High
Resort Hotel,368,2016,October,8,Female,HB,Offline TA/TO,TA/TO,0,0,0,A,Contract,0,1,0,14,2.0,30.6,0,High
Resort Hotel,160,2017,August,29,Male,BB,Online TA,TA/TO,0,0,0,E,Transient,0,1,0,8,2.0,106.25,0,Low
City Hotel,48,2017,July,7,Female,BB,Online TA,TA/TO,0,0,0,A,Transient,1,1,0,1,1.0,170.0,0,Low
City Hotel,86,2016,April,5,Male,BB,Online TA,TA/TO,0,0,0,A,Transient,1,1,0,3,2.0,45.15,0,Low
Resort Hotel,0,2017,February,4,Female,BB,Direct,Direct,0,0,0,A,Transient-Party,0,0,0,1,1.0,43.0,0,High
Resort Hotel,0,2016,January,26,Male,BB,Offline TA/TO,TA/TO,0,0,0,A,Transient,0,1,0,9,1.0,29.73,0,Low
Resort Hotel,259,2015,September,17,Female,BB,Groups,Corporate,0,1,0,A,Transient,0,0,1,3,2.0,20.025,0,Low
City Hotel,178,2016,April,28,Female,BB,Offline TA/TO,TA/TO,0,1,0,A,Transient,0,1,0,3,1.0,110.0,0,High
City Hotel,10,2016,February,9,Female,BB,Online TA,TA/TO,0,0,0,A,Transient-Party,1,1,0,2,2.0,46.5,0,Low
City Hotel,216,2016,August,27,Male,BB,Online TA,TA/TO,0,0,0,A,Transient-Party,2,1,0,3,2.0,48.15,0,Low
City Hotel,264,2015,July,8,Female,BB,Groups,TA/TO,0,0,0,A,Transient-Party,0,1,0,2,2.0,31.0,0,High
City Hotel,405,2016,August,10,Female,BB,Groups,TA/TO,0,0,0,A,Transient,0,1,0,2,2.0,32.5,0,High
Resort Hotel,219,2016,September,10,Female,BB,Direct,Direct,0,0,0,E,Transient,1,1,0,1,2.0,57.5,0,High
City Hotel,168,2016,April,22,Male,BB,Offline TA/TO,TA/TO,0,0,0,A,Transient,0,1,0,3,2.0,42.5,0,High
Resort Hotel,196,2016,December,30,Male,HB,Groups,TA/TO,0,0,0,A,Transient-Party,0,0,1,3,2.0,90.0,0,High
Resort Hotel,47,2016,April,25,Female,BB,Direct,Direct,0,0,0,D,Transient,0,0,0,7,1.0,73.5,0,Low
City Hotel,33,2016,July,17,Male,BB,Online TA,TA/TO,0,0,0,D,Transient,2,1,0,5,3.0,53.699999999999996,0,Low
Resort Hotel,231,2016,September,30,Male,BB,Offline TA/TO,TA/TO,0,0,0,A,Transient,0,1,0,3,2.0,28.8,0,High
City Hotel,59,2016,October,9,Female,BB,Online TA,TA/TO,0,0,0,D,Transient,0,1,0,1,2.0,75.6,0,Low
City Hotel,122,2017,May,26,Male,BB,Online TA,TA/TO,0,0,0,A,Transient,0,1,0,3,2.0,65.335,0,Low
City Hotel,164,2017,June,28,Female,BB,Online TA,TA/TO,0,0,0,A,Transient,1,1,0,2,2.0,63.0,0,Low
City Hotel,30,2017,May,22,Female,BB,Direct,Direct,0,0,0,A,Transient-Party,0,0,0,2,1.0,144.0,0,High
Resort Hotel,12,2016,December,2,Male,BB,Online TA,TA/TO,0,0,1,A,Transient,1,1,0,1,2.0,24.0,0,High
City Hotel,17,2016,July,23,Male,SC,Online TA,TA/TO,0,0,0,A,Transient,1,1,0,1,2.0,69.5,0,High
City Hotel,9,2016,August,19,Male,BB,Online TA,TA/TO,0,0,0,A,Transient,2,1,0,1,2.0,70.0,0,Low
City Hotel,0,2017,April,18,Female,BB,Complementary,Direct,1,0,1,A,Transient,2,0,0,1,1.0,0.0,0,High
City Hotel,2,2016,January,30,Female,BB,Online TA,TA/TO,0,0,0,A,Transient-Party,1,1,0,1,1.0,80.0,0,Medium
City Hotel,83,2016,July,18,Female,BB,Online TA,TA/TO,0,0,0,A,Transient,0,1,0,4,3.0,41.25,1,Low
City Hotel,221,2017,May,11,Female,BB,Online TA,TA/TO,0,0,0,A,Transient-Party,1,1,0,4,2.0,69.3,0,Low
City Hotel,8,2016,November,15,Male,BB,Online TA,TA/TO,0,0,0,A,Transient,3,1,0,4,1.0,97.0,0,Low
City Hotel,48,2016,October,4,Female,SC,Online TA,TA/TO,0,0,0,A,Transient,1,1,0,3,2.0,54.0,0,Medium
City Hotel,7,2016,December,29,Female,BB,Online TA,TA/TO,0,0,0,D,Transient,0,1,0,2,2.0,62.9,0,Low
City Hotel,47,2016,November,12,Female,BB,Direct,Direct,0,0,0,A,Transient,1,1,0,4,1.0,85.75,0,Low
City Hotel,0,2015,September,21,Female,BB,Online TA,TA/TO,0,0,0,D,Contract,1,1,0,4,2.0,77.5,0,Low
Resort Hotel,24,2016,July,7,Female,BB,Online TA,TA/TO,0,0,0,A,Transient,1,1,0,2,2.0,85.5,0,Low
Resort Hotel,0,2017,February,21,Male,BB,Corporate,Corporate,0,0,0,A,Transient,0,0,1,1,1.0,35.0,0,High
City Hotel,12,2017,May,20,Female,BB,Online TA,TA/TO,0,0,0,D,Transient,1,1,0,2,2.0,85.0,0,Low
City Hotel,243,2017,August,30,Female,BB,Online TA,TA/TO,0,0,0,F,Transient,3,1,0,3,4.0,47.25,1,Low
Resort Hotel,4,2015,October,30,Female,BB,Online TA,TA/TO,0,0,0,A,Transient,1,1,0,3,2.0,24.0,0,Low
City Hotel,76,2015,November,19,Female,BB,Online TA,TA/TO,0,0,0,A,Contract,2,1,0,3,2.0,36.125,0,High
Resort Hotel,30,2016,October,9,Male,BB,Groups,Corporate,0,0,0,A,Transient-Party,0,0,0,2,2.0,27.5,0,Low
City Hotel,85,2015,July,5,Female,BB,Online TA,TA/TO,0,0,0,A,Transient,0,1,0,3,2.0,26.18,0,High
City Hotel,0,2016,June,14,Female,BB,Direct,Direct,1,0,2,A,Transient,0,0,0,1,2.0,25.0,0,High
City Hotel,265,2016,June,24,Female,HB,Offline TA/TO,TA/TO,0,0,0,A,Transient-Party,1,1,0,2,2.0,57.5,0,Low
City Hotel,5,2016,February,20,Female,SC,Online TA,TA/TO,0,0,0,A,Transient,0,1,0,1,2.0,39.5,0,High
City Hotel,138,2015,July,25,Male,BB,Groups,TA/TO,0,0,0,A,Transient-Party,0,1,0,1,1.0,57.0,0,Medium
City Hotel,21,2017,February,14,Female,BB,Online TA,TA/TO,0,0,0,A,Transient,1,1,0,1,2.0,54.0,0,Low
Resort Hotel,5,2016,December,18,Female,BB,Online TA,TA/TO,0,0,0,A,Transient,1,1,0,1,2.0,17.555,0,Low
City Hotel,15,2016,February,5,Female,BB,Corporate,Corporate,0,0,0,G,Transient-Party,0,0,1,3,1.0,100.0,0,Low
City Hotel,15,2016,December,27,Male,BB,Offline TA/TO,TA/TO,0,0,0,A,Transient-Party,2,1,0,1,3.0,30.0,0,Medium
Resort Hotel,108,2017,May,28,Male,BB,Offline TA/TO,TA/TO,0,0,0,A,Transient,0,1,0,4,2.0,22.75,0,High
City Hotel,136,2016,June,9,Male,BB,Direct,Direct,0,0,0,A,Transient,2,0,0,4,2.0,51.84,0,High
City Hotel,25,2015,November,22,Female,BB,Offline TA/TO,TA/TO,0,0,0,A,Transient-Party,0,1,0,5,2.0,32.5,0,Low
Resort Hotel,118,2016,May,19,Female,BB,Offline TA/TO,TA/TO,0,0,0,A,Contract,0,1,0,7,2.0,18.7,0,Low
City Hotel,412,2016,August,25,Male,BB,Groups,TA/TO,0,0,0,A,Transient,0,1,0,2,2.0,31.0,0,High
City Hotel,316,2016,May,26,Male,BB,Groups,TA/TO,0,0,0,A,Transient-Party,0,1,0,3,2.0,55.0,0,High
City Hotel,95,2016,October,20,Female,BB,Online TA,TA/TO,0,0,0,D,Transient,0,1,0,3,2.0,66.15,0,Low
City Hotel,158,2017,July,26,Female,BB,Online TA,TA/TO,0,0,0,A,Transient,0,1,0,3,2.0,69.75,0,Low
City Hotel,134,2016,April,29,Male,BB,Online TA,TA/TO,0,0,0,A,Transient,2,1,0,2,2.0,48.15,0,Low
City Hotel,109,2016,March,20,Female,BB,Offline TA/TO,TA/TO,0,0,0,A,Transient,0,1,0,3,2.0,29.0,0,Low
City Hotel,74,2016,March,29,Female,BB,Online TA,TA/TO,0,0,0,A,Transient,0,1,0,5,1.0,72.25,0,Low
City Hotel,147,2017,August,21,Female,BB,Direct,Direct,0,0,0,A,Transient,0,1,0,3,2.0,50.94,0,Low
City Hotel,36,2016,April,30,Female,BB,Online TA,TA/TO,0,0,0,D,Transient,0,1,0,4,1.0,140.4,0,Low
Resort Hotel,184,2017,August,31,Male,BB,Online TA,TA/TO,0,0,0,E,Transient,1,1,0,7,2.0,100.43,0,Low
City Hotel,192,2016,June,24,Female,BB,Offline TA/TO,TA/TO,0,0,0,A,Transient-Party,0,1,0,2,1.0,95.0,0,Low
Resort Hotel,182,2016,July,18,Male,BB,Online TA,TA/TO,0,0,0,A,Transient,3,1,0,5,3.0,51.43333333333334,0,High
City Hotel,171,2017,August,22,Female,BB,Direct,Direct,0,0,0,E,Transient,1,1,0,9,3.0,60.0,1,Medium
City Hotel,122,2016,August,21,Female,BB,Offline TA/TO,TA/TO,0,0,0,A,Transient-Party,2,1,0,8,2.0,40.63,0,Low
Resort Hotel,203,2016,July,17,Female,HB,Online TA,TA/TO,0,0,0,D,Transient,1,1,0,6,2.0,85.0,0,High
City Hotel,10,2015,December,23,Female,BB,Online TA,TA/TO,0,0,0,A,Transient,0,1,0,4,2.0,43.5,0,Medium
City Hotel,11,2016,January,26,Female,BB,Online TA,TA/TO,0,0,0,A,Transient,0,1,0,2,2.0,35.035,0,High
City Hotel,179,2016,October,28,Female,BB,Online TA,TA/TO,0,0,0,A,Transient,2,1,0,5,3.0,35.699999999999996,1,Low
Resort Hotel,189,2015,August,31,Male,HB,Offline TA/TO,TA/TO,0,0,0,E,Transient,0,1,0,7,2.0,52.49,0,Low
City Hotel,28,2016,May,19,Female,BB,Corporate,Corporate,0,0,0,A,Transient-Party,0,0,1,2,1.0,95.0,0,High
City Hotel,0,2016,February,29,Male,BB,Corporate,Corporate,1,0,10,A,Transient,1,0,1,1,1.0,65.0,0,High
City Hotel,74,2016,July,9,Male,BB,Online TA,TA/TO,0,0,0,D,Transient,0,1,0,1,2.0,63.9,0,Low
City Hotel,161,2017,June,23,Female,BB,Online TA,TA/TO,0,0,0,D,Transient,1,1,0,5,2.0,63.9,0,Low
Resort Hotel,8,2017,January,26,Female,BB,Online TA,TA/TO,0,0,0,D,Transient-Party,0,1,0,4,2.0,29.0,0,Medium
Resort Hotel,30,2016,March,11,Female,BB,Offline TA/TO,TA/TO,0,0,0,A,Transient-Party,0,1,0,2,1.0,25.0,0,High
City Hotel,41,2016,December,27,Male,BB,Offline TA/TO,TA/TO,0,0,0,A,Transient-Party,1,1,0,7,2.0,34.645,0,Medium
City Hotel,216,2016,August,30,Female,BB,Offline TA/TO,TA/TO,0,0,0,A,Transient,0,1,0,2,2.0,40.375,0,Low
City Hotel,1,2015,September,3,Male,BB,Online TA,TA/TO,0,0,0,A,Contract,0,1,0,3,2.0,65.165,0,Low
Resort Hotel,29,2017,February,19,Female,BB,Offline TA/TO,TA/TO,0,0,0,E,Transient,0,1,0,7,2.0,25.855,0,Low
Resort Hotel,20,2016,June,30,Female,BB,Online TA,TA/TO,0,0,0,A,Transient,0,1,0,3,2.0,64.5,0,High
City Hotel,43,2017,January,24,Male,BB,Online TA,GDS,0,0,0,A,Transient,0,1,0,1,1.0,96.0,0,Low
Resort Hotel,59,2017,July,8,Female,BB,Corporate,Corporate,0,0,0,D,Transient,0,1,0,7,2.0,46.0,0,High
City Hotel,31,2017,February,19,Female,BB,Online TA,TA/TO,0,0,0,A,Transient,1,1,0,5,3.0,37.45333333333333,1,Medium
City Hotel,212,2017,August,28,Female,BB,Online TA,TA/TO,0,0,0,A,Transient,0,1,0,7,2.0,42.795,0,High
Resort Hotel,11,2016,February,12,Female,BB,Online TA,TA/TO,0,0,0,E,Transient,2,1,0,2,2.0,37.0,0,High
City Hotel,92,2016,July,16,Male,BB,Direct,Direct,0,0,0,E,Transient,1,1,0,2,3.0,45.9,1,Medium
Resort Hotel,7,2017,February,26,Female,HB,Online TA,TA/TO,0,0,0,E,Transient,1,1,0,2,2.0,53.5,0,Low
City Hotel,350,2016,June,17,Male,BB,Groups,TA/TO,0,0,0,A,Transient,0,1,0,2,1.0,130.0,0,High
City Hotel,140,2015,November,18,Female,BB,Groups,TA/TO,0,0,0,A,Transient-Party,0,1,0,3,2.0,37.5,0,High
City Hotel,365,2016,July,7,Female,BB,Groups,TA/TO,0,0,0,A,Transient,0,1,0,2,2.0,31.0,0,High
City Hotel,0,2016,October,29,Female,BB,Online TA,TA/TO,0,0,0,D,Transient,0,1,0,1,3.0,47.163333333333334,1,High
Resort Hotel,0,2016,December,26,Female,BB,Direct,Direct,0,0,0,E,Transient,1,0,0,1,2.0,46.5,0,Low
Resort Hotel,10,2017,April,3,Male,BB,Corporate,Corporate,0,0,0,A,Transient,0,0,1,2,1.0,45.0,0,High
City Hotel,116,2016,February,28,Male,BB,Offline TA/TO,TA/TO,0,0,0,A,Transient-Party,0,1,0,3,1.0,61.0,0,High
Resort Hotel,55,2016,September,19,Female,BB,Online TA,TA/TO,0,0,0,A,Transient,1,1,0,2,2.0,40.0,0,Low
City Hotel,8,2017,April,19,Female,BB,Direct,Direct,0,0,0,A,Transient,0,0,0,1,1.0,135.0,0,High
Resort Hotel,62,2017,April,19,Female,BB,Groups,Corporate,0,0,0,E,Transient-Party,0,0,0,5,1.0,74.6,0,Low
City Hotel,1,2017,February,23,Female,SC,Online TA,TA/TO,0,0,0,A,Transient,0,1,0,2,2.0,41.5,0,Low
City Hotel,67,2017,May,15,Female,BB,Online TA,TA/TO,0,0,0,A,Transient,0,1,0,5,1.0,153.0,0,Low
City Hotel,18,2017,July,28,Male,BB,Online TA,TA/TO,0,0,0,A,Transient,0,1,0,4,2.0,64.37,0,Low
City Hotel,1,2016,January,21,Female,BB,Direct,Direct,0,0,0,A,Transient,1,0,0,1,1.0,80.0,0,High
City Hotel,88,2016,June,8,Female,BB,Offline TA/TO,TA/TO,0,0,0,A,Transient,0,1,0,5,2.0,40.375,0,High
Resort Hotel,12,2016,August,22,Female,BB,Online TA,TA/TO,0,0,0,E,Transient,1,1,0,3,2.0,114.5,0,Low
City Hotel,92,2016,May,19,Male,BB,Direct,Direct,0,0,0,D,Transient,0,0,0,1,2.0,67.5,0,Low
Resort Hotel,220,2017,July,26,Female,BB,Online TA,TA/TO,0,0,0,A,Transient,1,1,0,14,2.0,80.42,0,Low
City Hotel,50,2016,April,2,Male,BB,Online TA,TA/TO,0,0,0,A,Transient,0,1,0,1,1.0,85.5,0,Low
Resort Hotel,1,2015,November,26,Male,BB,Online TA,TA/TO,0,0,0,D,Transient,0,1,0,7,2.0,23.2,0,Low
Resort Hotel,462,2017,May,25,Male,HB,Groups,TA/TO,0,0,0,A,Transient,0,0,0,3,2.0,39.0,0,High
City Hotel,207,2015,August,21,Female,BB,Online TA,TA/TO,0,0,0,A,Transient-Party,2,1,0,5,2.0,38.25,0,Low
Resort Hotel,21,2015,August,24,Male,BB,Online TA,TA/TO,0,0,0,A,Transient,2,1,0,3,2.0,86.0,0,Low
Resort Hotel,228,2016,May,25,Female,BB,Online TA,TA/TO,0,0,0,A,Transient,1,1,0,5,2.0,26.1,0,High
Resort Hotel,24,2016,August,13,Female,BB,Online TA,TA/TO,0,0,0,G,Transient,0,1,0,3,4.0,74.75,1,High
City Hotel,62,2017,May,8,Female,BB,Offline TA/TO,TA/TO,0,0,0,F,Transient,0,1,0,7,2.0,114.105,0,High
Resort Hotel,32,2016,June,5,Female,BB,Online TA,TA/TO,0,0,0,A,Transient,0,1,0,5,2.0,56.5,0,Low
City Hotel,43,2017,March,9,Male,BB,Offline TA/TO,TA/TO,0,0,0,D,Transient,0,1,0,3,3.0,40.0,0,Low
City Hotel,22,2017,March,14,Female,BB,Online TA,TA/TO,0,0,0,D,Transient,0,1,0,3,2.0,62.335,0,Low
City Hotel,88,2017,February,12,Male,BB,Groups,TA/TO,0,0,0,A,Transient,0,1,0,2,2.0,40.0,0,High
City Hotel,117,2017,March,10,Female,HB,Online TA,TA/TO,0,0,0,A,Transient,1,1,0,3,2.0,63.9,0,Low
City Hotel,429,2016,September,23,Female,BB,Groups,TA/TO,0,0,0,A,Transient-Party,0,1,0,2,2.0,32.5,0,Low
City Hotel,336,2015,September,18,Female,HB,Offline TA/TO,TA/TO,0,1,0,A,Transient-Party,0,1,0,2,2.0,50.75,0,High
Resort Hotel,88,2016,August,4,Male,BB,Online TA,TA/TO,0,0,0,H,Transient,0,1,0,3,4.0,70.75,1,Low
City Hotel,11,2016,June,14,Female,BB,Corporate,Corporate,0,0,0,D,Transient,0,0,1,3,2.0,45.0,0,High
Resort Hotel,139,2016,May,29,Female,HB,Online TA,TA/TO,0,0,0,D,Transient,0,1,0,7,2.0,52.905,0,High
City Hotel,50,2017,January,10,Male,BB,Online TA,TA/TO,0,0,0,D,Transient,0,1,0,15,2.0,48.45,0,Low
City Hotel,40,2016,March,7,Female,SC,Online TA,TA/TO,0,0,0,A,Transient-Party,1,1,0,3,2.0,41.05,0,Low
City Hotel,123,2017,June,16,Female,BB,Online TA,TA/TO,0,0,0,E,Transient,0,1,0,3,2.0,76.5,0,Low
Resort Hotel,6,2016,July,29,Male,BB,Direct,Direct,0,0,0,A,Transient-Party,1,0,0,3,1.0,182.0,0,High
Resort Hotel,1,2016,November,5,Female,BB,Online TA,TA/TO,0,0,0,A,Transient-Party,1,1,0,1,1.0,70.0,0,High
City Hotel,263,2016,October,21,Female,BB,Offline TA/TO,TA/TO,0,0,0,A,Transient,0,1,0,2,2.0,55.0,0,High
City Hotel,14,2017,February,9,Male,SC,Offline TA/TO,TA/TO,0,0,0,A,Transient,0,1,0,7,2.0,29.75,0,Low
City Hotel,33,2016,October,3,Male,SC,Online TA,GDS,0,0,0,A,Transient,1,1,0,1,1.0,120.6,0,Low
City Hotel,18,2015,October,4,Female,BB,Groups,TA/TO,0,1,0,A,Transient,0,1,0,3,1.0,110.0,0,High
Resort Hotel,48,2017,May,11,Male,HB,Online TA,TA/TO,0,0,0,E,Transient,2,1,0,2,2.0,73.5,0,Low
City Hotel,220,2015,October,17,Male,BB,Offline TA/TO,TA/TO,0,1,0,A,Transient-Party,0,1,0,3,2.0,32.5,0,High
City Hotel,24,2016,April,11,Male,BB,Online TA,TA/TO,0,0,0,D,Transient,0,1,0,4,2.0,61.75,0,Medium
City Hotel,102,2016,June,5,Male,BB,Groups,TA/TO,0,0,0,A,Transient-Party,0,1,0,1,2.0,32.5,0,High
City Hotel,75,2016,November,18,Male,BB,Online TA,TA/TO,0,0,0,D,Transient,2,1,0,3,3.0,42.0,0,Medium
Resort Hotel,67,2015,August,23,Male,HB,Direct,Direct,0,0,0,D,Transient,2,0,0,10,3.0,48.98333333333333,0,High
City Hotel,292,2016,July,21,Female,HB,Offline TA/TO,TA/TO,0,0,0,A,Transient-Party,0,1,0,2,2.0,57.5,0,Low
City Hotel,105,2015,August,10,Male,BB,Online TA,TA/TO,0,0,0,A,Transient,1,1,0,3,2.0,38.25,0,Low
Resort Hotel,0,2016,January,5,Male,BB,Direct,Direct,0,0,0,A,Transient,0,0,0,1,1.0,38.0,0,High
City Hotel,24,2016,December,25,Female,BB,Online TA,TA/TO,0,0,0,A,Transient,1,1,0,4,2.0,47.6,0,Low
City Hotel,80,2017,August,4,Male,SC,Online TA,TA/TO,0,0,0,A,Transient,0,1,0,2,2.0,65.0,0,Low
City Hotel,99,2017,April,15,Female,HB,Groups,TA/TO,0,0,0,A,Transient-Party,0,1,0,6,2.0,70.5,0,Low
Resort Hotel,1,2016,March,5,Female,BB,Direct,Direct,0,0,0,D,Transient,0,1,0,1,2.0,27.5,0,High
City Hotel,75,2017,April,1,Female,BB,Online TA,TA/TO,0,0,0,D,Transient,1,1,0,7,2.0,63.0,0,Low
Resort Hotel,136,2016,March,24,Female,Undefined,Offline TA/TO,TA/TO,0,0,0,A,Transient-Party,0,1,0,3,2.0,42.0,0,Low
City Hotel,41,2015,September,4,Female,HB,Offline TA/TO,TA/TO,0,0,0,A,Transient-Party,0,1,0,1,1.0,83.0,0,Medium
City Hotel,31,2015,October,4,Male,BB,Online TA,TA/TO,0,0,0,A,Contract,1,1,0,3,2.0,47.25,0,Low
City Hotel,148,2017,May,4,Female,BB,Groups,TA/TO,0,0,0,A,Transient,0,1,0,2,2.0,47.5,0,High
City Hotel,164,2017,April,22,Female,BB,Online TA,TA/TO,0,0,0,D,Transient,1,1,0,7,3.0,55.5,0,Low
City Hotel,98,2017,April,20,Male,BB,Online TA,TA/TO,0,0,0,D,Transient,2,1,0,3,2.0,68.4,0,Low
City Hotel,12,2015,August,23,Female,BB,Online TA,TA/TO,0,0,0,A,Contract,3,1,0,4,2.0,45.0,0,High
Resort Hotel,34,2017,April,9,Male,HB,Groups,TA/TO,0,0,0,A,Contract,0,1,0,7,2.0,40.0,0,Low
City Hotel,26,2016,April,18,Female,HB,Offline TA/TO,TA/TO,0,0,0,A,Transient-Party,0,0,0,5,2.0,66.9,0,Low
City Hotel,170,2016,April,23,Female,BB,Offline TA/TO,TA/TO,0,0,0,A,Transient-Party,1,1,0,3,2.0,35.0,0,Low
City Hotel,184,2017,April,18,Female,BB,Online TA,TA/TO,0,0,0,D,Transient,1,1,0,3,3.0,49.800000000000004,0,Low
City Hotel,211,2017,May,24,Female,SC,Online TA,TA/TO,0,0,0,A,Transient,0,1,0,4,2.0,53.55,0,Low
City Hotel,4,2016,July,15,Male,BB,Online TA,TA/TO,0,0,0,F,Transient,1,1,0,1,4.0,57.75,1,High
Resort Hotel,255,2017,April,29,Female,BB,Online TA,TA/TO,0,0,0,E,Transient,1,1,0,2,2.0,40.5,0,Low
Resort Hotel,247,2016,June,16,Male,HB,Offline TA/TO,TA/TO,0,0,0,E,Transient,0,1,0,7,2.0,49.3,0,Low
Resort Hotel,3,2016,June,20,Male,BB,Corporate,Corporate,1,0,1,A,Transient,0,0,1,1,1.0,79.0,0,High
City Hotel,137,2016,January,27,Female,BB,Groups,TA/TO,0,1,0,A,Transient,0,1,0,2,1.0,70.0,0,High
City Hotel,22,2016,June,16,Female,BB,Online TA,TA/TO,0,0,0,F,Transient,0,1,0,3,4.0,55.25,1,Low
Resort Hotel,6,2016,May,23,Male,BB,Corporate,Corporate,0,0,0,A,Transient,0,0,1,1,1.0,42.0,0,High
Resort Hotel,0,2017,February,13,Male,BB,Corporate,Corporate,0,2,8,A,Transient,2,0,1,3,1.0,35.0,0,High
City Hotel,24,2016,January,6,Female,BB,Online TA,TA/TO,0,0,0,A,Transient-Party,1,1,0,2,2.0,57.75,0,Medium
City Hotel,162,2015,September,17,Female,BB,Offline TA/TO,TA/TO,0,0,0,A,Transient-Party,0,1,0,3,1.0,60.0,0,High
City Hotel,4,2017,April,4,Male,BB,Offline TA/TO,TA/TO,0,0,0,A,Transient,1,1,0,1,2.0,54.0,0,Low
City Hotel,68,2017,May,18,Female,BB,Online TA,TA/TO,0,0,0,A,Transient,0,1,0,4,2.0,81.0,0,Low
Resort Hotel,19,2015,December,2,Female,BB,Groups,Corporate,0,0,0,A,Transient-Party,0,0,1,2,1.0,36.0,0,Low
Resort Hotel,339,2017,March,11,Female,HB,Groups,TA/TO,0,0,0,D,Transient-Party,0,1,0,7,2.0,16.0,0,Low
City Hotel,117,2016,August,9,Female,BB,Online TA,TA/TO,0,0,0,A,Transient,1,1,0,3,2.0,57.15,0,High
City Hotel,377,2016,October,14,Male,HB,Offline TA/TO,TA/TO,0,0,0,A,Transient-Party,0,1,0,2,1.0,90.0,0,Low
Resort Hotel,201,2016,August,15,Female,HB,Offline TA/TO,TA/TO,0,0,0,E,Transient,0,1,0,5,2.0,74.7,0,Low
City Hotel,81,2016,August,28,Female,BB,Online TA,TA/TO,0,0,0,A,Transient,0,1,0,6,3.0,35.65,0,Low
City Hotel,99,2015,October,30,Female,BB,Offline TA/TO,TA/TO,0,0,0,A,Transient,0,1,0,4,2.0,32.5,0,High
Resort Hotel,200,2016,May,2,Female,BB,Online TA,TA/TO,0,0,0,G,Transient,1,1,0,7,4.0,25.425,1,High
Resort Hotel,22,2015,October,8,Male,BB,Offline TA/TO,TA/TO,0,0,0,A,Contract,0,1,0,7,2.0,18.06,0,Low
City Hotel,468,2016,October,20,Male,BB,Groups,TA/TO,0,0,0,A,Transient,0,1,0,2,2.0,31.0,0,High
Resort Hotel,244,2016,September,20,Male,BB,Online TA,TA/TO,0,0,0,A,Transient,2,1,0,7,1.0,71.0,0,High
City Hotel,44,2016,December,6,Male,BB,Direct,Direct,0,0,0,A,Transient,0,1,0,4,3.0,30.0,1,Low
City Hotel,214,2016,November,20,Female,BB,Groups,Corporate,0,0,0,A,Transient,1,0,1,3,2.0,42.5,0,Low
Resort Hotel,82,2016,December,7,Female,BB,Groups,Direct,0,0,0,A,Transient-Party,0,0,0,4,2.0,19.65,0,Low
City Hotel,0,2016,February,6,Female,SC,Online TA,TA/TO,0,0,0,A,Transient,0,1,0,1,1.0,0.0,0,High
Resort Hotel,95,2016,June,7,Female,BB,Online TA,TA/TO,0,0,0,A,Transient,1,1,0,7,2.0,59.43,0,Low
City Hotel,78,2016,June,28,Female,SC,Online TA,TA/TO,0,0,0,A,Transient,2,1,0,7,2.0,51.75,0,Low
Resort Hotel,96,2017,August,12,Female,HB,Online TA,TA/TO,0,0,0,A,Transient-Party,0,1,0,7,3.0,72.36666666666666,1,High
Resort Hotel,27,2015,December,24,Male,BB,Offline TA/TO,TA/TO,0,0,0,A,Transient,0,1,0,2,2.0,25.0,0,Medium
Resort Hotel,179,2016,July,10,Female,BB,Offline TA/TO,TA/TO,0,0,0,D,Transient-Party,3,1,0,11,2.0,53.275,0,Low
City Hotel,260,2016,December,26,Female,BB,Online TA,TA/TO,0,0,0,A,Transient,0,1,0,4,2.0,36.975,0,Low
City Hotel,0,2016,June,10,Male,SC,Direct,Direct,0,0,0,A,Transient,0,1,0,1,2.0,54.5,0,Low
City Hotel,34,2017,May,12,Female,SC,Online TA,TA/TO,0,0,0,A,Transient,1,1,0,4,2.0,85.0,0,Low
Resort Hotel,53,2016,December,17,Female,BB,Online TA,TA/TO,0,0,0,A,Transient,2,1,0,2,1.0,43.0,0,Medium
Resort Hotel,261,2016,October,6,Female,HB,Groups,TA/TO,0,0,0,D,Transient-Party,0,1,0,2,2.0,43.5,0,High
Resort Hotel,0,2015,November,16,Male,BB,Corporate,Corporate,0,0,0,A,Transient,0,0,1,1,1.0,35.0,0,High
City Hotel,0,2015,October,4,Male,BB,Online TA,TA/TO,0,0,0,A,Transient,0,1,0,2,2.0,63.0,0,Medium
Resort Hotel,37,2015,December,27,Male,BB,Online TA,TA/TO,0,0,0,D,Transient,1,1,0,1,2.0,26.0,0,Low
City Hotel,43,2017,June,3,Male,BB,Online TA,TA/TO,0,0,0,G,Transient,1,1,0,1,3.0,70.93333333333334,0,High
City Hotel,13,2016,March,8,Female,SC,Online TA,TA/TO,0,0,0,A,Transient,0,1,0,2,2.0,40.5,0,Low
City Hotel,14,2017,May,14,Female,HB,Online TA,TA/TO,0,0,0,D,Transient,2,1,0,4,2.0,75.24,0,Low
Resort Hotel,272,2016,August,25,Female,BB,Offline TA/TO,TA/TO,0,0,0,E,Transient-Party,0,1,0,5,2.0,65.8,0,Low
Resort Hotel,170,2016,June,14,Female,BB,Online TA,TA/TO,0,0,0,D,Transient,1,1,0,0,2.0,0.0,0,High
City Hotel,33,2016,March,2,Female,SC,Online TA,TA/TO,0,0,0,A,Transient,0,1,0,4,2.0,36.55,0,High
Resort Hotel,50,2015,July,12,Female,BB,Offline TA/TO,TA/TO,0,0,0,D,Contract,0,1,0,5,2.0,61.5,0,Low
Resort Hotel,2,2016,February,13,Male,BB,Online TA,TA/TO,0,0,0,E,Transient,0,1,0,1,2.0,42.5,0,High
Resort Hotel,152,2017,April,5,Female,BB,Groups,TA/TO,0,0,0,D,Transient-Party,0,0,1,5,1.0,67.0,0,Low
Resort Hotel,5,2015,September,7,Male,HB,Online TA,TA/TO,0,0,0,A,Transient,0,1,0,5,2.0,80.5,0,Low
City Hotel,19,2016,February,19,Male,BB,Online TA,TA/TO,0,0,0,A,Transient-Party,2,1,0,5,2.0,46.5,0,Low
City Hotel,56,2016,March,29,Male,BB,Online TA,TA/TO,0,0,0,A,Transient,1,1,0,4,2.0,42.925,0,Low
Resort Hotel,166,2016,October,20,Male,BB,Online TA,TA/TO,0,0,0,A,Transient-Party,3,1,0,7,2.0,26.355,0,Low
City Hotel,65,2017,July,29,Female,HB,Online TA,TA/TO,0,0,0,A,Transient,1,1,0,8,2.0,92.0,0,Medium
Resort Hotel,11,2015,October,10,Male,BB,Corporate,Corporate,0,0,0,A,Contract,0,1,0,1,2.0,22.5,0,High
Resort Hotel,77,2017,May,4,Male,BB,Offline TA/TO,TA/TO,0,0,0,A,Transient,0,1,0,5,2.0,24.0,0,Low
City Hotel,121,2017,August,18,Male,SC,Online TA,TA/TO,0,0,0,A,Transient,0,1,0,3,2.0,62.5,0,Low
City Hotel,3,2016,March,2,Female,BB,Online TA,TA/TO,0,0,0,A,Transient,0,1,0,2,2.0,50.5,0,Low
City Hotel,9,2017,April,2,Male,SC,Online TA,TA/TO,0,0,0,A,Transient,0,1,0,1,2.0,50.1,0,Low
Resort Hotel,173,2016,October,17,Female,BB,Online TA,TA/TO,0,0,0,A,Transient-Party,1,1,0,7,2.0,29.355,0,Low
Resort Hotel,179,2016,July,31,Female,BB,Offline TA/TO,TA/TO,0,0,0,A,Transient-Party,1,1,0,4,2.0,51.75,0,Low
City Hotel,518,2017,August,26,Female,BB,Groups,TA/TO,0,0,0,A,Transient-Party,1,1,0,3,2.0,56.335,0,Low
City Hotel,135,2015,December,5,Male,BB,Groups,TA/TO,0,0,0,A,Transient-Party,0,1,0,2,1.0,51.4,0,High
City Hotel,7,2016,October,6,Female,BB,Offline TA/TO,TA/TO,0,0,0,A,Transient-Party,0,1,0,2,1.0,125.0,0,Low
City Hotel,18,2016,January,16,Male,BB,Online TA,TA/TO,0,0,0,A,Transient,1,1,0,1,2.0,44.5,0,High
Resort Hotel,2,2016,March,30,Female,BB,Corporate,Corporate,0,0,1,A,Transient,0,0,1,2,1.0,42.0,0,Low
Resort Hotel,146,2016,November,7,Male,HB,Offline TA/TO,TA/TO,0,0,0,E,Transient,2,1,0,21,2.0,35.3,0,Low
City Hotel,53,2017,April,28,Female,BB,Online TA,TA/TO,0,0,0,A,Transient,1,1,0,1,1.0,126.0,0,Low
City Hotel,175,2017,May,19,Female,BB,Groups,TA/TO,0,0,0,A,Transient,0,1,0,3,2.0,55.0,0,High
Resort Hotel,236,2015,August,25,Female,HB,Offline TA/TO,TA/TO,0,0,0,E,Contract,2,1,0,7,2.0,52.49,0,Low
Resort Hotel,99,2016,August,13,Female,BB,Online TA,TA/TO,0,0,0,G,Transient,1,1,0,3,4.0,69.4175,1,Medium
City Hotel,141,2017,June,15,Male,BB,Offline TA/TO,TA/TO,0,0,0,D,Transient,0,1,0,3,2.0,49.05,0,High
Resort Hotel,150,2017,May,11,Female,BB,Online TA,TA/TO,0,0,0,A,Transient,0,1,0,5,2.0,42.5,0,Low
City Hotel,99,2017,May,30,Female,HB,Online TA,TA/TO,0,0,0,E,Transient,2,1,0,4,3.0,68.39999999999999,0,Low
City Hotel,122,2016,March,28,Male,BB,Complementary,Direct,0,0,0,A,Transient,1,0,0,3,2.0,0.0,0,Low
City Hotel,41,2017,February,26,Female,HB,Offline TA/TO,TA/TO,0,0,0,A,Transient,0,1,0,3,2.0,52.5,0,Low
City Hotel,12,2017,February,9,Male,SC,Online TA,TA/TO,0,0,0,A,Transient,1,1,0,4,2.0,28.8,0,Low
Resort Hotel,238,2017,February,10,Female,HB,Groups,TA/TO,0,0,0,A,Transient,0,1,0,2,1.0,47.0,0,High
Resort Hotel,10,2016,December,19,Female,BB,Direct,Corporate,0,1,9,E,Transient,1,0,0,1,1.0,57.0,0,High
City Hotel,11,2015,September,9,Female,BB,Online TA,TA/TO,0,0,0,A,Transient,1,1,0,3,2.0,40.425,0,High
Resort Hotel,0,2015,August,3,Female,BB,Online TA,TA/TO,0,0,0,C,Transient,0,1,0,1,2.0,72.38,0,High
City Hotel,395,2017,May,17,Female,BB,Offline TA/TO,TA/TO,0,0,0,A,Transient-Party,0,1,0,3,2.0,45.0,0,High
Resort Hotel,111,2016,February,12,Male,FB,Groups,TA/TO,0,0,0,A,Transient,0,1,0,2,2.0,35.0,0,High
Resort Hotel,32,2016,April,19,Female,HB,Groups,Direct,0,0,0,D,Transient-Party,0,1,0,7,2.0,34.68,0,Low
Resort Hotel,22,2016,March,26,Female,HB,Direct,Direct,0,0,0,E,Transient,0,0,0,3,2.0,63.0,0,High
Resort Hotel,0,2016,April,4,Female,BB,Corporate,Corporate,1,0,4,A,Transient,0,1,0,2,1.0,42.0,0,High
Resort Hotel,83,2016,April,4,Female,BB,Online TA,TA/TO,0,0,0,A,Transient,3,1,0,7,2.0,26.1,0,High
City Hotel,1,2016,June,13,Female,SC,Online TA,TA/TO,0,0,0,A,Transient,2,1,0,2,2.0,39.5,0,Low
Resort Hotel,209,2017,August,21,Male,HB,Direct,Direct,0,0,0,E,Transient,2,1,0,5,2.0,109.4,0,High
Resort Hotel,306,2017,July,1,Female,HB,Online TA,TA/TO,0,0,0,A,Transient,2,1,0,14,2.0,69.125,0,Medium
City Hotel,386,2016,October,23,Female,HB,Offline TA/TO,TA/TO,0,0,0,A,Transient-Party,0,1,0,2,1.0,90.0,0,Low
Resort Hotel,213,2016,May,16,Male,HB,Groups,TA/TO,0,0,0,A,Transient-Party,0,1,0,2,2.0,42.5,0,Low
City Hotel,53,2015,November,18,Male,BB,Groups,TA/TO,0,1,0,A,Transient-Party,0,1,0,4,1.0,65.0,0,High
City Hotel,233,2017,July,14,Female,BB,Online TA,TA/TO,0,0,0,D,Transient,0,1,0,3,2.0,60.3,0,Low
City Hotel,12,2017,July,30,Male,SC,Online TA,TA/TO,0,0,0,A,Transient,1,1,0,1,2.0,54.5,0,Low
City Hotel,78,2016,October,26,Female,HB,Online TA,TA/TO,0,0,0,D,Transient,1,1,0,2,2.0,69.3,0,Low
Resort Hotel,20,2017,February,21,Female,BB,Corporate,Corporate,0,0,0,A,Transient-Party,0,0,1,2,2.0,22.0,0,High
City Hotel,42,2015,October,26,Female,SC,Online TA,TA/TO,0,0,0,A,Transient,1,1,0,5,1.0,73.15,0,Low
City Hotel,21,2016,December,28,Male,BB,Online TA,TA/TO,0,0,0,D,Transient,0,1,0,4,2.0,64.79,0,Low
City Hotel,5,2017,May,6,Male,BB,Online TA,TA/TO,0,0,0,A,Transient,2,1,0,1,3.0,53.333333333333336,1,High
City Hotel,344,2016,June,16,Male,BB,Groups,TA/TO,0,0,0,A,Transient,0,1,0,2,2.0,31.0,0,High
City Hotel,8,2015,December,1,Male,BB,Direct,Direct,0,0,0,A,Transient-Party,0,1,0,2,1.0,75.0,0,Low
City Hotel,1,2017,June,21,Female,SC,Online TA,TA/TO,1,0,0,A,Group,2,1,0,1,2.0,64.0,0,Low
City Hotel,42,2016,August,25,Female,BB,Online TA,TA/TO,0,0,0,D,Transient,0,1,0,5,2.0,70.29,0,Low
City Hotel,43,2017,August,25,Male,SC,Online TA,TA/TO,0,0,0,A,Transient,2,1,0,2,2.0,70.0,0,Low
City Hotel,33,2015,October,28,Female,BB,Offline TA/TO,TA/TO,0,0,0,D,Transient,0,1,0,5,2.0,38.7,0,Low
City Hotel,59,2016,October,14,Male,BB,Online TA,TA/TO,0,0,0,D,Transient,2,1,0,7,2.0,45.275,0,Low
City Hotel,70,2016,April,14,Female,SC,Online TA,TA/TO,0,0,0,A,Transient,1,1,0,4,2.0,45.28,0,Low
City Hotel,12,2016,April,29,Female,SC,Online TA,TA/TO,0,0,0,A,Transient,0,1,0,3,2.0,61.165,0,Low
Resort Hotel,0,2016,October,12,Female,BB,Direct,Direct,0,0,0,G,Transient,0,0,0,1,2.0,65.0,0,Low
Resort Hotel,66,2016,December,31,Female,BB,Direct,Direct,0,0,0,D,Transient-Party,1,0,0,2,2.0,104.25,0,High
City Hotel,622,2017,March,23,Female,BB,Groups,TA/TO,0,0,0,A,Transient,0,1,0,2,2.0,31.0,0,High
City Hotel,0,2017,January,18,Female,SC,Direct,Direct,0,0,0,A,Transient,2,0,0,3,2.0,44.0,0,High
Resort Hotel,35,2017,August,29,Female,BB,Direct,Direct,0,0,0,A,Transient,1,1,0,3,2.0,92.5,0,High
Resort Hotel,176,2016,July,12,Female,BB,Offline TA/TO,TA/TO,0,0,0,D,Transient,0,1,0,14,2.0,52.405,0,Low
Resort Hotel,280,2017,May,25,Female,BB,Online TA,TA/TO,0,0,0,A,Transient,1,1,0,7,2.0,40.05,0,Low
Resort Hotel,112,2015,December,30,Female,Undefined,Groups,Direct,0,0,0,D,Transient-Party,0,0,0,3,2.0,118.665,0,High
City Hotel,164,2015,August,14,Male,BB,Groups,TA/TO,0,1,0,A,Transient,0,1,0,1,2.0,30.0,0,High
City Hotel,59,2016,June,26,Female,SC,Online TA,TA/TO,0,0,0,A,Transient,1,1,0,1,2.0,44.55,0,Medium
City Hotel,77,2015,September,18,Male,BB,Online TA,TA/TO,0,0,0,A,Transient,0,1,0,4,2.0,44.625,0,Low
Resort Hotel,151,2016,October,8,Male,BB,Online TA,TA/TO,0,0,0,A,Transient-Party,0,1,0,2,1.0,63.5,0,Medium
Resort Hotel,32,2017,March,28,Male,BB,Corporate,Corporate,1,0,17,A,Transient,0,0,1,3,1.0,35.0,0,High
City Hotel,28,2016,August,21,Female,SC,Online TA,TA/TO,0,0,0,A,Transient,1,1,0,3,2.0,67.185,0,Low
Resort Hotel,6,2016,April,27,Male,BB,Direct,Direct,0,0,0,D,Transient-Party,0,1,0,1,2.0,36.0,0,High
City Hotel,16,2015,September,26,Male,BB,Online TA,TA/TO,0,0,0,A,Contract,2,1,0,4,2.0,105.0,0,Medium
City Hotel,109,2017,May,6,Female,HB,Offline TA/TO,TA/TO,0,0,0,A,Transient,1,1,0,4,2.0,60.5,0,High
Resort Hotel,62,2017,April,19,Male,BB,Corporate,Corporate,0,0,0,A,Transient-Party,0,0,1,5,1.0,85.0,0,Low
Resort Hotel,0,2016,April,25,Female,BB,Online TA,TA/TO,0,0,0,A,Transient,0,1,0,1,1.0,50.0,0,Low
City Hotel,247,2016,June,6,Male,HB,Offline TA/TO,TA/TO,0,0,0,A,Transient-Party,1,1,0,2,2.0,57.5,0,Low
City Hotel,7,2016,February,13,Female,BB,Online TA,TA/TO,0,0,0,D,Transient,1,1,0,1,3.0,42.333333333333336,0,Low
City Hotel,227,2017,June,3,Female,BB,Online TA,TA/TO,0,0,0,D,Transient,2,1,0,5,2.0,69.3,0,Low
City Hotel,50,2015,August,25,Male,BB,Groups,TA/TO,0,0,0,A,Transient-Party,0,1,0,4,2.0,31.0,0,High
City Hotel,99,2017,May,19,Female,BB,Offline TA/TO,TA/TO,0,0,0,A,Transient,0,1,0,2,2.0,44.55,0,High
Resort Hotel,304,2017,June,8,Male,HB,Groups,TA/TO,0,0,0,A,Transient,0,1,0,5,2.0,47.0,0,High
City Hotel,118,2017,April,29,Female,BB,Online TA,TA/TO,0,0,0,D,Transient,0,1,0,2,2.0,65.25,0,Low
Resort Hotel,295,2016,June,22,Female,BB,Online TA,TA/TO,0,0,0,A,Transient,1,1,0,5,1.0,57.51,0,High
City Hotel,6,2016,June,23,Female,BB,Direct,Direct,0,0,0,A,Transient,2,1,0,1,1.0,91.0,0,Low
City Hotel,230,2016,September,6,Male,HB,Offline TA/TO,TA/TO,0,0,0,A,Transient-Party,0,1,0,5,2.0,68.5,0,High
Resort Hotel,24,2017,March,13,Female,BB,Online TA,TA/TO,0,0,0,A,Transient,1,1,0,3,2.0,30.0,0,Low
City Hotel,365,2016,July,7,Male,BB,Groups,TA/TO,0,0,0,A,Transient,0,1,0,2,2.0,31.0,0,High
Resort Hotel,108,2016,March,1,Female,BB,Online TA,TA/TO,0,1,0,D,Transient,2,1,0,1,2.0,23.2,0,High
Resort Hotel,24,2016,December,3,Female,BB,Online TA,TA/TO,0,0,0,A,Transient,1,1,0,7,1.0,55.0,0,Low
City Hotel,325,2015,September,7,Female,BB,Groups,TA/TO,0,1,0,A,Contract,0,1,0,2,2.0,31.0,0,High
City Hotel,454,2016,October,6,Female,BB,Groups,TA/TO,0,0,0,A,Transient,0,1,0,2,2.0,31.0,0,High
Resort Hotel,118,2015,August,10,Male,BB,Offline TA/TO,TA/TO,0,0,0,D,Transient,1,1,0,9,2.0,61.35,0,High
City Hotel,48,2015,September,11,Female,HB,Offline TA/TO,TA/TO,0,0,0,A,Transient-Party,0,1,0,1,1.0,80.0,0,High
Resort Hotel,7,2017,May,23,Female,BB,Online TA,TA/TO,0,0,0,A,Transient-Party,0,1,0,2,1.0,49.6,0,High
City Hotel,78,2016,February,20,Male,BB,Offline TA/TO,TA/TO,0,0,0,A,Transient,1,1,0,4,2.0,30.0,0,Low
City Hotel,35,2016,February,7,Female,BB,Direct,Direct,0,0,0,A,Transient,0,1,0,3,2.0,34.75,0,Low
Resort Hotel,0,2015,November,5,Female,BB,Corporate,Corporate,0,0,0,A,Transient,0,0,1,1,1.0,35.0,0,High
City Hotel,1,2016,June,26,Male,BB,Online TA,TA/TO,0,0,0,A,Transient,0,1,0,2,2.0,62.0,0,Low
City Hotel,147,2015,July,21,Female,BB,Groups,TA/TO,0,1,0,A,Transient,0,1,0,2,2.0,37.5,0,High
City Hotel,4,2016,January,29,Male,BB,Offline TA/TO,TA/TO,0,0,0,A,Transient,0,1,0,3,2.0,33.0,0,Low
City Hotel,69,2017,April,6,Male,BB,Corporate,Corporate,0,0,0,A,Transient,0,0,1,3,1.0,85.0,0,High
Resort Hotel,146,2017,June,13,Male,HB,Offline TA/TO,TA/TO,0,0,0,A,Contract,0,1,0,10,2.0,44.35,0,Low
City Hotel,423,2017,July,22,Female,HB,Offline TA/TO,TA/TO,0,0,0,A,Transient-Party,1,1,0,2,2.0,61.2,0,Low
City Hotel,4,2016,October,17,Female,BB,Online TA,TA/TO,0,0,0,A,Transient,1,1,0,5,2.0,80.0,0,Low
Resort Hotel,145,2017,June,18,Male,BB,Offline TA/TO,TA/TO,0,0,0,A,Transient,0,1,0,4,2.0,29.35,0,Low
Resort Hotel,67,2015,September,25,Male,HB,Online TA,TA/TO,0,0,0,A,Transient,2,1,0,6,2.0,54.5,0,High
City Hotel,156,2017,April,26,Male,BB,Groups,TA/TO,0,0,0,A,Transient,0,1,0,3,2.0,50.0,0,High
City Hotel,58,2015,October,30,Female,BB,Online TA,TA/TO,0,0,0,A,Contract,2,1,0,1,1.0,85.5,0,High
City Hotel,20,2016,November,14,Female,BB,Offline TA/TO,TA/TO,0,0,0,A,Transient,0,1,0,3,2.0,40.0,0,Low
City Hotel,6,2017,August,23,Female,BB,Direct,Direct,1,0,1,A,Transient,3,0,0,2,4.0,25.0,1,High
City Hotel,0,2016,May,10,Female,BB,Offline TA/TO,TA/TO,0,0,0,A,Transient,0,1,0,3,1.0,108.8,0,Low
City Hotel,53,2017,April,28,Male,BB,Online TA,TA/TO,0,0,0,A,Transient,1,1,0,1,2.0,58.5,0,High
City Hotel,257,2017,August,7,Female,SC,Online TA,TA/TO,0,0,0,A,Transient,0,1,0,5,2.0,44.55,0,Medium
Resort Hotel,0,2017,May,15,Female,BB,Direct,Direct,0,0,0,A,Transient,0,0,0,1,1.0,47.0,0,High
City Hotel,164,2015,October,2,Female,BB,Offline TA/TO,TA/TO,0,0,0,A,Transient-Party,0,1,0,2,1.0,100.0,0,High
City Hotel,117,2016,May,22,Female,BB,Online TA,TA/TO,0,0,0,A,Transient,2,1,0,5,2.0,63.155,0,Low
City Hotel,53,2015,August,24,Female,BB,Groups,TA/TO,0,0,0,A,Transient-Party,0,1,0,2,1.0,60.0,0,High
City Hotel,52,2016,April,30,Male,BB,Direct,Direct,0,0,0,E,Transient-Party,1,1,0,5,3.0,54.583333333333336,1,Low
Resort Hotel,148,2016,October,30,Female,BB,Online TA,TA/TO,0,0,0,A,Transient,2,1,0,14,2.0,20.05,0,Low
Resort Hotel,115,2015,July,10,Male,BB,Online TA,TA/TO,0,0,0,A,Transient,2,1,0,9,2.0,60.3,0,Low
Resort Hotel,59,2017,April,29,Male,BB,Online TA,TA/TO,0,0,0,E,Transient,1,1,0,5,1.0,115.0,0,Low
City Hotel,8,2016,October,7,Female,BB,Offline TA/TO,TA/TO,0,0,0,E,Transient,0,1,0,4,2.0,88.0,0,High
City Hotel,192,2016,October,21,Female,BB,Groups,TA/TO,0,0,0,A,Transient-Party,0,1,0,2,2.0,47.5,0,High
City Hotel,82,2017,July,16,Male,BB,Online TA,TA/TO,0,0,0,D,Transient,1,1,0,1,3.0,63.333333333333336,0,Low
Resort Hotel,169,2016,August,18,Male,HB,Offline TA/TO,TA/TO,0,0,0,A,Transient,1,1,0,7,2.0,67.815,0,High
City Hotel,167,2017,May,18,Male,BB,Online TA,TA/TO,0,0,0,A,Transient,2,1,0,1,2.0,59.4,0,Low
City Hotel,135,2017,February,25,Male,SC,Online TA,TA/TO,0,0,0,A,Transient,1,1,0,3,2.0,39.6,0,Medium
Resort Hotel,13,2016,February,5,Male,BB,Online TA,TA/TO,0,0,0,A,Transient,0,1,0,2,2.0,29.0,0,High
City Hotel,140,2016,December,27,Male,BB,Online TA,TA/TO,0,0,0,F,Transient,2,1,0,3,4.0,35.245,1,Medium
Resort Hotel,6,2017,June,8,Female,BB,Online TA,TA/TO,1,0,1,A,Transient,0,1,0,1,1.0,105.6,0,High
City Hotel,29,2017,May,9,Female,BB,Groups,TA/TO,0,0,0,A,Transient-Party,0,1,0,2,1.0,130.0,0,Low
Resort Hotel,27,2016,June,9,Female,BB,Online TA,TA/TO,0,0,0,A,Transient,1,1,0,2,2.0,70.5,0,Low
City Hotel,93,2015,December,26,Male,BB,Online TA,TA/TO,0,1,0,A,Contract,1,1,0,3,2.0,53.1,0,High
City Hotel,134,2017,June,7,Male,BB,Offline TA/TO,TA/TO,0,0,0,A,Transient,0,1,0,2,2.0,55.0,0,High
Resort Hotel,4,2016,March,7,Male,BB,Offline TA/TO,TA/TO,0,0,0,A,Transient,0,1,0,2,1.0,31.0,0,High
Resort Hotel,40,2017,January,16,Female,Undefined,Groups,Direct,0,0,0,A,Transient-Party,0,0,0,3,1.0,55.0,0,High
Resort Hotel,393,2016,October,8,Male,HB,Groups,TA/TO,0,0,0,A,Transient,0,1,0,4,2.0,36.0,0,High
Resort Hotel,0,2016,January,12,Male,BB,Corporate,Corporate,1,0,3,A,Transient,0,0,1,1,1.0,38.0,0,High
Resort Hotel,14,2016,March,14,Female,BB,Online TA,TA/TO,0,0,0,A,Transient,0,1,0,2,1.0,52.0,0,High
City Hotel,330,2015,September,12,Female,BB,Groups,TA/TO,0,1,0,A,Transient-Party,0,1,0,4,2.0,31.0,0,High
City Hotel,0,2017,June,19,Female,BB,Aviation,Corporate,0,0,0,D,Transient,0,0,1,2,1.0,110.0,0,Low
City Hotel,198,2016,July,30,Male,BB,Offline TA/TO,TA/TO,0,0,0,F,Transient,1,1,0,4,4.0,34.125,1,Low
City Hotel,135,2015,December,5,Male,BB,Groups,TA/TO,0,0,0,A,Transient-Party,0,1,0,3,2.0,31.0,0,Low
Resort Hotel,87,2017,April,30,Female,BB,Offline TA/TO,TA/TO,0,0,0,A,Transient,0,1,0,5,2.0,24.0,0,Low
City Hotel,71,2016,June,14,Male,BB,Offline TA/TO,TA/TO,0,0,0,A,Transient,0,1,0,3,1.0,120.0,0,High
City Hotel,359,2017,January,15,Female,BB,Online TA,TA/TO,0,0,0,A,Transient,0,1,0,5,2.0,38.675,0,Low
City Hotel,47,2017,February,8,Male,BB,Online TA,TA/TO,0,0,0,A,Transient,1,1,0,3,2.0,47.7,0,Low
City Hotel,90,2017,April,15,Male,BB,Online TA,TA/TO,0,0,0,E,Transient,2,1,0,2,2.0,85.5,0,Low
City Hotel,29,2017,May,28,Female,SC,Online TA,TA/TO,0,0,0,A,Transient,1,1,0,1,2.0,53.2,0,Low
City Hotel,4,2016,September,5,Female,SC,Online TA,TA/TO,0,0,0,A,Transient,0,1,0,2,2.0,74.5,0,Low
Resort Hotel,22,2017,February,23,Female,Undefined,Groups,TA/TO,0,0,0,A,Transient-Party,0,1,0,2,2.0,30.0,0,Low
City Hotel,6,2017,April,28,Female,SC,Online TA,TA/TO,0,0,0,A,Transient,2,1,0,4,2.0,81.25,0,Low
Resort Hotel,71,2016,March,17,Male,BB,Online TA,TA/TO,0,0,0,E,Transient,2,1,0,3,2.0,30.7,0,Low
City Hotel,16,2017,March,2,Female,BB,Online TA,TA/TO,0,0,0,A,Transient,0,1,0,5,2.0,45.9,0,Low
Resort Hotel,1,2016,July,13,Male,BB,Online TA,TA/TO,0,0,0,D,Transient,0,1,0,1,2.0,72.0,0,Low
City Hotel,0,2017,August,1,Male,BB,Online TA,TA/TO,0,0,0,D,Transient,0,1,0,2,1.0,160.0,0,Low
Resort Hotel,19,2017,March,7,Female,HB,Direct,Direct,0,0,0,D,Transient-Party,0,0,0,4,2.0,37.5,0,Low
City Hotel,59,2016,February,6,Male,BB,Groups,TA/TO,0,0,0,A,Transient-Party,0,1,0,4,2.0,31.0,0,Low
City Hotel,270,2017,April,29,Male,SC,Online TA,TA/TO,0,0,0,A,Transient,0,1,0,2,2.0,49.5,0,Medium
Resort Hotel,0,2017,February,22,Female,BB,Direct,Direct,0,0,0,E,Transient,0,0,0,1,2.0,40.0,0,Low
City Hotel,65,2017,March,12,Female,BB,Offline TA/TO,TA/TO,0,0,0,A,Transient,1,1,0,4,2.0,36.5,0,Low
City Hotel,233,2016,August,22,Male,BB,Online TA,TA/TO,0,0,0,F,Transient,0,1,0,5,4.0,39.7375,1,Low
City Hotel,115,2017,July,24,Female,SC,Online TA,TA/TO,0,0,0,A,Transient,1,1,0,3,2.0,62.5,0,Low
City Hotel,72,2015,December,27,Female,HB,Groups,TA/TO,0,1,0,A,Transient,0,1,0,2,1.0,65.0,0,High
Resort Hotel,4,2016,July,1,Female,BB,Online TA,TA/TO,0,0,0,D,Transient,1,1,0,1,2.0,75.5,0,Low
Resort Hotel,181,2017,March,1,Female,HB,Groups,TA/TO,0,0,0,A,Transient-Party,0,1,0,25,2.0,29.3,0,High
City Hotel,50,2015,September,24,Male,SC,Online TA,TA/TO,0,0,0,A,Contract,1,1,0,1,2.0,43.2,0,High
City Hotel,215,2016,November,21,Male,BB,Groups,Corporate,0,0,0,A,Transient,0,0,1,2,1.0,75.0,0,Low
City Hotel,23,2015,October,4,Male,BB,Online TA,TA/TO,0,0,0,A,Contract,2,1,0,4,2.0,52.5,0,Medium
City Hotel,66,2016,October,31,Female,BB,Online TA,TA/TO,0,0,0,D,Transient,1,1,0,4,2.0,52.425,0,Low
City Hotel,28,2017,March,2,Female,BB,Groups,TA/TO,0,0,0,A,Transient,0,0,0,3,2.0,47.5,0,High
City Hotel,62,2017,June,26,Female,BB,Online TA,TA/TO,0,0,0,D,Transient,1,1,0,2,2.0,75.0,0,Low
City Hotel,121,2016,September,9,Male,SC,Online TA,TA/TO,0,0,0,A,Transient,0,1,0,6,3.0,29.92,1,Low
Resort Hotel,0,2015,October,9,Male,BB,Online TA,TA/TO,0,0,0,A,Transient,0,1,0,1,2.0,33.5,0,High
City Hotel,240,2017,July,23,Female,BB,Groups,TA/TO,0,0,0,A,Transient,0,0,0,3,2.0,55.0,0,High
Resort Hotel,2,2017,August,8,Male,BB,Online TA,TA/TO,0,0,0,H,Transient,1,1,0,1,4.0,75.0,1,Low
City Hotel,251,2016,September,25,Female,BB,Online TA,TA/TO,0,0,0,A,Transient,2,1,0,4,2.0,50.15,0,Low
City Hotel,52,2017,January,21,Male,BB,Online TA,TA/TO,0,0,0,A,Transient,0,1,0,5,3.0,26.05,1,High
Resort Hotel,179,2016,July,26,Female,HB,Offline TA/TO,TA/TO,0,0,0,A,Contract,1,1,0,7,2.0,57.1,0,Low
Resort Hotel,278,2017,June,27,Female,HB,Offline TA/TO,TA/TO,0,0,0,A,Contract,0,1,0,7,2.0,50.1,0,Low
Resort Hotel,7,2017,August,30,Female,BB,Online TA,TA/TO,0,0,0,A,Transient,1,1,0,5,2.0,96.0,0,Low
City Hotel,123,2017,June,17,Female,BB,Online TA,TA/TO,0,0,0,A,Transient-Party,1,1,0,3,2.0,52.65,0,Low
City Hotel,166,2016,November,1,Female,BB,Offline TA/TO,TA/TO,0,0,0,A,Transient,0,1,0,3,1.0,110.0,0,High
City Hotel,1,2016,April,17,Female,SC,Online TA,TA/TO,0,0,0,A,Transient,2,1,0,1,2.0,44.5,0,Low
City Hotel,219,2016,September,30,Male,BB,Groups,TA/TO,0,0,0,A,Transient,0,1,0,3,2.0,60.0,0,High
City Hotel,316,2016,May,26,Male,BB,Groups,TA/TO,0,0,0,A,Transient-Party,0,1,0,3,1.0,100.0,0,Low
City Hotel,134,2015,December,4,Female,BB,Offline TA/TO,TA/TO,0,0,0,A,Transient,0,1,0,4,2.0,32.5,0,High
City Hotel,4,2016,March,7,Female,HB,Offline TA/TO,TA/TO,0,0,0,A,Transient-Party,0,1,0,4,1.0,88.0,0,Low
City Hotel,3,2016,February,13,Male,BB,Offline TA/TO,TA/TO,0,0,0,A,Transient,0,1,0,3,2.0,42.5,0,Low
Resort Hotel,0,2015,October,31,Female,BB,Online TA,TA/TO,0,0,0,A,Transient,0,1,0,1,2.0,24.5,0,High
City Hotel,19,2015,October,6,Female,BB,Offline TA/TO,TA/TO,1,1,0,A,Transient,0,1,0,3,2.0,45.0,0,High
City Hotel,6,2016,April,7,Female,BB,Aviation,Corporate,0,0,0,A,Transient,0,0,1,1,1.0,95.0,0,High
Resort Hotel,59,2017,August,14,Female,HB,Direct,Direct,0,0,0,A,Transient,1,0,0,5,3.0,87.33333333333333,1,High
Resort Hotel,1,2016,October,25,Male,BB,Corporate,Corporate,1,0,7,A,Transient-Party,0,1,0,1,1.0,42.0,0,High
City Hotel,6,2017,March,30,Female,BB,Online TA,TA/TO,0,0,0,A,Transient,2,1,0,1,2.0,59.0,0,Low
Resort Hotel,17,2017,April,13,Female,HB,Online TA,TA/TO,0,0,0,A,Transient-Party,2,1,0,3,2.0,76.0,0,Low
City Hotel,10,2016,September,15,Female,BB,Online TA,TA/TO,0,0,0,A,Transient,1,1,0,1,1.0,143.1,0,Low
City Hotel,42,2017,February,16,Male,SC,Online TA,TA/TO,0,0,0,A,Transient,2,1,0,3,2.0,33.88,0,High
Resort Hotel,1,2017,March,4,Female,BB,Online TA,TA/TO,0,0,0,A,Transient-Party,1,1,0,1,2.0,32.5,0,High
City Hotel,8,2016,April,26,Male,SC,Online TA,TA/TO,0,0,0,A,Transient,1,1,0,2,2.0,59.5,0,Medium
Resort Hotel,148,2015,October,24,Female,BB,Groups,Direct,0,0,0,A,Transient,0,0,0,1,2.0,23.5,0,High
City Hotel,69,2016,June,17,Male,BB,Online TA,TA/TO,0,0,0,A,Transient,1,1,0,3,2.0,63.45,0,High
Resort Hotel,56,2017,January,18,Female,BB,Online TA,TA/TO,0,0,0,A,Transient,1,1,0,4,2.0,21.0,0,Low
Resort Hotel,103,2016,February,9,Female,HB,Groups,TA/TO,0,0,0,A,Transient-Party,0,1,0,2,2.0,25.0,0,Low
City Hotel,8,2016,May,25,Female,SC,Online TA,TA/TO,0,0,0,A,Transient,0,1,0,1,2.0,59.5,0,Low
City Hotel,96,2016,July,16,Female,BB,Online TA,TA/TO,0,0,0,A,Transient,2,1,0,3,3.0,27.026666666666667,1,Low
City Hotel,6,2015,August,21,Female,BB,Online TA,TA/TO,0,0,0,A,Transient,0,1,0,5,2.0,48.2,0,Low
City Hotel,189,2016,May,19,Female,BB,Groups,TA/TO,0,0,0,A,Transient-Party,1,1,0,3,2.0,32.5,0,Low
City Hotel,79,2015,October,10,Female,BB,Groups,TA/TO,0,0,0,A,Transient-Party,0,1,0,2,2.0,31.0,0,High
City Hotel,5,2015,November,23,Female,BB,Groups,TA/TO,0,0,0,A,Transient-Party,0,1,0,4,1.0,70.0,0,High
City Hotel,38,2016,February,13,Female,BB,Online TA,TA/TO,0,0,0,B,Transient-Party,0,1,0,1,2.0,34.76,0,Low
Resort Hotel,1,2015,September,9,Male,HB,Online TA,TA/TO,0,0,0,A,Transient,0,1,0,5,2.0,79.2,0,Low
City Hotel,28,2016,July,29,Male,BB,Online TA,TA/TO,0,0,0,A,Transient,0,1,0,1,3.0,39.666666666666664,1,Low
City Hotel,78,2017,April,25,Female,BB,Online TA,TA/TO,0,0,0,A,Transient,1,1,0,4,2.0,60.75,0,Low
City Hotel,233,2015,September,18,Female,HB,Offline TA/TO,TA/TO,0,1,0,A,Transient-Party,0,1,0,1,2.0,60.0,0,High
City Hotel,9,2016,January,17,Female,BB,Online TA,TA/TO,0,0,0,A,Transient,1,1,0,6,2.0,41.5,0,Low
City Hotel,172,2016,May,22,Female,BB,Online TA,TA/TO,0,0,0,D,Transient,1,1,0,3,2.0,44.35,0,Low
Resort Hotel,70,2015,December,31,Male,BB,Direct,Direct,0,0,0,D,Transient,0,0,0,3,2.0,77.49,0,High
Resort Hotel,228,2017,August,13,Female,HB,Online TA,TA/TO,0,0,0,D,Transient,2,1,0,13,2.0,103.615,0,Low
Resort Hotel,29,2016,May,17,Female,BB,Offline TA/TO,TA/TO,0,0,0,E,Transient,0,0,1,2,1.0,94.5,0,High
City Hotel,178,2016,September,9,Male,BB,Groups,TA/TO,0,0,0,A,Transient,0,1,0,2,1.0,135.0,0,High
City Hotel,0,2017,July,24,Female,SC,Online TA,TA/TO,0,0,0,A,Transient,1,1,0,1,1.0,120.0,0,Low
City Hotel,10,2015,September,5,Female,SC,Online TA,TA/TO,0,0,0,A,Contract,2,1,0,6,2.0,55.085,0,Low
City Hotel,210,2015,October,8,Male,BB,Offline TA/TO,TA/TO,0,0,0,A,Transient-Party,0,1,0,4,2.0,36.375,0,Low
City Hotel,151,2016,August,5,Male,SC,Offline TA/TO,TA/TO,0,0,0,A,Transient,0,1,0,3,2.0,31.875,0,Low
City Hotel,129,2017,June,24,Female,BB,Groups,TA/TO,0,0,0,A,Transient,0,1,0,3,1.0,120.0,0,High
City Hotel,97,2016,August,1,Female,BB,Online TA,TA/TO,0,0,0,D,Transient,2,1,0,3,3.0,50.1,0,Low
Resort Hotel,112,2016,February,12,Female,FB,Groups,TA/TO,0,0,0,A,Transient-Party,0,1,0,2,2.0,34.0,0,High
City Hotel,386,2016,October,23,Female,HB,Offline TA/TO,TA/TO,0,0,0,A,Transient-Party,1,1,0,2,2.0,57.5,0,Low
Resort Hotel,223,2016,May,24,Male,BB,Groups,Direct,0,0,0,A,Transient-Party,0,0,1,6,1.0,60.0,0,Low
City Hotel,48,2016,October,5,Female,BB,Groups,TA/TO,0,0,0,A,Transient,0,1,0,2,2.0,60.0,0,High
City Hotel,51,2017,March,21,Male,BB,Online TA,TA/TO,0,0,0,F,Transient,0,1,0,14,4.0,50.6775,1,Low
City Hotel,451,2016,May,16,Male,BB,Groups,TA/TO,0,0,0,A,Transient,0,1,0,3,2.0,30.0,0,High
City Hotel,7,2016,July,11,Female,BB,Corporate,Corporate,1,1,16,A,Transient,1,0,1,2,1.0,67.0,0,High
City Hotel,49,2016,March,23,Female,BB,Online TA,TA/TO,0,0,0,A,Transient,1,1,0,2,2.0,49.5,0,Low
Resort Hotel,38,2017,May,1,Female,HB,Online TA,TA/TO,0,0,0,A,Transient,0,1,0,1,2.0,46.8,0,Low
Resort Hotel,5,2015,September,15,Male,BB,Direct,Direct,0,0,0,D,Transient,0,1,0,1,2.0,73.0,0,High
City Hotel,314,2015,August,27,Male,BB,Groups,TA/TO,1,1,0,A,Transient-Party,0,1,0,2,2.0,31.4,0,High
City Hotel,126,2016,April,14,Female,BB,Groups,TA/TO,0,0,0,A,Transient,0,1,0,3,2.0,32.5,0,High
City Hotel,24,2017,February,26,Female,BB,Offline TA/TO,TA/TO,0,0,0,A,Transient,2,1,0,5,2.0,34.0,0,Low
City Hotel,229,2016,August,21,Female,BB,Online TA,TA/TO,0,0,0,F,Transient,2,1,0,3,4.0,44.325,1,Low
City Hotel,0,2016,March,16,Male,BB,Corporate,Corporate,1,0,2,A,Transient,1,0,1,1,1.0,65.0,0,High
City Hotel,178,2016,April,28,Male,BB,Offline TA/TO,TA/TO,0,1,0,A,Transient,0,1,0,3,2.0,60.0,0,High
City Hotel,37,2016,December,2,Female,SC,Online TA,TA/TO,0,0,0,A,Transient,1,1,0,4,2.0,37.4,0,Low
Resort Hotel,214,2016,September,19,Male,BB,Offline TA/TO,TA/TO,0,0,0,D,Contract,0,1,0,14,2.0,24.16,0,Low
City Hotel,48,2017,March,2,Female,BB,Direct,Direct,0,0,0,A,Transient,0,1,0,1,2.0,38.5,0,Low
City Hotel,72,2016,March,31,Male,BB,Online TA,TA/TO,0,0,0,A,Transient,1,1,0,3,2.0,33.61,0,Low
City Hotel,17,2016,December,10,Male,SC,Online TA,TA/TO,1,0,5,A,Transient,0,1,0,1,2.0,47.5,0,High
City Hotel,203,2016,August,26,Male,BB,Offline TA/TO,TA/TO,0,0,0,A,Transient-Party,0,1,0,3,2.0,36.125,0,Low
City Hotel,129,2017,April,3,Male,BB,Groups,TA/TO,0,0,0,A,Transient,0,1,0,2,2.0,50.0,0,High
Resort Hotel,193,2016,July,23,Female,BB,Online TA,TA/TO,0,0,0,A,Transient,2,1,0,10,2.0,64.0,0,High
Resort Hotel,7,2016,August,19,Female,BB,Online TA,TA/TO,0,0,0,A,Transient-Party,0,1,0,1,2.0,70.0,0,Low
Resort Hotel,39,2016,September,18,Female,BB,Online TA,TA/TO,0,0,0,E,Transient,1,1,0,3,2.0,52.335,0,Low
City Hotel,109,2017,June,30,Female,BB,Online TA,TA/TO,0,0,0,E,Transient,0,1,0,3,2.0,99.0,0,Low
City Hotel,62,2015,November,15,Male,BB,Online TA,TA/TO,0,0,0,D,Contract,1,1,0,4,2.0,40.95,0,Low
City Hotel,293,2015,August,6,Female,BB,Groups,TA/TO,0,1,0,A,Contract,0,1,0,2,2.0,31.0,0,High
City Hotel,0,2017,February,24,Female,SC,Direct,Direct,0,0,0,A,Transient,0,0,0,1,1.0,78.0,0,Low
Resort Hotel,236,2017,July,4,Male,BB,Online TA,TA/TO,0,0,0,H,Transient,0,1,0,7,4.0,49.965,1,Low
Resort Hotel,123,2016,February,27,Female,FB,Groups,Direct,0,0,0,A,Transient-Party,0,1,0,2,2.0,32.0,0,Low
City Hotel,179,2017,May,19,Male,HB,Online TA,TA/TO,0,0,0,A,Transient,0,1,0,3,2.0,81.0,0,Low
City Hotel,96,2017,May,14,Female,BB,Online TA,TA/TO,0,0,0,A,Transient,0,1,0,3,2.0,69.0,0,Low
City Hotel,56,2015,September,25,Female,BB,Offline TA/TO,TA/TO,0,0,0,A,Transient-Party,0,1,0,4,2.0,92.5,0,Low
City Hotel,138,2017,June,17,Female,BB,Online TA,TA/TO,0,0,0,A,Transient,0,1,0,6,2.0,49.05,0,Low
Resort Hotel,383,2016,October,6,Female,BB,Groups,TA/TO,0,0,0,A,Transient-Party,0,1,0,4,2.0,24.0,0,High
City Hotel,146,2016,April,24,Male,BB,Offline TA/TO,TA/TO,0,0,0,A,Transient,0,1,0,2,2.0,47.5,0,High
City Hotel,112,2016,May,20,Female,BB,Online TA,TA/TO,0,0,0,D,Transient,2,1,0,2,3.0,56.1,0,High
City Hotel,102,2015,October,16,Male,HB,Offline TA/TO,TA/TO,0,0,0,A,Transient-Party,0,1,0,2,2.0,50.75,0,High
Resort Hotel,169,2016,March,31,Female,BB,Groups,Direct,0,0,0,A,Transient-Party,0,0,1,4,1.0,60.0,0,Low
City Hotel,127,2017,June,22,Male,BB,Online TA,TA/TO,0,0,0,A,Transient,0,1,0,4,1.0,108.0,0,Low
City Hotel,85,2016,November,24,Female,BB,Online TA,TA/TO,0,0,0,A,Transient,0,1,0,4,2.0,44.2,0,Low
City Hotel,2,2017,February,9,Female,SC,Online TA,TA/TO,0,0,0,A,Transient,1,1,0,1,1.0,88.0,0,High
City Hotel,128,2016,June,20,Female,BB,Online TA,TA/TO,0,0,0,A,Transient,0,1,0,3,2.0,60.0,0,Low
City Hotel,279,2015,July,23,Female,BB,Groups,TA/TO,1,1,0,A,Transient-Party,0,1,0,2,2.0,31.4,0,High
Resort Hotel,145,2017,July,18,Female,BB,Online TA,TA/TO,0,0,0,C,Transient,1,1,0,3,4.0,51.95,1,Low
City Hotel,30,2016,September,7,Female,BB,Online TA,TA/TO,0,0,0,A,Transient,3,1,0,1,2.0,54.5,0,Medium
Resort Hotel,260,2015,September,19,Female,BB,Offline TA/TO,TA/TO,0,1,0,A,Transient,0,1,0,7,2.0,27.495,0,High
City Hotel,195,2017,July,17,Female,BB,Direct,Direct,0,0,0,D,Transient,1,1,0,5,2.0,55.8,0,Low
City Hotel,44,2017,April,20,Male,BB,Offline TA/TO,TA/TO,0,0,0,A,Transient-Party,0,1,0,4,1.0,75.0,0,Low
City Hotel,2,2016,February,13,Female,SC,Online TA,TA/TO,0,0,0,A,Transient,1,1,0,1,2.0,39.5,0,High
Resort Hotel,23,2016,December,10,Female,BB,Online TA,TA/TO,0,0,0,D,Transient,1,1,0,2,2.0,36.0,0,Low
City Hotel,67,2016,April,9,Male,BB,Online TA,TA/TO,0,0,0,D,Transient,0,1,0,2,2.0,68.85,0,Low
City Hotel,328,2017,August,2,Male,HB,Online TA,TA/TO,0,0,0,D,Transient,2,1,0,7,2.0,86.0,0,Medium
Resort Hotel,161,2016,June,4,Male,BB,Online TA,TA/TO,0,0,0,A,Transient,1,1,0,8,2.0,36.0,0,High
City Hotel,75,2016,October,22,Male,BB,Online TA,TA/TO,0,0,0,D,Transient,1,1,0,4,2.0,56.395,0,Low
Resort Hotel,3,2016,June,6,Female,BB,Corporate,Corporate,0,0,0,A,Transient,0,0,0,1,2.0,32.5,0,High
Resort Hotel,0,2015,December,29,Female,HB,Online TA,TA/TO,0,0,0,F,Transient,1,1,0,2,2.0,52.555,0,Low
Resort Hotel,270,2017,July,6,Male,BB,Online TA,TA/TO,0,0,0,E,Transient,3,1,0,3,2.0,62.95,0,Medium
Resort Hotel,2,2016,June,5,Female,BB,Online TA,TA/TO,0,0,0,A,Transient,1,0,0,1,2.0,54.5,0,Low
Resort Hotel,143,2016,August,3,Male,BB,Online TA,TA/TO,0,0,0,A,Transient,0,1,0,7,2.0,105.5,0,High
City Hotel,56,2017,March,10,Male,BB,Online TA,TA/TO,0,0,0,A,Transient,0,1,0,3,2.0,48.6,0,Low
Resort Hotel,62,2015,October,25,Male,BB,Offline TA/TO,TA/TO,0,0,0,D,Contract,0,1,0,6,2.0,22.4,1,Low
Resort Hotel,44,2016,February,27,Female,BB,Online TA,TA/TO,0,0,0,A,Transient,2,1,0,2,2.0,24.0,0,High
Resort Hotel,201,2016,March,19,Female,BB,Online TA,TA/TO,0,0,0,A,Transient,1,1,0,7,2.0,18.77,0,High
Resort Hotel,150,2017,August,16,Female,HB,Online TA,TA/TO,0,0,0,D,Transient,2,1,0,7,2.0,130.5,0,High
City Hotel,56,2017,March,18,Female,BB,Direct,Direct,0,0,0,A,Transient,1,1,0,1,2.0,39.6,0,High
Resort Hotel,154,2016,December,22,Female,BB,Online TA,TA/TO,0,0,0,A,Transient,2,1,0,7,2.0,23.9,0,Low
City Hotel,166,2016,October,6,Female,BB,Online TA,TA/TO,0,0,0,A,Transient,2,1,0,4,2.0,59.4,0,Low
City Hotel,65,2017,March,25,Female,BB,Online TA,TA/TO,0,0,0,D,Transient,0,1,0,3,3.0,47.4,0,Medium
Resort Hotel,163,2016,May,5,Female,BB,Online TA,TA/TO,0,0,0,E,Transient-Party,1,1,0,9,2.0,41.155,0,Low
Resort Hotel,185,2016,April,18,Female,HB,Groups,TA/TO,0,0,0,A,Transient-Party,0,1,0,2,2.0,43.0,0,High
City Hotel,53,2016,September,26,Female,BB,Groups,TA/TO,0,0,0,A,Transient,0,1,0,3,2.0,52.5,0,High
City Hotel,323,2017,August,29,Female,BB,Online TA,TA/TO,0,0,0,A,Transient,2,1,0,1,3.0,41.699999999999996,1,Medium
City Hotel,31,2016,March,13,Female,BB,Offline TA/TO,TA/TO,0,0,0,A,Transient,0,1,0,3,2.0,42.5,0,Low
Resort Hotel,148,2015,October,24,Male,BB,Groups,Direct,0,0,0,A,Transient,0,0,0,1,1.0,39.0,0,High
Resort Hotel,23,2016,March,12,Female,BB,Online TA,TA/TO,0,0,0,A,Transient,0,1,0,1,2.0,24.0,0,Low
City Hotel,6,2017,January,25,Male,SC,Online TA,TA/TO,0,0,0,A,Transient,0,1,0,1,2.0,44.0,0,Low
City Hotel,215,2016,November,21,Male,BB,Groups,Corporate,0,0,0,A,Transient,0,0,1,2,1.0,75.0,0,Medium
City Hotel,61,2017,April,22,Male,BB,Online TA,TA/TO,0,0,0,D,Transient,1,1,0,3,2.0,67.5,0,Low
City Hotel,34,2016,November,27,Female,BB,Groups,TA/TO,0,0,0,A,Transient-Party,0,0,0,3,2.0,37.5,0,High
City Hotel,50,2015,October,24,Male,HB,Groups,TA/TO,0,0,0,A,Transient,0,0,0,1,2.0,73.0,0,High
City Hotel,144,2016,July,23,Female,BB,Online TA,TA/TO,0,0,0,A,Transient,1,1,0,2,2.0,52.65,0,Low
Resort Hotel,1,2016,March,22,Male,BB,Direct,Direct,1,0,2,A,Transient,1,0,0,1,1.0,45.0,0,High
City Hotel,74,2017,January,18,Female,BB,Online TA,TA/TO,0,0,0,A,Transient,3,1,0,4,2.0,44.195,0,Low
City Hotel,132,2017,May,28,Male,BB,Offline TA/TO,TA/TO,0,0,0,A,Transient,0,1,0,4,2.0,49.5,0,High
City Hotel,7,2017,March,20,Female,SC,Online TA,TA/TO,0,0,0,A,Transient,0,1,0,1,2.0,49.0,0,Low
City Hotel,46,2016,November,18,Female,BB,Online TA,TA/TO,0,0,0,A,Transient,1,1,0,2,1.0,89.2,0,Low
City Hotel,33,2017,March,23,Female,BB,Offline TA/TO,TA/TO,0,0,0,D,Transient,0,1,0,2,3.0,43.46666666666667,0,Low
City Hotel,323,2015,September,5,Male,BB,Groups,TA/TO,0,1,0,A,Transient-Party,0,1,0,4,2.0,31.0,0,High
Resort Hotel,56,2017,January,3,Female,BB,Online TA,TA/TO,0,0,0,H,Transient,2,1,0,4,3.0,29.0,1,Low
City Hotel,4,2015,December,8,Male,BB,Online TA,TA/TO,0,0,0,A,Transient,0,1,0,2,1.0,62.37,0,Low
City Hotel,301,2015,August,14,Female,HB,Offline TA/TO,TA/TO,0,1,0,A,Transient-Party,0,1,0,2,2.0,50.75,0,High
Resort Hotel,218,2016,September,8,Female,BB,Online TA,TA/TO,0,0,0,E,Transient,1,1,0,4,2.0,60.0,0,High
City Hotel,138,2016,May,7,Male,BB,Online TA,TA/TO,0,0,0,A,Transient,1,1,0,1,2.0,57.15,0,Low
Resort Hotel,248,2016,June,17,Female,BB,Offline TA/TO,TA/TO,0,0,0,A,Transient,0,1,0,14,2.0,29.8,0,Low
Resort Hotel,165,2017,July,27,Female,BB,Online TA,TA/TO,0,0,0,A,Transient,1,1,0,5,2.0,80.0,0,High
Resort Hotel,1,2017,August,10,Male,BB,Direct,TA/TO,0,0,0,D,Transient,2,0,0,1,2.0,102.5,0,Low
City Hotel,67,2017,February,12,Female,BB,Groups,TA/TO,0,0,0,A,Transient,0,1,0,2,2.0,40.0,0,High
City Hotel,476,2017,July,15,Female,BB,Offline TA/TO,TA/TO,0,0,0,A,Transient-Party,2,1,0,3,2.0,56.335,0,Low
City Hotel,0,2017,March,16,Female,BB,Offline TA/TO,TA/TO,0,0,0,A,Transient,0,0,0,3,0.0,0.0,0,High
Resort Hotel,0,2016,December,14,Male,BB,Direct,Direct,0,0,0,A,Transient,0,0,0,1,1.0,35.0,0,Low
City Hotel,7,2017,April,20,Female,SC,Corporate,Corporate,0,0,0,A,Transient,1,0,1,5,0.0,0.0,0,High
Resort Hotel,0,2016,August,26,Male,BB,Direct,Direct,0,0,0,E,Transient,0,0,0,1,2.0,84.5,0,High
City Hotel,1,2015,December,16,Female,BB,Online TA,TA/TO,0,0,0,A,Transient,0,1,0,1,1.0,90.0,0,High
Resort Hotel,179,2016,July,11,Male,FB,Offline TA/TO,TA/TO,0,0,0,A,Transient-Party,1,1,0,5,2.0,12.35,1,High
City Hotel,386,2016,October,23,Male,HB,Offline TA/TO,TA/TO,0,0,0,A,Transient-Party,1,1,0,2,2.0,57.5,0,High
City Hotel,566,2017,January,26,Female,BB,Groups,TA/TO,0,0,0,A,Transient,0,1,0,2,2.0,31.0,0,High
Resort Hotel,31,2015,November,10,Male,BB,Corporate,Corporate,0,0,0,A,Transient-Party,0,0,1,4,3.0,18.0,1,Low
City Hotel,23,2015,November,5,Male,BB,Corporate,Corporate,0,0,0,A,Transient,0,0,1,1,1.0,65.0,0,High
City Hotel,178,2016,August,26,Female,BB,Offline TA/TO,TA/TO,0,0,0,E,Transient,0,1,0,2,3.0,39.199999999999996,1,Low
City Hotel,251,2017,July,8,Female,BB,Online TA,TA/TO,0,0,0,A,Transient,2,1,0,7,2.0,53.55,0,Low
Resort Hotel,43,2016,February,11,Male,BB,Online TA,TA/TO,0,0,0,D,Transient,0,1,0,4,2.0,23.2,0,High
City Hotel,265,2016,April,20,Female,BB,Groups,TA/TO,0,0,0,A,Transient-Party,0,1,0,4,2.0,49.5,0,Low
Resort Hotel,0,2017,March,17,Female,BB,Online TA,TA/TO,0,0,0,E,Transient,1,1,0,1,2.0,47.5,0,High
Resort Hotel,223,2016,May,24,Female,BB,Groups,Direct,0,0,0,A,Transient-Party,1,0,1,6,2.0,33.0,0,Low
City Hotel,13,2016,February,21,Female,BB,Offline TA/TO,TA/TO,0,0,0,A,Transient,0,1,0,2,2.0,43.5,0,Low
City Hotel,49,2016,September,4,Female,BB,Online TA,TA/TO,0,0,0,A,Transient,3,1,0,2,2.0,54.9,0,Low
City Hotel,9,2017,March,18,Female,BB,Online TA,TA/TO,0,0,0,D,Transient,0,1,0,1,3.0,56.0,0,Low
City Hotel,231,2016,September,11,Female,BB,Online TA,TA/TO,0,0,0,B,Transient-Party,1,1,0,4,2.0,50.15,0,High
City Hotel,56,2016,May,13,Female,SC,Online TA,TA/TO,0,0,0,A,Transient,1,1,0,3,2.0,58.05,0,High
Resort Hotel,289,2015,November,20,Female,HB,Groups,TA/TO,0,0,0,A,Transient-Party,0,1,0,3,2.0,29.5,0,Low
City Hotel,115,2017,June,24,Male,BB,Online TA,TA/TO,0,0,0,E,Transient,0,1,0,3,3.0,66.0,0,Low
City Hotel,0,2015,October,28,Female,BB,Complementary,Direct,1,0,5,A,Transient,1,0,1,2,2.0,0.0,0,High
City Hotel,89,2016,September,2,Female,BB,Online TA,TA/TO,0,0,0,A,Transient,0,1,0,2,2.0,67.95,0,Low
Resort Hotel,57,2017,April,14,Female,HB,Groups,TA/TO,0,0,0,D,Contract,0,1,0,9,2.0,46.0,0,Low
Resort Hotel,66,2016,May,20,Male,BB,Online TA,TA/TO,0,0,0,D,Transient,0,1,0,1,2.0,43.0,0,Low
City Hotel,115,2016,March,20,Female,BB,Groups,TA/TO,0,1,0,A,Transient,0,1,0,2,1.0,70.0,0,High
City Hotel,66,2017,March,10,Male,BB,Groups,TA/TO,0,0,0,A,Transient-Party,0,1,0,3,2.0,40.0,0,High
Resort Hotel,19,2017,March,7,Male,HB,Direct,Direct,0,0,0,D,Transient-Party,0,0,0,4,2.0,37.5,0,Low
City Hotel,86,2016,April,9,Male,BB,Offline TA/TO,TA/TO,0,0,0,A,Transient-Party,1,1,0,4,2.0,40.375,0,Low
City Hotel,151,2016,January,19,Female,BB,Offline TA/TO,TA/TO,0,0,0,A,Transient-Party,0,1,0,2,1.0,71.0,0,Low
City Hotel,13,2016,February,23,Male,HB,Direct,Direct,0,0,0,E,Transient,0,1,0,2,2.0,86.0,0,Low
City Hotel,54,2016,April,27,Male,SC,Online TA,TA/TO,0,0,0,A,Transient,1,1,0,3,2.0,39.385,0,Low
Resort Hotel,6,2016,February,5,Female,BB,Direct,Direct,0,0,0,A,Transient,0,1,0,4,2.0,22.5,0,High
City Hotel,0,2016,September,22,Male,BB,Direct,Direct,0,0,0,G,Transient,0,0,0,1,2.0,92.5,0,High
City Hotel,316,2017,April,27,Male,BB,Online TA,TA/TO,0,0,0,A,Transient,0,1,0,3,2.0,54.9,0,Low
Resort Hotel,239,2017,April,15,Female,BB,Online TA,TA/TO,0,0,0,A,Transient,1,1,0,7,2.0,28.445,0,Low
Resort Hotel,27,2015,November,3,Female,HB,Online TA,TA/TO,0,0,0,A,Transient,2,1,0,3,2.0,32.85,0,Low
Resort Hotel,6,2016,December,27,Female,BB,Corporate,Corporate,1,0,1,A,Transient,0,1,0,1,1.0,30.0,0,High
Resort Hotel,212,2016,April,11,Female,HB,Groups,Direct,0,0,0,A,Transient,0,1,0,7,2.0,33.525,0,High
City Hotel,211,2017,August,3,Male,BB,Online TA,TA/TO,0,0,0,D,Transient,0,1,0,4,2.0,85.0,0,Medium
Resort Hotel,15,2016,April,7,Female,BB,Online TA,TA/TO,0,0,0,E,Transient,0,1,0,3,2.0,42.5,0,Low
Resort Hotel,0,2016,February,2,Male,BB,Offline TA/TO,TA/TO,0,0,0,A,Transient,0,1,0,1,2.0,15.25,0,High
City Hotel,1,2015,September,18,Female,BB,Complementary,Direct,1,0,4,A,Transient,1,0,1,1,1.0,0.0,0,High
City Hotel,364,2015,October,16,Male,HB,Offline TA/TO,TA/TO,0,1,0,A,Transient-Party,0,1,0,2,2.0,50.75,0,High
City Hotel,181,2017,April,15,Male,BB,Online TA,TA/TO,0,0,0,D,Transient,0,1,0,2,2.0,65.25,0,Medium
Resort Hotel,245,2016,September,17,Male,BB,Online TA,TA/TO,0,0,0,D,Transient,2,1,0,4,2.0,47.5,0,Low
Resort Hotel,345,2017,July,21,Male,BB,Online TA,TA/TO,0,0,0,A,Transient,2,1,0,8,2.0,69.19,0,Low
City Hotel,206,2016,September,8,Female,BB,Online TA,TA/TO,0,0,0,A,Transient,2,1,0,3,2.0,63.45,0,Low
Resort Hotel,23,2016,November,12,Male,HB,Online TA,TA/TO,0,0,0,A,Transient,0,1,0,7,2.0,28.695,0,Low
City Hotel,104,2015,August,30,Female,HB,Groups,TA/TO,0,0,0,A,Transient,0,1,0,3,2.0,45.0,0,Low
Resort Hotel,90,2016,May,18,Male,BB,Offline TA/TO,TA/TO,0,0,0,D,Transient,0,1,0,0,2.0,0.0,0,High
City Hotel,156,2017,July,15,Female,BB,Online TA,TA/TO,0,0,0,D,Transient,0,1,0,3,2.0,58.05,0,Low
City Hotel,57,2016,November,9,Female,SC,Direct,Direct,0,0,0,A,Transient,2,1,0,2,0.0,165.38,0,Low
City Hotel,96,2015,July,23,Male,BB,Online TA,TA/TO,0,0,0,A,Transient,1,1,0,2,1.0,68.0,0,High
City Hotel,1,2017,April,27,Male,BB,Corporate,Corporate,1,0,1,A,Transient,0,0,1,1,1.0,95.0,0,High
City Hotel,395,2017,May,17,Male,BB,Offline TA/TO,TA/TO,0,0,0,A,Transient-Party,0,1,0,3,2.0,56.335,0,Low
Resort Hotel,162,2016,March,24,Male,Undefined,Groups,TA/TO,0,0,0,A,Transient-Party,0,0,0,3,2.0,42.0,0,High
City Hotel,14,2016,August,15,Female,BB,Online TA,TA/TO,0,0,0,D,Transient,1,1,0,2,2.0,83.0,0,Low
Resort Hotel,88,2016,December,1,Male,BB,Online TA,TA/TO,0,0,0,A,Transient,1,1,0,3,2.0,19.95,0,High
City Hotel,405,2017,July,4,Female,HB,Offline TA/TO,TA/TO,0,0,0,A,Transient-Party,0,1,0,2,2.0,57.2,0,Low
Resort Hotel,221,2015,October,10,Male,HB,Offline TA/TO,TA/TO,0,1,0,A,Transient,0,1,0,2,2.0,17.0,0,High
Resort Hotel,9,2017,August,6,Female,BB,Direct,Direct,0,0,0,A,Transient,1,1,0,2,2.0,109.5,0,High
City Hotel,265,2017,February,23,Female,BB,Online TA,TA/TO,0,0,0,A,Transient,2,1,0,1,1.0,84.6,0,Low
City Hotel,136,2016,April,15,Female,BB,Direct,Direct,0,0,0,D,Transient,0,1,0,4,2.0,44.625,0,Low
City Hotel,3,2017,June,15,Female,BB,Online TA,TA/TO,0,0,0,A,Transient,1,1,0,4,2.0,88.75,0,Low
City Hotel,37,2017,June,12,Female,BB,Offline TA/TO,TA/TO,0,0,0,A,Transient,0,1,0,3,2.0,49.5,0,High
Resort Hotel,85,2015,August,22,Male,BB,Direct,Direct,0,0,0,D,Transient,1,0,0,7,2.0,73.15,0,High
City Hotel,457,2016,October,21,Male,BB,Groups,TA/TO,0,0,0,A,Transient,0,1,0,2,2.0,32.5,0,High
City Hotel,0,2016,February,2,Female,BB,Corporate,Corporate,1,1,2,A,Transient,0,0,1,2,1.0,65.0,0,High
Resort Hotel,1,2017,January,24,Female,BB,Online TA,Corporate,1,0,4,A,Transient,2,1,0,2,1.0,43.0,0,High
Resort Hotel,160,2017,June,1,Male,BB,Offline TA/TO,TA/TO,0,0,0,D,Contract,0,1,0,10,2.0,34.2,0,High
City Hotel,36,2016,October,16,Female,BB,Online TA,TA/TO,0,0,0,A,Transient,1,1,0,1,1.0,107.1,0,Low
Resort Hotel,223,2017,August,13,Male,BB,Online TA,TA/TO,0,0,0,E,Transient,4,1,0,6,2.0,106.165,0,High
City Hotel,46,2017,June,6,Female,BB,Online TA,TA/TO,0,0,0,D,Transient,1,1,0,4,3.0,70.0,0,Low
City Hotel,82,2016,April,8,Male,BB,Online TA,TA/TO,0,0,0,D,Transient,1,1,0,4,2.0,49.725,0,Low
Resort Hotel,1,2017,May,23,Female,BB,Online TA,TA/TO,0,0,2,A,Group,2,1,0,2,1.0,75.0,0,High
City Hotel,143,2017,May,4,Female,BB,Groups,TA/TO,0,0,0,A,Transient,0,1,0,2,2.0,60.0,0,High
Resort Hotel,214,2015,October,2,Female,BB,Offline TA/TO,TA/TO,0,0,0,A,Transient,0,1,0,5,2.0,20.7,0,Low
City Hotel,46,2016,February,7,Female,BB,Direct,Direct,0,0,0,B,Transient,0,1,0,5,1.0,63.12,1,High
Resort Hotel,126,2017,March,6,Female,BB,Online TA,TA/TO,0,0,0,D,Transient,2,1,0,5,2.0,32.0,0,Low
City Hotel,0,2015,October,2,Female,BB,Direct,Direct,0,0,0,A,Transient-Party,0,0,0,2,1.0,145.0,0,High
City Hotel,346,2016,September,13,Male,HB,Offline TA/TO,TA/TO,0,0,0,A,Transient-Party,1,1,0,0,2.0,0.0,0,High
City Hotel,0,2016,May,23,Female,BB,Offline TA/TO,TA/TO,0,0,0,A,Transient-Party,1,1,0,1,1.0,115.0,0,Low
City Hotel,111,2016,September,16,Female,BB,Online TA,TA/TO,0,0,0,D,Transient,3,1,0,2,3.0,56.1,0,Low
City Hotel,14,2016,February,24,Female,BB,Offline TA/TO,TA/TO,0,0,0,A,Transient,1,1,0,3,3.0,39.333333333333336,0,Low
Resort Hotel,7,2017,March,2,Female,BB,Groups,Corporate,0,0,0,A,Transient-Party,0,0,1,3,2.0,18.5,0,Low
Resort Hotel,4,2016,April,9,Female,BB,Online TA,TA/TO,0,0,0,A,Transient,1,1,0,5,2.0,33.5,0,Low
City Hotel,16,2016,September,22,Female,BB,Online TA,TA/TO,0,0,0,D,Transient,1,1,0,1,2.0,92.0,0,Low
City Hotel,308,2017,July,5,Male,BB,Online TA,TA/TO,0,0,0,A,Transient,1,1,0,7,2.0,51.75,0,Low
City Hotel,28,2015,September,12,Female,BB,Online TA,TA/TO,0,0,0,A,Transient,1,1,0,3,2.0,58.5,0,High
Resort Hotel,10,2017,January,14,Male,BB,Online TA,TA/TO,0,0,0,A,Transient,1,1,0,1,2.0,27.5,0,Low
City Hotel,239,2017,August,27,Male,BB,Direct,Direct,0,0,0,A,Transient,0,1,0,5,2.0,48.125,0,Low
Resort Hotel,8,2017,May,16,Female,BB,Online TA,TA/TO,0,0,0,E,Transient,1,1,0,1,2.0,57.5,0,Low
City Hotel,367,2015,October,19,Male,BB,Groups,TA/TO,0,1,0,A,Contract,0,1,0,2,2.0,31.0,0,High
Resort Hotel,2,2017,February,3,Female,HB,Online TA,TA/TO,0,0,0,A,Transient-Party,1,1,0,2,2.0,43.5,0,Low
City Hotel,69,2015,December,29,Female,BB,Online TA,TA/TO,0,0,0,B,Contract,0,1,0,7,2.0,46.215,0,High
City Hotel,4,2015,September,16,Male,BB,Direct,Direct,0,0,0,D,Transient,1,0,0,3,2.0,73.8,0,High
Resort Hotel,129,2016,August,12,Male,BB,Online TA,TA/TO,0,0,0,A,Transient,0,1,0,3,2.0,94.5,0,Low
City Hotel,38,2016,August,15,Female,BB,Online TA,TA/TO,0,0,0,D,Transient,2,1,0,6,3.0,59.1,0,Low
Resort Hotel,11,2017,June,16,Male,BB,Direct,Direct,0,0,0,A,Transient,1,1,0,2,2.0,74.5,0,High
City Hotel,140,2017,April,28,Male,BB,Offline TA/TO,TA/TO,0,0,0,A,Transient-Party,0,1,0,4,2.0,65.0,0,High
City Hotel,302,2015,August,15,Female,BB,Groups,TA/TO,0,1,0,A,Transient-Party,0,1,0,4,2.0,31.0,0,High
City Hotel,8,2015,October,23,Female,BB,Corporate,Corporate,1,2,7,A,Transient,0,0,1,2,1.0,65.0,0,High
City Hotel,33,2016,February,8,Male,BB,Online TA,TA/TO,0,0,0,A,Transient,1,1,0,4,2.0,40.15,0,High
City Hotel,9,2017,February,25,Female,BB,Offline TA/TO,TA/TO,0,0,0,A,Contract,0,1,0,4,2.0,34.0,0,High
City Hotel,149,2017,June,24,Female,BB,Groups,TA/TO,0,0,0,A,Transient-Party,0,0,0,1,1.0,120.0,0,High
City Hotel,4,2016,January,2,Female,BB,Online TA,TA/TO,0,0,0,A,Transient-Party,2,1,0,2,1.0,97.0,0,Low
City Hotel,300,2015,August,13,Male,BB,Groups,TA/TO,0,1,0,A,Contract,0,1,0,2,2.0,31.0,0,High
Resort Hotel,68,2017,January,3,Male,BB,Online TA,TA/TO,0,0,0,A,Transient,1,1,0,7,2.0,18.9,0,Low
Resort Hotel,1,2016,April,6,Female,BB,Online TA,TA/TO,0,0,0,A,Transient,1,1,0,7,2.0,32.5,0,High
City Hotel,332,2017,July,1,Female,BB,Online TA,TA/TO,0,0,0,D,Transient,2,1,0,4,2.0,56.7,0,Low
City Hotel,51,2017,July,11,Female,BB,Online TA,TA/TO,0,0,0,G,Transient,1,1,0,4,5.0,64.3,1,Low
Resort Hotel,35,2016,October,28,Female,HB,Online TA,TA/TO,0,0,0,A,Transient,2,1,0,2,2.0,39.0,0,Low
Resort Hotel,3,2017,July,10,Male,BB,Online TA,TA/TO,0,0,0,A,Transient,1,1,0,3,2.0,44.8,0,Low
City Hotel,19,2017,February,10,Female,BB,Online TA,TA/TO,0,0,0,A,Transient,1,1,0,2,2.0,60.25,0,Low
Resort Hotel,18,2016,April,11,Male,BB,Direct,Direct,0,0,0,A,Transient,0,0,0,1,1.0,56.0,0,High
Resort Hotel,99,2015,September,18,Female,BB,Offline TA/TO,TA/TO,0,0,0,E,Transient,0,1,0,3,2.0,40.6,0,Low
City Hotel,66,2016,October,20,Female,BB,Online TA,TA/TO,0,0,0,F,Transient,1,1,0,2,4.0,47.7,1,Low
City Hotel,2,2016,April,20,Female,BB,Corporate,Corporate,1,1,1,D,Transient,0,0,1,1,1.0,110.0,0,High
Resort Hotel,149,2015,September,12,Male,HB,Offline TA/TO,TA/TO,0,0,0,A,Transient,0,1,0,7,1.0,58.05,0,Low
City Hotel,60,2017,February,10,Female,BB,Online TA,TA/TO,0,0,0,A,Transient,1,1,0,2,2.0,36.73,0,Low
Resort Hotel,203,2017,April,25,Female,HB,Groups,TA/TO,0,0,0,A,Transient-Party,0,1,0,2,2.0,45.0,0,Low
City Hotel,28,2017,August,26,Female,SC,Online TA,TA/TO,0,0,0,A,Transient,2,1,0,2,2.0,57.25,0,Low
Resort Hotel,171,2016,April,4,Female,HB,Groups,TA/TO,0,0,0,A,Transient-Party,0,1,0,2,2.0,42.5,0,Low
City Hotel,11,2017,February,14,Female,BB,Direct,Direct,0,0,0,D,Transient,1,0,0,1,2.0,30.0,0,High
Resort Hotel,2,2016,December,15,Female,BB,Corporate,Corporate,0,0,1,A,Transient,0,0,1,1,1.0,36.0,0,Low
City Hotel,330,2016,October,14,Female,BB,Online TA,TA/TO,0,0,0,B,Contract,1,1,0,2,2.0,53.35,0,High
City Hotel,46,2016,December,16,Female,SC,Online TA,TA/TO,0,0,0,A,Transient,1,1,0,3,2.0,39.6,0,Low
City Hotel,57,2016,June,10,Male,BB,Offline TA/TO,TA/TO,0,0,0,A,Transient-Party,1,1,0,3,2.0,45.335,0,High
City Hotel,11,2015,December,11,Female,BB,Complementary,Direct,0,0,0,D,Transient,1,0,0,2,2.0,0.0,0,High
Resort Hotel,198,2017,May,5,Female,BB,Offline TA/TO,TA/TO,0,0,0,D,Transient,1,1,0,3,2.0,27.0,0,Low
Resort Hotel,16,2016,February,5,Female,BB,Online TA,TA/TO,0,0,0,A,Transient,1,1,0,2,2.0,29.0,0,Low
City Hotel,5,2015,September,10,Female,BB,Online TA,TA/TO,0,0,0,A,Transient,1,1,0,2,2.0,62.0,0,High
City Hotel,266,2016,December,26,Female,BB,Online TA,TA/TO,0,0,0,A,Transient,0,1,0,4,2.0,36.975,0,Low
Resort Hotel,6,2017,January,10,Female,BB,Offline TA/TO,TA/TO,0,0,0,A,Transient-Party,1,1,0,3,2.0,17.0,0,High
City Hotel,230,2016,June,19,Male,BB,Offline TA/TO,TA/TO,0,0,0,A,Transient,0,1,0,5,2.0,40.375,0,Low
Resort Hotel,338,2017,July,6,Female,BB,Online TA,TA/TO,0,0,0,G,Transient,0,1,0,1,4.0,41.0,1,Low
City Hotel,29,2016,April,18,Female,HB,Online TA,TA/TO,0,0,0,A,Transient,2,1,0,4,3.0,54.48666666666667,1,Low
City Hotel,0,2015,August,17,Female,BB,Online TA,TA/TO,0,0,0,A,Contract,0,1,0,1,2.0,69.0,0,Low
Resort Hotel,239,2015,September,19,Female,HB,Offline TA/TO,TA/TO,0,0,0,A,Transient-Party,0,1,0,2,2.0,40.0,0,Low
Resort Hotel,115,2017,May,17,Female,BB,Online TA,TA/TO,0,0,0,A,Transient,2,1,0,2,2.0,42.5,0,Medium
City Hotel,211,2016,May,31,Female,SC,Online TA,TA/TO,0,0,0,B,Transient,0,1,0,3,2.0,34.345,0,Low
City Hotel,11,2017,February,19,Female,BB,Online TA,TA/TO,0,0,0,A,Transient,0,1,0,1,2.0,50.0,0,Low
Resort Hotel,0,2017,March,5,Female,BB,Direct,Direct,0,0,0,A,Transient,0,0,0,1,1.0,60.0,0,High
Resort Hotel,103,2017,March,27,Male,BB,Groups,Corporate,0,0,0,A,Transient,0,1,0,2,1.0,42.0,0,High
City Hotel,31,2017,June,5,Female,SC,Online TA,TA/TO,0,0,0,A,Transient,0,1,0,2,1.0,130.0,0,High
City Hotel,45,2015,October,31,Female,BB,Online TA,TA/TO,0,0,0,D,Transient,2,1,0,7,2.0,45.32,0,Low
City Hotel,175,2017,May,19,Male,BB,Groups,TA/TO,0,0,0,A,Transient,0,1,0,1,1.0,90.0,0,High
City Hotel,117,2016,September,20,Male,BB,Online TA,TA/TO,0,0,0,D,Transient,0,1,0,3,2.0,71.55,0,Low
Resort Hotel,70,2017,February,22,Male,BB,Corporate,Corporate,0,0,0,A,Transient-Party,0,0,1,4,2.0,21.0,0,High
Resort Hotel,161,2016,October,18,Female,BB,Online TA,TA/TO,0,0,0,E,Transient-Party,0,1,0,7,2.0,30.23,0,Low
City Hotel,265,2016,June,24,Male,HB,Offline TA/TO,TA/TO,0,0,0,A,Transient-Party,1,1,0,2,2.0,57.5,0,Low
Resort Hotel,218,2016,August,20,Female,BB,Offline TA/TO,TA/TO,0,0,0,A,Transient,0,1,0,14,2.0,45.775,0,High
City Hotel,241,2016,June,20,Female,BB,Online TA,TA/TO,0,0,0,A,Contract,1,1,0,9,2.0,53.1,0,Low
City Hotel,89,2016,April,4,Male,BB,Online TA,TA/TO,0,0,0,A,Transient,0,1,0,4,2.0,41.225,0,Low
City Hotel,9,2016,May,22,Female,BB,Direct,Direct,0,0,0,A,Transient,0,1,0,1,2.0,54.825,0,High
Resort Hotel,4,2017,July,10,Male,BB,Online TA,TA/TO,0,0,0,G,Transient,1,1,0,4,4.0,41.0,1,Low
Resort Hotel,136,2016,September,19,Female,BB,Offline TA/TO,TA/TO,0,0,0,D,Transient,0,1,0,3,2.0,38.0,0,Low
City Hotel,30,2015,September,30,Female,HB,Offline TA/TO,TA/TO,0,0,0,A,Transient,0,1,0,2,2.0,60.5,0,High
Resort Hotel,16,2017,January,27,Male,BB,Groups,Corporate,0,0,0,A,Transient-Party,0,0,0,3,2.0,20.0,0,Medium
Resort Hotel,6,2015,October,11,Male,BB,Online TA,TA/TO,0,0,0,E,Transient,1,1,1,2,2.0,41.0,0,High
Resort Hotel,5,2017,March,6,Male,BB,Offline TA/TO,TA/TO,0,0,0,A,Transient,0,1,0,1,1.0,30.0,0,High
Resort Hotel,232,2016,November,26,Female,BB,Groups,TA/TO,0,0,0,A,Transient,0,1,0,3,2.0,15.0,0,High
Resort Hotel,50,2017,June,8,Male,BB,Direct,Direct,0,0,0,E,Transient,0,1,0,1,2.0,82.5,0,Low
City Hotel,126,2017,May,30,Female,BB,Direct,Direct,0,0,0,A,Transient,0,1,0,4,2.0,58.5,0,Low
City Hotel,124,2016,August,5,Male,BB,Online TA,TA/TO,0,0,0,D,Transient,1,1,0,3,3.0,47.9,0,Low
Resort Hotel,29,2017,August,16,Female,HB,Online TA,TA/TO,0,0,0,A,Transient,2,1,0,6,2.0,136.25,0,Low
City Hotel,156,2016,July,25,Female,BB,Online TA,TA/TO,0,0,0,A,Transient,0,1,0,3,3.0,40.5,1,Low
Resort Hotel,148,2016,August,1,Female,BB,Online TA,TA/TO,0,0,0,A,Transient,0,1,0,3,2.0,80.0,0,Low
Resort Hotel,122,2015,October,22,Female,BB,Online TA,TA/TO,0,0,0,D,Transient,2,1,0,4,2.0,27.5,0,Low
Resort Hotel,4,2016,March,21,Male,BB,Corporate,Corporate,0,0,0,A,Transient,0,0,1,1,1.0,27.0,0,High
City Hotel,104,2017,May,26,Male,SC,Online TA,TA/TO,0,0,0,A,Transient,0,1,0,5,2.0,64.4,0,Low
Resort Hotel,32,2016,November,23,Female,Undefined,Offline TA/TO,TA/TO,0,0,0,C,Transient,1,1,0,14,3.0,32.0,1,Low
City Hotel,47,2016,September,11,Female,SC,Online TA,TA/TO,0,0,0,A,Transient,1,1,0,2,2.0,62.55,0,Low
City Hotel,136,2016,July,10,Male,BB,Offline TA/TO,TA/TO,0,0,0,A,Transient,1,1,0,6,2.0,36.125,0,Medium
City Hotel,36,2017,April,15,Male,SC,Online TA,TA/TO,0,0,0,A,Transient,0,1,0,1,2.0,60.0,0,High
City Hotel,113,2016,December,8,Male,BB,Online TA,TA/TO,0,0,0,A,Transient,1,1,0,1,2.0,45.0,0,Low
City Hotel,161,2016,March,25,Male,HB,Offline TA/TO,TA/TO,0,0,0,A,Transient,0,1,0,3,3.0,43.333333333333336,0,High
Resort Hotel,132,2016,August,3,Female,HB,Direct,Direct,0,0,0,A,Transient,0,1,0,7,1.0,194.0,0,High
City Hotel,30,2016,May,11,Female,SC,Online TA,TA/TO,0,0,0,A,Transient,1,1,0,2,2.0,58.05,0,Low
City Hotel,10,2016,April,9,Male,HB,Groups,TA/TO,0,0,0,A,Transient-Party,1,1,0,2,2.0,45.0,0,High
City Hotel,154,2017,July,17,Female,BB,Online TA,TA/TO,0,0,0,D,Transient,0,1,0,4,2.0,58.05,0,Low
Resort Hotel,153,2017,April,12,Female,BB,Online TA,TA/TO,0,0,0,E,Transient,2,1,0,4,2.0,45.0,0,Low
City Hotel,71,2015,December,4,Female,BB,Online TA,TA/TO,0,0,0,E,Transient,1,1,0,2,3.0,41.48,0,Low
City Hotel,174,2017,June,30,Female,BB,Online TA,TA/TO,0,0,0,D,Transient,0,1,0,4,3.0,50.080000000000005,0,Low
Resort Hotel,214,2017,March,25,Male,BB,Online TA,TA/TO,0,0,0,E,Transient-Party,0,1,0,7,2.0,23.32,0,Low
City Hotel,107,2015,August,12,Female,BB,Online TA,TA/TO,0,0,0,B,Transient-Party,0,1,0,1,2.0,38.25,0,High
Resort Hotel,34,2016,March,20,Female,BB,Online TA,TA/TO,0,0,0,H,Transient,0,1,0,5,4.0,26.6,1,High
City Hotel,209,2017,March,30,Female,SC,Online TA,TA/TO,0,0,0,A,Transient,1,1,0,6,2.0,45.465,0,Low
City Hotel,0,2016,May,13,Female,BB,Direct,Direct,1,0,0,A,Transient-Party,0,0,0,1,2.0,69.5,0,Low
Resort Hotel,0,2016,May,30,Female,BB,Groups,Direct,0,0,0,A,Transient-Party,0,0,1,0,1.0,0.0,0,High
Resort Hotel,84,2016,September,14,Female,BB,Groups,Direct,0,0,0,A,Transient-Party,0,0,1,1,1.0,60.0,0,Low
Resort Hotel,49,2015,December,17,Male,BB,Offline TA/TO,TA/TO,0,0,0,E,Transient,0,1,0,19,2.0,22.665,0,Low
City Hotel,16,2017,June,1,Male,SC,Online TA,TA/TO,0,0,0,A,Transient,1,1,0,4,2.0,67.5,0,Medium
City Hotel,80,2016,April,10,Male,HB,Offline TA/TO,TA/TO,0,0,0,A,Transient,0,1,0,3,1.0,100.0,0,High
Resort Hotel,152,2016,November,27,Female,BB,Online TA,TA/TO,0,0,0,D,Transient,0,1,0,2,1.0,46.8,0,Low
Resort Hotel,31,2016,December,30,Female,HB,Groups,Direct,0,0,0,D,Transient-Party,1,0,0,2,2.0,162.5,0,High
Resort Hotel,5,2017,January,2,Female,BB,Online TA,TA/TO,0,0,0,A,Transient,1,1,0,5,2.0,27.0,0,Low
Resort Hotel,236,2016,May,12,Male,BB,Groups,TA/TO,0,0,0,A,Transient-Party,0,1,0,4,2.0,24.0,0,High
City Hotel,86,2016,January,22,Female,BB,Groups,TA/TO,0,1,0,A,Transient,0,1,0,1,2.0,42.5,0,High
City Hotel,87,2016,June,11,Male,BB,Offline TA/TO,TA/TO,0,0,0,A,Transient,0,1,0,4,2.0,47.5,0,High
City Hotel,210,2015,October,8,Female,BB,Offline TA/TO,TA/TO,0,0,0,A,Transient-Party,0,1,0,4,2.0,36.375,0,Low
City Hotel,69,2016,June,12,Male,BB,Offline TA/TO,TA/TO,0,0,0,A,Transient,0,1,0,6,1.0,120.0,0,High
Resort Hotel,0,2016,November,23,Female,BB,Offline TA/TO,TA/TO,1,0,1,A,Transient,1,1,0,1,2.0,17.0,0,Low
City Hotel,16,2016,June,8,Male,BB,Groups,Direct,0,0,0,A,Transient,0,0,0,1,1.0,92.65,0,Low
City Hotel,43,2017,June,23,Female,BB,Online TA,TA/TO,0,0,0,A,Transient,1,1,0,6,2.0,73.335,0,Low
Resort Hotel,3,2017,April,9,Male,BB,Corporate,Direct,0,0,0,A,Transient,0,0,0,3,2.0,50.0,0,High
City Hotel,30,2016,April,14,Female,HB,Online TA,TA/TO,0,0,0,D,Transient,0,1,0,2,2.0,78.75,0,Low
Resort Hotel,149,2016,July,23,Female,FB,Offline TA/TO,TA/TO,0,0,0,D,Transient,1,1,0,7,3.0,65.25,1,High
City Hotel,172,2016,June,24,Male,BB,Offline TA/TO,TA/TO,0,0,0,A,Transient-Party,0,1,0,2,1.0,95.0,0,High
City Hotel,69,2015,September,4,Female,BB,Online TA,TA/TO,0,0,0,A,Transient,0,1,0,6,1.0,88.83,0,High
City Hotel,132,2016,July,1,Female,BB,Offline TA/TO,TA/TO,0,0,0,A,Transient,0,1,0,3,2.0,36.125,0,High
City Hotel,23,2017,June,1,Female,BB,Online TA,TA/TO,0,0,0,D,Transient,1,1,0,3,3.0,70.0,0,Medium
City Hotel,16,2016,December,7,Female,SC,Online TA,TA/TO,0,0,0,A,Transient,0,1,0,10,2.0,37.995,0,Low
City Hotel,235,2017,May,26,Female,SC,Online TA,TA/TO,0,0,0,A,Transient,1,1,0,3,2.0,71.05,0,Low
City Hotel,12,2016,February,23,Female,BB,Online TA,TA/TO,0,0,0,A,Transient,0,1,0,2,2.0,46.5,0,Low
City Hotel,0,2016,November,7,Female,BB,Corporate,Corporate,1,0,1,A,Transient,0,0,1,2,2.0,37.5,0,High
Resort Hotel,3,2016,November,4,Female,BB,Online TA,TA/TO,0,0,0,D,Transient,2,1,0,2,2.0,37.0,0,Low
City Hotel,130,2017,August,19,Male,SC,Online TA,TA/TO,0,0,0,A,Transient,1,1,0,4,2.0,62.5,0,Low
Resort Hotel,1,2017,April,4,Female,BB,Corporate,Corporate,0,0,0,A,Transient,0,0,1,1,1.0,45.0,0,High
Resort Hotel,173,2016,October,5,Male,BB,Online TA,TA/TO,0,0,0,E,Transient,1,1,0,7,2.0,42.145,0,Low
City Hotel,258,2015,July,2,Female,BB,Groups,TA/TO,1,1,0,A,Transient-Party,0,1,0,2,2.0,31.4,0,High
City Hotel,5,2017,July,22,Female,SC,Online TA,TA/TO,0,0,0,A,Transient,0,1,0,5,2.0,70.0,0,High
City Hotel,82,2016,January,30,Female,BB,Online TA,TA/TO,0,1,0,B,Contract,0,1,0,8,2.0,38.75,0,High
Resort Hotel,40,2017,January,16,Male,Undefined,Groups,Direct,0,0,0,A,Transient-Party,0,0,0,3,1.0,55.0,0,High
City Hotel,257,2015,July,1,Female,HB,Offline TA/TO,TA/TO,0,0,0,A,Transient,0,1,0,2,2.0,50.75,0,High
City Hotel,26,2017,March,11,Male,BB,Offline TA/TO,TA/TO,0,0,0,A,Contract,0,1,0,2,2.0,34.0,0,Low
City Hotel,128,2016,August,3,Female,SC,Online TA,TA/TO,0,0,0,A,Transient,1,1,0,3,2.0,47.25,0,Low
City Hotel,11,2015,December,15,Female,BB,Corporate,Corporate,0,0,0,A,Transient-Party,0,1,0,1,1.0,65.0,0,High
City Hotel,116,2017,March,24,Female,BB,Groups,TA/TO,0,0,0,A,Transient-Party,1,1,0,2,2.0,50.0,0,Low
City Hotel,20,2016,March,6,Male,BB,Online TA,TA/TO,0,0,0,A,Transient,0,1,0,3,1.0,85.0,0,Low
City Hotel,2,2017,July,15,Female,SC,Online TA,TA/TO,0,0,0,A,Transient-Party,1,1,0,7,0.0,22.86,0,Low
City Hotel,62,2016,July,26,Female,BB,Online TA,TA/TO,0,0,0,D,Transient,2,1,0,4,3.0,48.9,0,High
Resort Hotel,4,2015,October,3,Female,BB,Offline TA/TO,TA/TO,0,0,0,A,Transient,1,1,0,2,2.0,29.0,0,High
Resort Hotel,252,2016,May,6,Male,BB,Offline TA/TO,TA/TO,0,0,0,A,Contract,0,1,0,0,1.0,0.0,0,High
Resort Hotel,0,2015,December,19,Female,BB,Direct,Direct,0,0,0,D,Transient,0,0,0,1,2.0,21.5,0,Low
City Hotel,102,2017,May,27,Female,BB,Online TA,TA/TO,0,0,0,D,Transient,0,1,0,5,2.0,59.76,0,High
Resort Hotel,1,2017,April,20,Male,BB,Corporate,Corporate,0,0,0,A,Transient-Party,0,0,1,0,1.0,0.0,0,High
City Hotel,201,2017,June,14,Female,BB,Groups,TA/TO,0,0,0,A,Transient,0,0,0,4,2.0,55.0,0,High
Resort Hotel,57,2015,November,26,Male,BB,Online TA,TA/TO,0,0,0,A,Transient,1,1,0,3,1.0,36.0,0,Low
City Hotel,98,2016,April,30,Female,BB,Online TA,TA/TO,0,0,0,A,Transient-Party,0,1,0,7,2.0,54.905,0,High
Resort Hotel,46,2016,March,4,Female,BB,Online TA,TA/TO,0,0,0,A,Transient,2,1,0,2,2.0,24.0,0,High
City Hotel,36,2017,August,19,Female,BB,Online TA,TA/TO,0,0,0,A,Transient,2,1,0,1,3.0,66.66666666666667,1,Low
Resort Hotel,313,2017,June,19,Female,BB,Offline TA/TO,TA/TO,0,0,0,A,Contract,2,1,0,14,2.0,28.35,0,High
City Hotel,7,2016,April,22,Female,BB,Direct,Direct,0,0,0,A,Transient,1,0,0,3,2.0,37.5,0,High
City Hotel,190,2016,April,9,Male,BB,Offline TA/TO,TA/TO,0,0,0,A,Transient-Party,1,1,0,2,2.0,35.0,0,High
City Hotel,107,2016,December,26,Female,SC,Online TA,TA/TO,0,0,0,A,Transient,1,1,0,4,2.0,30.545,0,Low
City Hotel,87,2017,May,4,Female,BB,Direct,Direct,0,0,0,A,Transient,1,1,0,3,2.0,54.0,0,Low
Resort Hotel,7,2016,December,13,Female,BB,Corporate,Corporate,1,0,8,A,Transient,0,0,1,1,1.0,42.0,0,High
City Hotel,8,2016,March,25,Female,SC,Online TA,TA/TO,0,0,0,A,Transient,1,1,0,2,2.0,69.5,0,Low
City Hotel,7,2017,April,13,Male,BB,Online TA,TA/TO,0,0,0,E,Transient,2,1,0,2,3.0,89.66666666666667,0,Low
City Hotel,87,2015,September,25,Female,BB,Groups,TA/TO,0,0,0,A,Transient,0,1,0,5,2.0,85.0,0,High
City Hotel,225,2017,April,15,Female,SC,Online TA,TA/TO,0,0,0,A,Transient,0,1,0,2,2.0,49.5,0,Low
City Hotel,53,2016,May,18,Male,SC,Online TA,TA/TO,0,0,0,A,Transient,2,1,0,1,2.0,44.7,0,Low
City Hotel,172,2016,June,24,Female,BB,Offline TA/TO,TA/TO,0,0,0,A,Transient-Party,0,1,0,2,1.0,95.0,0,High
Resort Hotel,3,2016,December,17,Female,BB,Direct,Direct,0,0,0,A,Transient-Party,1,0,0,1,2.0,19.5,0,High
City Hotel,8,2016,February,19,Male,BB,Corporate,TA/TO,0,0,0,A,Transient-Party,0,0,1,1,1.0,80.0,0,High
Resort Hotel,0,2016,June,16,Male,BB,Direct,Direct,1,0,1,F,Transient,0,0,0,1,2.0,84.5,0,High
City Hotel,143,2017,May,4,Female,BB,Groups,TA/TO,0,0,0,A,Transient,0,1,0,2,1.0,110.0,0,High
City Hotel,229,2017,July,12,Female,BB,Groups,TA/TO,0,0,0,A,Transient,0,0,0,5,2.0,55.0,0,High
Resort Hotel,34,2016,March,13,Female,HB,Offline TA/TO,TA/TO,0,0,0,A,Contract,0,1,0,7,2.0,27.5,0,Low
City Hotel,110,2016,October,9,Female,BB,Offline TA/TO,TA/TO,0,0,0,A,Transient-Party,2,1,0,4,2.0,65.0,0,High
City Hotel,158,2017,March,27,Male,BB,Groups,TA/TO,0,0,0,A,Transient-Party,1,1,0,2,1.0,85.0,0,Low
City Hotel,56,2015,September,25,Female,BB,Offline TA/TO,TA/TO,0,0,0,A,Transient-Party,0,1,0,4,2.0,92.5,0,High
Resort Hotel,41,2016,January,22,Male,BB,Direct,Direct,0,0,0,A,Transient,2,1,0,2,2.0,27.0,0,Low
Resort Hotel,5,2016,February,27,Female,HB,Offline TA/TO,TA/TO,0,0,0,A,Transient,0,1,0,2,2.0,27.5,0,High
City Hotel,307,2015,August,20,Female,BB,Groups,TA/TO,0,1,0,A,Contract,0,1,0,2,2.0,31.0,0,High
City Hotel,87,2017,June,9,Male,BB,Online TA,TA/TO,0,0,0,A,Transient,0,1,0,2,2.0,76.0,0,Low
Resort Hotel,64,2016,May,19,Female,BB,Direct,Direct,0,0,0,A,Transient,1,0,0,3,2.0,25.0,0,High
City Hotel,414,2015,December,5,Female,BB,Groups,TA/TO,0,1,0,A,Transient,0,1,0,3,2.0,31.0,0,High
City Hotel,14,2016,June,2,Male,BB,Direct,Direct,0,0,0,D,Transient,0,1,0,1,1.0,120.7,0,Low
Resort Hotel,82,2017,June,8,Male,BB,Online TA,TA/TO,0,0,0,E,Transient,1,1,0,7,2.0,76.0,0,Low
Resort Hotel,21,2017,April,10,Male,BB,Online TA,TA/TO,0,0,0,C,Transient,2,1,0,2,4.0,30.0,1,High
Resort Hotel,26,2016,March,20,Female,BB,Online TA,TA/TO,0,0,0,E,Transient,2,1,0,5,2.0,26.115,0,Low
City Hotel,123,2016,September,20,Female,BB,Online TA,TA/TO,0,0,0,D,Transient,0,1,0,6,3.0,54.0,0,Low
City Hotel,10,2016,July,4,Female,BB,Corporate,Corporate,1,1,15,A,Transient,1,0,1,2,1.0,65.0,0,High
City Hotel,28,2015,October,12,Female,BB,Online TA,TA/TO,0,0,0,A,Contract,2,1,0,3,2.0,49.935,0,Low
City Hotel,186,2016,July,22,Female,BB,Offline TA/TO,TA/TO,0,0,0,A,Transient,1,1,0,4,3.0,32.300000000000004,0,Low
City Hotel,80,2016,March,25,Female,BB,Offline TA/TO,TA/TO,0,0,0,A,Transient,1,1,0,4,3.0,35.4,0,High
City Hotel,393,2016,March,19,Male,BB,Groups,TA/TO,0,0,0,A,Transient,0,1,0,3,2.0,35.265,0,High
Resort Hotel,352,2017,August,1,Female,HB,Online TA,TA/TO,0,0,0,A,Transient,1,1,0,14,2.0,95.48,0,High
City Hotel,29,2017,April,28,Male,SC,Online TA,TA/TO,0,0,0,A,Transient,1,1,0,3,2.0,57.5,0,High
City Hotel,40,2017,January,5,Male,SC,Online TA,TA/TO,0,0,0,A,Transient,0,1,0,9,2.0,37.4,0,High
City Hotel,281,2015,July,25,Female,BB,Groups,TA/TO,0,1,0,A,Transient-Party,0,1,0,4,2.0,31.0,0,High
City Hotel,52,2016,May,27,Male,BB,Offline TA/TO,TA/TO,0,0,0,A,Transient,0,1,0,3,2.0,42.5,0,Low
City Hotel,6,2017,February,13,Female,BB,Direct,Direct,0,0,0,A,Transient,0,1,0,2,2.0,49.0,0,Low
Resort Hotel,0,2017,January,29,Female,BB,Direct,TA/TO,1,0,0,A,Transient-Party,2,0,0,1,2.0,22.5,0,Medium
City Hotel,47,2017,May,15,Female,HB,Offline TA/TO,TA/TO,0,0,0,A,Transient-Party,0,1,0,3,1.0,134.5,0,High
City Hotel,346,2016,September,13,Female,HB,Offline TA/TO,TA/TO,0,0,0,A,Transient-Party,1,1,0,2,2.0,57.5,0,Low
Resort Hotel,188,2017,August,8,Male,BB,Online TA,TA/TO,0,0,0,A,Transient,2,1,0,11,2.0,87.275,0,High
Resort Hotel,53,2015,December,30,Female,BB,Offline TA/TO,TA/TO,0,0,0,C,Transient,0,1,0,3,4.0,55.3,1,High
Resort Hotel,11,2015,December,18,Male,BB,Online TA,TA/TO,0,0,0,A,Transient,1,1,0,1,2.0,24.0,0,High
City Hotel,96,2016,April,8,Female,BB,Online TA,TA/TO,0,0,0,A,Transient-Party,1,1,0,5,2.0,43.775,0,Low
City Hotel,0,2016,June,30,Male,SC,Online TA,TA/TO,0,0,0,A,Transient,0,1,0,1,2.0,53.5,0,High
City Hotel,5,2015,October,19,Female,BB,Offline TA/TO,TA/TO,0,0,0,A,Transient-Party,0,1,0,3,2.0,45.0,0,Low
City Hotel,87,2016,February,12,Male,SC,Online TA,TA/TO,0,0,0,A,Contract,1,1,0,3,2.0,39.25,0,Low
City Hotel,182,2017,July,8,Female,BB,Online TA,TA/TO,0,0,0,A,Transient,1,1,0,2,2.0,41.235,0,High
Resort Hotel,112,2015,December,30,Male,Undefined,Groups,Direct,0,0,0,A,Transient-Party,0,0,0,3,2.0,112.335,0,High
City Hotel,20,2017,March,13,Female,BB,Groups,TA/TO,0,0,0,A,Transient-Party,0,1,0,2,1.0,178.0,0,Low
City Hotel,1,2017,August,27,Male,SC,Online TA,TA/TO,0,0,0,A,Transient,1,1,0,1,2.0,40.05,0,Medium
City Hotel,86,2016,January,22,Male,BB,Groups,TA/TO,0,1,0,A,Transient,0,1,0,1,2.0,42.5,0,High
City Hotel,3,2016,July,13,Female,BB,Direct,Direct,0,0,0,A,Transient,0,1,0,2,2.0,59.075,0,High
Resort Hotel,18,2016,October,11,Female,BB,Direct,Direct,0,0,1,A,Transient,1,0,0,1,2.0,0.0,0,Low
City Hotel,0,2015,September,11,Male,BB,Online TA,TA/TO,0,0,0,A,Transient,1,1,0,1,2.0,62.0,0,High
City Hotel,19,2016,November,12,Female,BB,Online TA,TA/TO,0,0,0,D,Transient,2,1,0,3,2.0,59.665,0,Low
City Hotel,304,2016,November,3,Male,BB,Offline TA/TO,TA/TO,0,0,0,A,Transient,0,1,0,3,2.0,44.5,0,High
City Hotel,10,2016,April,25,Female,HB,Online TA,TA/TO,0,0,0,A,Transient,1,1,0,5,2.0,87.0,0,Low
City Hotel,102,2017,June,30,Female,BB,Online TA,TA/TO,0,0,0,A,Transient-Party,0,1,0,3,2.0,67.5,0,Low
City Hotel,55,2016,August,30,Male,BB,Offline TA/TO,TA/TO,0,0,0,A,Transient,0,1,0,8,2.0,42.75,0,Low
Resort Hotel,1,2017,May,31,Male,BB,Corporate,Corporate,0,0,0,A,Transient,0,0,1,1,1.0,75.0,0,High
Resort Hotel,159,2017,June,10,Male,BB,Offline TA/TO,TA/TO,0,0,0,D,Transient-Party,1,1,0,1,2.0,40.0,0,Low
Resort Hotel,195,2017,July,23,Female,BB,Direct,Direct,0,0,0,A,Transient,0,1,0,6,3.0,51.126666666666665,1,High
Resort Hotel,152,2017,April,5,Male,BB,Groups,TA/TO,0,0,0,A,Transient-Party,0,0,1,7,3.0,22.666666666666668,0,Low
City Hotel,56,2016,June,21,Female,BB,Online TA,TA/TO,0,0,0,A,Transient,1,1,0,3,2.0,38.46,0,Low
City Hotel,1,2016,March,12,Female,SC,Online TA,TA/TO,0,0,0,A,Transient,1,0,0,1,2.0,48.5,0,Low
City Hotel,0,2015,August,1,Female,BB,Direct,Direct,0,0,0,A,Transient,0,0,0,1,2.0,37.5,0,High
Resort Hotel,27,2017,July,3,Male,BB,Corporate,Corporate,0,0,0,A,Transient,0,0,1,1,1.0,142.0,0,High
Resort Hotel,0,2017,January,26,Male,BB,Corporate,Corporate,1,0,5,A,Transient,0,0,1,1,1.0,35.0,0,High
City Hotel,5,2016,May,16,Female,BB,Corporate,Corporate,0,0,0,A,Transient-Party,0,1,0,3,1.0,98.32,0,Low
City Hotel,11,2016,September,30,Female,BB,Online TA,TA/TO,0,0,0,D,Transient,2,1,0,2,2.0,72.765,0,High
Resort Hotel,0,2016,October,13,Female,BB,Direct,Direct,0,0,0,E,Transient,0,0,0,1,2.0,48.0,0,Low
Resort Hotel,4,2015,December,11,Male,BB,Online TA,TA/TO,0,0,0,A,Transient,0,1,0,2,2.0,24.0,0,Low
Resort Hotel,215,2016,September,19,Female,HB,Online TA,TA/TO,0,0,0,A,Transient,1,1,0,3,2.0,56.0,0,High
City Hotel,161,2016,March,25,Female,HB,Offline TA/TO,TA/TO,0,0,0,A,Transient,0,1,0,3,2.0,65.0,0,High
City Hotel,78,2017,July,10,Female,BB,Online TA,TA/TO,0,0,0,D,Transient,1,1,0,4,3.0,63.333333333333336,0,Low
City Hotel,207,2017,July,25,Female,BB,Online TA,TA/TO,0,0,0,A,Transient,1,1,0,7,2.0,47.73,0,Low
City Hotel,157,2016,March,24,Male,BB,Online TA,TA/TO,0,0,0,A,Contract,2,1,0,4,2.0,53.1,0,High
City Hotel,157,2016,December,8,Female,BB,Offline TA/TO,TA/TO,0,0,0,A,Transient-Party,0,1,0,3,2.0,34.0,0,High
City Hotel,49,2016,October,25,Female,BB,Offline TA/TO,TA/TO,0,0,0,A,Transient,0,1,0,2,2.0,42.75,0,Low
City Hotel,15,2016,October,21,Female,BB,Online TA,TA/TO,0,0,0,A,Transient,2,1,0,2,3.0,60.0,1,Low
City Hotel,23,2017,May,20,Male,BB,Online TA,TA/TO,0,0,0,A,Transient,2,1,0,3,2.0,85.0,0,Low
Resort Hotel,3,2016,February,14,Female,BB,Direct,Direct,0,0,0,A,Transient,0,0,0,1,2.0,37.5,0,High
Resort Hotel,1,2016,July,22,Female,BB,Direct,Direct,0,0,0,F,Transient,0,0,0,1,2.0,74.5,0,Low
City Hotel,20,2017,May,17,Male,BB,Online TA,TA/TO,0,0,0,D,Transient,1,1,0,2,2.0,72.2,0,Low
City Hotel,344,2017,July,24,Female,SC,Online TA,TA/TO,0,0,0,A,Transient,1,1,0,6,2.0,44.55,0,Low
Resort Hotel,60,2016,April,3,Female,BB,Online TA,TA/TO,0,0,0,A,Transient,2,1,0,2,3.0,29.666666666666668,1,High
City Hotel,28,2015,October,8,Female,BB,Online TA,TA/TO,0,1,0,A,Contract,1,1,0,2,2.0,56.65,0,High
City Hotel,79,2017,July,31,Female,SC,Online TA,TA/TO,0,0,0,A,Transient,0,1,0,5,2.0,62.0,0,Low
City Hotel,77,2017,August,16,Female,BB,Online TA,TA/TO,0,0,0,D,Transient,0,1,0,3,3.0,66.66666666666667,0,Low
City Hotel,281,2016,April,14,Female,BB,Groups,TA/TO,0,0,0,A,Transient,0,1,0,2,2.0,31.0,0,High
City Hotel,23,2017,May,26,Female,SC,Online TA,TA/TO,0,0,0,A,Transient,0,1,0,1,2.0,68.5,0,Medium
Resort Hotel,0,2015,December,2,Female,BB,Direct,Direct,0,0,0,A,Transient,1,0,0,1,2.0,21.5,0,High
City Hotel,15,2016,March,8,Female,BB,Online TA,TA/TO,0,0,0,B,Transient,0,1,0,1,4.0,20.7575,1,Low
City Hotel,2,2016,December,22,Female,BB,Corporate,Corporate,1,1,2,A,Transient,0,0,1,1,2.0,37.5,0,High
Resort Hotel,17,2016,February,18,Female,BB,Online TA,TA/TO,0,0,0,A,Transient,0,1,0,2,1.0,45.0,0,High
City Hotel,0,2015,August,21,Female,BB,Online TA,TA/TO,0,0,0,A,Transient,0,1,0,3,2.0,45.0,0,High
City Hotel,34,2016,December,16,Female,SC,Online TA,TA/TO,0,0,0,A,Transient,2,1,0,1,2.0,44.0,0,Low
City Hotel,16,2017,March,2,Female,BB,Offline TA/TO,TA/TO,0,0,0,A,Contract,0,1,0,3,2.0,34.0,0,Low
City Hotel,8,2015,September,8,Female,BB,Online TA,TA/TO,0,0,0,D,Transient,3,1,0,2,3.0,30.8,1,High
City Hotel,183,2016,August,16,Female,HB,Online TA,TA/TO,0,0,0,D,Transient,0,1,0,5,3.0,62.5,0,Low
City Hotel,22,2017,June,11,Female,BB,Online TA,TA/TO,0,0,0,A,Transient,1,1,0,3,1.0,95.2,0,Medium
Resort Hotel,1,2017,March,14,Male,BB,Direct,Direct,1,0,3,D,Transient,0,0,0,1,1.0,48.0,0,High
City Hotel,63,2017,February,14,Female,SC,Online TA,TA/TO,0,0,0,A,Transient,1,1,0,1,2.0,39.6,0,Low
City Hotel,58,2016,November,16,Female,BB,Offline TA/TO,TA/TO,0,0,0,A,Transient,0,1,0,3,2.0,37.5,0,Low
City Hotel,9,2016,January,15,Male,BB,Online TA,TA/TO,0,0,0,A,Transient,0,1,0,3,2.0,43.5,0,Low
Resort Hotel,0,2016,March,18,Female,BB,Corporate,Corporate,1,0,1,A,Transient,0,0,1,1,1.0,30.0,0,High
City Hotel,57,2016,December,8,Female,BB,Online TA,TA/TO,0,0,0,A,Transient,1,1,0,3,2.0,48.3,0,Low
City Hotel,297,2015,August,10,Female,BB,Groups,TA/TO,0,1,0,A,Contract,0,1,0,2,2.0,31.0,0,High
Resort Hotel,0,2016,February,17,Female,BB,Online TA,TA/TO,0,0,0,A,Transient,0,0,0,1,1.0,40.0,0,High
City Hotel,86,2016,October,31,Female,BB,Online TA,TA/TO,0,0,0,A,Transient,0,1,0,4,2.0,45.115,0,Low
Resort Hotel,61,2016,December,22,Female,Undefined,Offline TA/TO,TA/TO,0,0,0,A,Transient,0,1,0,14,2.0,41.145,0,Low
City Hotel,205,2016,July,22,Female,BB,Online TA,TA/TO,0,0,0,A,Transient-Party,0,1,0,5,2.0,45.475,0,Low
City Hotel,55,2017,March,17,Female,BB,Online TA,TA/TO,0,0,0,A,Transient,0,1,0,4,2.0,45.9,0,Low
Resort Hotel,16,2016,December,1,Female,BB,Online TA,TA/TO,0,0,0,A,Transient,2,1,0,1,2.0,30.0,0,Medium
Resort Hotel,7,2016,March,3,Female,BB,Online TA,TA/TO,0,0,0,A,Transient,1,1,0,3,1.0,43.0,0,High
Resort Hotel,0,2016,October,4,Male,BB,Direct,Direct,0,0,0,A,Transient,0,0,0,2,2.0,65.0,0,Low
Resort Hotel,126,2016,August,15,Female,BB,Online TA,TA/TO,0,0,0,D,Transient-Party,1,1,0,7,2.0,105.5,0,High
City Hotel,41,2017,March,3,Female,BB,Online TA,TA/TO,0,0,0,D,Transient,0,1,0,7,2.0,50.15,0,Low
City Hotel,48,2017,February,22,Female,BB,Groups,TA/TO,0,0,0,A,Transient-Party,1,0,0,2,1.0,65.0,0,Low
City Hotel,56,2017,March,6,Male,BB,Direct,Direct,0,0,0,B,Transient-Party,0,1,0,1,2.0,39.87,0,Low
City Hotel,201,2017,May,14,Male,BB,Online TA,TA/TO,0,0,0,A,Transient,5,1,0,4,2.0,62.55,0,Low
City Hotel,26,2016,February,8,Female,BB,Online TA,TA/TO,0,0,0,F,Transient,0,1,0,2,4.0,42.75,1,Low
City Hotel,124,2017,August,13,Female,BB,Online TA,TA/TO,0,0,0,D,Transient,1,1,0,9,3.0,46.800000000000004,0,Low
Resort Hotel,0,2016,November,9,Female,BB,Offline TA/TO,TA/TO,1,0,0,A,Transient,0,1,0,0,1.0,0.0,0,High
City Hotel,40,2017,April,22,Female,BB,Online TA,TA/TO,0,0,0,D,Transient,1,1,0,4,3.0,63.333333333333336,1,Medium
Resort Hotel,58,2017,May,14,Female,BB,Direct,Direct,0,0,0,F,Transient,0,1,0,5,2.0,64.0,0,Low
City Hotel,24,2017,March,2,Female,BB,Online TA,TA/TO,0,0,0,A,Transient,2,1,0,4,2.0,45.9,0,Low
Resort Hotel,84,2015,August,14,Male,HB,Online TA,TA/TO,0,0,0,E,Transient,0,1,0,6,2.0,98.0,0,High
City Hotel,35,2017,June,13,Male,HB,Online TA,TA/TO,0,0,0,A,Transient,1,1,0,7,2.0,98.07,0,Low
Resort Hotel,32,2016,February,8,Female,BB,Offline TA/TO,TA/TO,0,0,0,D,Transient,0,1,0,7,2.0,16.65,0,Low
Resort Hotel,300,2017,July,30,Male,BB,Online TA,TA/TO,0,0,0,A,Transient-Party,2,1,0,7,1.0,149.81,0,High
Resort Hotel,334,2017,August,1,Male,BB,Online TA,TA/TO,0,0,0,D,Transient,0,1,0,6,2.0,78.3,0,High
City Hotel,22,2017,June,27,Male,SC,Offline TA/TO,TA/TO,0,0,0,A,Transient,0,1,0,1,2.0,44.5,0,Low
City Hotel,53,2015,August,24,Female,BB,Groups,TA/TO,0,0,0,A,Transient-Party,0,1,0,2,2.0,31.0,0,Low
City Hotel,143,2016,October,6,Female,BB,Online TA,TA/TO,0,0,0,D,Transient,1,1,0,3,3.0,50.4,0,Medium
Resort Hotel,1,2016,March,20,Female,BB,Online TA,TA/TO,0,0,0,A,Transient,1,1,0,1,2.0,32.0,0,Low
Resort Hotel,167,2016,June,19,Female,BB,Offline TA/TO,TA/TO,0,0,0,D,Transient,1,1,0,12,2.0,33.49,0,Low
Resort Hotel,1,2016,October,11,Female,BB,Online TA,TA/TO,0,0,0,A,Transient,2,1,0,1,1.0,62.0,0,Low
City Hotel,113,2016,June,30,Female,BB,Offline TA/TO,TA/TO,0,0,0,A,Transient,0,1,0,4,2.0,42.5,0,High
City Hotel,122,2017,May,21,Male,BB,Online TA,TA/TO,0,0,0,A,Transient,1,1,0,3,1.0,117.0,0,Low
City Hotel,17,2016,June,30,Female,BB,Online TA,TA/TO,0,0,0,A,Transient,1,1,0,3,2.0,75.5,0,Low
City Hotel,8,2016,July,26,Female,BB,Corporate,Corporate,0,0,0,A,Transient,1,0,1,1,1.0,65.0,0,High
Resort Hotel,152,2016,August,1,Female,HB,Direct,Direct,0,0,0,C,Transient,0,1,0,7,4.0,53.035,1,High
Resort Hotel,0,2016,November,5,Female,BB,Direct,Direct,0,0,0,D,Transient,0,0,0,1,2.0,42.0,0,Low
City Hotel,98,2016,July,16,Female,BB,Online TA,TA/TO,0,0,0,A,Transient,2,1,0,2,3.0,40.5,1,High
City Hotel,1,2015,October,7,Male,BB,Online TA,TA/TO,0,0,0,D,Contract,0,1,0,2,2.0,77.5,0,High
City Hotel,0,2016,January,17,Male,BB,Direct,Direct,0,0,0,A,Transient,1,1,0,1,2.0,44.5,0,Low
City Hotel,39,2016,June,26,Female,SC,Online TA,TA/TO,0,0,0,A,Transient,0,1,0,2,2.0,44.55,0,Low
City Hotel,89,2016,December,17,Male,SC,Online TA,TA/TO,0,0,0,A,Transient,4,1,0,8,2.0,37.4,0,Medium
City Hotel,52,2017,March,13,Male,BB,Offline TA/TO,TA/TO,0,0,0,A,Transient,0,1,0,2,1.0,80.0,0,High
Resort Hotel,1,2015,December,22,Male,BB,Corporate,Corporate,0,0,9,D,Transient,2,0,1,1,2.0,25.0,0,Low
City Hotel,6,2017,April,2,Female,BB,Direct,Direct,0,0,0,A,Transient,1,0,0,1,2.0,47.5,0,Low
City Hotel,125,2015,December,23,Female,BB,Online TA,TA/TO,0,0,0,A,Contract,2,1,0,4,2.0,36.125,0,Low
City Hotel,50,2017,April,25,Female,BB,Online TA,TA/TO,0,0,0,A,Transient,0,1,0,4,1.0,117.0,0,Low
City Hotel,76,2017,May,9,Female,BB,Direct,Direct,0,0,0,A,Transient,1,1,0,5,2.0,63.0,0,Low
Resort Hotel,111,2017,April,14,Male,BB,Online TA,TA/TO,0,0,0,A,Transient,1,1,0,5,1.0,61.0,0,Low
City Hotel,64,2016,March,9,Male,BB,Online TA,TA/TO,0,0,0,A,Transient,1,1,0,5,2.0,36.975,0,Low
City Hotel,84,2017,April,6,Female,BB,Online TA,TA/TO,0,0,0,D,Transient,3,1,0,3,2.0,63.9,0,Low
City Hotel,0,2017,March,20,Female,BB,Direct,Direct,0,0,0,A,Transient,0,0,0,1,1.0,108.0,0,High
City Hotel,56,2016,September,2,Female,SC,Online TA,TA/TO,0,0,0,A,Transient,0,1,0,1,2.0,49.5,0,Medium
Resort Hotel,32,2017,April,7,Male,BB,Online TA,TA/TO,0,0,0,G,Transient,0,1,0,7,4.0,39.8225,1,Low
City Hotel,34,2015,August,5,Female,BB,Groups,TA/TO,0,0,0,A,Transient-Party,0,1,0,2,2.0,31.0,0,Low
City Hotel,0,2015,November,5,Male,BB,Corporate,Corporate,0,0,0,A,Transient,0,0,1,1,1.0,89.0,0,High
Resort Hotel,45,2017,April,8,Male,HB,Online TA,TA/TO,0,0,0,E,Transient,1,1,0,1,3.0,46.13333333333333,0,High
City Hotel,6,2015,October,19,Female,SC,Online TA,TA/TO,0,1,0,A,Transient,0,1,0,3,2.0,51.3,0,High
Resort Hotel,59,2017,April,28,Male,BB,Online TA,TA/TO,0,0,0,E,Transient,0,1,0,5,2.0,57.5,0,Low
City Hotel,2,2016,June,15,Male,BB,Corporate,Corporate,1,0,2,D,Transient,1,0,1,1,1.0,119.0,0,High
City Hotel,78,2017,July,7,Female,BB,Online TA,TA/TO,0,0,0,D,Transient,0,1,0,3,3.0,63.333333333333336,0,Low
City Hotel,44,2016,November,14,Female,BB,Online TA,TA/TO,0,0,0,A,Transient,2,1,0,5,2.0,44.2,0,Low
Resort Hotel,21,2015,August,26,Male,BB,Online TA,TA/TO,0,0,0,A,Transient,2,1,0,1,2.0,86.0,0,Medium
Resort Hotel,6,2016,October,26,Female,BB,Offline TA/TO,TA/TO,0,0,0,A,Transient,2,1,0,1,2.0,23.0,0,High
Resort Hotel,186,2016,December,10,Male,BB,Online TA,TA/TO,0,0,0,A,Transient,0,1,0,5,2.0,18.12,0,Medium
Resort Hotel,192,2016,March,25,Male,BB,Online TA,TA/TO,0,0,0,A,Transient,2,1,0,3,2.0,25.2,0,High
Resort Hotel,65,2017,May,3,Female,Undefined,Groups,Corporate,0,0,0,A,Transient,0,0,0,12,2.0,47.5,0,High
City Hotel,69,2017,May,9,Male,BB,Online TA,TA/TO,0,0,0,A,Transient,0,1,0,3,2.0,77.665,0,Low
City Hotel,29,2017,January,18,Female,BB,Groups,TA/TO,0,0,0,A,Transient-Party,0,1,0,3,1.0,65.0,0,Low
Resort Hotel,169,2016,March,31,Male,BB,Groups,Direct,0,0,0,A,Transient-Party,0,0,1,4,2.0,33.0,0,Low
Resort Hotel,30,2016,May,15,Female,HB,Online TA,TA/TO,0,0,0,F,Transient,1,1,0,3,2.0,56.595,0,High
Resort Hotel,1,2016,February,24,Female,BB,Offline TA/TO,TA/TO,0,0,0,A,Transient,0,1,0,1,1.0,25.0,0,High
Resort Hotel,302,2017,May,9,Male,HB,Groups,Direct,0,0,0,A,Transient-Party,0,0,0,4,2.0,40.5,0,High
City Hotel,215,2016,November,21,Male,BB,Groups,Corporate,0,0,0,A,Transient,0,0,1,2,2.0,42.5,0,Low
City Hotel,178,2016,April,28,Male,BB,Offline TA/TO,TA/TO,0,1,0,A,Transient,0,1,0,3,1.0,110.0,0,High
Resort Hotel,0,2015,August,31,Female,BB,Online TA,TA/TO,0,0,0,A,Transient,1,1,0,3,2.0,48.165,0,High
City Hotel,16,2017,June,22,Female,BB,Online TA,TA/TO,0,0,0,A,Transient,2,1,0,4,3.0,66.66666666666667,1,Low
Resort Hotel,10,2015,August,30,Female,BB,Direct,Direct,0,0,0,D,Transient,0,1,0,5,2.0,60.9,0,High
City Hotel,86,2016,May,20,Male,BB,Offline TA/TO,TA/TO,0,0,0,A,Transient-Party,1,1,0,3,2.0,32.5,0,Low
City Hotel,33,2016,March,15,Female,SC,Online TA,TA/TO,0,0,0,A,Transient,1,1,0,3,2.0,35.55,0,Low
City Hotel,151,2017,March,20,Male,BB,Groups,TA/TO,0,0,0,A,Transient-Party,0,1,0,2,2.0,47.5,0,High
City Hotel,4,2017,January,10,Female,BB,Corporate,Corporate,1,1,10,A,Transient,1,0,1,3,1.0,65.0,0,High
Resort Hotel,40,2016,May,18,Male,BB,Groups,Corporate,0,0,0,A,Transient,0,0,0,2,1.0,55.0,0,High
City Hotel,5,2017,June,19,Female,BB,Online TA,TA/TO,0,0,0,D,Transient,1,1,0,1,1.0,190.0,0,Low
Resort Hotel,165,2015,December,30,Female,Undefined,Groups,TA/TO,0,0,0,A,Transient-Party,0,1,0,4,2.0,68.25,0,High
City Hotel,117,2016,June,16,Male,BB,Online TA,TA/TO,0,0,0,D,Transient,0,1,0,4,3.0,50.15,0,Low
Resort Hotel,150,2015,October,15,Female,BB,Offline TA/TO,TA/TO,0,0,0,A,Contract,0,1,0,6,2.0,16.65,0,Low
Resort Hotel,0,2016,January,27,Female,BB,Direct,Direct,0,0,0,D,Transient,0,0,0,1,2.0,22.5,0,High
Resort Hotel,2,2016,April,8,Male,BB,Groups,TA/TO,0,0,0,A,Transient-Party,0,1,0,1,2.0,27.0,0,High
City Hotel,1,2016,January,3,Female,BB,Online TA,TA/TO,0,0,0,A,Transient,0,1,0,3,4.0,23.0,1,Low
Resort Hotel,64,2015,August,20,Male,HB,Offline TA/TO,TA/TO,0,0,0,C,Transient,0,1,0,6,4.0,40.8075,1,Low
City Hotel,56,2016,May,30,Female,BB,Groups,TA/TO,0,0,0,A,Transient-Party,0,0,0,1,1.0,120.0,0,High
City Hotel,1,2016,January,26,Female,BB,Corporate,Corporate,1,0,8,A,Transient,0,0,1,1,1.0,66.0,0,High
City Hotel,36,2015,August,7,Male,BB,Groups,TA/TO,0,0,0,A,Transient-Party,0,1,0,2,2.0,31.0,0,High
Resort Hotel,113,2016,April,26,Female,BB,Online TA,TA/TO,0,0,0,G,Transient,1,1,0,2,1.0,78.31,0,Low
City Hotel,0,2016,March,31,Female,SC,Online TA,TA/TO,0,0,0,A,Transient,1,1,0,3,2.0,49.5,0,Low
City Hotel,34,2017,January,18,Female,BB,Groups,TA/TO,0,0,0,A,Transient-Party,0,1,0,1,1.0,75.0,0,Low
Resort Hotel,305,2017,July,1,Female,BB,Online TA,TA/TO,0,0,0,H,Transient,1,1,0,6,2.0,89.5,0,Low
City Hotel,414,2017,July,13,Female,HB,Groups,TA/TO,0,0,0,A,Transient-Party,1,1,0,2,2.0,61.2,0,Low
Resort Hotel,4,2016,August,25,Male,BB,Direct,Direct,0,0,0,D,Transient,1,1,0,0,2.0,0.0,0,Low
City Hotel,85,2017,March,8,Female,BB,Online TA,TA/TO,0,0,0,A,Transient,0,1,0,3,2.0,48.6,0,Low
City Hotel,116,2016,February,28,Female,BB,Offline TA/TO,TA/TO,0,0,0,A,Transient-Party,0,1,0,3,1.0,61.0,0,High
City Hotel,205,2016,September,6,Male,BB,Online TA,TA/TO,0,0,0,A,Transient,0,1,0,1,3.0,47.699999999999996,1,Low
City Hotel,92,2016,August,20,Female,SC,Online TA,TA/TO,0,0,0,A,Transient,1,1,0,5,2.0,53.55,0,Low
Resort Hotel,25,2017,February,9,Female,BB,Online TA,TA/TO,0,0,0,D,Transient,0,1,0,4,2.0,29.0,0,Low
City Hotel,28,2016,April,17,Male,BB,Online TA,TA/TO,0,0,0,A,Transient,1,1,0,3,3.0,38.343333333333334,1,Low
City Hotel,90,2016,March,25,Male,BB,Online TA,TA/TO,0,0,0,B,Transient,1,1,0,4,2.0,39.9,0,Low
City Hotel,22,2016,November,14,Female,SC,Online TA,TA/TO,0,0,0,A,Transient,1,1,0,3,2.0,32.185,0,High
City Hotel,169,2017,June,16,Female,BB,Online TA,TA/TO,0,0,0,D,Transient,1,1,0,3,2.0,65.25,0,Low
Resort Hotel,72,2017,May,4,Male,BB,Offline TA/TO,TA/TO,0,0,0,D,Contract,0,1,0,7,2.0,26.425,0,Low
City Hotel,0,2015,August,26,Male,BB,Direct,Direct,0,0,0,D,Transient,0,0,0,1,3.0,50.333333333333336,0,High
Resort Hotel,32,2015,September,18,Male,BB,Direct,Direct,0,0,0,C,Transient,0,1,0,4,2.0,63.0,0,High
Resort Hotel,49,2016,November,11,Male,HB,Offline TA/TO,TA/TO,0,0,0,A,Transient,0,1,0,3,2.0,29.2,0,Low
Resort Hotel,1,2015,December,3,Female,BB,Offline TA/TO,TA/TO,0,0,0,A,Transient,0,1,0,1,1.0,25.0,0,High
Resort Hotel,239,2015,September,19,Male,HB,Offline TA/TO,TA/TO,0,0,0,A,Transient-Party,0,1,0,2,1.0,59.0,0,Low
City Hotel,121,2016,December,24,Female,BB,Online TA,TA/TO,0,0,0,A,Transient,1,1,0,5,2.0,44.2,0,Low
City Hotel,451,2017,July,12,Female,BB,Groups,TA/TO,0,0,0,A,Transient-Party,1,1,0,3,2.0,56.335,0,Low
City Hotel,6,2017,May,10,Female,BB,Groups,Corporate,0,0,0,A,Transient,0,1,0,1,2.0,45.0,0,High
Resort Hotel,315,2016,September,2,Female,BB,Offline TA/TO,TA/TO,0,0,0,A,Transient,0,1,0,7,2.0,32.4,0,Low
City Hotel,55,2015,November,18,Male,BB,Offline TA/TO,TA/TO,0,0,0,D,Transient,1,1,0,4,2.0,30.0,0,Low
City Hotel,141,2016,September,23,Female,BB,Online TA,TA/TO,0,0,0,D,Transient,1,1,0,2,3.0,54.6,0,Low
Resort Hotel,26,2015,September,1,Female,BB,Online TA,TA/TO,0,0,0,D,Transient,2,1,0,2,2.0,73.0,0,Low
City Hotel,5,2015,August,19,Male,BB,Direct,Direct,0,0,0,A,Transient,1,1,0,2,1.0,67.0,0,High
City Hotel,19,2017,January,2,Female,BB,Online TA,TA/TO,0,0,0,A,Transient,2,1,0,4,2.0,48.45,0,Medium
City Hotel,67,2017,July,30,Male,SC,Online TA,TA/TO,0,0,0,A,Transient,0,1,0,9,1.0,103.68,0,High
City Hotel,28,2017,June,9,Male,HB,Offline TA/TO,TA/TO,0,0,0,A,Transient,0,1,0,3,2.0,90.5,0,Low
City Hotel,57,2017,February,5,Female,SC,Online TA,TA/TO,0,0,0,A,Transient,1,1,0,4,1.0,51.05,0,Low
City Hotel,88,2017,May,15,Male,BB,Online TA,TA/TO,0,0,0,A,Transient,2,1,0,4,2.0,68.625,0,Low
City Hotel,353,2017,May,24,Female,SC,Online TA,TA/TO,0,0,0,A,Transient,1,1,0,3,2.0,49.5,0,Low
Resort Hotel,42,2016,November,2,Male,BB,Online TA,TA/TO,0,0,0,E,Transient,2,1,0,3,2.0,27.9,0,Low
Resort Hotel,3,2017,February,18,Male,BB,Offline TA/TO,TA/TO,0,0,0,D,Transient,0,1,0,1,2.0,21.0,0,Low
Resort Hotel,24,2016,June,8,Female,BB,Online TA,TA/TO,0,0,0,A,Transient,0,1,0,3,2.0,61.165,0,Low
City Hotel,198,2016,September,9,Female,BB,Groups,TA/TO,0,0,0,A,Transient,0,1,0,3,2.0,60.0,0,High
City Hotel,261,2015,October,16,Male,HB,Offline TA/TO,TA/TO,0,1,0,A,Transient-Party,0,1,0,1,2.0,60.0,0,High
City Hotel,507,2017,August,15,Female,BB,Offline TA/TO,TA/TO,0,0,0,A,Transient,0,1,0,1,2.0,45.0,0,High
Resort Hotel,96,2017,April,9,Male,BB,Offline TA/TO,TA/TO,0,0,0,A,Contract,0,1,0,7,1.0,41.2,0,Low
Resort Hotel,63,2016,March,24,Male,BB,Online TA,TA/TO,0,0,0,D,Transient,2,1,0,4,3.0,24.666666666666668,1,High
Resort Hotel,203,2017,April,25,Male,HB,Groups,TA/TO,0,0,0,A,Transient-Party,0,1,0,2,2.0,45.0,0,Low
City Hotel,74,2016,December,24,Male,HB,Direct,Direct,0,0,0,D,Transient,0,0,0,5,1.0,127.0,0,Low
City Hotel,395,2017,May,17,Male,BB,Offline TA/TO,TA/TO,0,0,0,A,Transient-Party,0,1,0,3,2.0,45.0,0,High
City Hotel,45,2016,December,12,Female,BB,Online TA,TA/TO,0,0,0,D,Transient,2,1,0,4,2.0,48.45,0,Low
City Hotel,3,2016,February,29,Male,BB,Online TA,TA/TO,0,0,0,F,Transient,1,1,0,4,4.0,45.75,1,Low
Resort Hotel,181,2016,October,16,Male,BB,Groups,TA/TO,0,0,0,A,Transient,0,1,0,3,2.0,18.5,0,High
City Hotel,13,2016,May,28,Female,BB,Online TA,TA/TO,0,0,0,D,Transient,2,1,0,1,2.0,78.0,0,Low
City Hotel,25,2017,May,20,Female,BB,Groups,TA/TO,0,0,0,A,Transient-Party,0,1,0,3,2.0,45.0,0,High
City Hotel,305,2016,October,1,Female,HB,Groups,TA/TO,0,1,0,A,Transient,0,1,0,2,2.0,50.0,0,High
City Hotel,87,2016,June,9,Female,BB,Online TA,TA/TO,0,0,0,A,Transient,0,1,0,3,2.0,48.855,0,Low
City Hotel,34,2016,December,25,Male,BB,Online TA,TA/TO,0,0,0,A,Transient,0,1,0,4,2.0,47.6,0,Low
Resort Hotel,87,2016,February,9,Female,HB,Online TA,TA/TO,0,0,0,E,Transient,2,1,0,6,2.0,49.0,0,Low
City Hotel,0,2015,September,10,Female,BB,Corporate,Corporate,0,0,0,A,Transient,0,0,1,1,1.0,90.0,0,Low
Resort Hotel,14,2017,August,24,Male,BB,Offline TA/TO,TA/TO,0,0,0,D,Group,0,1,0,7,2.0,67.5,0,Low
City Hotel,198,2017,July,20,Male,SC,Online TA,TA/TO,0,0,0,A,Transient,0,1,0,3,2.0,48.45,0,Low
City Hotel,33,2015,December,9,Female,BB,Offline TA/TO,TA/TO,0,1,0,A,Transient,0,1,0,2,2.0,55.0,0,High
City Hotel,28,2017,January,24,Female,SC,Online TA,TA/TO,0,0,0,A,Transient,1,1,0,5,2.0,33.79,0,Medium
Resort Hotel,0,2016,March,30,Male,BB,Direct,Direct,0,0,4,F,Transient,1,0,0,2,2.0,41.175,0,Low
City Hotel,290,2016,December,1,Male,BB,Online TA,TA/TO,0,0,0,A,Transient,0,1,0,4,2.0,36.975,0,Low
Resort Hotel,171,2017,August,1,Female,BB,Online TA,TA/TO,0,0,0,D,Transient,2,1,0,9,2.0,95.555,0,High
Resort Hotel,24,2016,May,7,Female,HB,Groups,TA/TO,0,0,0,A,Transient-Party,0,1,0,7,2.0,42.5,0,Low
City Hotel,9,2016,June,27,Male,HB,Online TA,TA/TO,0,0,0,D,Transient,2,1,0,4,2.0,97.0,0,Low
Resort Hotel,0,2017,April,24,Female,BB,Direct,Direct,0,0,0,A,Transient,0,0,0,1,3.0,42.0,1,Low
City Hotel,247,2016,June,6,Female,HB,Offline TA/TO,TA/TO,0,0,0,A,Transient-Party,1,1,0,2,2.0,57.5,0,Low
City Hotel,30,2017,August,17,Male,BB,Direct,Direct,0,0,0,B,Transient-Party,2,1,0,3,3.0,46.00666666666667,1,Low
City Hotel,12,2015,August,5,Female,BB,Corporate,Corporate,0,0,0,A,Transient-Party,0,0,1,3,2.0,32.5,0,Low
City Hotel,2,2016,June,2,Male,BB,Online TA,Corporate,0,0,0,A,Transient,0,0,1,2,2.0,60.0,0,High
City Hotel,8,2017,April,10,Female,SC,Online TA,TA/TO,0,0,0,A,Transient,1,1,0,2,1.0,140.0,0,Low
Resort Hotel,208,2016,August,28,Male,BB,Online TA,TA/TO,0,0,0,D,Transient,1,1,0,7,2.0,61.43,0,High
Resort Hotel,0,2016,August,22,Female,HB,Online TA,TA/TO,1,0,0,D,Transient,1,1,0,0,2.0,0.0,0,Low
City Hotel,5,2016,April,4,Male,BB,Online TA,TA/TO,0,0,0,A,Transient,1,1,0,2,1.0,95.0,0,Low
Resort Hotel,0,2015,November,1,Female,FB,Offline TA/TO,TA/TO,0,0,0,E,Group,0,1,0,1,2.0,40.95,0,Low
Resort Hotel,80,2017,April,24,Male,BB,Online TA,TA/TO,0,0,0,G,Transient,2,1,0,2,3.0,50.666666666666664,1,Low
City Hotel,18,2016,April,2,Male,SC,Online TA,TA/TO,0,0,0,A,Transient,1,1,0,1,2.0,64.5,0,Low
Resort Hotel,6,2016,January,8,Male,BB,Online TA,TA/TO,0,0,0,E,Transient,0,1,0,2,2.0,48.0,0,High
City Hotel,265,2017,July,17,Female,BB,Online TA,TA/TO,0,0,0,D,Transient,1,1,0,4,2.0,60.3,0,Low
City Hotel,8,2016,June,19,Male,HB,Complementary,Direct,1,0,1,G,Transient,1,0,0,1,2.0,0.0,0,High
City Hotel,0,2015,November,9,Female,BB,Online TA,TA/TO,0,0,0,A,Contract,1,1,0,4,2.0,53.0,0,Low
Resort Hotel,169,2016,October,4,Female,BB,Online TA,TA/TO,0,0,0,A,Transient,0,1,0,5,2.0,40.5,0,Medium
City Hotel,21,2016,December,20,Female,BB,Online TA,TA/TO,0,0,0,A,Transient,1,1,0,7,2.0,44.2,0,Low
Resort Hotel,1,2015,December,2,Male,BB,Online TA,TA/TO,0,0,0,G,Transient,1,1,0,1,4.0,24.5,1,High
City Hotel,301,2016,July,30,Female,HB,Offline TA/TO,TA/TO,0,0,0,A,Transient-Party,0,1,0,2,1.0,90.0,0,Low
City Hotel,15,2017,February,13,Male,HB,Online TA,TA/TO,0,0,0,D,Transient,0,1,0,3,2.0,63.2,0,Low
City Hotel,86,2017,May,2,Female,BB,Online TA,TA/TO,0,0,0,A,Transient,1,1,0,3,2.0,48.51,0,Low
City Hotel,75,2016,July,11,Female,BB,Online TA,TA/TO,0,0,0,D,Transient,0,1,0,2,1.0,123.3,0,Low
Resort Hotel,103,2017,January,22,Female,BB,Online TA,TA/TO,0,0,0,G,Transient,0,1,0,13,4.0,21.5,1,Low
Resort Hotel,150,2016,November,10,Female,BB,Online TA,TA/TO,0,0,0,A,Transient,0,1,0,5,2.0,15.12,0,High
City Hotel,316,2016,May,26,Female,BB,Groups,TA/TO,0,0,0,A,Transient-Party,0,1,0,3,1.0,100.0,0,High
City Hotel,32,2016,July,4,Male,BB,Corporate,Corporate,1,1,10,A,Transient,1,0,1,2,1.0,65.0,0,High
Resort Hotel,173,2016,July,25,Male,HB,Offline TA/TO,TA/TO,0,0,0,D,Transient,0,1,0,7,3.0,65.50666666666667,0,Low
Resort Hotel,43,2017,January,27,Male,SC,Online TA,TA/TO,0,0,0,A,Transient-Party,1,1,0,5,2.0,0.0,0,Low
City Hotel,236,2017,July,4,Female,BB,Offline TA/TO,TA/TO,0,0,0,B,Transient-Party,0,1,0,3,2.0,40.05,0,Low
City Hotel,0,2016,October,13,Female,BB,Direct,Direct,1,0,0,F,Transient,0,1,0,0,2.0,0.0,0,High
City Hotel,255,2017,March,30,Male,BB,Online TA,TA/TO,0,0,0,A,Transient,2,1,0,3,2.0,35.33,0,Low
City Hotel,125,2016,April,12,Female,BB,Online TA,TA/TO,0,0,0,D,Transient,0,1,0,5,2.0,49.725,0,Low
Resort Hotel,159,2015,August,10,Male,BB,Direct,Direct,0,0,0,E,Transient-Party,1,0,0,13,2.0,73.8,0,Low
City Hotel,148,2016,July,19,Female,BB,Online TA,TA/TO,0,0,0,A,Transient,1,1,0,5,2.0,39.6,0,Low
City Hotel,31,2017,May,14,Female,BB,Groups,Corporate,0,0,0,A,Transient-Party,0,1,0,3,1.0,130.0,0,Low
City Hotel,162,2015,September,17,Male,BB,Offline TA/TO,TA/TO,0,0,0,A,Transient-Party,0,1,0,3,2.0,35.0,0,Low
City Hotel,44,2016,February,17,Female,BB,Offline TA/TO,TA/TO,0,0,0,A,Transient,0,1,0,3,2.0,37.5,0,High
City Hotel,179,2016,July,1,Female,BB,Groups,TA/TO,0,0,0,A,Transient,0,1,0,2,2.0,32.5,0,High
City Hotel,79,2017,January,26,Female,BB,Groups,TA/TO,0,0,0,A,Transient-Party,0,0,1,1,1.0,85.0,0,Low
Resort Hotel,1,2016,October,30,Female,BB,Online TA,TA/TO,0,0,0,A,Transient,1,1,0,2,2.0,33.0,0,High
City Hotel,80,2016,November,4,Female,BB,Online TA,TA/TO,0,0,0,A,Transient,1,1,0,3,2.0,47.3,0,Low
City Hotel,14,2016,November,25,Male,BB,Corporate,Corporate,0,0,0,A,Transient-Party,0,0,1,1,2.0,38.0,0,High
City Hotel,53,2017,June,15,Female,SC,Online TA,TA/TO,0,0,0,A,Transient,1,1,0,7,2.0,70.0,0,Low
City Hotel,7,2015,August,31,Female,BB,Direct,Direct,0,0,0,A,Transient,0,1,0,6,2.0,37.5,0,Low
City Hotel,59,2017,February,19,Female,BB,Online TA,TA/TO,0,0,0,G,Transient,0,1,0,4,5.0,32.96,1,High
City Hotel,127,2016,November,2,Female,BB,Online TA,TA/TO,0,0,0,A,Transient,3,1,0,5,2.0,45.0,0,Low
City Hotel,0,2016,April,18,Male,BB,Corporate,Corporate,1,0,4,A,Transient,0,0,1,1,1.0,65.0,0,High
City Hotel,4,2015,November,23,Male,BB,Groups,TA/TO,0,0,0,A,Transient-Party,0,1,0,3,1.0,70.0,0,Low
City Hotel,9,2017,March,7,Male,BB,Online TA,TA/TO,0,0,0,D,Transient,0,1,0,2,1.0,118.0,0,Low
Resort Hotel,201,2015,September,19,Female,HB,Offline TA/TO,TA/TO,0,0,0,D,Transient,0,1,0,7,2.0,50.465,0,Low
Resort Hotel,60,2015,August,11,Male,BB,Direct,Direct,0,0,0,C,Transient,0,1,0,4,4.0,47.0,1,High
City Hotel,5,2016,March,21,Female,SC,Online TA,TA/TO,0,0,0,A,Transient,1,1,0,2,1.0,89.0,0,Low
City Hotel,94,2016,April,28,Male,BB,Online TA,TA/TO,0,0,0,A,Transient-Party,0,1,0,2,2.0,55.8,0,Low
Resort Hotel,0,2016,February,18,Female,BB,Direct,Direct,0,0,0,E,Transient,0,0,0,1,2.0,32.5,0,High
Resort Hotel,6,2016,December,6,Male,BB,Offline TA/TO,TA/TO,0,0,0,A,Transient,0,1,0,1,1.0,41.4,0,High
City Hotel,65,2017,March,16,Female,BB,Online TA,TA/TO,0,0,0,A,Transient,0,1,0,4,2.0,45.9,0,Low
City Hotel,151,2017,May,13,Male,BB,Groups,Direct,0,0,0,A,Transient,0,0,0,4,2.0,47.5,0,High
Resort Hotel,9,2017,July,21,Female,BB,Direct,Direct,0,0,0,C,Transient,0,1,0,2,4.0,64.125,1,Low
City Hotel,629,2017,March,30,Female,BB,Groups,TA/TO,0,0,0,A,Transient,0,1,0,2,2.0,31.0,0,High
City Hotel,4,2016,September,26,Male,BB,Offline TA/TO,TA/TO,0,0,0,A,Transient-Party,0,1,0,2,1.0,98.1,0,High
City Hotel,131,2017,July,25,Female,BB,Online TA,TA/TO,0,0,0,A,Transient,0,1,0,3,2.0,65.25,0,Low
City Hotel,122,2016,August,2,Female,BB,Online TA,TA/TO,0,0,0,D,Transient,1,1,0,3,2.0,59.4,0,Low
Resort Hotel,64,2017,July,20,Female,BB,Corporate,Corporate,0,0,0,D,Transient,0,1,0,4,2.0,67.5,0,High
City Hotel,10,2017,January,7,Female,BB,Online TA,TA/TO,0,0,0,E,Transient,2,1,0,5,3.0,36.60666666666666,0,Medium
Resort Hotel,49,2015,October,28,Female,HB,Direct,Direct,0,0,0,A,Transient,1,0,0,7,1.0,69.76,0,Low
City Hotel,1,2015,August,30,Male,BB,Direct,Direct,0,0,0,A,Transient,0,0,0,4,2.0,57.0,0,High
City Hotel,31,2017,June,27,Female,BB,Online TA,TA/TO,0,0,0,A,Transient,2,1,0,1,1.0,99.0,0,Low
City Hotel,29,2017,March,14,Male,BB,Offline TA/TO,TA/TO,0,0,0,A,Transient,0,1,0,4,2.0,34.0,0,Low
City Hotel,148,2015,August,5,Female,BB,Online TA,TA/TO,0,1,0,A,Transient,0,1,0,3,2.0,38.25,0,High
City Hotel,3,2016,August,1,Female,SC,Online TA,TA/TO,0,0,0,A,Transient,1,1,0,2,2.0,54.5,0,Low
City Hotel,10,2016,January,15,Female,BB,Online TA,TA/TO,0,0,0,A,Transient,1,1,0,2,2.0,43.5,0,Medium
City Hotel,16,2015,September,25,Female,BB,Groups,TA/TO,0,0,0,A,Transient,0,1,0,6,1.0,170.0,0,Low
Resort Hotel,64,2016,September,30,Male,BB,Offline TA/TO,TA/TO,0,0,0,D,Transient,0,1,0,6,3.0,35.25666666666667,0,Low
City Hotel,3,2016,November,12,Female,BB,Direct,Direct,1,0,3,F,Transient,1,0,0,1,4.0,18.75,1,High
City Hotel,50,2017,February,3,Female,SC,Online TA,GDS,0,0,0,A,Transient,0,1,0,2,1.0,78.0,0,Low
City Hotel,266,2017,May,3,Male,BB,Groups,TA/TO,0,0,0,A,Transient,0,1,0,3,2.0,50.0,0,High
City Hotel,255,2016,December,27,Female,BB,Offline TA/TO,TA/TO,0,0,0,A,Transient,0,1,0,3,2.0,31.32,0,Low
City Hotel,12,2015,November,23,Female,BB,Direct,Direct,0,0,0,A,Transient,0,1,0,4,1.0,86.5,0,High
City Hotel,63,2016,May,7,Male,BB,Direct,Direct,0,0,0,F,Transient,1,1,0,1,4.0,48.375,1,Low
City Hotel,146,2017,July,11,Female,BB,Online TA,TA/TO,0,0,0,A,Transient,0,1,0,1,3.0,41.699999999999996,1,Low
City Hotel,292,2015,August,5,Female,BB,Groups,TA/TO,0,1,0,A,Transient-Party,0,1,0,2,2.0,31.0,0,High
City Hotel,139,2017,June,12,Female,BB,Offline TA/TO,TA/TO,0,0,0,A,Transient,0,1,0,2,2.0,55.0,0,High
City Hotel,4,2015,August,25,Female,BB,Groups,TA/TO,0,0,0,A,Transient-Party,0,1,0,4,2.0,31.0,0,Low
City Hotel,30,2016,June,2,Male,BB,Offline TA/TO,TA/TO,0,0,0,A,Transient,0,1,0,2,2.0,70.0,0,High
Resort Hotel,47,2017,March,20,Male,BB,Offline TA/TO,TA/TO,0,0,0,A,Transient-Party,0,1,0,5,1.0,48.5,0,Low
City Hotel,160,2017,June,19,Female,HB,Direct,Direct,0,0,0,D,Transient,0,1,0,4,2.0,79.75,0,Low
City Hotel,120,2017,April,17,Female,SC,Online TA,TA/TO,0,0,0,A,Transient-Party,5,1,0,5,1.0,108.0,0,Low
Resort Hotel,57,2016,July,8,Female,BB,Direct,Direct,0,0,0,C,Transient,0,1,0,2,4.0,47.5,1,Low
City Hotel,286,2016,October,28,Male,BB,Groups,TA/TO,0,0,0,A,Transient,0,1,0,2,2.0,32.5,0,High
Resort Hotel,122,2017,July,23,Female,BB,Online TA,TA/TO,0,0,0,G,Transient,1,1,0,7,4.0,90.0,1,Low
City Hotel,111,2016,July,23,Female,HB,Online TA,TA/TO,0,0,0,A,Transient,1,1,0,5,2.0,69.75,0,High
City Hotel,34,2017,March,11,Female,HB,Online TA,TA/TO,0,0,0,D,Transient,0,1,0,3,2.0,79.665,0,Low
City Hotel,0,2017,February,4,Female,BB,Direct,Direct,0,0,0,A,Transient,0,0,0,2,2.0,44.0,0,High
City Hotel,65,2016,May,23,Female,BB,Direct,Direct,0,0,0,A,Transient-Party,0,1,0,2,1.0,85.0,0,High
City Hotel,47,2015,December,5,Female,BB,Groups,TA/TO,0,0,0,A,Transient-Party,0,1,0,3,2.0,31.0,0,Low
City Hotel,451,2017,July,12,Female,BB,Groups,TA/TO,0,0,0,A,Transient-Party,2,1,0,3,2.0,56.335,0,Low
City Hotel,105,2017,May,5,Male,BB,Offline TA/TO,TA/TO,0,0,0,A,Transient,0,1,0,3,2.0,42.5,0,Low
Resort Hotel,152,2017,May,30,Female,BB,Online TA,TA/TO,0,0,0,E,Transient,1,1,0,9,2.0,67.22,0,Low
City Hotel,44,2017,June,18,Female,BB,Online TA,TA/TO,0,0,0,A,Transient,0,1,0,4,2.0,61.5,0,Low
Resort Hotel,29,2015,September,3,Male,BB,Offline TA/TO,TA/TO,0,0,0,E,Contract,1,1,0,4,2.0,54.75,0,High
City Hotel,117,2016,April,29,Male,BB,Online TA,TA/TO,0,0,0,E,Transient,0,1,0,2,2.0,52.92,0,High
Resort Hotel,201,2016,June,30,Female,HB,Online TA,TA/TO,0,0,0,A,Transient,2,1,0,10,3.0,47.333333333333336,1,High
City Hotel,5,2015,September,1,Female,SC,Online TA,TA/TO,0,0,0,A,Contract,0,1,0,3,2.0,48.0,0,Low
City Hotel,107,2016,June,10,Male,BB,Offline TA/TO,TA/TO,0,0,0,A,Transient-Party,0,1,0,1,1.0,120.0,0,High
City Hotel,14,2015,September,7,Female,BB,Online TA,TA/TO,0,0,0,A,Contract,1,1,0,3,2.0,55.665,0,High
City Hotel,4,2016,August,20,Female,BB,Online TA,Corporate,0,0,0,A,Transient,0,0,1,1,2.0,60.8,0,High
City Hotel,190,2016,April,9,Male,BB,Groups,TA/TO,1,13,1,A,Transient-Party,0,0,0,2,2.0,35.0,0,High
City Hotel,44,2017,March,15,Female,BB,Offline TA/TO,TA/TO,0,0,0,A,Transient,0,1,0,4,3.0,36.666666666666664,0,High
Resort Hotel,1,2016,December,12,Male,BB,Direct,Direct,0,0,0,A,Transient,0,1,0,4,1.0,39.0,0,Low
Resort Hotel,7,2016,February,25,Female,BB,Corporate,Corporate,0,0,2,A,Transient,0,0,1,1,1.0,33.0,0,High
City Hotel,1,2015,August,20,Male,BB,Complementary,Direct,0,0,0,A,Transient,0,0,1,1,1.0,0.0,0,High
City Hotel,219,2015,September,4,Female,BB,Offline TA/TO,TA/TO,0,0,0,A,Transient-Party,0,1,0,3,1.0,76.67,0,Low
City Hotel,23,2017,August,12,Female,BB,Online TA,TA/TO,0,0,0,D,Transient,0,1,0,3,2.0,95.0,0,Low
Resort Hotel,145,2016,July,30,Male,HB,Offline TA/TO,TA/TO,0,0,0,D,Transient,1,1,0,7,3.0,61.51666666666667,0,Low
City Hotel,91,2017,April,20,Female,BB,Online TA,TA/TO,0,0,0,D,Transient,0,1,0,5,2.0,67.5,0,Low
City Hotel,64,2016,April,17,Female,HB,Online TA,TA/TO,0,0,0,F,Transient,1,1,0,5,4.0,53.55,1,Low
City Hotel,270,2017,July,7,Male,HB,Online TA,TA/TO,0,0,0,D,Transient,1,1,0,2,2.0,77.4,0,Medium
Resort Hotel,115,2016,November,17,Female,BB,Groups,Direct,0,0,0,A,Transient-Party,0,0,0,4,2.0,17.0,0,Low
City Hotel,161,2016,August,3,Male,HB,Direct,Direct,0,0,0,A,Transient,0,1,0,5,2.0,62.625,0,High
City Hotel,111,2017,April,27,Male,BB,Offline TA/TO,TA/TO,0,0,0,A,Transient,0,1,0,4,2.0,60.0,0,High
City Hotel,147,2016,August,4,Female,BB,Direct,Direct,0,0,0,E,Transient,0,0,0,7,4.0,47.105,1,High
Resort Hotel,270,2017,March,5,Female,HB,Offline TA/TO,TA/TO,0,0,0,A,Transient,0,1,0,4,2.0,27.9,0,High
Resort Hotel,137,2017,July,16,Male,BB,Online TA,TA/TO,0,0,0,A,Transient,1,1,0,3,3.0,57.333333333333336,1,High
City Hotel,123,2017,May,21,Female,SC,Online TA,TA/TO,0,0,0,A,Transient,0,1,0,3,2.0,54.0,0,Low
City Hotel,1,2015,September,9,Male,BB,Online TA,TA/TO,0,0,0,A,Transient,0,1,0,2,1.0,114.0,0,Low
Resort Hotel,1,2017,June,2,Female,BB,Online TA,TA/TO,0,0,0,A,Transient,0,1,0,2,1.0,105.0,0,Low
Resort Hotel,0,2016,March,22,Male,BB,Direct,Direct,0,0,0,A,Transient,1,0,0,1,2.0,29.0,0,High
City Hotel,418,2016,September,26,Female,HB,Offline TA/TO,TA/TO,0,0,0,A,Transient-Party,0,1,0,3,2.0,53.5,0,High
City Hotel,91,2017,June,5,Female,SC,Online TA,TA/TO,0,0,0,A,Transient-Party,0,1,0,6,2.0,65.335,0,Low
Resort Hotel,113,2017,May,12,Female,BB,Online TA,TA/TO,0,0,0,D,Transient,0,1,0,7,2.0,36.0,0,Low
City Hotel,66,2017,April,6,Female,BB,Groups,TA/TO,0,0,0,A,Transient,0,0,0,3,1.0,135.0,0,High
Resort Hotel,1,2017,June,13,Female,BB,Corporate,Direct,1,0,2,A,Transient,0,0,1,1,1.0,75.0,0,High
Resort Hotel,2,2015,December,26,Female,BB,Online TA,TA/TO,0,0,0,A,Transient,2,1,0,1,2.0,27.5,0,Low
City Hotel,27,2017,February,11,Male,BB,Online TA,TA/TO,0,0,0,A,Transient,3,1,0,7,3.0,36.266666666666666,1,Low
City Hotel,17,2017,February,26,Female,BB,Groups,TA/TO,0,0,0,D,Transient-Party,0,1,0,3,1.0,75.0,0,High
City Hotel,1,2017,February,9,Female,SC,Online TA,TA/TO,0,0,0,A,Transient,2,1,0,3,2.0,44.0,0,Low
City Hotel,79,2017,April,9,Male,SC,Online TA,TA/TO,0,0,0,A,Transient,0,1,0,3,2.0,49.5,0,Low
Resort Hotel,40,2017,May,28,Male,BB,Online TA,TA/TO,0,0,0,D,Transient,1,1,0,2,2.0,37.8,0,Medium
Resort Hotel,60,2017,March,28,Female,BB,Offline TA/TO,TA/TO,0,0,0,A,Transient,0,1,0,7,2.0,18.975,0,High
City Hotel,12,2016,December,10,Male,BB,Online TA,TA/TO,0,0,0,D,Transient,0,1,0,1,3.0,53.666666666666664,0,Low
City Hotel,40,2016,December,16,Female,SC,Online TA,TA/TO,0,0,0,A,Transient,3,1,0,3,2.0,44.0,0,Low
Resort Hotel,19,2016,August,13,Female,BB,Online TA,TA/TO,0,0,0,E,Transient,0,1,0,5,2.0,129.0,0,Low
Resort Hotel,140,2016,April,28,Female,HB,Direct,Direct,0,0,0,G,Transient,0,1,0,7,2.0,71.5,0,Low
City Hotel,193,2016,August,26,Female,BB,Online TA,TA/TO,0,0,0,A,Transient,0,1,0,4,2.0,47.6,0,Low
City Hotel,103,2015,July,18,Male,HB,Offline TA/TO,TA/TO,0,0,0,A,Transient-Party,0,1,0,3,2.0,47.25,0,Medium
Resort Hotel,109,2017,April,29,Male,BB,Online TA,TA/TO,0,0,0,A,Transient,0,1,0,2,2.0,42.5,0,High
City Hotel,159,2016,April,9,Male,BB,Offline TA/TO,TA/TO,0,0,0,A,Transient-Party,1,1,0,2,2.0,35.0,0,Low
Resort Hotel,138,2017,February,24,Male,BB,Online TA,TA/TO,0,0,0,A,Transient,1,1,0,4,2.0,18.9,0,Low
City Hotel,0,2016,June,23,Male,BB,Direct,Direct,0,0,0,E,Transient,0,1,0,1,4.0,31.5,1,High
Resort Hotel,1,2017,February,10,Male,BB,Offline TA/TO,TA/TO,0,0,0,A,Transient,0,1,0,2,2.0,17.0,0,Low
City Hotel,156,2016,July,7,Female,SC,Online TA,TA/TO,0,0,0,A,Transient,0,1,0,4,2.0,50.315,0,Low
City Hotel,39,2015,August,14,Female,HB,Offline TA/TO,TA/TO,0,0,0,A,Transient-Party,0,1,0,2,2.0,50.75,0,High
City Hotel,15,2015,September,11,Female,SC,Online TA,TA/TO,0,0,0,A,Contract,1,1,0,4,2.0,53.875,0,Low
City Hotel,8,2016,November,21,Female,BB,Online TA,TA/TO,0,0,0,A,Transient,2,1,0,1,1.0,103.0,0,Medium
City Hotel,33,2017,March,6,Male,BB,Online TA,TA/TO,0,0,0,D,Transient,0,1,0,5,2.0,50.15,0,Low
Resort Hotel,236,2015,October,13,Female,BB,Offline TA/TO,TA/TO,0,0,0,E,Transient,0,1,0,7,2.0,28.8,0,Low
Resort Hotel,108,2015,December,3,Male,HB,Offline TA/TO,TA/TO,0,0,0,A,Transient,0,1,0,7,2.0,24.75,0,Low
City Hotel,109,2017,May,5,Female,BB,Offline TA/TO,TA/TO,0,0,0,D,Transient,0,1,0,3,2.0,49.05,0,Low
City Hotel,281,2016,October,1,Female,HB,Groups,TA/TO,0,0,0,A,Transient-Party,0,1,0,3,2.0,48.0,0,High
Resort Hotel,107,2015,July,31,Female,BB,Offline TA/TO,TA/TO,0,0,0,A,Transient,2,1,0,6,3.0,49.38666666666666,1,Low
Resort Hotel,83,2015,October,21,Female,BB,Online TA,TA/TO,0,0,0,A,Transient,2,1,0,3,2.0,17.325,0,High
City Hotel,0,2017,May,15,Male,BB,Direct,Direct,0,0,0,A,Transient,0,0,0,1,2.0,6.0,0,High
City Hotel,245,2017,July,13,Male,BB,Online TA,TA/TO,0,0,0,F,Transient,1,1,0,2,4.0,44.775,1,Low
City Hotel,91,2016,April,2,Male,BB,Online TA,TA/TO,0,0,0,A,Transient,0,1,0,4,2.0,29.685,0,Low
City Hotel,65,2016,July,17,Male,BB,Direct,Direct,0,0,0,E,Transient-Party,1,0,0,5,2.0,65.875,0,High
Resort Hotel,31,2016,February,13,Male,BB,Online TA,TA/TO,0,0,0,E,Transient,2,1,0,1,2.0,30.6,0,High
City Hotel,53,2016,June,24,Male,BB,Groups,TA/TO,0,0,0,A,Transient-Party,1,1,0,3,2.0,32.5,0,High
City Hotel,0,2016,March,1,Female,BB,Online TA,TA/TO,0,0,0,A,Transient,0,1,0,1,2.0,50.5,0,Low
City Hotel,29,2017,August,18,Female,BB,Online TA,TA/TO,0,0,0,G,Transient,1,1,0,2,4.0,63.74,1,High
Resort Hotel,26,2017,January,7,Male,BB,Online TA,TA/TO,0,0,0,A,Transient,1,1,0,4,2.0,21.75,0,Low
City Hotel,35,2016,September,25,Female,BB,Online TA,TA/TO,0,0,0,A,Transient,1,1,0,3,2.0,58.5,0,Low
City Hotel,83,2015,September,30,Female,HB,Offline TA/TO,TA/TO,0,0,0,A,Transient-Party,0,1,0,1,2.0,56.1,0,High
City Hotel,0,2016,May,17,Female,HB,Offline TA/TO,TA/TO,1,0,0,A,Transient,0,1,0,0,2.0,0.0,0,High
City Hotel,1,2015,August,10,Male,BB,Direct,Direct,0,0,0,A,Transient,0,1,0,7,2.0,37.5,0,Low
Resort Hotel,383,2016,October,6,Male,BB,Groups,TA/TO,0,0,0,A,Transient-Party,0,1,0,2,2.0,27.0,0,Low
Resort Hotel,211,2017,July,17,Female,BB,Online TA,TA/TO,0,0,0,A,Transient,1,1,0,9,2.0,76.25,0,Low
City Hotel,10,2016,November,17,Male,SC,Online TA,TA/TO,0,0,0,A,Transient,0,1,0,4,2.0,39.315,0,Medium
Resort Hotel,23,2017,August,11,Female,HB,Online TA,TA/TO,0,0,0,A,Transient,2,1,0,1,2.0,120.5,0,Low
Resort Hotel,9,2016,October,21,Male,BB,Online TA,TA/TO,0,0,0,D,Transient,2,1,0,2,2.0,45.0,0,Low
City Hotel,1,2016,June,22,Male,SC,Online TA,TA/TO,0,0,0,A,Transient,2,1,0,1,2.0,64.5,0,Low
Resort Hotel,5,2016,December,31,Female,BB,Online TA,TA/TO,0,0,0,A,Transient,1,1,0,2,2.0,47.5,0,High
City Hotel,81,2016,April,10,Male,SC,Online TA,TA/TO,0,0,0,A,Transient,0,1,0,2,2.0,42.75,0,Low
Resort Hotel,29,2015,November,8,Male,BB,Online TA,TA/TO,0,0,0,D,Transient,0,1,0,7,2.0,36.145,0,Medium
City Hotel,1,2016,August,28,Female,BB,Direct,Direct,0,0,0,A,Transient,1,0,0,2,2.0,74.5,0,High
Resort Hotel,2,2017,February,10,Female,HB,Offline TA/TO,TA/TO,0,0,0,A,Transient,1,1,0,2,2.0,30.0,0,Low
Resort Hotel,353,2017,June,30,Male,HB,Offline TA/TO,TA/TO,0,0,0,D,Contract,0,1,0,7,2.0,55.37,0,High
City Hotel,173,2017,March,17,Male,SC,Online TA,TA/TO,0,0,0,A,Transient,0,1,0,3,2.0,39.6,0,Low
City Hotel,132,2016,August,29,Male,BB,Online TA,TA/TO,0,0,0,A,Transient,0,1,0,3,2.0,48.15,0,Medium
City Hotel,196,2017,August,21,Female,BB,Online TA,TA/TO,0,0,0,A,Transient,3,1,0,4,3.0,45.0,1,Low
City Hotel,32,2016,April,27,Male,HB,Online TA,TA/TO,0,0,0,A,Transient,0,1,0,1,3.0,55.050000000000004,1,High
Resort Hotel,152,2016,April,20,Male,BB,Groups,Direct,0,0,0,A,Transient-Party,1,0,0,4,2.0,25.25,0,Low
City Hotel,224,2016,September,5,Female,BB,Direct,Direct,0,0,0,E,Transient,2,1,0,3,3.0,55.6,0,Medium
City Hotel,86,2015,September,9,Male,BB,Corporate,Corporate,0,0,0,A,Transient-Party,0,0,1,2,2.0,50.0,0,Low
City Hotel,38,2017,January,14,Female,BB,Corporate,Corporate,0,0,0,A,Transient,0,0,1,1,1.0,75.0,0,High
City Hotel,245,2016,July,6,Female,BB,Offline TA/TO,TA/TO,0,0,0,A,Transient,0,1,0,6,1.0,110.0,0,High
City Hotel,101,2017,July,20,Female,BB,Online TA,TA/TO,0,0,0,D,Transient,1,1,0,3,2.0,68.25,0,Low
City Hotel,180,2017,August,16,Female,SC,Offline TA/TO,TA/TO,0,0,0,A,Transient,0,1,0,6,2.0,35.55,0,Low
City Hotel,135,2016,August,13,Female,BB,Online TA,TA/TO,0,0,0,A,Transient,1,1,0,1,3.0,43.5,1,Low
City Hotel,57,2017,April,3,Female,BB,Online TA,TA/TO,0,0,0,A,Transient,2,1,0,4,2.0,58.5,0,Low
City Hotel,30,2017,June,27,Male,SC,Online TA,TA/TO,0,0,0,A,Transient,1,1,0,2,2.0,56.75,0,Low
Resort Hotel,7,2015,November,20,Female,BB,Online TA,TA/TO,0,0,0,D,Transient,1,1,0,1,2.0,23.2,0,High
Resort Hotel,2,2016,February,6,Female,BB,Direct,Direct,0,0,0,E,Transient-Party,0,0,0,1,2.0,29.0,0,High
City Hotel,127,2016,December,27,Female,BB,Online TA,TA/TO,0,0,0,D,Transient,1,1,0,3,3.0,33.85,1,High
City Hotel,81,2016,April,1,Female,BB,Complementary,Direct,0,0,0,A,Transient,0,0,0,2,2.0,0.0,0,High
City Hotel,123,2016,April,12,Female,BB,Online TA,TA/TO,0,0,0,B,Transient-Party,1,1,0,5,2.0,40.75,1,Low
Resort Hotel,114,2017,June,3,Male,BB,Online TA,TA/TO,0,0,0,F,Transient,1,1,0,4,2.0,75.0,0,High
City Hotel,63,2016,February,15,Female,BB,Online TA,TA/TO,0,0,0,B,Transient,1,1,0,4,2.0,32.83,0,Low
Resort Hotel,8,2016,August,26,Female,HB,Online TA,TA/TO,0,0,0,D,Transient,1,1,0,4,2.0,70.955,0,Low
City Hotel,64,2017,January,8,Female,SC,Online TA,TA/TO,0,0,0,A,Transient,0,1,0,5,2.0,39.6,0,Medium
City Hotel,28,2017,March,30,Female,BB,Online TA,TA/TO,0,0,0,A,Transient,0,1,0,1,1.0,86.4,0,Medium
City Hotel,337,2017,March,1,Male,SC,Online TA,TA/TO,0,0,0,A,Transient,2,1,0,2,2.0,35.55,0,Medium
Resort Hotel,26,2016,November,30,Female,BB,Online TA,TA/TO,0,0,0,A,Transient,1,1,0,5,2.0,19.31,0,Low
Resort Hotel,142,2017,May,18,Female,BB,Online TA,TA/TO,0,0,0,E,Transient,0,1,0,7,2.0,42.4,0,Low
City Hotel,3,2016,July,14,Female,SC,Offline TA/TO,TA/TO,0,0,0,A,Transient,1,1,0,1,2.0,37.5,0,High
Resort Hotel,161,2016,July,28,Female,BB,Offline TA/TO,TA/TO,0,0,0,D,Transient,1,1,0,7,2.0,62.5,0,Low
City Hotel,238,2017,March,28,Male,BB,Online TA,TA/TO,0,0,0,D,Transient,1,1,0,4,2.0,48.875,0,Low
City Hotel,12,2016,February,6,Male,BB,Online TA,TA/TO,0,0,0,A,Transient,0,1,0,1,3.0,36.333333333333336,1,High
City Hotel,3,2016,October,14,Female,HB,Groups,TA/TO,0,0,0,A,Transient-Party,0,1,0,2,1.0,90.0,0,Low
City Hotel,0,2016,October,3,Male,SC,Direct,Direct,1,0,0,A,Transient,0,0,0,1,2.0,85.0,0,High
City Hotel,159,2016,August,8,Female,BB,Direct,Direct,0,0,0,A,Transient,0,1,0,8,2.0,48.875,0,Low
City Hotel,1,2016,April,6,Male,HB,Offline TA/TO,TA/TO,0,0,0,D,Transient-Party,0,1,0,1,1.0,92.0,0,High
City Hotel,57,2017,March,16,Female,BB,Offline TA/TO,TA/TO,0,0,0,A,Transient,0,1,0,3,2.0,37.5,0,Medium
City Hotel,2,2016,October,4,Male,BB,Online TA,TA/TO,0,0,0,D,Transient,1,1,0,2,2.0,67.375,0,Low
City Hotel,7,2017,May,31,Female,BB,Corporate,Corporate,0,0,0,A,Transient,0,0,1,1,1.0,65.0,0,High
Resort Hotel,75,2015,August,12,Female,HB,Offline TA/TO,TA/TO,0,0,0,A,Transient,1,1,0,9,2.0,66.5,0,Low
Resort Hotel,178,2017,August,3,Male,Undefined,Offline TA/TO,TA/TO,0,0,0,D,Transient,0,1,0,10,2.0,87.75,0,High
City Hotel,0,2016,February,24,Female,SC,Online TA,TA/TO,0,0,0,A,Transient,0,1,0,1,1.0,85.0,0,High
City Hotel,3,2016,March,7,Female,SC,Online TA,TA/TO,0,0,0,A,Transient,0,1,0,5,2.0,45.3,0,Low
Resort Hotel,0,2016,March,16,Female,BB,Complementary,Direct,0,0,0,A,Transient,0,0,0,2,1.0,0.0,0,Low
City Hotel,2,2016,March,14,Female,BB,Online TA,TA/TO,0,0,0,A,Transient,0,1,0,0,2.0,0.0,0,Low
City Hotel,84,2016,September,13,Male,BB,Online TA,TA/TO,0,0,0,D,Transient,2,1,0,5,3.0,56.1,0,Medium
City Hotel,151,2016,January,19,Male,BB,Offline TA/TO,TA/TO,0,0,0,A,Transient-Party,0,1,0,3,1.0,80.0,0,High
City Hotel,47,2015,December,5,Male,BB,Groups,TA/TO,0,0,0,A,Transient-Party,0,1,0,3,3.0,28.0,0,Low
City Hotel,0,2016,February,26,Male,BB,Online TA,TA/TO,0,0,0,A,Transient,0,1,0,2,1.0,85.0,0,High
City Hotel,26,2017,February,4,Female,BB,Online TA,TA/TO,0,0,0,A,Transient,0,1,0,4,2.0,41.65,0,Low
City Hotel,66,2016,March,5,Female,HB,Online TA,TA/TO,0,0,0,A,Transient,0,1,0,2,2.0,63.0,0,Low
Resort Hotel,73,2015,December,12,Female,BB,Online TA,TA/TO,0,0,0,A,Transient,1,1,0,14,1.0,36.0,0,Low
Resort Hotel,0,2017,July,12,Female,BB,Online TA,TA/TO,0,0,0,D,Transient,2,1,0,1,4.0,31.5,1,High
City Hotel,49,2017,March,10,Male,BB,Online TA,TA/TO,0,0,0,A,Transient,1,1,0,3,2.0,43.38,0,Low
Resort Hotel,239,2017,June,19,Female,BB,Online TA,TA/TO,0,0,0,A,Transient,1,1,0,5,2.0,49.5,0,Low
Resort Hotel,98,2016,May,4,Male,BB,Online TA,TA/TO,0,0,0,A,Transient,1,1,0,6,2.0,21.715,0,Low
Resort Hotel,8,2016,July,2,Female,BB,Online TA,TA/TO,0,0,0,G,Transient,0,1,0,3,4.0,51.0825,1,High
Resort Hotel,113,2016,January,2,Female,HB,Groups,Direct,0,0,0,A,Transient,0,1,0,1,2.0,36.0,0,High
City Hotel,165,2016,August,13,Female,BB,Online TA,TA/TO,0,0,0,A,Transient,0,1,0,7,3.0,45.78,0,Low
City Hotel,189,2017,June,2,Male,BB,Groups,TA/TO,0,0,0,A,Transient,0,0,0,2,2.0,50.0,0,High
City Hotel,162,2017,May,6,Female,BB,Groups,TA/TO,0,0,0,A,Transient,0,1,0,3,1.0,80.0,0,High
Resort Hotel,234,2016,June,16,Male,BB,Direct,Direct,0,0,0,A,Transient,0,1,0,7,2.0,34.855,0,Low
City Hotel,25,2017,June,27,Female,BB,Corporate,Corporate,0,0,0,A,Transient-Party,0,0,1,1,2.0,50.0,0,High
Resort Hotel,59,2015,December,26,Female,BB,Online TA,TA/TO,0,0,0,D,Transient,1,1,0,8,2.0,35.59,0,Low
City Hotel,24,2017,June,26,Female,BB,Corporate,Corporate,0,0,0,A,Transient-Party,0,0,1,3,1.0,95.0,0,Low
City Hotel,17,2016,March,30,Male,BB,Online TA,TA/TO,0,0,0,A,Transient,1,1,0,3,2.0,74.5,0,Low
Resort Hotel,97,2016,November,14,Female,BB,Online TA,TA/TO,0,0,0,E,Transient,1,1,0,5,2.0,28.9,0,Low
City Hotel,10,2015,August,21,Male,BB,Online TA,TA/TO,0,0,0,F,Contract,2,1,0,3,4.0,38.25,1,High
City Hotel,14,2016,June,20,Female,BB,Online TA,TA/TO,0,0,0,D,Transient,0,1,0,2,3.0,59.0,0,Medium
Resort Hotel,5,2017,June,17,Female,BB,Online TA,TA/TO,0,0,0,A,Transient,0,1,0,1,2.0,79.0,0,Low
City Hotel,58,2017,April,27,Female,SC,Online TA,TA/TO,0,0,0,A,Transient,0,1,0,2,2.0,54.0,0,Low
City Hotel,73,2016,June,4,Male,BB,Online TA,TA/TO,0,0,0,A,Transient,2,1,0,2,1.0,117.0,0,High
Resort Hotel,288,2015,September,2,Male,BB,Online TA,TA/TO,0,1,0,A,Transient-Party,0,1,0,4,2.0,55.35,0,High
City Hotel,10,2015,August,18,Male,BB,Online TA,TA/TO,0,0,0,A,Transient,1,1,0,5,2.0,45.0,0,Low
City Hotel,1,2017,March,22,Female,SC,Online TA,TA/TO,0,0,0,A,Transient,0,1,0,1,2.0,44.5,0,Low
City Hotel,105,2017,May,18,Male,BB,Online TA,TA/TO,0,0,0,D,Transient,2,1,0,3,1.0,144.0,0,Low
City Hotel,6,2015,December,10,Female,BB,Offline TA/TO,TA/TO,0,1,0,A,Transient-Party,0,1,0,2,1.0,0.0,0,High
Resort Hotel,65,2015,September,16,Female,BB,Direct,Direct,0,0,0,A,Transient,2,1,0,3,1.0,74.0,0,High
City Hotel,0,2016,March,5,Male,BB,Direct,Direct,0,0,0,F,Transient,0,0,0,1,2.0,37.5,0,High
City Hotel,99,2016,April,8,Male,SC,Online TA,TA/TO,0,0,0,A,Transient,0,1,0,4,2.0,41.625,0,Low
City Hotel,130,2017,January,25,Female,SC,Online TA,TA/TO,0,0,0,A,Transient,2,1,0,2,2.0,35.64,0,Low
City Hotel,7,2016,February,5,Male,SC,Online TA,TA/TO,0,0,0,A,Transient,0,1,0,3,2.0,39.5,0,Medium
City Hotel,86,2016,September,3,Female,BB,Offline TA/TO,TA/TO,0,0,0,D,Transient,3,1,0,4,2.0,45.475,0,Low
City Hotel,200,2016,October,31,Female,HB,Online TA,TA/TO,0,0,0,F,Transient,0,1,0,3,4.0,53.4,1,Low
Resort Hotel,18,2016,February,14,Female,BB,Online TA,TA/TO,0,0,0,E,Transient,2,1,0,1,2.0,39.0,0,Low
City Hotel,142,2016,April,22,Female,BB,Groups,TA/TO,0,0,0,A,Transient,0,1,0,5,2.0,51.5,0,Low
City Hotel,19,2016,September,12,Male,BB,Corporate,Corporate,0,0,0,A,Transient,0,0,1,1,1.0,68.5,0,High
City Hotel,86,2015,September,24,Female,BB,Offline TA/TO,TA/TO,0,0,0,A,Transient-Party,0,1,0,2,2.0,52.5,0,Low
City Hotel,13,2016,January,11,Female,BB,Offline TA/TO,TA/TO,0,0,0,A,Transient,0,1,0,3,2.0,41.0,0,Low
City Hotel,277,2016,September,5,Female,HB,Offline TA/TO,TA/TO,0,0,0,A,Transient-Party,1,1,0,7,2.0,44.57,0,Low
Resort Hotel,306,2017,June,21,Female,Undefined,Offline TA/TO,TA/TO,0,0,0,E,Transient,0,1,0,12,2.0,78.85,0,Low
City Hotel,207,2016,December,30,Female,BB,Offline TA/TO,TA/TO,0,0,0,A,Transient,0,1,0,3,2.0,80.835,0,Low
Resort Hotel,31,2016,March,18,Male,BB,Offline TA/TO,TA/TO,0,0,0,D,Transient,0,1,0,14,2.0,26.1,0,Low
Resort Hotel,9,2016,July,6,Female,BB,Online TA,TA/TO,0,0,0,A,Transient,1,1,0,1,2.0,79.5,0,Medium
City Hotel,123,2017,May,19,Male,BB,Online TA,TA/TO,0,0,0,A,Transient,0,1,0,2,2.0,63.0,0,Low
City Hotel,253,2017,July,15,Female,SC,Online TA,TA/TO,0,0,0,A,Transient,2,1,0,7,2.0,44.55,0,Low
Resort Hotel,5,2016,December,10,Male,BB,Online TA,TA/TO,0,0,0,A,Transient,1,1,0,7,2.0,29.215,0,Low
City Hotel,100,2015,October,16,Male,HB,Offline TA/TO,TA/TO,0,0,0,A,Transient,0,1,0,1,2.0,54.0,0,High
City Hotel,142,2017,June,19,Female,SC,Online TA,TA/TO,0,0,0,A,Transient,0,1,0,2,2.0,49.5,0,Low
City Hotel,10,2015,September,5,Male,BB,Offline TA/TO,TA/TO,0,0,0,A,Group,1,1,0,1,2.0,42.5,0,High
City Hotel,17,2016,January,1,Female,BB,Online TA,TA/TO,0,0,0,B,Transient,1,1,0,3,2.0,48.04,0,Low
City Hotel,208,2017,May,24,Male,HB,Groups,TA/TO,0,0,0,A,Transient-Party,0,1,0,2,2.0,57.2,0,Low
Resort Hotel,60,2016,August,21,Male,BB,Online TA,TA/TO,0,0,0,G,Transient,0,1,0,4,4.0,70.25,1,Low
City Hotel,100,2015,October,31,Female,BB,Groups,TA/TO,0,0,0,A,Transient-Party,0,1,0,2,2.0,31.0,0,Low
Resort Hotel,112,2015,December,30,Female,Undefined,Groups,Direct,0,0,0,A,Transient-Party,0,0,0,3,2.0,112.335,0,High
Resort Hotel,49,2015,December,23,Male,HB,Online TA,TA/TO,0,0,0,F,Transient,1,1,0,0,3.0,0.0,1,High
City Hotel,205,2016,September,16,Female,BB,Groups,TA/TO,0,0,0,A,Transient,0,1,0,3,2.0,60.0,0,High
City Hotel,131,2016,August,1,Male,BB,Online TA,TA/TO,0,0,0,A,Transient,1,1,0,4,2.0,49.725,0,Low
City Hotel,149,2016,August,20,Male,BB,Online TA,TA/TO,0,0,0,D,Transient,0,1,0,3,3.0,45.9,0,Low
City Hotel,167,2016,June,28,Male,SC,Online TA,TA/TO,0,0,0,A,Transient,0,1,0,4,2.0,40.375,0,Medium
Resort Hotel,4,2017,January,14,Female,HB,Groups,TA/TO,0,0,0,A,Transient-Party,0,1,0,1,1.0,68.0,0,High
City Hotel,3,2016,September,2,Female,BB,Direct,Direct,0,0,0,D,Transient,1,1,0,1,2.0,70.0,0,Low
Resort Hotel,8,2016,October,26,Male,BB,Corporate,Corporate,0,0,0,A,Transient,0,0,1,1,1.0,54.9,0,High
City Hotel,0,2016,September,8,Female,SC,Online TA,TA/TO,0,0,0,A,Transient,0,1,0,1,2.0,74.5,0,Medium
City Hotel,395,2017,May,17,Female,BB,Offline TA/TO,TA/TO,0,0,0,A,Transient-Party,2,1,0,3,2.0,56.335,0,Low
Resort Hotel,5,2016,May,11,Female,BB,Direct,Direct,0,0,0,D,Transient,0,1,0,1,1.0,84.6,0,Low
Resort Hotel,339,2016,October,11,Male,BB,Groups,Direct,0,0,0,A,Transient-Party,0,1,0,7,1.0,46.36,0,Low
Resort Hotel,42,2015,September,16,Male,BB,Direct,Direct,0,0,0,A,Transient,0,1,0,3,2.0,37.0,0,High
City Hotel,74,2017,April,9,Female,BB,Online TA,TA/TO,0,0,0,A,Transient,1,1,0,3,2.0,58.5,0,Low
City Hotel,2,2016,April,1,Male,BB,Online TA,TA/TO,0,0,0,F,Transient,2,1,0,4,3.0,47.74,0,Low
Resort Hotel,138,2015,September,16,Female,BB,Offline TA/TO,TA/TO,0,0,0,D,Transient,0,1,0,7,2.0,33.075,0,Low
Resort Hotel,241,2015,July,17,Female,BB,Offline TA/TO,TA/TO,0,0,0,E,Contract,0,1,0,5,2.0,56.315,0,Low
City Hotel,102,2017,April,24,Female,BB,Direct,Direct,0,0,0,A,Transient-Party,0,0,0,4,2.0,50.0,0,High
City Hotel,45,2017,August,27,Female,BB,Groups,TA/TO,0,0,0,A,Transient-Party,0,1,0,1,1.0,115.0,0,Low
City Hotel,247,2017,June,22,Male,SC,Online TA,TA/TO,0,0,0,A,Transient,2,1,0,3,2.0,49.5,0,Low
City Hotel,60,2016,April,9,Female,BB,Offline TA/TO,TA/TO,0,0,0,A,Transient,1,1,0,5,3.0,13.92,0,High
Resort Hotel,80,2016,April,18,Female,HB,Offline TA/TO,TA/TO,0,0,0,D,Transient,1,1,0,7,2.0,39.1,0,Low
Resort Hotel,177,2017,April,16,Female,BB,Direct,Direct,0,0,0,F,Transient,0,1,0,7,2.0,50.105,0,Low
Resort Hotel,1,2017,July,13,Male,BB,Online TA,TA/TO,0,0,0,D,Transient,3,1,0,1,2.0,60.0,0,Low
Resort Hotel,358,2017,July,29,Female,BB,Online TA,TA/TO,0,0,0,E,Transient,0,1,0,7,2.0,82.8,0,Low
City Hotel,9,2016,October,30,Female,SC,Direct,Direct,0,0,0,A,Transient,0,1,0,1,2.0,60.0,0,Low
City Hotel,350,2016,June,17,Female,BB,Groups,TA/TO,0,0,0,A,Transient,0,1,0,2,2.0,70.0,0,High
City Hotel,4,2016,August,29,Female,BB,Offline TA/TO,TA/TO,0,0,0,A,Transient,0,1,0,2,1.0,80.0,0,Low
Resort Hotel,302,2017,May,9,Female,HB,Groups,Direct,0,0,0,A,Transient-Party,0,0,0,4,2.0,40.5,0,High
Resort Hotel,4,2017,March,13,Female,BB,Online TA,TA/TO,0,0,0,A,Transient,1,1,0,2,2.0,36.0,0,Low
Resort Hotel,16,2015,August,19,Female,BB,Direct,Direct,0,0,0,D,Transient,2,1,0,4,2.0,96.0,0,Low
City Hotel,443,2016,April,29,Female,BB,Offline TA/TO,TA/TO,0,0,0,A,Transient,0,1,0,1,2.0,32.5,0,High
City Hotel,136,2016,August,11,Male,BB,Online TA,TA/TO,0,0,0,A,Transient,1,1,0,5,2.0,43.18,1,Low
Resort Hotel,49,2015,October,28,Male,HB,Direct,Direct,0,0,0,A,Transient,1,0,0,7,1.0,65.19,0,Low
Resort Hotel,76,2015,August,5,Female,BB,Offline TA/TO,TA/TO,0,0,0,D,Transient,0,1,0,11,2.0,62.29,0,Low
City Hotel,23,2017,January,15,Male,BB,Online TA,TA/TO,0,0,0,A,Transient,1,1,0,3,2.0,46.315,0,Medium
Resort Hotel,313,2017,May,9,Female,BB,Online TA,TA/TO,0,0,0,D,Transient,1,1,0,7,2.0,25.985,0,Low
City Hotel,573,2017,February,2,Female,BB,Groups,TA/TO,0,0,0,A,Transient,0,1,0,2,2.0,31.0,0,High
City Hotel,69,2016,April,10,Male,HB,Online TA,TA/TO,0,0,0,D,Transient,1,1,0,4,2.0,58.59,0,Low
Resort Hotel,2,2016,August,11,Female,BB,Online TA,TA/TO,0,0,0,E,Transient,1,1,0,2,2.0,94.5,0,Low
City Hotel,62,2017,April,15,Male,BB,Online TA,TA/TO,0,0,0,A,Transient,0,1,0,3,2.0,66.0,0,Low
City Hotel,171,2017,July,6,Female,SC,Online TA,TA/TO,0,0,0,A,Transient,1,1,0,4,2.0,34.305,0,Medium
City Hotel,91,2016,September,30,Male,BB,Offline TA/TO,TA/TO,0,0,0,A,Transient-Party,0,1,0,3,2.0,40.0,0,High
City Hotel,41,2016,March,24,Male,BB,Online TA,TA/TO,0,0,0,A,Transient-Party,0,1,0,3,2.0,58.8,0,Low
City Hotel,0,2016,August,20,Female,SC,Direct,Direct,0,0,0,A,Transient,0,0,0,1,2.0,64.5,0,High
City Hotel,112,2017,April,12,Female,SC,Online TA,TA/TO,0,0,0,A,Transient-Party,2,1,0,3,2.0,52.5,0,Medium
Resort Hotel,101,2016,April,29,Female,BB,Groups,TA/TO,0,0,0,A,Transient-Party,0,1,0,7,2.0,23.5,0,High
City Hotel,17,2016,October,7,Female,BB,Online TA,TA/TO,0,0,0,A,Transient,1,1,0,4,2.0,58.52,0,Low
City Hotel,3,2016,January,21,Male,BB,Corporate,Corporate,0,0,0,A,Transient-Party,0,0,1,1,1.0,66.0,0,High
Resort Hotel,274,2017,June,24,Female,BB,Online TA,TA/TO,0,0,0,A,Transient,1,1,0,8,2.0,40.88,0,High
City Hotel,80,2016,December,9,Female,BB,Offline TA/TO,TA/TO,0,0,0,A,Transient,0,1,0,2,2.0,37.5,0,Low
City Hotel,493,2017,August,1,Female,BB,Groups,TA/TO,0,0,0,A,Transient,0,1,0,1,2.0,45.0,0,High
City Hotel,274,2016,July,31,Female,BB,Online TA,TA/TO,0,0,0,B,Transient,1,1,0,3,2.0,48.25,0,Low
City Hotel,153,2017,August,10,Female,SC,Online TA,TA/TO,0,0,0,A,Transient,0,1,0,4,2.0,45.0,0,Low
Resort Hotel,0,2016,March,2,Female,BB,Online TA,TA/TO,0,0,1,A,Transient,1,1,0,1,1.0,43.0,0,Low
City Hotel,176,2017,April,14,Female,HB,Groups,TA/TO,0,0,0,A,Transient-Party,1,1,0,4,2.0,56.5,0,Low
Resort Hotel,0,2015,December,1,Male,BB,Online TA,TA/TO,0,0,0,D,Transient,1,1,0,2,2.0,24.0,0,Low
City Hotel,40,2017,February,11,Male,HB,Online TA,TA/TO,0,0,0,A,Transient,2,1,0,4,2.0,65.7,0,Low
Resort Hotel,179,2016,July,6,Male,BB,Online TA,TA/TO,0,0,0,A,Transient,1,1,0,7,2.0,53.55,0,High
City Hotel,2,2016,March,2,Male,BB,Offline TA/TO,TA/TO,0,0,0,A,Transient-Party,0,1,0,1,1.0,55.0,0,High
Resort Hotel,200,2017,May,16,Male,BB,Offline TA/TO,TA/TO,0,0,0,D,Contract,1,1,0,7,2.0,25.425,0,Low
City Hotel,180,2016,August,15,Male,BB,Online TA,TA/TO,0,0,0,D,Transient,2,1,0,7,3.0,27.36,1,Low
City Hotel,206,2016,August,4,Male,BB,Online TA,TA/TO,0,0,0,A,Transient,0,1,0,2,2.0,52.65,0,Low
Resort Hotel,283,2015,October,12,Male,BB,Groups,Direct,0,0,0,D,Transient-Party,0,1,0,7,2.0,34.51,0,Low
City Hotel,54,2017,January,14,Female,BB,Corporate,Corporate,0,0,0,A,Transient,0,0,1,1,1.0,75.0,0,High
City Hotel,183,2017,February,15,Male,BB,Online TA,TA/TO,0,0,0,A,Transient,1,1,0,3,3.0,35.4,1,Low
City Hotel,178,2017,June,28,Male,BB,Online TA,TA/TO,0,0,0,A,Transient,0,1,0,3,2.0,58.5,0,Low
City Hotel,275,2016,April,17,Female,HB,Offline TA/TO,TA/TO,0,0,0,A,Transient,0,1,0,2,2.0,55.0,0,High
City Hotel,11,2015,December,5,Female,HB,Groups,TA/TO,0,0,0,A,Transient-Party,0,1,0,4,2.0,52.0,0,High
City Hotel,25,2017,February,1,Female,BB,Online TA,TA/TO,0,0,0,D,Transient,1,1,0,7,2.0,45.9,0,Medium
City Hotel,111,2017,April,27,Female,BB,Offline TA/TO,TA/TO,0,0,0,A,Transient,0,1,0,4,2.0,60.0,0,High
Resort Hotel,36,2015,November,10,Female,BB,Direct,Direct,0,0,0,A,Transient,0,1,0,5,3.0,24.400000000000002,1,Low
Resort Hotel,85,2016,April,7,Female,HB,Groups,TA/TO,0,0,0,A,Transient-Party,0,1,0,3,2.0,32.0,0,High
City Hotel,114,2016,June,15,Female,BB,Online TA,TA/TO,0,0,0,D,Transient,0,1,0,4,3.0,50.15,0,Low
City Hotel,101,2016,April,9,Male,BB,Online TA,TA/TO,0,0,0,A,Transient,1,1,0,2,2.0,48.15,0,Medium
Resort Hotel,4,2017,August,7,Male,BB,Direct,Direct,0,0,0,D,Group,1,1,0,1,2.0,112.5,0,Low
City Hotel,84,2016,September,9,Female,BB,Online TA,TA/TO,0,0,0,D,Transient,2,1,0,2,1.0,149.4,0,Low
City Hotel,315,2017,July,28,Female,SC,Online TA,TA/TO,0,0,0,A,Transient,0,1,0,3,2.0,44.55,0,Low
Resort Hotel,30,2015,August,28,Female,BB,Online TA,TA/TO,0,0,0,A,Transient,2,1,0,5,2.0,50.58,0,Low
City Hotel,30,2016,November,26,Female,SC,Online TA,TA/TO,0,0,0,A,Transient,0,1,0,3,2.0,44.0,0,Low
Resort Hotel,58,2016,May,8,Male,BB,Offline TA/TO,TA/TO,0,0,0,A,Transient-Party,1,1,0,2,3.0,25.2,0,High
City Hotel,41,2017,January,26,Female,BB,Direct,Direct,0,0,0,A,Transient,0,1,0,3,2.0,34.78,0,Low
Resort Hotel,28,2016,April,5,Male,HB,Offline TA/TO,TA/TO,0,0,0,A,Transient,0,1,0,0,2.0,0.0,0,High
Resort Hotel,86,2017,January,20,Female,BB,Online TA,TA/TO,0,0,0,A,Transient,1,1,0,4,2.0,21.0,0,Low
City Hotel,284,2017,April,28,Female,BB,Online TA,TA/TO,0,0,0,A,Transient,2,1,0,3,2.0,54.9,0,Medium
City Hotel,279,2015,July,23,Female,BB,Groups,TA/TO,0,1,0,A,Contract,0,1,0,2,2.0,31.0,0,High
Resort Hotel,88,2017,April,29,Male,BB,Offline TA/TO,TA/TO,0,0,0,A,Transient,0,1,0,7,1.0,34.2,0,Low
Resort Hotel,1,2016,October,4,Female,BB,Online TA,TA/TO,0,0,0,A,Transient-Party,1,1,0,1,2.0,47.5,0,Medium
Resort Hotel,17,2016,June,10,Female,BB,Online TA,TA/TO,0,0,0,A,Transient-Party,0,1,0,3,2.0,64.5,0,High
City Hotel,66,2016,May,8,Female,BB,Online TA,TA/TO,0,0,0,A,Transient,1,1,0,5,2.0,59.925,0,Low
City Hotel,60,2015,September,21,Female,BB,Offline TA/TO,TA/TO,0,0,0,A,Transient-Party,0,1,0,2,2.0,32.5,0,Low
Resort Hotel,164,2016,November,4,Female,BB,Direct,Direct,0,0,0,A,Transient,0,1,0,5,2.0,21.9,0,Low
City Hotel,133,2016,June,27,Male,BB,Online TA,TA/TO,0,0,0,D,Transient,0,1,0,5,2.0,51.85,0,Low
City Hotel,545,2017,January,5,Female,BB,Groups,TA/TO,0,0,0,A,Transient,0,1,0,2,2.0,31.0,0,High
Resort Hotel,0,2015,October,12,Female,BB,Direct,Direct,0,0,0,A,Transient,1,0,0,3,2.0,31.0,0,Low
Resort Hotel,128,2016,August,14,Female,HB,Direct,Direct,0,0,0,G,Transient,0,1,0,6,4.0,79.4175,1,High
City Hotel,211,2016,August,22,Female,BB,Online TA,TA/TO,0,0,0,D,Transient,2,1,0,5,3.0,40.516666666666666,0,Low
Resort Hotel,347,2017,July,3,Male,BB,Online TA,TA/TO,0,0,0,H,Transient,0,1,0,10,4.0,46.0,1,Low
Resort Hotel,22,2017,February,23,Female,Undefined,Groups,TA/TO,0,0,0,A,Transient-Party,0,1,0,2,2.0,30.0,0,Low
City Hotel,14,2015,September,14,Female,BB,Corporate,Corporate,0,0,0,A,Transient,0,0,1,4,1.0,65.0,0,High
City Hotel,305,2016,November,4,Male,BB,Offline TA/TO,TA/TO,0,0,0,A,Transient,0,1,0,3,2.0,44.5,0,High
City Hotel,27,2015,December,27,Female,HB,Offline TA/TO,TA/TO,0,0,0,A,Transient,3,1,0,3,3.0,34.833333333333336,1,Low
Resort Hotel,19,2016,March,20,Male,BB,Online TA,TA/TO,0,0,0,A,Transient,1,1,0,4,2.0,33.0,0,High
Resort Hotel,117,2017,April,2,Female,BB,Online TA,TA/TO,0,0,0,D,Transient,1,1,0,3,2.0,31.5,0,Low
City Hotel,75,2017,January,11,Female,BB,Offline TA/TO,TA/TO,0,0,0,D,Transient,1,1,0,3,2.0,41.4,0,Low
City Hotel,15,2017,May,31,Female,SC,Online TA,TA/TO,0,0,0,A,Transient,1,1,0,1,2.0,70.0,0,Low
Resort Hotel,113,2015,September,10,Male,BB,Online TA,TA/TO,0,0,0,F,Transient,2,1,0,4,2.0,47.185,0,High
City Hotel,34,2016,December,4,Female,BB,Direct,Direct,0,0,0,A,Transient,0,1,0,4,3.0,30.0,1,Low
Resort Hotel,3,2016,April,28,Female,HB,Online TA,TA/TO,0,0,0,E,Transient-Party,1,1,0,5,1.0,127.0,0,Low
City Hotel,272,2015,July,16,Female,BB,Groups,TA/TO,1,1,0,A,Transient-Party,0,1,0,2,2.0,31.4,0,High
City Hotel,12,2016,November,26,Female,BB,Direct,Direct,0,0,0,A,Transient,0,1,0,1,2.0,41.565,0,High
City Hotel,139,2017,April,23,Male,BB,Online TA,TA/TO,0,0,0,A,Transient,0,1,0,3,2.0,58.5,0,Low
Resort Hotel,468,2016,May,12,Male,HB,Groups,TA/TO,0,0,0,A,Transient-Party,0,1,0,2,2.0,34.5,0,Low
City Hotel,50,2015,October,9,Male,BB,Groups,TA/TO,0,0,0,A,Transient-Party,0,1,0,2,2.0,42.5,0,High
City Hotel,131,2016,June,17,Male,BB,Online TA,TA/TO,0,0,0,A,Transient,1,1,0,5,2.0,52.87,0,Low
City Hotel,31,2016,February,28,Female,BB,Offline TA/TO,TA/TO,0,0,0,A,Transient,0,1,0,3,2.0,35.665,0,Low
Resort Hotel,198,2016,October,5,Male,HB,Online TA,TA/TO,0,0,0,E,Transient,0,1,0,9,2.0,53.8,0,Low
City Hotel,144,2016,May,22,Female,BB,Online TA,TA/TO,0,0,0,D,Transient-Party,1,1,0,5,2.0,56.015,0,Low
Resort Hotel,4,2017,January,14,Male,HB,Groups,TA/TO,0,0,0,A,Transient-Party,1,1,0,1,2.0,50.0,0,High
City Hotel,200,2016,September,20,Female,BB,Online TA,TA/TO,0,0,0,A,Transient,0,1,0,6,3.0,50.15,0,Low
City Hotel,30,2016,November,30,Female,BB,Offline TA/TO,TA/TO,0,0,0,A,Transient,0,1,0,2,3.0,32.699999999999996,0,Medium
Resort Hotel,240,2016,September,18,Female,BB,Offline TA/TO,TA/TO,0,0,0,A,Contract,1,1,0,11,2.0,25.925,0,Low
City Hotel,158,2016,May,24,Female,BB,Groups,TA/TO,0,0,0,A,Transient,0,1,0,2,1.0,130.0,0,High
City Hotel,42,2016,August,29,Male,BB,Online TA,TA/TO,0,0,0,D,Transient,0,1,0,4,3.0,48.07666666666666,0,Low
Resort Hotel,212,2017,July,14,Female,HB,Online TA,TA/TO,0,0,0,G,Transient,0,1,0,10,4.0,72.4,1,Low
City Hotel,86,2015,September,9,Female,BB,Corporate,Corporate,0,0,0,A,Transient-Party,0,0,1,2,2.0,50.0,0,Low
City Hotel,102,2017,August,16,Female,BB,Online TA,TA/TO,0,0,0,D,Transient,1,1,0,4,2.0,77.5,0,Low
City Hotel,192,2017,April,28,Male,BB,Offline TA/TO,TA/TO,0,0,0,A,Transient,0,1,0,4,1.0,84.6,0,High
City Hotel,76,2016,October,22,Female,BB,Online TA,TA/TO,0,0,0,D,Transient,1,1,0,7,2.0,58.18,0,Low
City Hotel,150,2017,August,21,Male,BB,Offline TA/TO,TA/TO,0,0,0,A,Transient,0,1,0,2,2.0,40.05,0,High
Resort Hotel,155,2015,October,31,Female,BB,Groups,Direct,0,0,0,A,Transient,0,0,0,1,2.0,18.0,0,High
City Hotel,3,2016,March,27,Female,BB,Offline TA/TO,TA/TO,0,0,0,A,Transient,0,1,0,4,2.0,27.5,0,Low
City Hotel,13,2017,May,29,Female,BB,Direct,Direct,1,1,1,A,Transient,0,0,0,3,1.0,95.0,0,Low
Resort Hotel,0,2017,February,17,Female,BB,Direct,Direct,1,0,0,A,Transient,1,1,0,2,2.0,30.0,0,High
City Hotel,117,2016,May,5,Male,BB,Online TA,TA/TO,0,0,0,F,Transient,2,1,0,3,4.0,44.325,1,Low
City Hotel,16,2017,February,16,Female,BB,Direct,Direct,0,0,0,D,Transient,1,1,0,3,2.0,52.775,0,Low
Resort Hotel,27,2016,March,29,Female,BB,Direct,Direct,0,0,0,G,Transient,3,0,0,2,5.0,21.0,1,High
City Hotel,59,2016,April,12,Male,BB,Online TA,TA/TO,0,0,0,D,Transient,0,1,0,7,2.0,56.705,0,High
City Hotel,36,2016,September,15,Male,BB,Online TA,TA/TO,0,0,0,F,Transient,3,1,0,3,4.0,51.975,1,Low
City Hotel,71,2016,April,7,Female,BB,Online TA,TA/TO,0,0,0,F,Transient-Party,2,1,0,3,4.0,42.825,1,Medium
City Hotel,45,2017,March,5,Female,BB,Online TA,TA/TO,0,0,0,A,Transient,2,1,0,3,2.0,48.6,0,Low
City Hotel,161,2016,May,22,Male,BB,Online TA,TA/TO,0,0,0,D,Transient,1,1,0,3,2.0,57.15,0,Low
City Hotel,130,2016,April,19,Female,BB,Offline TA/TO,TA/TO,0,0,0,A,Transient,0,1,0,4,2.0,43.775,0,Low
City Hotel,20,2017,May,24,Female,BB,Groups,TA/TO,0,0,0,A,Transient-Party,0,1,0,1,2.0,60.0,0,High
Resort Hotel,152,2016,March,24,Female,BB,Online TA,TA/TO,0,0,0,A,Transient,2,1,0,3,1.0,42.3,0,High
Resort Hotel,3,2015,October,8,Female,BB,Direct,Direct,0,0,0,F,Transient,1,1,0,1,2.0,43.5,0,High
Resort Hotel,19,2016,April,26,Female,BB,Online TA,TA/TO,0,0,0,A,Transient,1,1,0,2,2.0,32.5,0,Low
Resort Hotel,177,2016,September,2,Male,BB,Online TA,TA/TO,0,0,0,A,Transient,3,1,0,7,2.0,65.5,0,Low
Resort Hotel,13,2015,December,24,Female,HB,Online TA,TA/TO,1,1,0,E,Transient,0,1,0,1,2.0,52.5,0,High
Resort Hotel,0,2016,July,22,Male,BB,Direct,Direct,0,0,0,A,Transient,0,0,0,1,2.0,83.0,0,High
Resort Hotel,0,2016,December,26,Male,BB,Corporate,Corporate,1,0,0,D,Transient,1,0,1,0,2.0,0.0,0,High
City Hotel,162,2015,September,17,Female,BB,Offline TA/TO,TA/TO,0,0,0,A,Transient,0,1,0,3,2.0,35.0,0,Low
City Hotel,35,2016,March,13,Female,BB,Online TA,TA/TO,0,0,0,A,Transient,1,1,0,2,2.0,50.05,0,High
City Hotel,37,2017,June,8,Female,SC,Online TA,TA/TO,0,0,0,A,Transient,0,1,0,4,2.0,62.5,0,Low
City Hotel,51,2017,March,2,Male,SC,Online TA,TA/TO,0,0,0,A,Transient,1,1,0,2,2.0,44.1,0,Low
Resort Hotel,58,2015,July,13,Female,HB,Direct,Direct,0,0,0,E,Transient,1,1,0,3,2.0,82.5,0,Low
City Hotel,87,2017,March,20,Female,BB,Offline TA/TO,TA/TO,0,0,0,A,Transient,0,1,0,6,2.0,34.0,0,High
City Hotel,18,2016,March,19,Female,BB,Online TA,TA/TO,0,0,0,A,Transient,0,1,0,3,2.0,68.835,1,Low
City Hotel,43,2015,August,21,Female,HB,Groups,TA/TO,0,0,0,A,Transient-Party,0,1,0,4,1.0,61.0,0,Medium
City Hotel,148,2017,April,25,Male,SC,Online TA,TA/TO,0,0,0,A,Transient,1,1,0,2,2.0,44.55,0,Low
City Hotel,35,2015,October,17,Female,BB,Online TA,TA/TO,0,1,0,A,Transient,2,1,0,2,2.0,53.775,0,High
Resort Hotel,35,2017,April,13,Male,HB,Online TA,TA/TO,0,0,0,E,Transient,0,1,0,4,2.0,81.0,0,High
Resort Hotel,22,2016,December,8,Female,Undefined,Groups,TA/TO,0,0,0,A,Transient-Party,0,1,0,3,2.0,40.0,0,Low
City Hotel,39,2017,May,5,Female,BB,Online TA,TA/TO,0,0,0,D,Transient,0,1,0,1,3.0,65.7,0,Low
City Hotel,1,2017,May,9,Female,BB,Corporate,Corporate,0,0,0,A,Transient,0,0,1,1,1.0,65.0,0,High
City Hotel,365,2015,October,17,Female,BB,Groups,TA/TO,0,1,0,A,Transient,0,1,0,2,2.0,31.4,0,High
Resort Hotel,41,2016,April,4,Male,HB,Offline TA/TO,TA/TO,0,0,0,A,Transient,0,1,0,0,2.0,0.0,0,High
City Hotel,328,2015,September,10,Female,BB,Groups,TA/TO,0,1,0,A,Contract,0,1,0,2,2.0,31.0,0,High
Resort Hotel,7,2015,October,15,Female,BB,Groups,Corporate,0,0,0,A,Transient-Party,0,0,1,0,2.0,0.0,0,Low
City Hotel,28,2017,May,9,Female,BB,Online TA,TA/TO,0,0,0,A,Transient,3,1,0,1,2.0,84.5,0,Low
City Hotel,150,2016,July,7,Female,BB,Online TA,TA/TO,0,0,0,A,Transient,0,1,0,7,3.0,40.27333333333333,1,Low
Resort Hotel,2,2016,December,11,Female,BB,Online TA,Corporate,1,0,2,A,Transient,1,1,0,2,2.0,24.0,0,High
City Hotel,75,2016,April,7,Female,BB,Online TA,TA/TO,0,0,0,A,Transient,2,1,0,3,3.0,42.9,0,High
Resort Hotel,155,2015,July,18,Female,HB,Offline TA/TO,TA/TO,0,1,0,A,Contract,0,1,0,8,2.0,60.85,0,High
City Hotel,552,2017,January,12,Male,BB,Groups,TA/TO,0,0,0,A,Transient,0,1,0,2,2.0,31.0,0,High
City Hotel,83,2017,June,27,Female,BB,Online TA,TA/TO,0,0,0,D,Transient,1,1,0,2,3.0,63.333333333333336,0,Low
City Hotel,135,2015,September,14,Female,BB,Offline TA/TO,TA/TO,0,0,0,A,Transient-Party,0,1,0,3,2.0,45.0,0,Low
City Hotel,107,2016,August,20,Male,HB,Offline TA/TO,TA/TO,0,0,0,A,Transient,0,1,0,3,3.0,32.300000000000004,0,High
City Hotel,12,2017,February,9,Female,HB,Online TA,TA/TO,0,0,0,G,Transient,0,1,0,4,5.0,47.68,1,High
City Hotel,106,2015,December,9,Female,BB,Groups,TA/TO,0,0,0,A,Transient,0,1,0,2,2.0,37.5,0,High
City Hotel,74,2016,February,17,Female,BB,Online TA,TA/TO,0,0,0,A,Transient,0,1,0,5,2.0,27.62,0,High
Resort Hotel,207,2015,September,26,Male,HB,Offline TA/TO,TA/TO,0,1,0,A,Transient,0,1,0,2,2.0,17.0,0,High
Resort Hotel,81,2015,August,11,Male,BB,Online TA,TA/TO,0,0,0,A,Transient,1,1,0,7,2.0,59.01,0,Low
City Hotel,32,2017,March,4,Male,BB,Online TA,TA/TO,0,0,0,D,Transient,1,1,0,5,2.0,36.685,0,Low
City Hotel,252,2016,October,19,Female,SC,Online TA,TA/TO,1,0,1,A,Transient,3,1,0,3,2.0,42.75,0,Low
Resort Hotel,81,2015,October,31,Female,BB,Online TA,TA/TO,0,0,0,A,Transient,1,1,0,7,2.0,18.645,0,High
City Hotel,309,2016,May,12,Female,BB,Groups,TA/TO,0,0,0,A,Transient,0,1,0,2,2.0,31.0,0,High
Resort Hotel,170,2016,September,19,Female,BB,Online TA,TA/TO,0,0,0,D,Transient,2,1,0,7,2.0,55.0,0,Low
City Hotel,57,2017,May,20,Female,HB,Online TA,TA/TO,0,0,0,A,Transient,2,1,0,1,2.0,109.0,0,Low
City Hotel,372,2016,July,14,Male,BB,Groups,TA/TO,0,0,0,A,Transient,0,1,0,2,2.0,31.0,0,High
City Hotel,110,2016,July,7,Female,BB,Online TA,TA/TO,0,0,0,D,Transient,2,1,0,4,3.0,46.18333333333334,0,Low
City Hotel,20,2015,October,4,Female,BB,Online TA,TA/TO,0,0,0,A,Contract,0,1,0,3,2.0,53.5,0,Low
City Hotel,37,2017,June,10,Male,BB,Online TA,TA/TO,0,0,0,A,Transient,1,1,0,2,2.0,70.0,0,Low
Resort Hotel,11,2016,October,29,Female,BB,Direct,Direct,0,0,0,A,Transient,0,0,0,1,2.0,19.0,0,High
City Hotel,34,2017,May,1,Male,SC,Online TA,TA/TO,0,0,0,A,Transient,0,1,0,6,2.0,74.5,0,Low
Resort Hotel,0,2015,September,5,Female,BB,Online TA,TA/TO,0,0,0,D,Transient,1,0,0,1,3.0,61.333333333333336,1,High
Resort Hotel,119,2016,August,8,Male,BB,Online TA,TA/TO,0,0,0,D,Transient,0,1,0,9,2.0,103.39,0,Low
Resort Hotel,11,2015,December,29,Male,BB,Complementary,Direct,0,0,0,F,Transient,0,0,0,3,2.0,1.0,0,High
Resort Hotel,336,2016,September,15,Female,BB,Groups,Direct,0,0,0,A,Transient-Party,0,0,1,4,1.0,60.0,0,Low
Resort Hotel,153,2015,August,5,Female,BB,Direct,Direct,0,0,0,A,Transient,1,1,0,7,2.0,67.0,0,Low
Resort Hotel,63,2017,April,1,Female,BB,Online TA,TA/TO,0,0,0,A,Transient,1,1,0,1,2.0,24.0,0,High
City Hotel,307,2017,July,1,Male,BB,Online TA,TA/TO,0,0,0,D,Transient,1,1,0,4,3.0,45.300000000000004,0,Medium
City Hotel,352,2017,June,4,Male,BB,Offline TA/TO,TA/TO,0,0,0,A,Transient-Party,1,1,0,4,2.0,41.875,0,Low
Resort Hotel,88,2017,March,11,Male,BB,Groups,TA/TO,0,0,0,A,Transient-Party,0,1,0,7,1.0,30.0,0,Low
City Hotel,19,2016,February,17,Male,SC,Online TA,TA/TO,0,0,0,A,Transient,1,1,0,1,1.0,57.98,0,High
City Hotel,47,2016,November,25,Female,BB,Online TA,TA/TO,0,0,0,F,Transient,2,1,0,2,2.0,78.3,0,High
City Hotel,126,2016,May,4,Female,BB,Online TA,TA/TO,0,0,0,D,Transient,2,1,0,4,3.0,35.343333333333334,0,Low
City Hotel,15,2016,July,29,Female,BB,Direct,Direct,0,0,0,G,Transient,0,1,0,1,4.0,50.25,1,Low
Resort Hotel,187,2015,August,4,Male,BB,Online TA,TA/TO,0,1,0,A,Transient,1,1,0,5,2.0,67.0,0,High
City Hotel,261,2017,February,23,Female,BB,Online TA,TA/TO,0,0,0,A,Transient,1,1,0,3,3.0,29.33666666666667,0,Low
Resort Hotel,118,2016,May,31,Female,BB,Offline TA/TO,TA/TO,0,0,0,D,Contract,1,1,0,11,2.0,34.3,0,Low
City Hotel,63,2016,May,17,Male,BB,Offline TA/TO,GDS,0,0,0,A,Transient,0,1,0,3,1.0,136.0,0,Low
City Hotel,42,2017,February,17,Female,BB,Direct,Direct,0,0,0,D,Transient,0,1,0,3,2.0,52.665,0,Low
City Hotel,0,2015,November,23,Male,BB,Online TA,TA/TO,1,0,0,A,Transient,0,1,0,0,2.0,0.0,0,High
City Hotel,348,2017,June,3,Female,BB,Offline TA/TO,TA/TO,0,0,0,A,Transient,0,1,0,3,2.0,45.0,0,High
Resort Hotel,42,2016,August,23,Female,HB,Offline TA/TO,TA/TO,0,0,0,D,Transient,0,1,0,5,2.0,75.5,0,Low
Resort Hotel,6,2016,May,9,Female,BB,Offline TA/TO,TA/TO,0,0,0,A,Transient,0,1,0,1,1.0,58.0,0,High
City Hotel,223,2016,September,30,Female,SC,Online TA,TA/TO,0,0,0,A,Transient,0,1,0,5,2.0,36.98,0,High
City Hotel,93,2016,April,12,Female,BB,Online TA,TA/TO,0,0,0,A,Transient-Party,3,1,0,3,2.0,48.15,0,Low
City Hotel,1,2017,March,25,Female,SC,Online TA,TA/TO,1,0,13,A,Transient,1,1,0,1,2.0,49.0,0,High
City Hotel,5,2016,February,8,Female,SC,Online TA,TA/TO,0,0,0,A,Transient,0,1,0,4,2.0,34.55,0,Low
City Hotel,36,2016,February,22,Female,BB,Online TA,TA/TO,0,0,0,A,Transient,1,1,0,3,2.0,41.35,0,Low
City Hotel,24,2017,January,13,Male,SC,Online TA,TA/TO,0,0,0,A,Transient,1,1,0,2,2.0,39.75,0,Low
City Hotel,78,2016,August,7,Male,BB,Online TA,TA/TO,0,0,0,A,Transient,0,1,0,1,2.0,58.95,0,Low
Resort Hotel,64,2016,November,19,Female,BB,Offline TA/TO,TA/TO,0,0,0,A,Transient,0,1,0,4,2.0,17.5,0,Low
Resort Hotel,80,2017,July,20,Male,HB,Online TA,TA/TO,0,0,0,A,Transient,2,1,0,7,2.0,118.5,0,Medium
City Hotel,16,2016,December,4,Female,BB,Corporate,Corporate,1,5,54,A,Transient,2,0,1,1,1.0,65.0,0,High
City Hotel,1,2017,April,15,Female,SC,Online TA,TA/TO,0,0,0,A,Transient,1,1,0,1,2.0,60.795,0,Low
City Hotel,10,2016,June,27,Male,BB,Corporate,Corporate,1,0,9,A,Transient,1,0,1,1,1.0,65.0,0,High
City Hotel,5,2015,August,12,Female,BB,Offline TA/TO,TA/TO,0,0,0,A,Transient,0,1,0,1,2.0,37.5,0,Low
City Hotel,271,2016,December,26,Female,HB,Online TA,TA/TO,0,0,0,D,Transient,1,1,0,7,2.0,72.315,0,Low
City Hotel,104,2017,April,9,Male,BB,Online TA,TA/TO,0,0,0,A,Transient,3,1,0,3,2.0,58.5,0,Low
City Hotel,60,2015,September,21,Male,BB,Offline TA/TO,TA/TO,0,0,0,A,Transient-Party,0,1,0,2,2.0,32.5,0,Low
Resort Hotel,144,2016,June,4,Male,BB,Online TA,TA/TO,0,0,0,A,Transient,1,1,0,7,2.0,37.67,0,High
City Hotel,169,2017,July,10,Female,BB,Online TA,TA/TO,0,0,0,F,Transient,0,1,0,3,4.0,52.25,1,Low
Resort Hotel,86,2015,July,4,Female,BB,Online TA,TA/TO,0,0,0,D,Transient,2,1,0,7,2.0,48.5,0,Low
Resort Hotel,143,2015,October,10,Female,BB,Groups,TA/TO,0,0,0,A,Transient,0,1,0,7,2.0,18.025,0,High
Resort Hotel,32,2015,July,11,Female,HB,Online TA,TA/TO,0,0,0,E,Transient,0,1,0,10,2.0,89.0,0,High
City Hotel,16,2016,January,15,Female,BB,Online TA,TA/TO,0,0,0,A,Transient,1,1,0,3,2.0,49.0,0,Low
Resort Hotel,257,2015,September,15,Female,BB,Offline TA/TO,TA/TO,0,0,0,D,Contract,1,1,0,8,2.0,31.24,0,Low
City Hotel,55,2016,April,6,Male,HB,Offline TA/TO,TA/TO,0,0,0,A,Transient-Party,0,1,0,1,2.0,52.0,0,High
City Hotel,115,2016,February,27,Female,BB,Offline TA/TO,TA/TO,0,0,0,A,Transient-Party,0,1,0,5,1.0,75.0,0,Low
City Hotel,72,2017,February,1,Female,SC,Online TA,TA/TO,0,0,0,A,Transient,0,1,0,5,2.0,33.66,0,Low
Resort Hotel,107,2016,June,1,Male,BB,Direct,Direct,0,0,0,D,Transient-Party,0,0,0,6,2.0,38.875,0,High
City Hotel,92,2017,March,15,Female,BB,Groups,Direct,0,0,0,A,Transient,0,0,0,3,2.0,42.5,0,High
Resort Hotel,172,2017,August,10,Female,BB,Online TA,TA/TO,0,0,2,D,Transient,4,1,0,13,2.0,106.155,0,High
Resort Hotel,0,2016,December,13,Male,BB,Direct,Direct,0,0,0,E,Transient,0,0,0,1,2.0,29.5,0,Low
City Hotel,79,2015,November,13,Female,BB,Offline TA/TO,TA/TO,0,0,0,A,Transient,0,1,0,2,2.0,37.5,0,High
City Hotel,45,2016,May,15,Male,BB,Direct,Direct,0,0,0,A,Transient,0,1,0,2,2.0,63.05,0,Low
City Hotel,10,2016,February,6,Female,BB,Online TA,TA/TO,0,0,0,A,Transient,1,1,0,1,2.0,46.5,0,Low
Resort Hotel,67,2015,August,2,Female,BB,Direct,Direct,0,0,0,D,Transient,1,0,0,6,2.0,81.75,0,High
City Hotel,1,2015,September,9,Female,BB,Corporate,Corporate,0,0,0,A,Transient-Party,0,0,1,2,1.0,90.0,0,Low
Resort Hotel,21,2017,February,25,Male,BB,Online TA,TA/TO,0,0,0,D,Transient-Party,2,1,0,3,2.0,30.0,0,High
Resort Hotel,198,2016,June,3,Female,BB,Online TA,TA/TO,0,0,0,E,Transient,0,1,0,7,2.0,49.5,0,High
City Hotel,57,2016,November,22,Female,SC,Online TA,TA/TO,0,0,0,A,Transient,1,1,0,1,2.0,30.49,0,Low
Resort Hotel,2,2016,October,22,Female,BB,Online TA,TA/TO,0,0,0,A,Transient,1,1,0,1,2.0,37.5,0,High
City Hotel,26,2017,March,7,Male,BB,Direct,Direct,0,0,0,E,Transient,0,0,0,4,1.0,145.5,0,High
Resort Hotel,166,2015,July,15,Female,FB,Groups,TA/TO,0,24,0,A,Transient,0,0,0,2,2.0,60.75,0,High
Resort Hotel,222,2016,August,27,Female,HB,Offline TA/TO,TA/TO,0,0,0,D,Transient,0,1,0,14,2.0,46.05,0,High
Resort Hotel,155,2016,June,9,Male,BB,Offline TA/TO,TA/TO,0,0,0,D,Contract,1,1,0,14,2.0,32.38,0,Low
City Hotel,144,2017,March,11,Female,BB,Groups,TA/TO,0,0,0,A,Transient,0,1,0,2,2.0,40.0,0,High
City Hotel,96,2017,May,1,Female,BB,Direct,Direct,0,0,0,A,Transient,2,1,0,2,2.0,52.5,0,Low
Resort Hotel,1,2017,August,8,Male,BB,Direct,Direct,0,0,0,H,Transient,1,1,0,1,2.0,134.5,0,Low
City Hotel,101,2016,July,9,Male,BB,Offline TA/TO,TA/TO,0,0,0,A,Transient,0,1,0,4,2.0,34.0,0,High
City Hotel,0,2016,March,2,Male,BB,Corporate,Direct,0,0,0,A,Transient,1,0,0,2,1.0,55.0,0,High
City Hotel,287,2017,August,16,Female,BB,Online TA,TA/TO,0,0,0,A,Transient,0,1,0,1,2.0,53.55,0,Low
City Hotel,240,2016,October,27,Female,BB,Online TA,TA/TO,0,0,0,A,Transient-Party,2,1,0,4,2.0,45.475,0,Low
City Hotel,303,2016,August,19,Female,BB,Offline TA/TO,TA/TO,0,0,0,A,Transient-Party,0,1,0,5,2.0,39.0,0,High
City Hotel,377,2015,October,29,Male,BB,Groups,TA/TO,0,1,0,A,Contract,0,1,0,2,2.0,31.0,0,High
Resort Hotel,176,2017,July,22,Female,BB,Online TA,TA/TO,0,0,0,C,Transient,0,1,0,7,3.0,48.5,0,Low
City Hotel,3,2016,October,25,Female,BB,Direct,Direct,0,0,0,A,Transient,0,1,0,4,1.0,133.0,0,High
City Hotel,168,2017,April,20,Female,BB,Online TA,TA/TO,0,0,0,D,Transient,3,1,0,3,3.0,55.5,0,Medium
Resort Hotel,4,2016,February,14,Female,HB,Online TA,TA/TO,0,0,0,E,Transient,2,1,0,1,3.0,41.666666666666664,1,High
City Hotel,122,2016,June,16,Female,SC,Online TA,TA/TO,0,0,0,A,Transient,2,1,0,3,2.0,58.05,0,Low
City Hotel,0,2015,August,15,Male,BB,Direct,Direct,0,0,0,B,Transient,0,0,0,1,2.0,60.0,0,High
Resort Hotel,18,2016,September,20,Female,BB,Corporate,Corporate,1,1,4,A,Transient,0,0,1,1,1.0,126.0,0,High
City Hotel,326,2017,August,26,Male,SC,Online TA,TA/TO,0,0,0,A,Transient-Party,0,1,0,2,2.0,44.55,0,Low
Resort Hotel,237,2015,August,27,Male,BB,Online TA,TA/TO,0,3,0,A,Transient,1,1,0,8,2.0,51.525,0,High
Resort Hotel,172,2017,April,29,Male,HB,Online TA,TA/TO,0,0,0,D,Transient,0,1,0,7,2.0,43.455,0,High
City Hotel,10,2017,January,6,Male,SC,Online TA,TA/TO,0,0,0,A,Transient,0,1,0,4,2.0,35.595,0,Medium
City Hotel,54,2015,December,1,Female,BB,Direct,Direct,0,1,0,A,Transient-Party,0,0,0,1,1.0,81.0,0,High
City Hotel,115,2016,March,20,Male,BB,Groups,TA/TO,0,1,0,A,Transient,0,1,0,2,1.0,70.0,0,High
City Hotel,316,2016,May,26,Female,BB,Groups,TA/TO,0,0,0,A,Transient-Party,0,1,0,3,2.0,55.0,0,Low
Resort Hotel,20,2017,March,10,Male,BB,Online TA,TA/TO,1,0,0,H,Transient,1,1,0,2,4.0,29.25,1,Low
City Hotel,29,2016,December,2,Female,BB,Corporate,TA/TO,0,0,0,A,Transient-Party,0,0,0,2,2.0,42.5,0,High
City Hotel,118,2016,June,6,Male,BB,Groups,TA/TO,0,0,0,A,Transient-Party,0,1,0,2,2.0,60.0,0,High
Resort Hotel,116,2016,October,23,Female,BB,Online TA,TA/TO,0,0,0,D,Transient-Party,1,1,0,5,2.0,34.0,0,Low
City Hotel,254,2017,March,30,Female,BB,Online TA,TA/TO,0,0,0,A,Transient,1,1,0,3,2.0,35.33,0,Low
City Hotel,14,2016,September,11,Female,BB,Online TA,TA/TO,0,0,0,A,Transient,1,1,0,2,2.0,59.0,0,High
City Hotel,131,2017,February,27,Female,BB,Online TA,TA/TO,0,0,0,A,Transient,1,1,0,7,2.0,44.2,0,Medium
City Hotel,145,2017,June,2,Male,SC,Online TA,TA/TO,0,0,0,A,Transient,0,1,0,1,2.0,63.0,0,Low
City Hotel,101,2016,June,17,Female,BB,Offline TA/TO,TA/TO,0,0,0,A,Transient,0,1,0,2,2.0,47.94,0,High
City Hotel,1,2016,February,24,Male,BB,Corporate,Corporate,1,0,10,A,Transient,0,0,1,2,1.0,65.5,0,High
City Hotel,122,2015,July,29,Male,BB,Online TA,TA/TO,0,0,0,A,Transient-Party,1,1,0,3,3.0,25.5,1,High
City Hotel,37,2016,May,13,Male,SC,Online TA,TA/TO,0,0,0,A,Transient,0,1,0,1,1.0,116.1,0,Low
City Hotel,49,2017,May,17,Male,BB,Online TA,TA/TO,0,0,0,A,Transient,1,1,0,3,2.0,90.0,0,Medium
Resort Hotel,241,2016,June,18,Female,BB,Online TA,TA/TO,0,0,0,D,Transient,1,1,0,8,2.0,42.75,0,Low
City Hotel,132,2017,May,28,Female,BB,Offline TA/TO,TA/TO,0,0,0,A,Transient,0,1,0,4,2.0,49.5,0,High
City Hotel,10,2016,October,19,Male,BB,Online TA,TA/TO,0,0,0,A,Transient,1,1,0,4,3.0,60.0,1,Low
City Hotel,226,2016,June,15,Male,BB,Online TA,TA/TO,0,1,0,D,Contract,1,1,0,4,2.0,74.5,0,High
City Hotel,20,2016,April,4,Male,SC,Online TA,TA/TO,0,0,0,A,Transient,0,1,0,2,1.0,89.0,0,Low
Resort Hotel,152,2017,April,5,Female,BB,Groups,TA/TO,0,0,0,A,Transient-Party,0,0,1,4,1.0,42.0,0,Low
City Hotel,0,2016,February,10,Female,BB,Corporate,Corporate,0,0,0,A,Transient-Party,0,0,1,1,1.0,70.0,0,High
City Hotel,27,2017,February,27,Female,SC,Online TA,TA/TO,0,0,0,A,Transient,0,1,0,1,1.0,88.0,0,Low
Resort Hotel,214,2017,August,4,Female,BB,Online TA,TA/TO,0,0,0,E,Transient,1,1,0,4,1.0,206.0,0,Low
Resort Hotel,41,2016,June,5,Female,BB,Online TA,TA/TO,0,0,0,H,Transient,0,1,0,4,3.0,66.66666666666667,1,Low
City Hotel,58,2016,May,17,Female,SC,Online TA,TA/TO,0,0,0,A,Transient,0,1,0,3,2.0,58.05,0,Medium
City Hotel,213,2017,July,14,Female,BB,Online TA,TA/TO,0,0,0,F,Transient,0,1,0,1,4.0,44.775,1,Low
City Hotel,213,2016,June,7,Female,BB,Offline TA/TO,TA/TO,0,0,0,A,Transient,0,1,0,3,2.0,65.0,0,High
City Hotel,157,2016,May,29,Male,SC,Online TA,TA/TO,0,0,0,A,Transient,1,1,0,7,3.0,24.05,1,Low
City Hotel,133,2016,May,29,Male,BB,Online TA,TA/TO,0,0,0,A,Transient,2,1,0,4,2.0,49.83,0,Low
Resort Hotel,301,2016,October,6,Female,HB,Offline TA/TO,TA/TO,0,0,0,A,Contract,1,1,0,14,1.0,31.45,0,Low
Resort Hotel,0,2016,November,7,Male,BB,Direct,Direct,0,0,0,A,Transient,0,0,0,1,2.0,38.0,0,Low
City Hotel,6,2015,September,20,Female,SC,Online TA,TA/TO,0,0,0,A,Contract,1,1,0,7,2.0,69.285,0,Low
City Hotel,9,2017,May,19,Female,SC,Online TA,TA/TO,0,0,0,A,Transient,3,1,0,3,2.0,70.0,0,Low
City Hotel,163,2016,October,2,Female,BB,Offline TA/TO,TA/TO,0,0,0,A,Transient-Party,0,1,0,5,2.0,40.375,0,Low
Resort Hotel,23,2017,August,31,Female,BB,Online TA,TA/TO,0,0,0,E,Transient,2,1,0,1,2.0,108.5,0,Low
City Hotel,99,2016,February,19,Female,BB,Corporate,Corporate,0,1,0,A,Transient-Party,0,0,1,1,2.0,40.0,0,High
Resort Hotel,63,2017,February,5,Female,BB,Online TA,TA/TO,0,0,0,A,Transient,1,1,0,9,2.0,16.94,0,High
Resort Hotel,29,2016,April,14,Female,HB,Offline TA/TO,TA/TO,0,0,0,D,Contract,0,1,0,7,2.0,38.75,0,High
City Hotel,105,2016,April,6,Male,BB,Offline TA/TO,TA/TO,0,0,0,A,Transient,0,1,0,1,2.0,37.5,0,High
City Hotel,79,2015,October,10,Female,BB,Groups,TA/TO,0,0,0,A,Transient-Party,0,1,0,2,2.0,31.0,0,Medium
Resort Hotel,25,2016,October,3,Male,BB,Offline TA/TO,TA/TO,0,0,0,A,Transient,1,1,0,3,2.0,23.0,0,Low
City Hotel,0,2016,October,15,Female,SC,Online TA,TA/TO,0,0,0,A,Transient,0,1,0,2,1.0,66.13,0,Low
City Hotel,71,2016,May,10,Male,HB,Offline TA/TO,TA/TO,0,0,0,A,Transient-Party,1,1,0,3,2.0,63.0,0,Low
Resort Hotel,42,2016,August,1,Female,BB,Online TA,TA/TO,0,0,0,G,Transient,0,1,0,6,4.0,64.75,1,High
City Hotel,478,2017,August,8,Female,BB,Offline TA/TO,TA/TO,0,0,0,A,Transient,0,1,0,1,2.0,45.0,0,High
City Hotel,55,2015,August,26,Male,BB,Groups,TA/TO,0,0,0,A,Transient-Party,0,1,0,2,2.0,31.0,0,Low
City Hotel,27,2017,May,17,Female,BB,Corporate,Corporate,0,0,0,D,Transient,1,0,1,1,1.0,110.0,0,Low
City Hotel,21,2016,March,10,Male,BB,Online TA,TA/TO,0,0,0,A,Transient,1,1,0,2,2.0,46.5,0,Low
Resort Hotel,200,2017,July,2,Female,BB,Online TA,TA/TO,0,0,0,A,Transient,1,1,0,5,2.0,62.0,0,High
City Hotel,48,2015,September,11,Female,HB,Groups,TA/TO,0,0,0,A,Transient-Party,0,1,0,3,2.0,45.0,0,High
Resort Hotel,232,2017,April,22,Female,BB,Offline TA/TO,TA/TO,0,0,0,A,Contract,0,1,0,7,1.0,34.2,0,High
City Hotel,159,2016,August,3,Female,BB,Online TA,TA/TO,0,0,0,A,Transient-Party,0,1,0,8,2.0,49.725,0,Low
Resort Hotel,27,2017,July,12,Female,BB,Online TA,TA/TO,0,0,0,A,Transient-Party,0,1,0,1,2.0,87.0,0,Low
Resort Hotel,66,2016,December,30,Female,BB,Direct,Direct,0,0,0,G,Transient,1,0,0,3,4.0,49.4175,1,Low
City Hotel,10,2015,October,4,Female,SC,Online TA,TA/TO,0,0,0,A,Transient,1,1,0,1,2.0,43.89,0,Medium
Resort Hotel,35,2016,September,9,Male,BB,Online TA,TA/TO,0,0,0,A,Transient,2,1,0,2,2.0,85.5,0,High
City Hotel,0,2015,August,27,Male,BB,Online TA,TA/TO,0,0,0,A,Contract,2,1,0,1,2.0,61.0,0,High
Resort Hotel,89,2017,March,11,Male,BB,Corporate,Direct,0,0,0,A,Transient-Party,0,0,1,2,2.0,29.0,0,High
City Hotel,44,2016,April,10,Female,BB,Online TA,TA/TO,0,0,0,A,Transient,0,1,0,5,3.0,43.86000000000001,0,Low
Resort Hotel,2,2017,March,16,Male,BB,Corporate,Corporate,0,0,0,A,Transient,1,0,1,1,1.0,35.0,0,High
City Hotel,30,2016,September,12,Female,BB,Online TA,TA/TO,0,0,0,E,Transient,0,1,0,4,2.0,68.76,0,Low
Resort Hotel,227,2017,May,25,Female,BB,Offline TA/TO,TA/TO,0,0,0,D,Contract,0,1,0,5,3.0,16.95,1,High
Resort Hotel,1,2017,July,17,Female,BB,Online TA,TA/TO,0,0,0,D,Transient,2,1,0,1,2.0,89.5,0,Low
City Hotel,190,2017,April,6,Male,BB,Online TA,TA/TO,0,0,0,A,Transient,0,1,0,5,2.0,44.2,0,High
City Hotel,171,2016,July,15,Male,BB,Online TA,TA/TO,0,0,0,A,Transient,2,1,0,12,3.0,36.833333333333336,1,Low
Resort Hotel,66,2016,August,23,Female,BB,Online TA,TA/TO,0,0,0,F,Transient,2,1,0,2,2.0,88.165,0,Medium
City Hotel,22,2017,January,27,Female,BB,Online TA,TA/TO,0,0,0,A,Transient,1,1,0,2,2.0,35.845,0,High
Resort Hotel,42,2015,September,16,Female,BB,Online TA,TA/TO,0,0,0,A,Transient,1,1,0,3,2.0,43.0,0,Low
City Hotel,20,2016,May,11,Female,BB,Offline TA/TO,TA/TO,0,0,0,A,Transient,0,1,0,4,2.0,47.5,0,Low
Resort Hotel,8,2017,January,12,Male,BB,Online TA,TA/TO,0,0,0,F,Transient,1,1,0,3,2.0,26.7,0,Low
City Hotel,29,2017,August,30,Female,BB,Online TA,TA/TO,0,0,0,A,Transient,0,1,0,2,1.0,95.0,0,Low
Resort Hotel,62,2016,July,1,Female,BB,Online TA,TA/TO,0,0,0,G,Transient,0,1,0,2,4.0,55.0,1,Low
Resort Hotel,20,2016,March,27,Female,HB,Online TA,TA/TO,0,0,0,A,Transient,1,1,0,2,2.0,40.0,0,High
City Hotel,15,2017,June,2,Male,BB,Complementary,Direct,0,0,0,A,Transient,3,0,0,1,3.0,0.0,1,High
City Hotel,18,2015,July,18,Male,BB,Groups,TA/TO,0,0,0,A,Transient-Party,0,1,0,2,2.0,37.5,0,High
Resort Hotel,89,2016,September,12,Male,BB,Offline TA/TO,TA/TO,0,0,0,A,Transient,0,1,0,0,2.0,0.0,0,High
City Hotel,15,2016,April,27,Female,BB,Online TA,TA/TO,0,0,0,A,Transient,0,1,0,3,2.0,51.72,0,High
City Hotel,44,2017,April,20,Female,BB,Groups,TA/TO,0,0,0,A,Transient-Party,1,1,0,3,2.0,66.665,0,Medium
City Hotel,90,2015,December,4,Male,BB,Online TA,TA/TO,0,0,0,A,Transient,1,1,0,4,2.0,36.125,0,Medium
City Hotel,4,2017,May,30,Female,BB,Offline TA/TO,TA/TO,0,0,0,A,Transient,0,1,0,1,1.0,94.0,0,Low
City Hotel,106,2017,August,19,Female,SC,Online TA,TA/TO,0,0,0,A,Transient,0,1,0,3,2.0,62.5,0,Low
City Hotel,2,2017,January,4,Female,SC,Online TA,TA/TO,0,0,0,A,Transient,1,1,0,5,2.0,36.68,0,Low
Resort Hotel,199,2017,August,19,Male,BB,Online TA,TA/TO,0,0,0,A,Transient,1,1,0,5,2.0,62.6,0,Low
Resort Hotel,216,2015,August,8,Female,BB,Online TA,TA/TO,0,1,0,E,Transient,1,1,0,5,2.0,83.0,0,High
City Hotel,0,2017,February,23,Female,SC,Online TA,TA/TO,0,0,0,A,Transient,0,1,0,1,1.0,88.2,0,Low
City Hotel,51,2016,November,4,Female,BB,Offline TA/TO,TA/TO,0,0,0,A,Transient,0,1,0,3,2.0,56.0,0,Low
City Hotel,91,2017,April,17,Female,BB,Offline TA/TO,TA/TO,0,0,0,A,Transient,0,1,0,4,2.0,42.5,0,Low
City Hotel,8,2016,February,16,Female,SC,Online TA,TA/TO,0,0,0,A,Transient,1,1,0,2,2.0,44.0,0,Low
City Hotel,38,2016,May,21,Male,BB,Online TA,TA/TO,0,0,0,D,Transient,1,1,0,2,2.0,70.2,0,Low
Resort Hotel,34,2016,August,31,Male,HB,Direct,Direct,0,0,0,A,Transient,3,0,0,7,2.0,85.0,0,High
City Hotel,243,2017,May,24,Female,BB,Online TA,TA/TO,0,0,0,D,Transient,2,1,0,4,2.0,69.385,0,Low
City Hotel,31,2016,June,2,Female,BB,Offline TA/TO,TA/TO,0,0,0,A,Transient-Party,0,1,0,2,2.0,50.0,0,Low
City Hotel,165,2017,August,29,Female,BB,Online TA,TA/TO,0,0,0,E,Transient,3,1,0,6,3.0,69.75,0,Low
Resort Hotel,266,2016,June,28,Male,BB,Online TA,TA/TO,0,0,0,H,Transient,0,1,0,10,5.0,30.360000000000003,1,High
Resort Hotel,7,2016,October,5,Male,BB,Groups,Corporate,0,0,0,A,Transient-Party,1,0,1,4,2.0,25.0,0,Low
Resort Hotel,4,2017,January,24,Female,BB,Direct,Direct,0,0,0,F,Transient,0,1,0,1,2.0,35.0,0,High
City Hotel,31,2017,August,17,Male,SC,Online TA,TA/TO,0,0,0,A,Transient,3,1,0,2,2.0,84.5,0,Low
Resort Hotel,0,2016,March,15,Female,BB,Direct,Direct,0,0,0,A,Transient,0,0,0,3,1.0,40.0,0,High
City Hotel,2,2016,December,20,Female,SC,Online TA,TA/TO,0,0,0,A,Transient,1,1,0,3,2.0,39.75,0,Low
City Hotel,1,2017,April,18,Female,BB,Online TA,TA/TO,1,0,1,A,Group,1,1,0,1,1.0,130.0,0,High
City Hotel,8,2015,October,20,Female,BB,Online TA,TA/TO,0,0,0,A,Transient,0,1,0,4,2.0,48.51,0,Low
City Hotel,26,2015,November,23,Male,BB,Offline TA/TO,TA/TO,0,0,0,A,Transient-Party,1,1,0,4,2.0,32.5,0,Low
City Hotel,155,2017,June,15,Female,BB,Online TA,TA/TO,0,0,0,D,Transient,2,1,0,4,1.0,137.25,0,Low
Resort Hotel,283,2015,October,12,Male,BB,Groups,Direct,0,0,0,A,Transient-Party,0,1,0,7,1.0,41.98,0,Low
Resort Hotel,15,2016,July,4,Male,HB,Online TA,TA/TO,0,0,0,H,Transient,0,1,0,3,4.0,68.0,1,Low
Resort Hotel,10,2017,February,3,Female,BB,Direct,Direct,0,0,0,A,Transient,1,0,0,2,2.0,23.75,0,High
City Hotel,233,2017,June,23,Female,BB,Groups,TA/TO,0,0,0,A,Transient,0,1,0,3,2.0,52.5,0,High
Resort Hotel,3,2016,October,27,Male,BB,Direct,Direct,0,0,0,A,Transient,0,0,0,1,1.0,61.0,0,High
City Hotel,57,2016,March,12,Male,BB,Online TA,TA/TO,0,0,0,A,Transient,1,1,0,3,2.0,39.15,0,Low
Resort Hotel,31,2016,April,16,Female,BB,Offline TA/TO,TA/TO,0,0,0,E,Transient,0,1,0,14,2.0,32.5,0,Low
Resort Hotel,11,2015,December,5,Female,Undefined,Groups,TA/TO,0,0,0,A,Transient-Party,0,1,0,3,2.0,34.0,0,Low
Resort Hotel,81,2015,August,9,Female,HB,Offline TA/TO,TA/TO,0,0,0,A,Transient,0,1,0,7,2.0,65.0,0,Low
Resort Hotel,55,2016,March,28,Female,BB,Direct,Direct,0,0,0,A,Transient,0,1,0,2,2.0,26.6,0,Low
Resort Hotel,33,2016,February,18,Male,BB,Online TA,TA/TO,0,0,0,H,Transient,0,1,0,1,2.0,43.0,0,High
City Hotel,190,2017,August,7,Male,BB,Online TA,TA/TO,0,0,0,D,Transient,0,1,0,6,3.0,58.5,0,Low
City Hotel,142,2017,June,28,Female,BB,Offline TA/TO,TA/TO,0,0,0,A,Transient,0,1,0,1,2.0,62.5,0,High
Resort Hotel,109,2016,December,16,Female,BB,Online TA,TA/TO,0,0,0,D,Transient,1,1,0,6,2.0,24.4,0,Low
City Hotel,103,2016,April,19,Female,BB,Offline TA/TO,TA/TO,0,0,0,A,Transient,0,1,0,2,1.0,115.0,0,High
City Hotel,124,2016,August,8,Male,BB,Online TA,TA/TO,0,0,0,A,Transient,1,1,0,6,2.0,48.505,0,Low
Resort Hotel,320,2017,June,3,Female,BB,Online TA,TA/TO,0,0,0,A,Transient,2,1,0,7,2.0,37.125,0,Low
City Hotel,177,2016,August,2,Male,BB,Online TA,TA/TO,0,0,0,A,Transient,1,1,0,7,2.0,49.725,0,Low
City Hotel,0,2016,March,25,Female,BB,Online TA,TA/TO,0,0,0,A,Transient,0,1,0,1,3.0,59.333333333333336,1,High
City Hotel,11,2015,October,9,Female,SC,Online TA,TA/TO,0,0,0,A,Contract,1,1,0,3,2.0,69.665,0,Low
City Hotel,405,2017,July,4,Female,BB,Offline TA/TO,TA/TO,0,0,0,A,Transient-Party,0,1,0,2,2.0,40.0,0,High
City Hotel,116,2017,March,24,Male,BB,Groups,TA/TO,0,0,0,A,Transient-Party,0,1,0,2,1.0,90.0,0,Low
City Hotel,0,2015,October,31,Female,BB,Online TA,TA/TO,0,0,0,A,Transient,1,1,0,1,2.0,53.5,0,Low
Resort Hotel,343,2016,September,21,Female,HB,Corporate,Corporate,1,0,1,A,Transient-Party,0,1,0,4,2.0,30.75,0,High
City Hotel,39,2017,January,9,Female,BB,Online TA,TA/TO,0,0,0,A,Transient,0,1,0,5,2.0,44.2,0,Low
City Hotel,601,2017,March,2,Female,BB,Groups,TA/TO,0,0,0,A,Transient,0,1,0,2,2.0,31.0,0,High
City Hotel,21,2017,February,3,Female,SC,Online TA,TA/TO,0,0,0,A,Transient,1,1,0,2,2.0,32.185,0,Low
City Hotel,32,2017,January,6,Female,SC,Online TA,TA/TO,0,0,0,A,Transient,1,1,0,2,2.0,44.0,0,Low
City Hotel,113,2017,May,20,Female,BB,Offline TA/TO,TA/TO,0,0,0,A,Transient,0,1,0,3,1.0,190.0,0,High
City Hotel,150,2016,June,16,Female,HB,Offline TA/TO,TA/TO,0,0,0,A,Transient-Party,2,1,0,3,3.0,30.0,1,Low
City Hotel,193,2016,September,30,Female,BB,Groups,Corporate,0,0,0,A,Transient-Party,0,0,0,3,2.0,66.0,0,Low
City Hotel,156,2017,April,26,Female,BB,Groups,TA/TO,0,0,0,A,Transient,0,1,0,3,2.0,50.0,0,High
City Hotel,1,2015,August,4,Female,BB,Corporate,Corporate,0,0,0,A,Group,0,0,1,2,1.0,65.0,0,High
City Hotel,4,2016,October,16,Female,BB,Online TA,GDS,0,0,0,A,Transient,0,1,0,3,1.0,147.33,0,Low
City Hotel,48,2017,June,6,Female,BB,Online TA,TA/TO,0,0,0,A,Transient,1,1,0,4,1.0,150.0,0,Low
City Hotel,148,2015,December,30,Female,BB,Offline TA/TO,TA/TO,0,0,0,A,Transient,0,1,0,5,2.0,33.5,0,High
Resort Hotel,51,2016,August,21,Male,BB,Offline TA/TO,TA/TO,0,0,0,F,Transient,0,1,0,13,2.0,96.8,0,Low
Resort Hotel,0,2016,February,6,Male,BB,Online TA,TA/TO,0,0,0,A,Transient,0,1,0,2,2.0,29.0,0,Low
City Hotel,209,2017,August,11,Male,BB,Direct,Direct,0,0,0,F,Transient,1,1,0,5,4.0,49.5,1,Low
Resort Hotel,31,2015,November,2,Male,BB,Corporate,Corporate,0,0,0,A,Transient-Party,0,1,0,16,1.0,40.0,0,High
City Hotel,99,2016,February,14,Male,BB,Online TA,TA/TO,0,0,0,B,Transient,2,1,0,4,2.0,39.75,0,High
City Hotel,148,2015,July,29,Female,BB,Online TA,TA/TO,0,1,0,A,Transient,2,1,0,2,2.0,38.25,0,High
Resort Hotel,57,2015,August,29,Male,BB,Offline TA/TO,TA/TO,0,0,0,D,Transient,0,1,0,6,2.0,50.625,0,Low
Resort Hotel,337,2017,May,13,Female,BB,Online TA,TA/TO,0,0,0,A,Transient,0,1,0,10,2.0,27.0,0,Low
Resort Hotel,301,2016,September,7,Male,BB,Online TA,TA/TO,0,0,0,G,Transient,0,1,0,7,4.0,36.25,1,Low
Resort Hotel,2,2015,October,30,Male,HB,Online TA,TA/TO,0,0,0,D,Transient,1,1,0,2,2.0,44.0,0,Low
City Hotel,1,2016,October,24,Female,BB,Direct,Direct,0,0,0,D,Transient,0,0,0,1,2.0,65.25,0,High
City Hotel,7,2017,July,15,Male,SC,Online TA,TA/TO,0,0,0,A,Transient,1,1,0,3,2.0,52.5,0,High
Resort Hotel,6,2015,July,16,Female,BB,Online TA,TA/TO,0,0,0,A,Transient,1,1,0,3,2.0,51.325,0,Low
City Hotel,64,2017,July,29,Female,BB,Online TA,TA/TO,0,0,0,A,Transient,0,1,0,1,2.0,75.0,0,Low
Resort Hotel,83,2017,June,7,Female,BB,Online TA,TA/TO,0,0,0,A,Transient,1,1,0,1,2.0,48.0,0,Low
City Hotel,11,2015,October,2,Female,BB,Online TA,TA/TO,0,1,0,B,Contract,1,1,0,2,2.0,76.75,0,High
City Hotel,100,2017,April,22,Female,BB,Offline TA/TO,TA/TO,0,0,0,A,Transient,0,1,0,4,2.0,52.5,0,High
Resort Hotel,0,2016,May,30,Male,BB,Corporate,Corporate,0,0,0,A,Transient,0,0,1,4,1.0,57.0,0,High
Resort Hotel,5,2016,February,15,Male,BB,Online TA,TA/TO,0,0,0,G,Transient,0,1,0,4,4.0,23.25,1,Low
Resort Hotel,10,2016,December,31,Male,BB,Online TA,TA/TO,0,0,0,G,Transient,0,1,0,1,4.0,45.0,1,Low
City Hotel,328,2016,September,30,Female,BB,Groups,TA/TO,0,0,0,A,Transient-Party,1,1,0,2,2.0,32.5,0,Low
City Hotel,167,2016,December,26,Female,BB,Online TA,TA/TO,0,0,0,D,Transient,0,1,0,4,2.0,48.875,0,Medium
Resort Hotel,1,2016,January,2,Female,BB,Online TA,TA/TO,0,0,0,A,Group,0,1,0,2,2.0,24.0,0,Low
City Hotel,1,2016,May,27,Female,BB,Online TA,TA/TO,0,0,0,A,Transient,2,1,0,2,3.0,59.666666666666664,1,High
City Hotel,53,2016,January,24,Female,BB,Offline TA/TO,TA/TO,0,0,0,A,Transient,0,1,0,5,2.0,30.0,0,Low
City Hotel,11,2017,May,28,Female,BB,Complementary,Direct,0,0,0,A,Transient,1,0,0,1,2.0,0.0,0,High
City Hotel,54,2016,April,28,Male,HB,Online TA,TA/TO,0,0,0,A,Transient,0,1,0,4,3.0,60.22666666666667,1,Medium
Resort Hotel,238,2017,August,25,Female,HB,Online TA,TA/TO,0,0,0,A,Transient,0,1,0,7,2.0,67.05,0,High
City Hotel,34,2015,October,7,Male,BB,Online TA,TA/TO,0,0,0,A,Contract,0,1,0,3,2.0,50.1,0,Low
City Hotel,72,2016,March,14,Male,SC,Online TA,TA/TO,0,0,0,A,Transient,1,1,0,4,2.0,34.2,0,Low
City Hotel,69,2016,June,12,Female,BB,Offline TA/TO,TA/TO,0,0,0,A,Transient,0,1,0,6,1.0,120.0,0,High
City Hotel,16,2015,December,4,Female,BB,Offline TA/TO,TA/TO,0,0,0,A,Transient,0,1,0,4,3.0,30.95,1,Low
City Hotel,164,2016,August,5,Female,BB,Online TA,TA/TO,0,0,0,A,Transient-Party,3,1,0,2,1.0,105.3,0,Low
City Hotel,53,2017,January,8,Male,BB,Online TA,TA/TO,0,0,0,A,Transient,1,1,0,5,2.0,44.2,0,Low
Resort Hotel,54,2016,August,15,Male,HB,Online TA,TA/TO,0,0,0,A,Transient,0,1,0,6,2.0,110.5,0,Low
City Hotel,88,2017,January,29,Female,SC,Online TA,TA/TO,0,0,0,A,Transient,0,1,0,2,2.0,39.6,0,Medium
Resort Hotel,48,2015,July,17,Male,BB,Offline TA/TO,TA/TO,0,0,0,D,Transient,0,1,0,2,2.0,61.5,0,High
City Hotel,4,2017,April,9,Female,SC,Online TA,TA/TO,0,0,0,A,Transient,2,1,0,2,2.0,75.0,0,Low
City Hotel,297,2016,May,14,Female,BB,Groups,TA/TO,0,0,0,A,Transient-Party,0,1,0,2,2.0,16.25,0,Low
City Hotel,58,2016,June,28,Female,BB,Online TA,TA/TO,0,0,0,D,Transient,1,1,0,4,2.0,65.7,0,Low
City Hotel,28,2016,April,16,Female,BB,Online TA,TA/TO,0,0,0,A,Transient,1,1,0,2,2.0,57.0,0,High
Resort Hotel,141,2016,May,26,Female,BB,Offline TA/TO,TA/TO,0,0,0,D,Transient,0,1,0,7,2.0,28.41,0,Low
City Hotel,71,2016,June,1,Female,BB,Offline TA/TO,TA/TO,0,0,0,D,Transient,0,1,0,5,3.0,38.53333333333333,0,High
Resort Hotel,165,2016,July,16,Female,BB,Offline TA/TO,TA/TO,0,0,0,A,Contract,0,1,0,7,1.0,90.1,0,Low
City Hotel,218,2016,October,5,Male,BB,Online TA,TA/TO,0,0,0,D,Transient,1,1,0,3,2.0,61.2,0,Low
City Hotel,192,2016,June,24,Male,BB,Offline TA/TO,TA/TO,0,0,0,A,Transient-Party,0,1,0,2,1.0,95.0,0,Low
Resort Hotel,160,2016,September,8,Female,BB,Offline TA/TO,TA/TO,0,0,0,D,Transient,1,1,0,1,2.0,49.5,0,Low
City Hotel,75,2015,September,19,Female,BB,Groups,TA/TO,0,0,0,A,Transient-Party,0,1,0,4,1.0,60.0,0,Low
City Hotel,23,2017,January,11,Female,BB,Online TA,TA/TO,0,0,0,A,Transient,2,1,0,0,1.0,0.0,0,Low
Resort Hotel,98,2017,February,28,Female,BB,Direct,Direct,0,0,0,F,Transient,0,1,0,4,2.0,38.415,0,Low
City Hotel,40,2015,October,21,Female,SC,Online TA,TA/TO,0,0,0,F,Contract,2,1,0,5,4.0,37.53,1,Low
City Hotel,12,2015,October,25,Female,BB,Groups,TA/TO,0,0,0,A,Transient-Party,0,1,0,3,2.0,42.835,0,High
City Hotel,307,2015,August,20,Male,BB,Groups,TA/TO,1,1,0,A,Transient-Party,0,1,0,2,2.0,31.4,0,High
City Hotel,105,2016,December,20,Female,BB,Online TA,TA/TO,0,0,0,A,Transient,1,1,0,1,2.0,46.8,0,High
City Hotel,316,2017,April,21,Male,BB,Online TA,TA/TO,0,0,0,A,Transient,0,1,0,1,2.0,54.9,0,Low
City Hotel,170,2017,July,17,Female,BB,Online TA,TA/TO,0,0,0,A,Transient,1,1,0,5,3.0,41.699999999999996,1,Low
City Hotel,129,2017,June,24,Male,BB,Groups,TA/TO,0,0,0,A,Transient,0,1,0,3,2.0,65.0,0,High
City Hotel,129,2016,August,16,Female,BB,Online TA,TA/TO,0,0,0,D,Transient,2,1,0,5,2.0,62.1,0,Medium
City Hotel,9,2017,April,13,Female,BB,Online TA,TA/TO,0,0,0,E,Transient,0,1,0,3,2.0,105.0,0,Low
City Hotel,47,2017,June,10,Male,SC,Online TA,TA/TO,0,0,0,A,Transient,1,1,0,2,2.0,56.0,0,Low
City Hotel,217,2017,February,13,Male,BB,Online TA,TA/TO,0,0,0,A,Transient,0,1,0,25,2.0,42.5,0,Low
City Hotel,108,2016,March,18,Male,BB,Offline TA/TO,TA/TO,0,1,0,A,Transient,0,1,0,2,2.0,40.0,0,High
City Hotel,16,2016,March,4,Female,BB,Online TA,TA/TO,0,0,0,D,Transient,1,1,0,3,2.0,34.675,0,Low
City Hotel,31,2016,December,4,Male,SC,Online TA,TA/TO,0,0,0,A,Transient,2,1,0,15,1.0,87.41,0,Low
City Hotel,79,2016,April,30,Male,HB,Offline TA/TO,TA/TO,0,0,0,A,Transient,0,1,0,5,2.0,52.5,0,High
City Hotel,145,2016,October,22,Female,HB,Online TA,TA/TO,0,0,0,A,Transient,0,1,0,2,3.0,59.25,1,Medium
Resort Hotel,222,2016,July,23,Male,HB,Direct,Direct,0,0,0,E,Transient,2,0,0,7,2.0,91.375,0,High
City Hotel,51,2016,November,3,Female,BB,Online TA,TA/TO,0,0,0,A,Transient,0,1,0,4,1.0,90.0,0,Low
City Hotel,127,2016,November,19,Male,BB,Online TA,TA/TO,0,0,0,D,Transient,0,1,0,4,2.0,48.875,0,Medium
Resort Hotel,119,2017,August,1,Male,BB,Offline TA/TO,TA/TO,0,0,0,D,Contract,0,1,0,10,2.0,68.5,0,Low
City Hotel,426,2016,September,8,Female,BB,Groups,TA/TO,0,0,0,A,Transient,0,1,0,2,2.0,31.0,0,High
City Hotel,56,2017,March,18,Female,BB,Direct,Direct,0,0,0,F,Transient,0,1,0,2,4.0,48.25,1,Medium
City Hotel,58,2016,January,27,Female,BB,Offline TA/TO,TA/TO,0,0,0,A,Transient-Party,0,1,0,3,1.0,80.0,0,High
City Hotel,26,2016,May,22,Female,BB,Online TA,TA/TO,0,0,0,A,Transient,2,1,0,2,2.0,60.5,0,Low
City Hotel,21,2016,March,9,Female,BB,Online TA,TA/TO,0,0,0,A,Transient,0,1,0,4,2.0,46.75,0,Low
Resort Hotel,215,2016,June,1,Male,FB,Groups,TA/TO,0,0,0,A,Transient,0,1,0,3,2.0,55.0,0,High
Resort Hotel,1,2015,November,3,Male,BB,Online TA,TA/TO,0,0,0,A,Transient,1,1,0,2,1.0,36.0,0,High
City Hotel,29,2015,October,29,Female,BB,Online TA,TA/TO,0,1,0,A,Contract,3,1,0,3,1.0,120.0,0,High
Resort Hotel,7,2017,March,5,Female,BB,Online TA,TA/TO,0,0,0,G,Transient,2,1,0,13,2.0,56.0,0,Low
Resort Hotel,292,2015,October,21,Female,HB,Offline TA/TO,TA/TO,0,0,0,A,Transient-Party,0,1,0,2,2.0,35.0,0,Low
Resort Hotel,1,2016,June,14,Male,BB,Online TA,TA/TO,0,0,0,A,Transient,0,1,0,1,1.0,73.15,0,Low
City Hotel,132,2016,November,25,Male,BB,Online TA,TA/TO,0,0,0,F,Transient,2,1,0,2,2.0,76.5,0,Low
City Hotel,47,2016,September,10,Female,HB,Groups,TA/TO,0,0,0,A,Transient-Party,1,1,0,2,2.0,48.0,0,Medium
Resort Hotel,84,2017,March,1,Male,HB,Groups,TA/TO,0,0,0,A,Transient-Party,1,1,0,25,2.0,27.9,0,High
Resort Hotel,22,2016,August,25,Male,BB,Offline TA/TO,TA/TO,0,0,0,D,Transient,0,1,0,5,2.0,62.5,0,Low
City Hotel,237,2015,September,14,Female,BB,Online TA,TA/TO,0,0,0,A,Transient-Party,0,1,0,3,2.0,44.625,0,Low
City Hotel,113,2016,February,25,Male,BB,Offline TA/TO,TA/TO,0,1,0,A,Transient,0,1,0,3,2.0,37.5,0,High
City Hotel,176,2016,March,20,Male,BB,Online TA,TA/TO,0,0,0,A,Transient,1,1,0,6,2.0,45.0,0,Low
Resort Hotel,0,2017,February,22,Male,BB,Direct,Direct,1,0,0,D,Transient,1,0,0,1,2.0,34.0,0,High
Resort Hotel,1,2016,August,27,Male,BB,Direct,Direct,0,0,1,A,Transient,0,0,0,5,3.0,69.66666666666667,0,High
Resort Hotel,0,2016,March,17,Male,BB,Direct,Direct,0,0,0,A,Transient,0,0,0,1,1.0,40.0,0,High
Resort Hotel,114,2017,July,27,Female,HB,Direct,Direct,0,0,0,E,Transient,1,0,0,4,3.0,61.666666666666664,1,High
City Hotel,58,2017,July,29,Male,SC,Online TA,TA/TO,0,0,0,A,Transient,1,1,0,4,2.0,61.0,0,Medium
City Hotel,11,2016,May,31,Male,SC,Online TA,TA/TO,0,0,0,A,Transient,1,1,0,2,2.0,59.5,0,Medium
City Hotel,142,2017,August,24,Male,BB,Direct,Direct,0,0,0,D,Transient,2,1,0,1,2.0,75.0,0,Low
Resort Hotel,22,2017,February,23,Male,Undefined,Groups,TA/TO,0,0,0,A,Transient-Party,0,1,0,2,2.0,23.0,0,High
City Hotel,2,2016,April,3,Female,BB,Online TA,TA/TO,0,0,0,A,Transient,1,1,0,2,2.0,50.5,0,Low
City Hotel,3,2015,October,1,Female,BB,Complementary,Direct,0,0,0,A,Transient,0,0,1,1,1.0,0.0,0,High
Resort Hotel,59,2016,July,22,Female,BB,Online TA,TA/TO,0,0,0,A,Transient,0,1,0,2,2.0,80.0,0,Medium
City Hotel,190,2016,November,3,Male,BB,Online TA,TA/TO,0,0,0,A,Transient,0,1,0,3,2.0,45.45,0,Low
City Hotel,88,2016,April,29,Female,BB,Online TA,TA/TO,0,0,0,A,Transient,1,1,0,5,2.0,59.925,0,Medium
Resort Hotel,108,2017,August,22,Female,BB,Offline TA/TO,TA/TO,0,0,0,E,Transient,0,1,0,10,2.0,104.14,0,Low
City Hotel,123,2016,May,22,Female,BB,Online TA,TA/TO,0,0,0,D,Transient-Party,2,1,0,4,3.0,35.983333333333334,1,Low
City Hotel,1,2016,June,11,Female,BB,Online TA,TA/TO,0,0,0,D,Transient,2,1,0,2,2.0,68.0,0,High
City Hotel,52,2016,September,11,Female,BB,Offline TA/TO,TA/TO,0,0,0,A,Transient-Party,0,1,0,2,2.0,65.0,0,High
Resort Hotel,244,2015,September,2,Male,BB,Groups,TA/TO,0,24,0,A,Transient-Party,0,1,0,7,2.0,4.0,0,Low
Resort Hotel,224,2017,April,22,Female,BB,Online TA,TA/TO,0,0,0,A,Transient,1,1,0,7,2.0,30.0,0,Low
City Hotel,220,2016,September,17,Female,HB,Offline TA/TO,TA/TO,0,0,0,A,Transient-Party,0,1,0,3,1.0,128.0,0,Medium
Resort Hotel,22,2015,October,27,Female,BB,Offline TA/TO,TA/TO,0,0,0,A,Transient,1,1,0,2,1.0,37.6,0,Low
Resort Hotel,123,2016,October,21,Female,BB,Groups,Corporate,0,0,0,F,Transient-Party,0,0,0,5,2.0,47.5,0,Low
Resort Hotel,47,2015,September,5,Male,BB,Direct,Direct,0,0,0,A,Transient,1,1,0,7,2.0,49.0,0,Low
City Hotel,21,2016,October,26,Male,BB,Online TA,TA/TO,0,0,0,A,Transient,1,1,0,2,1.0,95.48,0,Medium
City Hotel,183,2017,June,8,Male,BB,Offline TA/TO,TA/TO,0,0,0,A,Transient,0,1,0,2,1.0,120.0,0,High
City Hotel,1,2016,January,12,Female,BB,Direct,Direct,0,0,0,A,Transient,0,0,0,1,1.0,76.0,0,High
City Hotel,93,2017,August,4,Female,SC,Online TA,TA/TO,0,0,0,A,Transient,1,1,0,3,2.0,62.5,0,Low
City Hotel,22,2015,October,13,Female,BB,Offline TA/TO,TA/TO,0,0,0,D,Transient,0,1,0,3,2.0,37.5,0,Low
Resort Hotel,35,2016,December,21,Female,BB,Online TA,TA/TO,1,0,5,A,Group,0,1,0,2,1.0,34.4,0,High
Resort Hotel,73,2015,November,16,Female,BB,Direct,Direct,0,0,0,A,Transient,1,1,0,4,1.0,47.4,0,High
Resort Hotel,43,2015,December,31,Male,BB,Direct,Direct,0,0,0,D,Transient,0,0,0,1,2.0,40.0,0,High
City Hotel,15,2016,September,18,Male,BB,Online TA,TA/TO,0,0,0,F,Transient,1,1,0,14,3.0,78.71333333333332,1,Low
City Hotel,35,2016,August,15,Male,BB,Online TA,TA/TO,0,0,0,A,Transient,1,1,0,2,2.0,67.95,0,Low
City Hotel,350,2016,June,17,Male,BB,Groups,TA/TO,0,0,0,A,Transient,0,1,0,2,2.0,70.0,0,High
City Hotel,118,2016,June,6,Male,BB,Offline TA/TO,Corporate,0,0,0,A,Transient-Party,0,1,0,2,1.0,110.0,0,Low
City Hotel,163,2016,August,26,Female,BB,Online TA,TA/TO,0,0,0,A,Transient,0,1,0,2,2.0,48.15,0,Low
City Hotel,283,2015,July,27,Male,BB,Groups,TA/TO,0,1,0,A,Transient-Party,0,1,0,2,2.0,31.0,0,High
City Hotel,41,2017,August,16,Female,BB,Online TA,TA/TO,0,0,0,A,Transient,0,1,0,2,3.0,60.0,1,Low
Resort Hotel,0,2016,February,4,Female,BB,Offline TA/TO,TA/TO,0,0,1,D,Transient,0,1,0,1,2.0,23.2,0,High
City Hotel,133,2016,June,2,Male,SC,Online TA,TA/TO,0,0,0,A,Transient,1,1,0,4,2.0,52.38,0,Low
City Hotel,231,2016,August,21,Male,BB,Online TA,TA/TO,0,0,0,A,Transient-Party,1,1,0,4,2.0,45.475,0,Low
Resort Hotel,1,2016,February,2,Male,BB,Corporate,Corporate,0,0,1,A,Transient,0,0,1,2,1.0,27.0,0,High
City Hotel,68,2015,September,29,Male,BB,Offline TA/TO,TA/TO,0,0,0,A,Transient-Party,0,1,0,2,2.0,32.5,0,Low
City Hotel,255,2016,November,7,Female,BB,Corporate,Corporate,0,0,0,E,Transient-Party,0,0,1,3,1.0,106.0,0,High
City Hotel,135,2017,March,31,Female,BB,Online TA,TA/TO,0,0,0,A,Transient,1,1,0,5,2.0,43.245,0,Medium
City Hotel,265,2016,August,3,Male,BB,Offline TA/TO,TA/TO,0,1,0,A,Contract,1,1,0,7,2.0,36.04,0,High
Resort Hotel,41,2017,January,17,Male,Undefined,Groups,Direct,0,0,0,A,Transient-Party,0,0,0,0,1.0,0.0,0,High
Resort Hotel,275,2017,June,24,Female,BB,Online TA,TA/TO,0,0,0,A,Transient,0,1,0,8,2.0,40.88,0,High
City Hotel,280,2016,September,19,Male,BB,Offline TA/TO,TA/TO,0,0,0,A,Transient,0,1,0,3,2.0,55.0,0,High
Resort Hotel,139,2016,July,24,Female,BB,Offline TA/TO,TA/TO,0,0,0,D,Transient,0,1,0,4,2.0,57.6,0,High
Resort Hotel,144,2016,June,27,Female,HB,Offline TA/TO,TA/TO,0,0,0,D,Transient,1,1,0,9,1.0,83.7,0,High
City Hotel,179,2016,July,28,Female,BB,Direct,Direct,0,0,0,A,Transient,0,1,0,4,2.0,42.5,0,Low
Resort Hotel,90,2017,June,1,Female,BB,Online TA,TA/TO,0,0,0,E,Transient,1,1,0,6,2.0,78.5,0,Low
Resort Hotel,98,2016,May,23,Male,BB,Online TA,TA/TO,0,0,0,D,Transient,0,1,0,5,2.0,36.5,0,High
Resort Hotel,142,2017,August,12,Female,HB,Direct,Direct,1,1,13,E,Transient,4,0,0,10,2.0,92.0,0,High
City Hotel,468,2016,October,20,Female,BB,Groups,TA/TO,0,0,0,A,Transient,0,1,0,2,2.0,31.0,0,High
Resort Hotel,4,2015,December,15,Male,BB,Online TA,TA/TO,0,0,0,A,Transient,1,1,0,1,2.0,24.0,0,Medium
City Hotel,433,2016,September,8,Male,BB,Offline TA/TO,TA/TO,0,0,0,A,Transient,0,1,0,3,2.0,35.0,0,High
City Hotel,109,2015,July,16,Male,BB,Online TA,TA/TO,0,0,0,A,Transient,1,1,0,1,2.0,38.25,0,High
City Hotel,278,2015,July,22,Male,BB,Groups,TA/TO,0,1,0,A,Contract,0,1,0,2,2.0,31.0,0,High
City Hotel,16,2016,November,25,Female,BB,Online TA,TA/TO,0,0,0,A,Transient,1,1,0,5,1.0,58.45,0,High
Resort Hotel,104,2016,November,17,Female,BB,Online TA,TA/TO,0,0,0,A,Transient,1,1,0,4,2.0,21.65,0,Low
City Hotel,263,2016,September,29,Male,BB,Online TA,TA/TO,0,0,0,A,Transient,0,1,0,6,2.0,50.15,0,Low
City Hotel,86,2015,September,24,Female,HB,Offline TA/TO,TA/TO,0,0,0,A,Transient-Party,0,1,0,2,2.0,60.0,0,High
Resort Hotel,129,2016,June,5,Male,BB,Online TA,TA/TO,0,0,0,A,Transient,2,1,0,3,2.0,30.8,0,Low
City Hotel,35,2016,April,5,Male,BB,Online TA,TA/TO,0,0,0,D,Transient,1,1,0,3,2.0,65.7,0,Low
City Hotel,14,2017,May,14,Female,BB,Online TA,TA/TO,0,0,0,D,Transient,0,1,0,3,2.0,75.0,0,Low
City Hotel,17,2017,February,13,Female,SC,Online TA,TA/TO,0,0,0,A,Transient,0,1,0,4,2.0,37.4,0,Low
City Hotel,16,2016,March,8,Male,BB,Corporate,TA/TO,0,0,0,D,Transient-Party,0,0,1,2,1.0,76.0,0,High
City Hotel,142,2016,August,3,Female,BB,Online TA,TA/TO,0,0,0,A,Transient,0,1,0,8,2.0,52.38,0,Low
Resort Hotel,297,2017,June,2,Male,BB,Online TA,TA/TO,0,0,0,A,Transient,3,1,0,5,2.0,41.05,0,Low
Resort Hotel,30,2017,July,21,Male,BB,Online TA,TA/TO,0,0,0,H,Transient,1,1,0,4,4.0,77.8125,1,Medium
City Hotel,139,2016,May,15,Male,BB,Online TA,TA/TO,0,0,0,A,Transient-Party,0,1,0,3,1.0,99.9,0,Low
Resort Hotel,9,2017,January,5,Male,BB,Online TA,TA/TO,0,0,0,A,Transient,1,0,0,1,2.0,29.5,0,High
Resort Hotel,45,2017,February,25,Female,BB,Online TA,TA/TO,0,0,0,E,Transient,3,1,0,3,2.0,37.5,0,High
City Hotel,79,2016,April,30,Female,BB,Online TA,TA/TO,0,0,0,A,Transient,0,1,0,3,2.0,63.45,0,Low
Resort Hotel,159,2016,May,8,Male,BB,Online TA,TA/TO,0,1,0,F,Transient,0,1,0,4,2.0,44.1,0,High
City Hotel,20,2017,January,4,Male,BB,Online TA,GDS,0,0,0,E,Transient,0,1,0,3,2.0,68.0,0,Medium
City Hotel,12,2017,May,29,Female,BB,Online TA,TA/TO,0,0,0,A,Transient,1,1,0,2,2.0,70.0,0,Medium
City Hotel,44,2016,April,23,Male,BB,Offline TA/TO,TA/TO,0,0,0,A,Transient-Party,1,1,0,3,2.0,47.5,0,Low
Resort Hotel,2,2016,October,12,Female,BB,Offline TA/TO,Corporate,1,0,3,A,Transient,0,1,0,1,1.0,76.5,0,High
Resort Hotel,468,2016,May,12,Female,HB,Groups,TA/TO,0,0,0,A,Transient-Party,0,1,0,2,2.0,33.5,0,High
Resort Hotel,26,2017,August,25,Female,BB,Online TA,TA/TO,0,0,0,A,Transient,1,1,0,3,2.0,108.335,0,Low
Resort Hotel,15,2015,November,27,Male,BB,Corporate,Direct,0,1,0,D,Transient-Party,0,0,0,2,2.0,30.0,0,High
Resort Hotel,31,2016,March,19,Female,BB,Direct,Direct,0,0,0,F,Transient,0,1,0,5,2.0,40.5,0,Low
City Hotel,26,2016,April,4,Female,BB,Direct,Direct,0,0,0,A,Transient,0,0,0,1,1.0,119.0,0,Low
City Hotel,1,2016,November,18,Male,SC,Online TA,TA/TO,0,0,0,A,Transient,1,1,0,1,2.0,54.0,0,Low
City Hotel,29,2016,March,2,Female,SC,Online TA,TA/TO,0,0,0,A,Transient,0,1,0,4,2.0,36.54,0,Low
Resort Hotel,246,2016,September,10,Male,BB,Offline TA/TO,TA/TO,0,0,0,D,Transient,2,1,0,10,2.0,38.61,0,Low
City Hotel,140,2015,November,18,Female,BB,Groups,TA/TO,0,0,0,A,Transient-Party,0,1,0,3,2.0,37.5,0,High
City Hotel,59,2015,October,29,Female,BB,Offline TA/TO,TA/TO,0,0,0,A,Transient-Party,0,1,0,2,1.0,75.0,0,High
Resort Hotel,169,2016,March,31,Female,BB,Groups,Direct,0,0,0,A,Transient-Party,0,0,1,4,2.0,33.0,0,Low
Resort Hotel,245,2016,December,15,Male,BB,Online TA,TA/TO,0,0,0,A,Transient,0,1,0,2,2.0,18.9,0,Medium
City Hotel,17,2015,September,26,Male,BB,Groups,TA/TO,0,0,0,A,Transient-Party,0,1,0,3,2.0,85.0,0,Medium
Resort Hotel,0,2016,August,29,Female,BB,Direct,Direct,0,0,0,D,Transient,0,0,0,1,2.0,75.0,0,High
City Hotel,81,2016,December,16,Female,BB,Offline TA/TO,TA/TO,0,0,0,A,Transient,0,1,0,3,2.0,37.5,0,Low
City Hotel,80,2015,November,6,Female,BB,Online TA,TA/TO,0,0,0,A,Transient,2,1,0,2,2.0,43.235,0,High
City Hotel,44,2016,April,26,Female,BB,Online TA,TA/TO,0,0,0,D,Transient,1,1,0,4,2.0,59.69,0,Low
Resort Hotel,68,2015,July,20,Female,BB,Online TA,TA/TO,0,0,0,A,Transient,2,1,0,4,2.0,51.75,0,Low
City Hotel,80,2016,July,20,Male,BB,Online TA,TA/TO,0,0,0,A,Transient,0,1,0,1,2.0,52.65,0,High
City Hotel,423,2017,July,22,Male,HB,Offline TA/TO,TA/TO,0,0,0,A,Transient-Party,1,1,0,2,2.0,61.2,0,High
City Hotel,391,2016,July,27,Male,BB,Groups,TA/TO,0,0,0,A,Transient,0,1,0,2,2.0,32.5,0,High
Resort Hotel,74,2016,February,26,Male,Undefined,Groups,TA/TO,0,0,0,A,Transient,0,1,0,3,2.0,35.0,0,High
City Hotel,37,2016,December,9,Female,SC,Online TA,TA/TO,0,0,0,A,Transient,1,1,0,5,1.0,51.05,0,High
City Hotel,12,2017,May,30,Female,SC,Online TA,TA/TO,0,0,0,A,Transient,0,1,0,1,2.0,60.0,0,Medium
Resort Hotel,213,2016,May,16,Female,HB,Groups,TA/TO,0,0,0,A,Transient,0,1,0,2,2.0,42.5,0,Low
City Hotel,504,2017,August,12,Male,BB,Offline TA/TO,TA/TO,0,0,0,A,Transient-Party,1,1,0,3,2.0,56.335,0,Low
Resort Hotel,44,2015,July,10,Female,HB,Offline TA/TO,TA/TO,0,0,0,E,Transient,0,1,0,7,1.0,152.0,0,Low
City Hotel,0,2015,September,4,Female,BB,Online TA,TA/TO,0,0,0,A,Transient,0,1,0,2,1.0,133.0,0,High
Resort Hotel,145,2017,July,13,Female,BB,Online TA,TA/TO,0,0,0,E,Transient,1,1,0,5,2.0,99.5,0,Low
City Hotel,364,2015,October,16,Female,HB,Offline TA/TO,TA/TO,0,1,0,A,Transient-Party,0,1,0,2,2.0,54.5,0,High
City Hotel,55,2016,August,31,Female,HB,Online TA,TA/TO,0,0,0,A,Transient,2,1,0,3,2.0,72.0,0,Low
Resort Hotel,84,2016,August,8,Female,BB,Direct,Direct,0,0,0,D,Transient,1,1,0,3,3.0,72.89,1,Low
Resort Hotel,24,2015,December,28,Female,HB,Offline TA/TO,TA/TO,0,0,0,A,Transient-Party,1,1,0,0,2.0,0.0,0,High
City Hotel,32,2016,October,7,Female,BB,Direct,Direct,0,0,0,D,Transient,0,1,0,6,2.0,92.835,0,Low
City Hotel,261,2017,August,16,Female,BB,Offline TA/TO,TA/TO,0,0,0,A,Transient,0,1,0,5,3.0,35.699999999999996,0,High
City Hotel,100,2016,June,27,Male,BB,Direct,Direct,0,0,0,D,Transient,0,1,0,5,2.0,67.2,0,Low
City Hotel,7,2016,January,16,Female,BB,Online TA,TA/TO,0,0,0,A,Transient,0,1,0,3,2.0,39.15,0,Low
City Hotel,218,2016,October,7,Female,BB,Online TA,TA/TO,0,0,0,A,Transient,2,1,0,3,2.0,53.05,0,Low
Resort Hotel,7,2016,October,25,Female,BB,Online TA,TA/TO,0,0,0,A,Transient-Party,0,1,0,2,1.0,58.8,0,High
City Hotel,320,2016,August,18,Female,HB,Offline TA/TO,TA/TO,0,0,0,A,Transient-Party,0,1,0,2,2.0,57.5,0,High
City Hotel,352,2017,May,24,Male,SC,Online TA,TA/TO,0,0,0,A,Transient,0,1,0,3,2.0,49.5,0,Low
Resort Hotel,26,2016,November,6,Male,HB,Offline TA/TO,TA/TO,0,0,0,D,Contract,0,1,0,14,2.0,34.36,0,Low
Resort Hotel,2,2016,March,8,Male,BB,Online TA,TA/TO,0,0,0,D,Transient,0,1,0,6,2.0,30.665,0,Low
Resort Hotel,118,2017,March,29,Male,HB,Online TA,TA/TO,0,0,0,A,Transient,0,1,0,1,2.0,39.0,0,Low
City Hotel,74,2016,November,7,Male,BB,Online TA,TA/TO,0,0,0,A,Transient,0,1,0,4,1.0,177.3,0,High
Resort Hotel,183,2016,December,3,Female,FB,Groups,TA/TO,0,0,0,A,Transient,0,1,0,3,2.0,36.0,0,High
Resort Hotel,207,2017,February,13,Female,HB,Groups,TA/TO,0,0,0,A,Transient-Party,0,1,0,4,1.0,44.0,0,Low
City Hotel,412,2016,August,25,Female,BB,Groups,TA/TO,0,0,0,A,Transient,0,1,0,2,2.0,31.0,0,High
City Hotel,69,2016,April,4,Female,SC,Online TA,TA/TO,0,0,0,A,Transient,1,1,0,4,2.0,40.375,0,Low
City Hotel,250,2017,May,25,Female,SC,Online TA,TA/TO,0,0,0,A,Transient,0,1,0,4,2.0,53.55,0,Low
Resort Hotel,127,2016,June,25,Female,HB,Online TA,TA/TO,0,0,0,G,Transient,0,1,0,5,4.0,53.5,1,High
Resort Hotel,164,2016,October,29,Female,BB,Direct,Direct,1,0,1,H,Transient,2,1,0,0,1.0,0.0,0,High
Resort Hotel,0,2016,December,1,Female,BB,Direct,Direct,0,0,0,E,Transient,0,0,0,4,3.0,20.75,1,Low
Resort Hotel,113,2016,November,2,Male,BB,Online TA,TA/TO,0,0,0,A,Transient,2,1,0,2,1.0,37.8,0,Low
City Hotel,142,2017,August,16,Male,SC,Online TA,TA/TO,0,0,0,A,Transient,0,1,0,4,2.0,62.5,0,Medium
Resort Hotel,347,2016,September,4,Male,BB,Offline TA/TO,TA/TO,0,0,0,E,Contract,1,1,0,10,2.0,41.65,0,High
City Hotel,218,2016,June,9,Male,HB,Groups,TA/TO,0,1,0,A,Transient,0,1,0,2,2.0,67.5,0,High
Resort Hotel,78,2016,October,21,Male,HB,Offline TA/TO,TA/TO,0,0,0,A,Transient,0,1,0,4,3.0,16.293333333333333,1,High
Resort Hotel,33,2017,August,18,Female,FB,Online TA,Direct,0,0,0,D,Transient-Party,4,1,0,3,4.0,77.5,1,High
City Hotel,216,2017,August,8,Male,BB,Online TA,TA/TO,0,0,0,A,Transient,0,1,0,8,2.0,65.25,0,Low
Resort Hotel,14,2017,June,1,Male,BB,Offline TA/TO,TA/TO,0,0,0,A,Transient,0,1,0,3,2.0,41.345,0,Low
Resort Hotel,13,2017,March,5,Female,BB,Online TA,TA/TO,0,0,0,E,Transient,0,1,0,2,2.0,43.5,0,Low
City Hotel,9,2017,April,13,Female,BB,Online TA,TA/TO,0,0,0,E,Transient,1,1,0,3,2.0,105.0,0,Low
Resort Hotel,7,2017,July,10,Male,BB,Online TA,TA/TO,0,0,0,D,Transient,1,1,0,5,2.0,72.0,0,Low
City Hotel,22,2017,May,24,Female,BB,Direct,Direct,0,0,0,F,Transient,0,1,0,2,2.0,132.5,0,Low
Resort Hotel,165,2017,July,22,Female,BB,Direct,Direct,1,0,1,A,Transient,0,1,0,7,2.0,69.75,0,High
City Hotel,67,2017,May,2,Male,BB,Groups,Corporate,0,0,0,A,Transient-Party,0,0,1,3,1.0,110.0,0,Low
Resort Hotel,25,2015,October,26,Female,BB,Offline TA/TO,TA/TO,0,0,0,D,Contract,1,1,0,3,2.0,24.3,0,High
Resort Hotel,98,2016,October,11,Male,BB,Online TA,TA/TO,0,0,0,A,Transient,1,1,0,1,2.0,29.5,0,Low
Resort Hotel,41,2016,November,2,Female,BB,Offline TA/TO,TA/TO,0,0,0,A,Transient,0,1,0,5,2.0,14.5,0,Low
City Hotel,175,2017,May,19,Female,BB,Groups,TA/TO,0,0,0,A,Transient,0,1,0,1,1.0,90.0,0,High
City Hotel,99,2016,April,27,Female,BB,Offline TA/TO,TA/TO,0,0,0,A,Transient-Party,1,1,0,8,2.0,40.375,0,Low
City Hotel,38,2017,May,7,Female,SC,Online TA,TA/TO,0,0,0,A,Transient,0,1,0,4,2.0,67.05,0,Low
Resort Hotel,239,2016,September,18,Female,BB,Online TA,TA/TO,0,0,0,E,Transient,1,1,0,5,2.0,55.0,0,Low
City Hotel,1,2016,February,9,Female,BB,Direct,Direct,0,0,0,A,Transient,0,0,0,1,2.0,45.5,0,Low
City Hotel,20,2017,January,26,Male,SC,Online TA,TA/TO,0,0,0,A,Transient,0,1,0,4,2.0,30.6,0,Low
Resort Hotel,0,2016,February,3,Female,BB,Direct,Direct,0,0,0,A,Transient,0,0,0,1,1.0,39.0,0,Low
City Hotel,22,2016,September,26,Female,BB,Online TA,TA/TO,0,0,0,D,Transient,1,1,0,4,2.0,47.43,0,Low
City Hotel,5,2017,May,23,Male,BB,Corporate,Corporate,1,0,3,A,Transient,1,0,1,2,1.0,67.0,0,High
Resort Hotel,214,2016,April,11,Female,BB,Online TA,TA/TO,0,0,0,A,Transient,2,1,0,7,2.0,26.1,0,High
City Hotel,62,2017,April,6,Male,BB,Groups,TA/TO,0,0,0,A,Transient,0,0,0,3,1.0,135.0,0,High
City Hotel,1,2016,December,27,Female,BB,Offline TA/TO,TA/TO,0,0,0,A,Transient-Party,1,1,0,7,3.0,28.810000000000002,0,Medium
City Hotel,200,2017,August,4,Female,BB,Online TA,TA/TO,0,0,0,D,Transient,1,1,0,4,3.0,58.5,0,Medium
Resort Hotel,287,2015,October,15,Male,BB,Groups,Corporate,0,0,0,A,Transient-Party,0,0,1,1,1.0,37.0,0,Low
City Hotel,211,2017,August,31,Female,BB,Online TA,TA/TO,0,0,0,D,Transient,1,1,0,3,3.0,54.0,0,Low
Resort Hotel,10,2016,November,7,Male,BB,Offline TA/TO,TA/TO,0,0,0,A,Transient,0,1,0,3,1.0,30.0,0,High
City Hotel,247,2016,October,28,Male,BB,Groups,TA/TO,0,0,0,A,Transient,0,1,0,3,2.0,55.0,0,High
Resort Hotel,40,2016,December,1,Female,Undefined,Offline TA/TO,TA/TO,0,0,0,A,Transient,0,1,0,7,2.0,32.0,0,Low
City Hotel,3,2015,July,11,Male,HB,Offline TA/TO,TA/TO,0,0,0,A,Transient-Party,0,1,0,3,3.0,46.166666666666664,0,High
Resort Hotel,30,2016,May,12,Male,BB,Online TA,TA/TO,0,0,0,E,Transient,0,1,0,2,1.0,105.0,0,Low
Resort Hotel,58,2016,May,8,Male,BB,Offline TA/TO,TA/TO,0,0,0,A,Transient-Party,1,1,0,2,2.0,27.3,0,High
Resort Hotel,309,2017,June,8,Male,HB,Groups,TA/TO,0,0,0,A,Transient,0,1,0,5,1.0,74.0,0,High
City Hotel,43,2016,November,9,Male,BB,Online TA,TA/TO,0,0,0,A,Transient,2,1,0,3,2.0,88.335,0,Low
City Hotel,0,2017,July,30,Male,BB,Corporate,Corporate,0,0,0,A,Transient,0,0,1,1,1.0,65.0,0,High
Resort Hotel,33,2017,January,14,Female,BB,Online TA,TA/TO,0,0,0,E,Transient,2,1,0,3,2.0,34.665,0,Low
City Hotel,23,2016,February,21,Male,BB,Online TA,TA/TO,0,0,0,A,Transient,1,1,0,1,2.0,45.5,0,Low
City Hotel,8,2017,February,15,Male,BB,Groups,TA/TO,0,0,0,A,Transient-Party,0,1,0,2,1.0,65.0,0,Low
City Hotel,31,2016,February,6,Male,SC,Online TA,TA/TO,0,0,0,A,Transient-Party,1,1,0,3,2.0,34.75,0,Medium
Resort Hotel,9,2017,February,26,Female,HB,Online TA,TA/TO,0,0,0,A,Transient,1,1,0,2,3.0,36.0,1,Low
Resort Hotel,16,2017,January,27,Female,BB,Groups,Corporate,0,0,0,A,Transient,0,0,0,3,2.0,20.0,0,Low
Resort Hotel,383,2016,October,6,Female,BB,Groups,TA/TO,0,0,0,A,Transient-Party,0,1,0,3,2.0,24.0,0,Low
Resort Hotel,0,2017,January,14,Female,BB,Direct,Direct,1,0,0,A,Transient,0,0,0,3,2.0,25.0,0,Low
City Hotel,94,2017,April,17,Male,BB,Online TA,TA/TO,0,0,0,A,Transient,0,1,0,2,2.0,63.0,0,Low
Resort Hotel,96,2017,August,6,Male,BB,Online TA,TA/TO,0,0,0,A,Transient,0,1,0,9,2.0,115.0,0,Low
City Hotel,24,2016,October,16,Male,BB,Offline TA/TO,TA/TO,0,0,0,A,Transient,1,1,0,4,2.0,42.5,0,Low
City Hotel,14,2016,August,22,Male,BB,Online TA,TA/TO,0,0,0,D,Transient,2,1,0,2,2.0,78.0,0,Low
City Hotel,87,2017,May,22,Female,BB,Offline TA/TO,TA/TO,0,0,0,A,Transient-Party,0,1,0,2,1.0,126.0,0,Low
Resort Hotel,159,2017,February,4,Male,BB,Online TA,TA/TO,0,0,0,D,Transient,0,1,0,3,2.0,23.4,0,Low
City Hotel,53,2016,June,24,Female,BB,Groups,TA/TO,0,0,0,A,Transient-Party,1,1,0,3,2.0,32.5,0,High
Resort Hotel,20,2017,February,13,Female,BB,Online TA,TA/TO,0,0,0,A,Transient,1,1,0,2,2.0,30.5,0,High
City Hotel,0,2017,January,3,Female,BB,Direct,Direct,0,0,0,D,Transient,0,1,0,2,2.0,54.0,0,Low
Resort Hotel,2,2017,June,22,Male,BB,Online TA,TA/TO,0,0,0,A,Transient,1,1,0,1,2.0,63.0,0,High
City Hotel,114,2016,August,27,Male,BB,Online TA,TA/TO,0,0,0,A,Transient,0,1,0,1,2.0,64.35,0,Low
Resort Hotel,65,2017,June,9,Male,BB,Online TA,TA/TO,0,0,0,C,Transient,1,1,0,2,4.0,45.0,1,High
Resort Hotel,70,2016,August,17,Male,BB,Corporate,Corporate,1,0,5,A,Transient,0,0,1,2,2.0,62.5,0,Low
Resort Hotel,28,2016,May,5,Female,BB,Online TA,TA/TO,0,0,0,E,Transient,1,1,0,4,2.0,52.5,0,High
City Hotel,286,2016,September,16,Male,HB,Offline TA/TO,TA/TO,0,0,0,A,Transient-Party,0,1,0,2,1.0,91.0,0,Medium
City Hotel,175,2016,July,10,Female,BB,Online TA,TA/TO,0,0,0,D,Transient,1,1,0,10,3.0,43.06666666666666,1,Low
Resort Hotel,80,2017,June,10,Female,HB,Direct,Direct,0,0,0,C,Transient-Party,0,1,0,6,1.0,171.0,0,High
City Hotel,47,2016,September,21,Male,BB,Direct,Direct,0,0,0,D,Transient,0,0,0,2,1.0,140.0,0,Low
City Hotel,210,2017,May,20,Female,BB,Online TA,TA/TO,0,0,0,F,Transient,0,1,0,6,3.0,65.7,1,Low
City Hotel,268,2015,July,12,Female,BB,Offline TA/TO,TA/TO,0,1,0,A,Transient,0,1,0,3,2.0,41.0,0,High
City Hotel,109,2016,June,27,Female,BB,Online TA,TA/TO,0,0,0,D,Transient,0,1,0,2,2.0,43.45,0,High
City Hotel,118,2016,June,6,Female,BB,Offline TA/TO,Corporate,0,0,0,A,Transient-Party,0,1,0,3,1.0,110.0,0,Low
City Hotel,136,2017,March,21,Male,BB,Online TA,TA/TO,0,0,0,A,Transient,1,1,0,3,2.0,46.8,0,Low
Resort Hotel,468,2016,May,12,Female,HB,Groups,TA/TO,0,0,0,A,Transient-Party,0,1,0,2,2.0,33.5,0,Low
City Hotel,159,2017,March,31,Female,SC,Online TA,TA/TO,0,0,0,A,Transient,1,1,0,4,2.0,35.785,0,Low
City Hotel,63,2017,April,23,Female,SC,Online TA,TA/TO,0,0,0,A,Transient,0,1,0,6,2.0,54.0,0,Medium
Resort Hotel,15,2017,May,6,Female,BB,Online TA,TA/TO,0,0,0,A,Transient,0,1,0,8,2.0,48.565,0,Low
City Hotel,256,2016,June,15,Female,HB,Offline TA/TO,TA/TO,0,0,0,A,Transient-Party,1,1,0,2,2.0,57.5,0,Low
Resort Hotel,17,2016,July,3,Female,HB,Direct,Direct,0,0,0,A,Transient,1,0,0,4,3.0,62.916666666666664,1,Low
Resort Hotel,0,2015,September,10,Female,BB,Online TA,TA/TO,0,0,0,A,Transient,2,1,0,1,2.0,65.5,0,Low
Resort Hotel,168,2016,March,30,Female,BB,Groups,Corporate,0,0,1,A,Transient-Party,0,0,1,6,2.0,0.0,0,Low
City Hotel,165,2017,July,12,Female,SC,Online TA,TA/TO,0,0,0,A,Transient,1,1,0,1,2.0,44.55,0,Low
Resort Hotel,34,2016,November,18,Female,HB,Online TA,TA/TO,0,0,0,E,Transient,1,1,0,2,2.0,32.26,0,Low
City Hotel,18,2016,September,22,Male,BB,Online TA,TA/TO,0,0,0,A,Transient,1,1,0,4,2.0,75.25,0,Medium
City Hotel,62,2017,June,5,Female,SC,Online TA,TA/TO,0,0,0,A,Transient,2,1,0,2,2.0,63.0,0,Low
Resort Hotel,99,2017,June,2,Female,BB,Direct,Direct,0,0,0,F,Transient,0,1,0,7,2.0,77.5,0,Low
City Hotel,277,2016,November,13,Female,BB,Online TA,TA/TO,0,0,0,A,Transient,4,1,0,3,2.0,30.145,0,Low
Resort Hotel,147,2015,July,7,Female,BB,Direct,Direct,0,0,0,A,Transient,0,1,0,2,2.0,29.475,0,Low
City Hotel,44,2015,August,22,Female,HB,Groups,TA/TO,0,0,0,A,Transient-Party,0,1,0,3,2.0,43.0,0,High
City Hotel,94,2017,May,7,Male,BB,Online TA,TA/TO,0,0,0,D,Transient,0,1,0,5,2.0,67.5,0,Medium
City Hotel,398,2016,August,11,Female,BB,Groups,TA/TO,0,0,0,A,Transient,0,1,0,2,2.0,31.0,0,High
City Hotel,54,2016,October,10,Male,BB,Online TA,TA/TO,0,0,0,A,Transient,0,1,0,3,2.0,59.4,0,Low
Resort Hotel,1,2016,January,14,Female,BB,Corporate,Corporate,1,0,1,E,Transient,0,0,1,1,1.0,0.0,0,High
City Hotel,297,2016,May,14,Male,BB,Groups,TA/TO,0,0,0,A,Transient-Party,0,1,0,2,2.0,32.5,0,Low
Resort Hotel,0,2017,April,11,Female,BB,Direct,Direct,0,0,0,E,Transient,1,0,0,3,2.0,70.665,0,Low
City Hotel,18,2017,February,11,Female,BB,Online TA,TA/TO,0,0,0,F,Transient,0,1,0,4,4.0,49.5,1,Low
City Hotel,17,2017,February,19,Female,HB,Online TA,TA/TO,0,0,0,A,Transient,0,1,0,5,3.0,39.553333333333335,0,Medium
City Hotel,283,2017,August,11,Female,BB,Online TA,TA/TO,0,0,0,D,Transient,0,1,0,3,3.0,52.199999999999996,0,Low
City Hotel,59,2016,July,24,Male,BB,Online TA,TA/TO,0,0,0,A,Transient,1,1,0,6,3.0,30.17,1,High
City Hotel,188,2016,September,26,Female,BB,Offline TA/TO,TA/TO,0,0,0,A,Transient,0,1,0,4,2.0,40.375,0,Low
City Hotel,6,2016,September,26,Female,BB,Corporate,Corporate,0,0,0,A,Transient,0,0,1,1,1.0,67.0,0,High
City Hotel,41,2017,January,8,Female,BB,Online TA,TA/TO,0,0,0,D,Transient,0,1,0,14,1.0,96.9,0,Low
City Hotel,137,2017,March,6,Male,BB,Groups,TA/TO,0,0,0,A,Transient-Party,1,1,0,2,2.0,40.0,0,Low
City Hotel,104,2015,October,6,Female,HB,Offline TA/TO,TA/TO,0,0,0,A,Transient-Party,1,1,0,2,2.0,57.0,0,High
Resort Hotel,292,2016,November,3,Male,BB,Groups,TA/TO,0,0,0,A,Transient-Party,0,1,0,1,2.0,19.0,0,High
Resort Hotel,211,2016,May,14,Female,HB,Groups,TA/TO,0,0,0,A,Transient-Party,0,1,0,2,2.0,42.5,0,High
City Hotel,1,2016,October,7,Male,BB,Corporate,Corporate,0,0,0,A,Transient-Party,1,1,0,2,2.0,45.0,0,Low
Resort Hotel,13,2016,June,20,Male,BB,Online TA,TA/TO,1,0,0,A,Group,1,1,0,1,2.0,49.5,0,Medium
City Hotel,158,2017,March,27,Male,BB,Groups,TA/TO,0,0,0,A,Transient-Party,1,1,0,2,2.0,47.5,0,Low
City Hotel,100,2015,October,31,Female,BB,Groups,TA/TO,0,0,0,A,Transient-Party,0,1,0,2,2.0,31.0,0,High
City Hotel,135,2017,June,30,Female,BB,Groups,TA/TO,0,0,0,A,Transient,0,1,0,1,1.0,120.0,0,High
City Hotel,142,2015,August,13,Male,BB,Online TA,TA/TO,0,0,0,A,Transient-Party,1,1,0,7,2.0,38.25,0,Low
Resort Hotel,238,2017,June,25,Male,BB,Online TA,TA/TO,0,0,0,A,Transient,1,1,0,5,2.0,49.5,0,Low
City Hotel,311,2015,August,24,Female,BB,Groups,TA/TO,0,1,0,A,Transient-Party,0,1,0,2,2.0,31.0,0,High
Resort Hotel,66,2017,August,16,Male,BB,Online TA,TA/TO,0,0,0,A,Transient,2,1,0,4,1.0,230.0,0,High
City Hotel,1,2015,November,17,Male,BB,Online TA,TA/TO,0,0,0,A,Contract,0,1,0,1,1.0,91.0,0,Low
City Hotel,282,2015,October,10,Female,BB,Offline TA/TO,TA/TO,0,0,0,A,Transient-Party,0,1,0,3,2.0,38.335,0,Low
City Hotel,122,2016,June,30,Male,BB,Offline TA/TO,TA/TO,0,0,0,D,Transient,2,1,0,3,2.0,48.5,0,Low
City Hotel,105,2016,July,24,Female,BB,Online TA,TA/TO,0,0,0,A,Transient,2,1,0,6,3.0,5.0,1,Medium
City Hotel,40,2015,December,5,Female,BB,Online TA,TA/TO,0,0,0,A,Transient,0,1,0,2,2.0,57.6,0,Low
City Hotel,43,2016,May,24,Female,BB,Online TA,TA/TO,0,0,0,A,Transient,1,1,0,2,2.0,63.45,0,Low
City Hotel,49,2016,June,17,Female,SC,Offline TA/TO,TA/TO,0,0,0,A,Transient,2,1,0,5,2.0,36.125,0,Low
Resort Hotel,0,2016,July,17,Female,BB,Direct,Direct,0,0,0,A,Transient,0,0,0,1,2.0,57.5,0,Low
City Hotel,113,2017,August,10,Male,SC,Direct,Direct,0,0,0,A,Transient,0,1,0,5,2.0,62.5,0,Low
City Hotel,103,2015,July,18,Female,HB,Offline TA/TO,TA/TO,0,0,0,A,Transient-Party,0,1,0,3,2.0,47.25,0,High
City Hotel,0,2016,September,19,Female,BB,Direct,Direct,0,0,0,A,Transient,0,0,0,2,2.0,80.0,0,High
Resort Hotel,289,2015,November,20,Female,FB,Groups,TA/TO,0,1,0,A,Transient-Party,0,1,0,3,2.0,34.5,0,High
Resort Hotel,337,2016,October,9,Male,HB,Groups,Direct,0,0,0,D,Transient-Party,0,1,0,7,2.0,33.14,0,Low
City Hotel,6,2015,September,3,Female,BB,Direct,Direct,0,0,0,F,Transient,1,1,0,1,4.0,32.9375,1,High
Resort Hotel,102,2017,March,26,Male,BB,Groups,Corporate,0,0,0,A,Transient,0,1,0,3,1.0,39.33,0,High
Resort Hotel,260,2017,May,11,Female,BB,Offline TA/TO,TA/TO,0,0,0,A,Contract,0,1,0,7,2.0,20.475,0,Low
City Hotel,131,2015,August,15,Female,HB,Offline TA/TO,TA/TO,0,0,0,A,Transient-Party,0,1,0,3,2.0,47.25,0,Medium
City Hotel,289,2017,March,2,Female,BB,Online TA,TA/TO,0,0,0,A,Transient,0,1,0,3,2.0,40.95,0,Low
Resort Hotel,9,2016,November,25,Male,BB,Online TA,TA/TO,0,0,0,A,Transient,1,1,0,2,2.0,24.0,0,Low
City Hotel,206,2016,August,5,Female,BB,Online TA,TA/TO,0,0,0,F,Transient,1,1,0,1,4.0,42.075,1,Low
City Hotel,1,2015,August,8,Female,BB,Direct,Direct,0,0,0,A,Transient,0,1,0,2,2.0,37.5,0,High
City Hotel,43,2017,January,22,Male,BB,Online TA,TA/TO,0,0,0,A,Transient,2,1,0,6,3.0,32.13,1,Low
Resort Hotel,103,2017,March,27,Male,BB,Groups,Corporate,0,0,0,D,Transient,0,1,0,2,2.0,32.5,0,High
Resort Hotel,23,2015,December,11,Male,BB,Online TA,TA/TO,0,0,0,A,Transient,2,1,0,1,2.0,24.0,0,Low
City Hotel,179,2017,July,9,Male,BB,Direct,Direct,0,0,0,A,Transient,1,1,0,4,2.0,44.55,0,Low
City Hotel,15,2015,August,23,Female,BB,Online TA,TA/TO,0,0,0,A,Transient,0,1,0,1,2.0,49.5,0,High
City Hotel,68,2016,April,21,Female,BB,Online TA,TA/TO,0,0,0,D,Transient,1,1,0,3,1.0,112.2,0,Low
Resort Hotel,32,2016,November,8,Male,BB,Online TA,TA/TO,0,0,0,A,Transient,2,1,0,6,2.0,18.9,0,High
Resort Hotel,96,2017,April,29,Female,BB,Direct,Direct,0,0,0,A,Transient,0,1,0,2,2.0,38.25,0,High
City Hotel,20,2016,February,24,Male,BB,Online TA,TA/TO,0,0,0,A,Transient,2,1,0,2,2.0,33.61,0,Low
City Hotel,161,2016,March,25,Male,HB,Offline TA/TO,TA/TO,0,0,0,A,Transient,0,1,0,3,2.0,65.0,0,High
City Hotel,147,2017,July,16,Female,BB,Online TA,TA/TO,0,0,0,A,Transient,0,1,0,3,2.0,53.55,0,Low
Resort Hotel,107,2017,May,17,Male,HB,Online TA,TA/TO,0,0,0,E,Transient,0,1,0,7,2.0,73.5,0,Low
Resort Hotel,308,2016,July,4,Female,HB,Online TA,TA/TO,0,0,0,A,Transient,0,0,0,7,2.0,54.0,0,High
Resort Hotel,103,2016,December,27,Female,BB,Direct,Direct,0,0,0,F,Transient,0,1,0,2,2.0,31.0,0,High
City Hotel,1,2017,August,2,Female,BB,Corporate,Corporate,1,0,5,D,Transient,2,0,1,1,1.0,95.0,0,High
Resort Hotel,1,2016,March,4,Male,BB,Online TA,TA/TO,0,0,0,A,Transient,1,1,0,1,2.0,24.0,0,High
Resort Hotel,113,2015,October,2,Male,BB,Online TA,TA/TO,0,0,0,E,Transient,0,1,0,2,2.0,39.0,0,Low
City Hotel,89,2016,January,10,Female,BB,Online TA,TA/TO,0,1,0,D,Transient,2,1,0,4,3.0,32.98,0,High
City Hotel,17,2016,November,28,Female,BB,Direct,Direct,1,0,4,D,Transient,2,0,1,2,1.0,94.0,0,Low
Resort Hotel,6,2017,March,1,Female,BB,Groups,Corporate,0,0,0,A,Transient-Party,0,0,1,5,1.0,29.0,0,Low
City Hotel,93,2017,April,6,Female,BB,Offline TA/TO,TA/TO,0,0,0,A,Transient,0,1,0,3,1.0,85.0,0,High
City Hotel,89,2016,November,16,Male,SC,Online TA,TA/TO,0,0,0,A,Transient,0,1,0,4,2.0,28.8,0,High
City Hotel,322,2016,December,9,Female,BB,Offline TA/TO,TA/TO,0,0,0,A,Transient,0,1,0,2,2.0,26.0,0,High
City Hotel,25,2016,May,10,Male,SC,Online TA,TA/TO,0,0,0,A,Transient,0,1,0,3,1.0,129.0,0,Low
City Hotel,100,2016,October,24,Female,HB,Online TA,TA/TO,0,0,0,A,Transient,0,1,0,4,3.0,44.02666666666667,1,Low
City Hotel,59,2017,April,6,Female,BB,Online TA,TA/TO,0,0,0,A,Transient,2,1,0,3,2.0,58.5,0,Low
City Hotel,72,2017,January,19,Female,BB,Online TA,TA/TO,0,0,0,D,Transient,1,1,0,3,2.0,51.3,0,Medium
City Hotel,112,2016,June,2,Female,BB,Offline TA/TO,TA/TO,0,0,0,A,Transient-Party,0,1,0,2,2.0,50.0,0,Low
City Hotel,224,2017,June,6,Male,BB,Online TA,TA/TO,0,0,0,D,Transient,2,1,0,4,2.0,78.75,0,Low
City Hotel,137,2016,July,28,Male,BB,Online TA,TA/TO,0,0,0,D,Transient,0,1,0,4,1.0,134.3,0,Medium
Resort Hotel,137,2016,September,4,Female,BB,Direct,Direct,0,0,2,E,Transient,3,0,0,5,2.0,85.5,0,High
Resort Hotel,210,2017,May,4,Male,HB,Offline TA/TO,TA/TO,0,0,0,A,Transient,1,1,0,7,2.0,34.2,0,High
City Hotel,1,2015,December,27,Female,SC,Online TA,TA/TO,0,0,0,A,Transient,0,1,0,2,2.0,34.0,0,High
City Hotel,5,2016,July,8,Male,SC,Online TA,TA/TO,0,0,0,A,Transient,2,1,0,1,2.0,69.5,0,Low
City Hotel,2,2016,October,13,Female,BB,Offline TA/TO,TA/TO,0,0,0,A,Transient-Party,0,1,0,1,1.0,109.65,0,High
City Hotel,136,2017,July,30,Female,SC,Online TA,TA/TO,0,0,0,A,Transient,0,1,0,2,2.0,59.375,0,Low
City Hotel,73,2016,July,6,Female,BB,Online TA,TA/TO,0,0,0,A,Transient,1,1,0,3,2.0,45.39,0,Low
City Hotel,180,2016,November,13,Male,SC,Online TA,TA/TO,0,0,0,A,Transient,2,1,0,1,2.0,27.375,0,Low
City Hotel,270,2016,April,20,Female,BB,Offline TA/TO,TA/TO,0,0,0,A,Transient-Party,0,1,0,4,2.0,31.4,0,High
City Hotel,420,2017,May,20,Female,BB,Groups,TA/TO,0,0,0,A,Transient,0,1,0,3,2.0,45.0,0,High
City Hotel,122,2017,July,8,Female,BB,Online TA,TA/TO,0,0,0,A,Transient-Party,1,1,0,1,2.0,63.0,0,High
City Hotel,221,2016,September,29,Female,BB,Online TA,TA/TO,0,0,0,A,Transient-Party,2,1,0,3,1.0,115.5,0,Low
City Hotel,98,2015,November,23,Female,BB,Groups,TA/TO,0,0,0,A,Transient-Party,0,1,0,4,1.0,70.0,0,Low
City Hotel,122,2017,April,14,Male,BB,Online TA,TA/TO,0,0,0,A,Transient,2,1,0,7,2.0,59.785,0,Low
Resort Hotel,112,2016,February,12,Female,Undefined,Groups,TA/TO,0,0,0,A,Transient-Party,0,1,0,2,2.0,35.0,0,Low
City Hotel,66,2016,May,14,Female,BB,Offline TA/TO,TA/TO,0,0,0,E,Transient,1,1,0,4,3.0,49.18666666666667,0,Low
City Hotel,16,2016,October,29,Female,SC,Online TA,TA/TO,0,0,0,A,Transient,4,1,0,5,2.0,53.0,0,Medium
City Hotel,51,2015,October,12,Female,BB,Online TA,TA/TO,0,0,0,A,Group,0,1,0,4,2.0,34.555,0,Low
City Hotel,65,2015,November,18,Female,BB,Online TA,TA/TO,0,0,0,D,Contract,2,1,0,1,1.0,81.9,0,High
City Hotel,504,2017,August,12,Female,BB,Offline TA/TO,TA/TO,0,0,0,A,Transient-Party,0,1,0,3,2.0,45.0,0,High
City Hotel,1,2016,May,8,Female,SC,Online TA,TA/TO,0,0,0,A,Transient,0,1,0,1,2.0,28.235,0,High
Resort Hotel,71,2016,April,2,Female,FB,Offline TA/TO,TA/TO,0,0,0,D,Transient,0,1,0,7,2.0,44.625,0,Low
Resort Hotel,294,2016,June,21,Female,BB,Online TA,TA/TO,0,0,0,A,Transient,1,1,0,5,2.0,32.4,0,Low
City Hotel,330,2015,September,12,Male,BB,Groups,TA/TO,0,1,0,A,Transient-Party,0,1,0,3,2.0,31.4,0,High
City Hotel,55,2015,October,9,Male,BB,Online TA,TA/TO,0,0,0,A,Transient,1,1,0,2,2.0,47.25,0,High
City Hotel,291,2016,December,24,Male,BB,Online TA,TA/TO,0,0,0,F,Transient,0,1,0,8,4.0,36.55,1,Low
City Hotel,33,2017,January,6,Female,BB,Online TA,TA/TO,0,0,0,A,Transient,1,1,0,4,2.0,37.4,0,Medium
City Hotel,27,2017,January,1,Male,SC,Online TA,TA/TO,0,0,0,A,Transient,3,1,0,5,2.0,40.12,0,Low
Resort Hotel,3,2016,October,8,Female,BB,Online TA,TA/TO,0,0,0,D,Transient-Party,0,1,0,1,2.0,40.0,0,High
City Hotel,34,2016,October,2,Male,SC,Online TA,TA/TO,0,0,0,A,Transient,2,1,0,3,2.0,54.0,0,Low
City Hotel,386,2016,July,28,Female,BB,Groups,TA/TO,0,0,0,A,Transient,0,1,0,2,2.0,31.0,0,High
Resort Hotel,0,2016,January,13,Male,BB,Direct,Direct,0,0,0,D,Transient,0,0,0,1,1.0,38.0,0,Low
City Hotel,19,2016,May,2,Female,BB,Online TA,TA/TO,0,0,0,A,Transient-Party,0,1,0,3,2.0,65.0,0,Low
City Hotel,44,2017,July,10,Female,BB,Offline TA/TO,TA/TO,0,0,0,A,Transient,2,1,0,2,2.0,40.05,0,Low
City Hotel,21,2016,November,11,Female,HB,Online TA,TA/TO,0,0,0,D,Transient,2,1,0,3,2.0,81.335,0,Low
Resort Hotel,31,2017,April,23,Female,HB,Groups,TA/TO,0,0,0,A,Transient-Party,0,1,0,6,2.0,46.5,0,Low
City Hotel,92,2017,June,5,Female,BB,Direct,Direct,0,0,0,A,Transient,1,1,0,7,3.0,48.666666666666664,1,Low
City Hotel,11,2016,July,24,Female,BB,Online TA,TA/TO,0,0,0,A,Transient,1,1,0,4,2.0,55.23,0,High
Resort Hotel,0,2017,March,24,Female,HB,Corporate,Corporate,0,0,0,A,Transient,0,0,1,1,1.0,81.0,0,Low
Resort Hotel,4,2016,November,14,Female,BB,Online TA,TA/TO,0,0,0,A,Transient,2,1,0,1,1.0,43.0,0,High
Resort Hotel,1,2017,April,12,Female,BB,Direct,Direct,0,0,0,D,Transient,0,1,0,5,2.0,68.5,0,Low
City Hotel,140,2015,November,18,Female,BB,Groups,TA/TO,0,0,0,A,Transient-Party,0,1,0,3,1.0,65.0,0,High
Resort Hotel,35,2017,April,2,Male,BB,Online TA,TA/TO,0,0,0,A,Transient,2,1,0,4,2.0,35.0,0,Low
City Hotel,304,2015,August,17,Male,BB,Groups,TA/TO,0,1,0,A,Transient-Party,0,1,0,2,2.0,31.0,0,High
Resort Hotel,225,2016,May,26,Female,BB,Groups,Direct,0,0,0,A,Transient-Party,0,0,1,4,1.0,60.0,0,Low
City Hotel,28,2017,February,12,Female,SC,Online TA,TA/TO,0,0,0,A,Transient,0,1,0,4,2.0,37.4,0,Low
City Hotel,3,2016,April,21,Female,BB,Online TA,TA/TO,0,0,0,A,Transient,0,1,0,1,2.0,55.0,0,High
City Hotel,146,2017,June,5,Female,BB,Online TA,TA/TO,0,0,0,D,Transient,2,1,0,5,2.0,78.75,0,Low
City Hotel,123,2016,April,29,Female,BB,Online TA,TA/TO,0,0,0,A,Transient,0,1,0,3,1.0,93.9,0,Low
Resort Hotel,178,2016,August,27,Female,HB,Online TA,TA/TO,0,0,0,A,Transient,0,1,0,6,3.0,69.83333333333333,1,High
City Hotel,58,2016,December,24,Female,SC,Online TA,TA/TO,0,0,0,A,Transient,1,1,0,1,1.0,54.05,0,High
City Hotel,197,2016,August,24,Female,BB,Offline TA/TO,TA/TO,0,0,0,A,Transient-Party,1,1,0,3,2.0,36.125,0,Low
City Hotel,268,2016,October,9,Male,BB,Offline TA/TO,TA/TO,0,0,0,A,Transient-Party,0,1,0,5,2.0,40.375,0,Low
Resort Hotel,180,2016,July,3,Female,BB,Direct,Direct,0,0,0,D,Transient,0,1,0,8,2.0,42.5,0,High
City Hotel,22,2016,September,16,Female,BB,Online TA,TA/TO,0,0,0,F,Transient,2,1,0,2,4.0,59.75,1,Low
Resort Hotel,102,2016,February,8,Female,HB,Groups,TA/TO,0,0,0,A,Transient-Party,0,1,0,3,2.0,25.0,0,High
City Hotel,46,2017,June,12,Female,SC,Online TA,TA/TO,0,0,0,A,Transient,0,1,0,4,1.0,120.0,0,Low
Resort Hotel,11,2016,December,3,Female,HB,Offline TA/TO,TA/TO,0,0,0,F,Transient-Party,1,1,0,4,2.0,46.5,0,Low
City Hotel,32,2016,December,27,Female,BB,Offline TA/TO,TA/TO,0,0,0,A,Transient-Party,0,1,0,6,1.0,63.33,0,Medium
City Hotel,33,2017,February,10,Male,BB,Online TA,TA/TO,0,0,0,A,Transient,1,1,0,3,3.0,39.333333333333336,1,Low
City Hotel,6,2016,April,3,Male,SC,Offline TA/TO,TA/TO,0,0,0,A,Transient,0,1,0,4,2.0,42.5,0,Low
City Hotel,109,2016,February,21,Female,BB,Offline TA/TO,TA/TO,0,1,0,A,Transient,0,1,0,3,2.0,37.5,0,High
City Hotel,231,2017,February,1,Female,BB,Online TA,TA/TO,0,0,0,A,Transient,0,1,0,6,3.0,33.43333333333333,1,Low
City Hotel,57,2016,November,18,Female,BB,Online TA,TA/TO,0,0,0,A,Transient,1,1,0,3,1.0,86.4,0,Low
Resort Hotel,155,2015,October,31,Female,BB,Groups,Direct,0,0,0,A,Transient-Party,0,0,0,1,2.0,18.0,0,High
Resort Hotel,0,2017,January,9,Female,BB,Online TA,TA/TO,1,0,2,G,Transient,2,1,0,1,4.0,23.75,1,High
City Hotel,35,2016,March,22,Female,BB,Online TA,TA/TO,0,0,0,D,Transient,1,1,0,4,3.0,46.126666666666665,0,Low
City Hotel,164,2017,April,24,Male,BB,Direct,Direct,0,0,0,A,Transient,0,1,0,3,2.0,49.5,0,Low
Resort Hotel,3,2017,August,21,Female,BB,Online TA,TA/TO,0,0,0,C,Transient,1,1,0,2,4.0,57.25,1,Low
City Hotel,521,2017,August,29,Male,BB,Offline TA/TO,TA/TO,0,0,0,A,Transient,0,1,0,1,2.0,45.0,0,High
City Hotel,42,2015,November,2,Female,BB,Offline TA/TO,TA/TO,0,0,0,D,Transient,0,1,0,5,2.0,30.0,0,Low
City Hotel,260,2015,July,4,Male,BB,Groups,TA/TO,0,1,0,A,Transient-Party,0,1,0,4,2.0,31.0,0,High
City Hotel,301,2016,November,18,Female,BB,Offline TA/TO,TA/TO,0,0,0,A,Transient,0,1,0,2,2.0,26.0,0,High
Resort Hotel,31,2016,February,18,Male,BB,Online TA,TA/TO,0,0,0,D,Transient,1,1,0,3,2.0,28.0,0,Low
City Hotel,158,2016,September,16,Male,BB,Online TA,TA/TO,0,0,0,A,Transient,1,1,0,1,2.0,63.45,0,Low
Resort Hotel,178,2017,July,26,Female,BB,Direct,Direct,0,0,0,E,Transient,2,1,0,7,3.0,59.4,1,Low
City Hotel,92,2016,April,25,Male,BB,Online TA,TA/TO,0,0,0,A,Transient,0,1,0,4,2.0,45.475,0,Medium
Resort Hotel,7,2017,March,2,Male,BB,Groups,Corporate,0,0,0,D,Transient-Party,0,0,1,4,2.0,23.5,0,Low
Resort Hotel,9,2017,May,19,Female,BB,Online TA,TA/TO,0,0,0,A,Transient,1,1,0,2,1.0,95.5,0,Low
City Hotel,23,2017,March,12,Female,BB,Corporate,Corporate,1,0,1,A,Transient,1,0,1,1,2.0,42.5,0,Low
City Hotel,337,2015,September,19,Male,BB,Groups,TA/TO,0,1,0,A,Transient-Party,0,1,0,4,2.0,31.0,0,High
City Hotel,12,2016,July,18,Female,BB,Online TA,TA/TO,0,0,0,D,Transient,1,1,0,3,2.0,74.665,0,Low
City Hotel,98,2015,November,23,Female,FB,Groups,TA/TO,0,0,0,A,Transient-Party,0,1,0,3,1.0,84.0,0,High
City Hotel,6,2016,May,10,Female,SC,Online TA,TA/TO,0,0,0,A,Transient,0,1,0,4,2.0,64.5,0,Medium
Resort Hotel,5,2016,June,19,Male,BB,Corporate,Corporate,0,0,0,A,Transient,0,0,1,2,1.0,65.0,0,High
City Hotel,27,2017,February,4,Female,BB,Online TA,TA/TO,0,0,0,A,Transient,0,1,0,3,2.0,49.0,0,Low
City Hotel,104,2016,October,18,Female,BB,Online TA,TA/TO,0,0,0,A,Transient,1,1,0,4,2.0,45.74,0,Low
City Hotel,112,2017,May,26,Female,SC,Online TA,TA/TO,0,0,0,A,Transient,0,1,0,1,2.0,63.0,0,Low
City Hotel,14,2016,February,22,Female,BB,Offline TA/TO,TA/TO,0,0,0,A,Transient,1,1,0,4,3.0,39.333333333333336,0,Low
Resort Hotel,0,2016,April,20,Male,BB,Corporate,Corporate,1,0,1,A,Transient,0,0,1,1,1.0,58.5,0,High
City Hotel,8,2017,March,15,Male,BB,Direct,Direct,0,0,0,A,Transient,0,1,0,1,1.0,103.0,0,Low
Resort Hotel,147,2017,May,16,Female,HB,Offline TA/TO,TA/TO,0,0,0,A,Transient,0,1,0,7,2.0,35.2,0,Low
City Hotel,72,2016,March,26,Male,HB,Groups,TA/TO,0,0,0,A,Transient,0,1,0,2,2.0,48.0,0,High
City Hotel,72,2015,October,28,Female,BB,Groups,TA/TO,0,0,0,A,Transient-Party,0,1,0,3,2.0,42.835,0,High
Resort Hotel,157,2016,March,18,Female,BB,Online TA,TA/TO,0,0,0,A,Transient,2,1,0,8,2.0,20.34,0,Low
City Hotel,183,2017,March,11,Male,BB,Corporate,TA/TO,0,0,0,A,Transient-Party,0,1,0,8,1.0,80.0,0,Low
City Hotel,0,2016,February,15,Female,SC,Online TA,TA/TO,0,0,0,A,Transient,0,1,0,1,2.0,39.5,0,Low
City Hotel,32,2016,April,13,Female,BB,Online TA,TA/TO,0,0,0,D,Transient,0,1,0,3,3.0,46.9,0,Low
City Hotel,193,2016,July,28,Female,BB,Direct,Direct,0,0,0,A,Transient,1,1,0,3,3.0,32.833333333333336,1,Low
City Hotel,189,2017,June,2,Female,BB,Groups,TA/TO,0,0,0,A,Transient,0,0,0,2,2.0,50.0,0,High
City Hotel,213,2016,August,31,Female,BB,Online TA,TA/TO,0,0,0,D,Transient-Party,1,1,0,4,2.0,59.075,0,Low
City Hotel,4,2016,February,15,Female,BB,Complementary,Direct,1,0,1,A,Transient,1,0,1,3,1.0,0.0,0,High
Resort Hotel,11,2016,February,26,Female,BB,Online TA,TA/TO,0,0,0,A,Transient,2,1,0,3,2.0,30.0,0,High
Resort Hotel,3,2016,September,9,Female,BB,Direct,Direct,0,0,0,D,Transient,0,1,0,1,2.0,79.8,0,High
City Hotel,155,2017,August,20,Female,HB,Online TA,TA/TO,0,0,0,A,Transient,1,1,0,5,2.0,70.5,0,Low
City Hotel,164,2017,July,19,Female,SC,Online TA,TA/TO,0,0,0,A,Transient,0,1,0,1,2.0,44.55,0,Low
Resort Hotel,0,2017,January,25,Female,BB,Corporate,Corporate,0,0,0,A,Transient,0,0,1,1,1.0,35.0,0,High
City Hotel,240,2016,September,10,Male,HB,Groups,TA/TO,0,0,0,A,Transient-Party,1,1,0,2,2.0,48.0,0,Medium
City Hotel,141,2016,October,6,Female,BB,Offline TA/TO,TA/TO,0,0,0,A,Transient,0,1,0,4,2.0,40.375,0,Low
City Hotel,117,2017,August,12,Female,BB,Online TA,TA/TO,0,0,0,D,Transient,1,1,0,2,2.0,77.5,0,Low
Resort Hotel,217,2017,August,16,Male,HB,Direct,Direct,0,0,0,D,Transient-Party,1,1,0,7,2.0,93.3,0,High
City Hotel,196,2017,June,23,Male,BB,Offline TA/TO,TA/TO,0,0,0,A,Transient,0,1,0,2,2.0,62.5,0,High
City Hotel,19,2017,August,29,Male,SC,Online TA,TA/TO,0,0,0,A,Transient,2,1,0,1,1.0,140.0,0,Low
City Hotel,291,2016,August,19,Female,HB,Offline TA/TO,TA/TO,0,0,0,A,Transient,0,1,0,2,2.0,57.5,0,High
City Hotel,4,2017,May,28,Female,BB,Corporate,Corporate,1,1,14,A,Transient,1,0,1,2,1.0,65.0,0,High
City Hotel,134,2016,April,17,Female,BB,Online TA,TA/TO,0,0,0,A,Transient,1,1,0,4,2.0,40.375,0,Low
Resort Hotel,18,2015,July,31,Female,BB,Online TA,TA/TO,0,0,0,A,Transient,1,1,0,3,2.0,74.85,0,High
Resort Hotel,80,2016,April,7,Male,Undefined,Groups,TA/TO,0,0,0,A,Transient-Party,0,1,0,3,2.0,34.0,0,Low
City Hotel,15,2017,February,17,Female,BB,Offline TA/TO,TA/TO,0,0,0,A,Transient,0,1,0,2,2.0,47.5,0,High
Resort Hotel,40,2015,November,24,Male,BB,Online TA,TA/TO,0,0,0,D,Transient,2,1,0,3,2.0,20.7,0,Low
Resort Hotel,388,2017,May,25,Female,SC,Groups,TA/TO,0,0,0,E,Transient-Party,2,1,0,4,2.0,0.0,0,Low
Resort Hotel,313,2017,May,27,Female,BB,Direct,Direct,0,0,0,E,Transient,0,1,0,7,2.0,43.455,0,Low
City Hotel,60,2017,May,7,Female,BB,Offline TA/TO,TA/TO,0,0,0,A,Transient,0,1,0,3,2.0,53.0,0,Low
Resort Hotel,118,2017,August,20,Male,BB,Online TA,TA/TO,0,0,0,E,Transient,1,1,0,3,2.0,135.0,0,Low
Resort Hotel,74,2015,October,31,Female,BB,Online TA,TA/TO,0,0,0,A,Transient,2,1,0,2,2.0,23.0,0,High
City Hotel,8,2016,November,5,Female,BB,Offline TA/TO,TA/TO,0,0,0,A,Transient-Party,0,1,0,1,2.0,65.0,0,Low
City Hotel,11,2016,April,29,Male,SC,Online TA,TA/TO,0,0,0,A,Transient,0,1,0,3,2.0,61.165,0,Low
Resort Hotel,30,2017,January,13,Female,BB,Online TA,TA/TO,0,0,0,D,Transient,1,1,0,2,2.0,29.0,0,Low
City Hotel,90,2016,May,7,Female,BB,Online TA,TA/TO,0,0,0,A,Transient,0,1,0,4,2.0,59.925,0,High
City Hotel,3,2016,September,2,Male,BB,Direct,Direct,0,0,0,D,Transient,1,1,0,1,2.0,70.0,0,Low
City Hotel,63,2017,February,26,Female,BB,Online TA,TA/TO,0,0,0,D,Transient,0,1,0,4,2.0,49.515,0,Low
City Hotel,166,2017,March,10,Female,BB,Online TA,TA/TO,0,0,0,A,Transient,1,1,0,4,2.0,44.2,0,Medium
City Hotel,14,2015,September,14,Female,SC,Online TA,TA/TO,0,0,0,A,Transient,1,1,0,3,3.0,33.623333333333335,0,Low
Resort Hotel,1,2017,January,5,Female,BB,Online TA,TA/TO,0,0,0,D,Transient,1,1,0,1,1.0,58.0,0,High
Resort Hotel,9,2016,May,15,Female,BB,Groups,TA/TO,0,0,0,A,Group,0,0,0,1,2.0,35.0,0,Low
City Hotel,2,2015,October,30,Female,BB,Offline TA/TO,TA/TO,0,0,0,D,Group,2,1,0,2,2.0,36.125,0,Low
Resort Hotel,43,2016,October,29,Male,BB,Online TA,TA/TO,0,0,0,A,Transient,0,1,0,4,2.0,39.5,0,Low
City Hotel,98,2016,May,7,Male,SC,Online TA,TA/TO,0,0,0,A,Transient,0,1,0,1,2.0,58.05,0,High
City Hotel,71,2016,May,7,Female,SC,Online TA,TA/TO,0,0,0,A,Transient,1,1,0,2,2.0,58.05,0,Low
City Hotel,6,2015,August,3,Male,BB,Direct,Direct,0,0,0,B,Transient-Party,1,0,0,1,2.0,37.5,0,High
Resort Hotel,333,2016,September,12,Female,BB,Online TA,TA/TO,0,0,0,G,Transient,1,1,0,2,2.0,65.25,0,High
City Hotel,92,2016,July,15,Male,BB,Online TA,TA/TO,0,0,0,A,Transient,1,1,0,1,1.0,99.9,0,High
City Hotel,41,2016,March,15,Female,BB,Online TA,TA/TO,0,0,0,D,Transient-Party,2,1,0,3,3.0,41.1,0,Low
City Hotel,38,2017,March,7,Female,SC,Online TA,TA/TO,0,0,0,A,Transient,1,1,0,3,2.0,44.0,0,Low
City Hotel,150,2017,June,17,Male,BB,Offline TA/TO,TA/TO,0,0,0,A,Transient,0,0,0,5,1.0,120.0,0,High
Resort Hotel,33,2017,February,11,Female,BB,Online TA,TA/TO,0,0,0,D,Transient,0,1,0,4,2.0,29.0,0,Medium
City Hotel,8,2015,October,31,Female,BB,Direct,Direct,0,0,0,F,Transient,0,0,0,1,4.0,16.0,1,High
Resort Hotel,11,2015,August,28,Male,BB,Offline TA/TO,TA/TO,0,0,0,A,Transient,1,1,0,3,3.0,38.04333333333333,1,High
Resort Hotel,99,2016,April,23,Female,BB,Online TA,TA/TO,0,0,0,E,Transient,2,1,0,7,2.0,39.6,0,Low
Resort Hotel,0,2016,September,3,Female,BB,Direct,Direct,0,0,0,E,Transient,0,0,0,1,2.0,90.5,0,Low
Resort Hotel,1,2015,August,13,Male,BB,Offline TA/TO,TA/TO,0,0,0,A,Transient,0,1,0,4,2.0,70.7,0,Low
City Hotel,52,2017,February,19,Male,SC,Online TA,TA/TO,0,0,0,A,Transient,0,1,0,5,2.0,37.4,0,Low
City Hotel,5,2017,April,17,Male,BB,Offline TA/TO,TA/TO,0,0,0,A,Transient-Party,0,1,0,2,1.0,95.0,0,High
Resort Hotel,70,2016,March,21,Female,BB,Online TA,TA/TO,0,0,0,A,Transient,1,1,0,8,2.0,19.65,0,Low
City Hotel,153,2017,July,29,Female,BB,Online TA,TA/TO,0,0,0,A,Transient-Party,0,1,0,3,3.0,49.5,1,Low
City Hotel,16,2017,July,30,Female,BB,Online TA,TA/TO,0,0,0,D,Transient,2,1,0,1,2.0,69.0,0,Low
City Hotel,14,2015,October,15,Male,BB,Offline TA/TO,TA/TO,0,1,0,A,Transient-Party,0,1,0,1,1.0,100.0,0,High
City Hotel,0,2017,April,10,Female,SC,Online TA,TA/TO,0,0,0,A,Transient,1,1,0,1,1.0,112.0,0,Low
City Hotel,82,2017,April,11,Female,BB,Offline TA/TO,TA/TO,0,0,0,A,Transient,0,1,0,4,2.0,42.5,0,Low
City Hotel,26,2017,May,26,Female,BB,Online TA,TA/TO,0,0,0,D,Transient,0,1,0,1,3.0,76.66666666666667,0,Low
City Hotel,31,2016,October,7,Female,BB,Online TA,TA/TO,0,0,0,D,Transient,3,1,0,1,2.0,78.75,0,Low
City Hotel,99,2017,March,11,Female,BB,Online TA,TA/TO,0,0,0,D,Transient,2,1,0,2,3.0,47.4,0,Low
City Hotel,110,2017,April,26,Female,BB,Online TA,TA/TO,0,0,0,D,Transient,0,1,0,5,2.0,79.475,0,Low
Resort Hotel,19,2016,May,16,Female,BB,Online TA,TA/TO,0,0,0,G,Transient-Party,0,1,0,3,4.0,35.25,1,Low
City Hotel,92,2016,March,31,Male,SC,Online TA,TA/TO,0,0,0,A,Transient,1,1,0,5,2.0,38.25,0,Low
Resort Hotel,4,2017,July,2,Female,BB,Corporate,Corporate,1,0,1,A,Transient,0,0,1,1,2.0,109.0,0,High
City Hotel,6,2017,January,15,Female,SC,Online TA,TA/TO,0,0,0,A,Transient,1,1,0,10,2.0,37.03,0,Low
City Hotel,87,2017,February,13,Male,BB,Online TA,TA/TO,0,0,0,F,Transient,0,1,0,4,4.0,36.975,1,Low
Resort Hotel,5,2015,August,8,Female,BB,Online TA,TA/TO,0,0,0,D,Transient,1,1,0,3,2.0,78.795,0,Low
City Hotel,175,2016,July,24,Female,HB,Online TA,TA/TO,0,0,0,A,Transient-Party,1,1,0,4,2.0,61.625,0,Low
City Hotel,4,2016,January,16,Male,SC,Online TA,TA/TO,0,0,0,A,Transient,0,1,0,2,2.0,33.75,0,Medium
Resort Hotel,16,2015,October,30,Male,BB,Direct,Direct,0,0,0,D,Transient,0,1,0,1,2.0,28.0,0,High
Resort Hotel,85,2015,September,19,Male,HB,Offline TA/TO,TA/TO,0,0,0,D,Transient,0,1,0,7,2.0,51.465,0,Low
City Hotel,1,2017,January,5,Female,BB,Online TA,TA/TO,0,0,0,A,Transient,0,1,0,2,2.0,29.5,0,Low
City Hotel,97,2015,December,29,Female,BB,Offline TA/TO,TA/TO,0,1,0,A,Transient,1,1,0,3,2.0,35.0,0,High
City Hotel,55,2017,January,18,Male,BB,Groups,TA/TO,0,0,0,A,Transient,0,0,0,2,1.0,79.0,0,High
City Hotel,30,2017,April,7,Female,SC,Online TA,TA/TO,0,0,0,A,Transient,0,1,0,2,2.0,57.5,0,Low
City Hotel,111,2017,May,3,Female,BB,Offline TA/TO,TA/TO,0,0,0,A,Transient,1,1,0,2,2.0,44.55,0,Low
City Hotel,0,2015,September,13,Female,BB,Direct,Direct,0,0,0,A,Transient,0,0,0,1,2.0,57.0,0,High
City Hotel,14,2015,December,5,Female,BB,Offline TA/TO,TA/TO,0,0,0,A,Transient,0,1,0,3,2.0,19.335,0,Low
City Hotel,42,2016,December,31,Male,BB,Online TA,TA/TO,0,0,0,A,Transient,1,1,0,4,3.0,34.0,1,Low
City Hotel,159,2017,April,22,Female,HB,Online TA,TA/TO,0,0,0,A,Transient,3,1,0,7,3.0,59.25,1,Low
Resort Hotel,2,2016,December,16,Female,BB,Offline TA/TO,TA/TO,1,0,1,A,Group,1,1,0,1,2.0,17.0,0,High
City Hotel,351,2015,October,3,Female,BB,Groups,TA/TO,0,1,0,A,Transient-Party,0,1,0,4,2.0,31.0,0,High
City Hotel,24,2017,July,15,Male,BB,Online TA,TA/TO,0,0,0,D,Transient,2,1,0,1,3.0,63.333333333333336,0,Low
City Hotel,4,2016,January,2,Female,BB,Online TA,TA/TO,0,0,0,A,Transient-Party,2,1,0,2,1.0,97.0,0,High
City Hotel,9,2016,October,30,Male,SC,Online TA,TA/TO,0,0,0,A,Transient,1,1,0,2,1.0,80.47,0,Low
City Hotel,67,2016,March,1,Male,BB,Offline TA/TO,TA/TO,0,0,0,A,Transient,0,1,0,4,2.0,30.58,0,High
City Hotel,198,2016,May,20,Male,BB,Groups,TA/TO,0,0,0,A,Transient-Party,0,1,0,1,1.0,57.5,0,High
City Hotel,190,2016,October,29,Female,BB,Online TA,TA/TO,0,0,0,A,Transient,1,1,0,3,2.0,52.65,0,Medium
City Hotel,13,2016,September,11,Female,SC,Online TA,TA/TO,0,0,0,A,Transient,1,1,0,2,1.0,99.0,0,Low
City Hotel,260,2017,July,1,Female,BB,Online TA,TA/TO,0,0,0,B,Transient-Party,2,1,0,3,2.0,46.825,0,Low
City Hotel,120,2016,September,2,Male,BB,Groups,TA/TO,0,0,0,A,Transient,0,1,0,3,1.0,115.0,0,High
City Hotel,14,2016,September,15,Female,BB,Online TA,TA/TO,0,0,0,E,Transient,0,1,0,2,2.0,83.6,0,Low
City Hotel,10,2017,June,18,Female,BB,Online TA,TA/TO,0,0,0,A,Transient,0,1,0,1,1.0,136.0,0,Low
City Hotel,236,2016,August,2,Female,BB,Corporate,Corporate,0,0,0,A,Transient,0,0,1,5,2.0,44.5,0,Low
City Hotel,462,2017,July,1,Male,BB,Groups,TA/TO,0,0,0,A,Transient-Party,1,1,0,3,2.0,56.335,0,Low
Resort Hotel,31,2016,August,22,Male,HB,Online TA,TA/TO,0,0,0,D,Transient,1,1,0,6,3.0,74.69,0,High
City Hotel,131,2016,July,9,Male,BB,Offline TA/TO,TA/TO,0,0,0,A,Transient,0,1,0,2,3.0,24.083333333333332,1,High
City Hotel,76,2016,May,22,Male,SC,Online TA,TA/TO,0,0,0,A,Transient,0,1,0,1,2.0,58.05,0,Low
Resort Hotel,148,2015,October,24,Female,BB,Groups,Direct,0,0,0,A,Transient,0,0,0,1,1.0,39.0,0,High
City Hotel,13,2017,February,13,Female,BB,Direct,Direct,1,0,2,A,Transient,2,0,1,2,1.0,80.0,0,Low
Resort Hotel,23,2017,March,16,Female,BB,Online TA,TA/TO,0,0,0,D,Transient-Party,2,1,0,3,2.0,34.0,0,Low
Resort Hotel,129,2017,May,19,Female,BB,Offline TA/TO,TA/TO,0,0,0,A,Contract,0,1,0,7,2.0,20.475,0,Low
Resort Hotel,200,2017,May,21,Female,HB,Offline TA/TO,TA/TO,0,0,0,A,Transient,1,1,0,7,1.0,49.7,0,Low
City Hotel,3,2015,November,26,Female,BB,Corporate,Corporate,0,0,0,A,Transient,1,0,1,1,1.0,79.0,0,Low
Resort Hotel,251,2017,May,26,Male,HB,Online TA,TA/TO,0,0,0,A,Transient,0,1,0,2,2.0,60.5,0,Low
City Hotel,160,2016,May,22,Female,BB,Online TA,TA/TO,0,0,0,A,Transient,1,1,0,4,2.0,49.725,0,Low
Resort Hotel,55,2015,September,30,Male,HB,Offline TA/TO,TA/TO,0,0,0,A,Transient-Party,0,1,0,3,1.0,67.5,0,High
Resort Hotel,151,2016,August,6,Male,BB,Online TA,TA/TO,0,0,0,F,Transient,2,1,0,5,2.0,79.635,0,Low
Resort Hotel,7,2016,September,13,Female,BB,Direct,Direct,0,0,0,G,Transient,0,1,0,4,2.0,93.625,0,Low
City Hotel,14,2015,October,15,Female,BB,Offline TA/TO,TA/TO,0,1,0,A,Transient-Party,0,1,0,1,1.0,100.0,0,High
City Hotel,152,2017,August,7,Male,BB,Online TA,TA/TO,0,0,0,A,Transient,0,1,0,6,3.0,49.5,1,Low
City Hotel,311,2017,July,23,Male,BB,Groups,TA/TO,0,0,0,A,Transient,0,0,0,3,2.0,55.0,0,High
Resort Hotel,11,2016,January,26,Male,BB,Online TA,TA/TO,0,0,0,A,Transient-Party,2,1,0,0,2.0,0.0,0,High
City Hotel,86,2016,May,26,Female,BB,Direct,Direct,0,0,0,D,Transient,1,0,0,3,2.0,67.5,0,Low
Resort Hotel,77,2016,December,23,Male,BB,Online TA,TA/TO,0,0,0,E,Transient,0,1,0,1,2.0,22.32,0,Low
City Hotel,162,2016,December,26,Male,BB,Online TA,TA/TO,0,0,0,A,Transient,0,1,0,7,3.0,52.85333333333333,1,Medium
City Hotel,335,2015,September,17,Female,BB,Offline TA/TO,TA/TO,0,1,0,A,Transient,0,1,0,1,1.0,75.0,0,High
City Hotel,0,2016,July,28,Female,BB,Online TA,TA/TO,0,0,0,A,Transient,0,1,0,1,1.0,108.11,0,Low
Resort Hotel,107,2016,May,5,Male,HB,Offline TA/TO,TA/TO,0,0,0,D,Contract,2,1,0,14,2.0,37.09,0,Low
Resort Hotel,1,2016,November,26,Female,BB,Online TA,TA/TO,0,0,0,A,Transient,1,1,0,3,2.0,18.48,0,Low
City Hotel,36,2016,March,9,Female,BB,Online TA,TA/TO,0,0,0,A,Transient,1,1,0,4,2.0,31.53,0,High
City Hotel,55,2016,March,16,Female,BB,Online TA,TA/TO,0,0,0,A,Transient,1,1,0,2,2.0,39.15,0,Low
City Hotel,177,2017,June,26,Male,HB,Online TA,TA/TO,0,0,0,A,Transient,2,1,0,3,3.0,51.0,0,Low
City Hotel,231,2016,August,23,Female,BB,Offline TA/TO,TA/TO,0,0,0,A,Transient,2,1,0,7,3.0,32.300000000000004,0,Low
City Hotel,84,2015,December,31,Female,HB,Offline TA/TO,TA/TO,0,0,0,A,Transient,0,1,0,3,2.0,50.165,0,Low
Resort Hotel,171,2017,July,25,Female,BB,Online TA,TA/TO,0,0,0,D,Transient-Party,1,1,0,7,2.0,91.43,0,Low
Resort Hotel,388,2017,May,25,Male,BB,Groups,TA/TO,0,0,0,E,Transient-Party,0,1,0,3,2.0,36.0,0,Low
Resort Hotel,13,2016,October,10,Female,BB,Offline TA/TO,TA/TO,0,0,0,A,Transient,0,1,0,1,1.0,39.0,0,High
Resort Hotel,247,2015,October,9,Male,FB,Groups,TA/TO,0,1,0,A,Transient,0,1,0,3,2.0,40.5,0,Low
Resort Hotel,20,2016,May,19,Male,HB,Online TA,TA/TO,0,0,0,A,Transient,1,1,0,3,2.0,53.5,0,Low
City Hotel,70,2016,July,11,Male,BB,Offline TA/TO,TA/TO,0,0,0,A,Transient,1,1,0,6,2.0,42.5,0,Medium
City Hotel,32,2015,October,23,Male,BB,Offline TA/TO,TA/TO,0,0,0,D,Transient,1,1,0,3,2.0,37.5,0,Low
City Hotel,6,2016,April,16,Female,BB,Online TA,TA/TO,0,0,0,A,Transient,0,1,0,2,2.0,58.0,0,Low
Resort Hotel,67,2015,September,4,Female,BB,Online TA,TA/TO,0,0,0,E,Transient,1,1,0,5,2.0,61.5,0,Low
Resort Hotel,14,2016,December,14,Female,BB,Online TA,TA/TO,0,0,0,A,Transient,1,1,0,2,1.0,29.8,0,Low
City Hotel,353,2015,October,5,Female,BB,Groups,TA/TO,0,1,0,A,Contract,0,1,0,2,2.0,31.0,0,High
Resort Hotel,123,2017,April,8,Male,BB,Online TA,TA/TO,0,0,0,H,Transient,0,1,0,3,4.0,37.5,1,Medium
City Hotel,197,2016,June,3,Male,BB,Offline TA/TO,TA/TO,0,1,0,A,Transient,0,1,0,3,2.0,40.0,0,High
City Hotel,25,2015,November,6,Female,BB,Online TA,TA/TO,0,0,0,A,Contract,1,1,0,4,2.0,45.475,0,High
City Hotel,79,2017,May,17,Female,SC,Direct,Direct,0,0,0,A,Transient,0,1,0,6,2.0,67.5,0,Low
City Hotel,2,2017,March,9,Male,SC,Direct,Direct,0,0,0,G,Transient,0,0,0,27,0.0,0.0,0,High
Resort Hotel,1,2017,May,2,Female,BB,Online TA,TA/TO,1,0,0,A,Transient,0,1,0,0,2.0,0.0,0,Low
City Hotel,180,2016,October,28,Male,HB,Offline TA/TO,TA/TO,0,0,0,A,Transient,2,1,0,3,2.0,50.04,0,Medium
City Hotel,129,2016,March,25,Female,SC,Online TA,TA/TO,0,0,0,A,Transient,0,1,0,2,2.0,36.375,0,Low
City Hotel,210,2015,October,8,Male,BB,Offline TA/TO,TA/TO,0,0,0,A,Transient-Party,0,1,0,4,2.0,36.375,0,High
Resort Hotel,1,2015,October,13,Female,BB,Online TA,TA/TO,0,0,0,D,Transient,1,1,0,1,2.0,33.0,0,Low
City Hotel,0,2016,December,28,Male,SC,Online TA,TA/TO,0,0,0,A,Transient,0,1,0,1,2.0,44.0,0,High
City Hotel,226,2016,October,25,Male,HB,Offline TA/TO,TA/TO,0,0,0,A,Transient,0,1,0,3,2.0,51.38,0,Low
City Hotel,580,2017,February,9,Male,BB,Groups,TA/TO,0,0,0,A,Transient,0,1,0,2,2.0,31.0,0,High
Resort Hotel,190,2017,June,16,Female,BB,Direct,Direct,0,0,0,D,Transient,2,1,0,7,2.0,61.25,0,High
Resort Hotel,81,2015,July,6,Female,HB,Direct,Direct,0,0,0,G,Transient,0,1,0,4,4.0,52.5,1,Low
City Hotel,91,2016,June,18,Male,SC,Online TA,TA/TO,0,0,0,A,Transient,0,1,0,2,2.0,58.05,0,Low
City Hotel,12,2016,August,1,Female,SC,Online TA,TA/TO,0,0,0,A,Transient,2,1,0,3,2.0,64.0,0,Low
Resort Hotel,4,2016,November,28,Female,BB,Online TA,TA/TO,0,0,0,A,Transient,0,1,0,1,1.0,43.0,0,High
City Hotel,276,2016,September,22,Male,BB,Offline TA/TO,TA/TO,0,0,0,A,Transient-Party,0,1,0,3,1.0,95.67,0,Low
City Hotel,51,2016,March,29,Female,BB,Online TA,TA/TO,0,0,0,A,Transient,0,1,0,1,2.0,45.45,0,Low
City Hotel,307,2017,March,15,Female,BB,Online TA,TA/TO,0,0,0,A,Transient,0,1,0,7,2.0,38.675,0,Low
City Hotel,1,2017,May,26,Male,BB,Direct,Direct,0,0,0,B,Transient,0,1,0,2,3.0,59.833333333333336,1,High
Resort Hotel,225,2016,August,23,Male,BB,Offline TA/TO,TA/TO,0,0,0,E,Contract,0,1,0,10,2.0,42.65,0,Low
City Hotel,105,2016,October,12,Male,BB,Offline TA/TO,TA/TO,0,0,0,A,Transient-Party,0,1,0,3,2.0,37.5,0,High
Resort Hotel,127,2017,June,4,Female,BB,Online TA,TA/TO,0,0,0,E,Transient,1,1,0,5,2.0,70.0,0,Low
Resort Hotel,36,2015,August,4,Male,BB,Direct,Direct,0,0,0,F,Transient,0,1,0,3,1.0,221.0,0,High
Resort Hotel,149,2016,July,23,Female,BB,Offline TA/TO,TA/TO,0,0,0,E,Transient,0,1,0,7,2.0,60.85,0,Low
City Hotel,37,2015,October,18,Male,BB,Online TA,TA/TO,0,1,0,A,Contract,2,1,0,4,2.0,51.75,0,High
City Hotel,1,2017,February,2,Male,BB,Direct,Direct,0,0,0,D,Transient,3,1,0,3,3.0,47.333333333333336,1,Low
City Hotel,109,2016,August,4,Female,HB,Online TA,TA/TO,0,0,0,A,Transient,1,1,0,3,3.0,58.75,1,Low
Resort Hotel,0,2016,August,11,Female,BB,Online TA,TA/TO,0,0,0,E,Transient,1,1,0,1,2.0,122.0,0,Low
City Hotel,76,2016,September,15,Female,BB,Online TA,TA/TO,0,0,0,D,Transient,3,1,0,3,3.0,56.1,0,Low
City Hotel,40,2015,October,3,Male,BB,Direct,Direct,0,1,0,A,Transient,1,0,0,2,2.0,58.835,0,High
Resort Hotel,22,2016,August,27,Female,BB,Online TA,TA/TO,0,0,0,D,Transient,1,1,0,2,2.0,108.0,0,Low
City Hotel,44,2016,July,8,Male,BB,Corporate,Corporate,0,0,0,A,Transient,0,0,1,1,2.0,37.5,0,High
Resort Hotel,143,2016,May,17,Female,HB,Offline TA/TO,TA/TO,0,0,0,A,Transient,0,1,0,7,2.0,33.7,0,Low
City Hotel,259,2016,October,5,Female,BB,Offline TA/TO,TA/TO,0,0,0,A,Transient,0,1,0,4,2.0,44.5,0,High
City Hotel,177,2017,April,21,Male,SC,Online TA,TA/TO,0,0,0,A,Transient,0,1,0,2,2.0,49.5,0,Low
City Hotel,57,2016,June,10,Female,BB,Offline TA/TO,TA/TO,0,0,0,A,Transient-Party,1,1,0,3,2.0,45.335,0,High
City Hotel,66,2016,March,16,Female,SC,Online TA,TA/TO,0,0,0,A,Transient,0,1,0,3,2.0,36.75,0,Low
City Hotel,86,2016,December,15,Male,BB,Offline TA/TO,TA/TO,0,0,0,A,Transient,0,1,0,2,2.0,37.5,0,Low
City Hotel,179,2016,July,18,Female,SC,Online TA,TA/TO,0,0,0,A,Transient,0,1,0,4,2.0,40.375,0,Medium
Resort Hotel,23,2017,May,6,Female,BB,Offline TA/TO,TA/TO,0,0,0,D,Transient,0,1,0,1,2.0,45.0,0,Low
Resort Hotel,2,2016,April,11,Female,BB,Direct,Direct,0,0,0,A,Transient,0,1,0,2,2.0,33.75,0,Low
City Hotel,107,2016,June,10,Male,BB,Offline TA/TO,TA/TO,0,0,0,A,Transient-Party,1,1,0,2,2.0,65.0,0,High
Resort Hotel,9,2017,May,27,Female,BB,Direct,Direct,0,0,0,A,Transient,1,1,0,2,2.0,51.0,0,Low
City Hotel,126,2016,April,14,Male,BB,Groups,TA/TO,0,0,0,A,Transient,0,1,0,3,2.0,32.5,0,High
Resort Hotel,3,2017,June,5,Female,BB,Corporate,Corporate,1,0,4,A,Transient,1,0,1,2,1.0,75.0,0,High
City Hotel,212,2016,May,20,Female,BB,Offline TA/TO,TA/TO,0,0,0,A,Transient-Party,0,1,0,5,2.0,39.0,0,High
Resort Hotel,183,2016,July,6,Male,HB,Offline TA/TO,TA/TO,0,0,0,D,Contract,0,1,0,7,2.0,49.0,0,Low
City Hotel,47,2017,February,25,Female,BB,Online TA,TA/TO,0,0,0,D,Transient,0,1,0,4,2.0,49.3,0,Medium
City Hotel,123,2017,February,19,Male,SC,Online TA,TA/TO,0,0,0,A,Transient,1,1,0,1,2.0,39.6,0,Low
Resort Hotel,143,2016,July,21,Female,BB,Online TA,TA/TO,0,0,0,A,Transient-Party,2,1,0,12,2.0,72.5,0,Low
Resort Hotel,256,2017,July,30,Female,BB,Direct,Direct,0,0,0,D,Transient,0,1,0,7,2.0,85.3,0,High
City Hotel,176,2017,March,10,Female,BB,Online TA,TA/TO,0,0,0,D,Transient,1,1,0,2,3.0,42.0,0,Medium
City Hotel,38,2017,April,15,Female,SC,Online TA,TA/TO,0,0,0,A,Transient,3,1,0,3,2.0,63.335,0,Low
Resort Hotel,8,2015,December,29,Male,BB,Direct,Direct,0,0,0,A,Transient,0,0,0,6,2.0,52.165,0,High
City Hotel,42,2016,November,2,Male,SC,Online TA,TA/TO,0,0,0,A,Transient,2,1,0,1,2.0,44.0,0,Low
City Hotel,63,2016,September,12,Female,SC,Online TA,TA/TO,0,0,0,A,Transient,2,1,0,2,2.0,62.55,0,Low
Resort Hotel,245,2016,September,26,Female,HB,Groups,TA/TO,0,0,0,A,Transient-Party,0,1,0,10,2.0,41.0,0,Low
City Hotel,16,2015,October,29,Male,BB,Online TA,TA/TO,0,0,0,A,Contract,1,1,0,1,2.0,67.5,0,High
Resort Hotel,211,2016,September,10,Female,BB,Online TA,TA/TO,0,0,0,E,Transient,2,1,0,7,2.0,53.815,0,Low
Resort Hotel,0,2015,October,16,Female,BB,Offline TA/TO,TA/TO,0,0,0,A,Transient,1,1,0,1,1.0,37.0,0,High
City Hotel,0,2016,October,5,Female,BB,Direct,Direct,0,0,0,A,Transient,0,0,0,2,2.0,44.5,0,High
Resort Hotel,8,2016,October,19,Male,BB,Corporate,Corporate,1,0,6,A,Transient,0,0,1,2,1.0,45.0,0,High
City Hotel,41,2016,December,27,Female,BB,Offline TA/TO,TA/TO,0,0,0,A,Transient-Party,0,1,0,1,2.0,32.5,0,Medium
Resort Hotel,27,2016,September,8,Female,BB,Direct,Direct,0,0,2,A,Transient,1,1,0,2,2.0,44.145,0,Low
City Hotel,419,2016,September,1,Female,BB,Groups,TA/TO,0,0,0,A,Transient,0,1,0,2,2.0,31.0,0,High
City Hotel,13,2017,January,29,Female,HB,Direct,Direct,0,0,0,B,Transient,0,1,0,6,2.0,61.55,1,Low
City Hotel,159,2017,April,28,Male,BB,Online TA,TA/TO,0,0,0,D,Transient,0,1,0,3,2.0,65.25,0,Low
Resort Hotel,15,2015,December,8,Male,BB,Online TA,TA/TO,0,0,0,A,Transient,1,1,0,3,1.0,39.0,0,Low
City Hotel,81,2016,December,31,Female,BB,Direct,Direct,0,0,0,E,Transient-Party,4,0,0,2,4.0,112.875,1,High
Resort Hotel,96,2017,March,19,Male,BB,Groups,TA/TO,0,0,0,A,Transient-Party,0,1,0,7,1.0,31.71,0,Low
City Hotel,76,2015,September,16,Male,BB,Groups,TA/TO,0,0,0,A,Transient-Party,0,1,0,2,2.0,31.0,0,Low
Resort Hotel,253,2016,June,22,Male,HB,Groups,Direct,0,0,0,A,Transient-Party,0,0,0,3,2.0,46.0,0,Low
City Hotel,1,2016,May,21,Male,BB,Online TA,TA/TO,0,0,0,D,Transient,0,1,0,1,2.0,88.0,0,Low
City Hotel,42,2017,March,13,Female,BB,Online TA,TA/TO,0,0,0,A,Transient,0,1,0,4,2.0,33.575,0,Low
Resort Hotel,181,2017,August,22,Female,BB,Offline TA/TO,TA/TO,0,0,0,A,Transient,1,1,0,4,2.0,59.25,0,Low
Resort Hotel,71,2017,August,24,Male,BB,Online TA,TA/TO,0,0,0,A,Transient,0,1,0,4,2.0,110.0,0,Low
City Hotel,359,2016,September,16,Male,BB,Online TA,TA/TO,0,0,0,A,Transient,0,1,0,4,1.0,95.0,0,Low
Resort Hotel,12,2015,November,17,Male,HB,Offline TA/TO,TA/TO,0,0,0,E,Transient,0,1,0,4,2.0,32.95,0,Low
City Hotel,130,2017,April,22,Female,SC,Offline TA/TO,TA/TO,0,0,0,A,Transient,1,1,0,4,2.0,44.5,0,Low
Resort Hotel,47,2017,July,11,Female,BB,Online TA,TA/TO,0,0,0,A,Transient,0,1,0,1,2.0,80.0,0,Low
Resort Hotel,136,2016,July,17,Male,BB,Offline TA/TO,TA/TO,0,0,0,D,Transient,0,1,0,4,2.0,57.6,0,High
City Hotel,32,2017,May,8,Female,BB,Direct,Direct,0,0,0,A,Transient,0,1,0,2,1.0,154.5,0,Low
City Hotel,185,2017,July,29,Female,BB,Online TA,TA/TO,0,0,0,A,Transient,0,1,0,8,3.0,39.300000000000004,1,High
Resort Hotel,23,2017,July,5,Male,BB,Direct,Direct,1,0,2,A,Transient,2,1,0,3,2.0,80.625,0,High
City Hotel,4,2016,February,4,Male,BB,Online TA,TA/TO,0,0,0,D,Transient,1,1,0,2,3.0,44.333333333333336,0,Low
City Hotel,73,2016,May,31,Male,SC,Online TA,TA/TO,0,0,0,A,Transient,0,1,0,2,2.0,58.05,0,Low
Resort Hotel,0,2016,March,17,Male,BB,Direct,Direct,0,0,0,A,Transient,0,0,0,1,1.0,46.0,0,High
Resort Hotel,0,2017,February,1,Male,BB,Online TA,TA/TO,0,0,0,D,Transient,0,1,0,8,2.0,29.5,0,Low
City Hotel,15,2016,October,4,Male,BB,Offline TA/TO,TA/TO,0,0,0,A,Transient,1,1,0,3,1.0,129.0,0,High
Resort Hotel,53,2017,August,28,Male,BB,Online TA,TA/TO,0,0,0,A,Transient,2,1,0,3,2.0,95.0,0,Low
City Hotel,5,2016,June,18,Female,BB,Online TA,TA/TO,0,0,0,A,Transient,1,1,0,2,2.0,70.5,0,High
Resort Hotel,11,2017,July,7,Male,BB,Direct,Direct,0,0,0,D,Transient,1,1,0,4,2.0,86.875,0,Low
Resort Hotel,24,2015,October,22,Female,BB,Online TA,TA/TO,0,0,0,E,Transient-Party,2,1,0,3,2.0,38.0,0,Low
City Hotel,39,2016,February,15,Female,BB,Online TA,TA/TO,0,0,0,D,Transient,1,1,0,5,2.0,49.05,0,Low
Resort Hotel,118,2017,May,26,Female,BB,Direct,Direct,0,0,0,D,Transient,0,1,0,9,2.0,49.64,0,Low
City Hotel,1,2016,September,22,Female,BB,Online TA,TA/TO,0,0,0,E,Transient,0,1,0,1,1.0,188.0,0,High
City Hotel,121,2016,July,3,Female,BB,Online TA,TA/TO,0,0,0,A,Transient,0,1,0,4,2.0,53.975,0,Medium
City Hotel,30,2016,March,9,Male,BB,Online TA,TA/TO,0,0,0,B,Transient,0,1,0,3,4.0,19.375,1,Low
Resort Hotel,113,2016,June,2,Male,BB,Offline TA/TO,TA/TO,0,0,0,A,Transient,0,1,0,7,2.0,29.655,0,Low
City Hotel,3,2017,March,14,Female,BB,Online TA,TA/TO,0,0,0,D,Transient,2,1,0,1,2.0,64.0,0,High
Resort Hotel,102,2017,July,15,Female,BB,Online TA,TA/TO,0,0,0,D,Transient,1,1,0,5,2.0,111.5,0,Low
City Hotel,0,2017,August,22,Female,BB,Direct,Direct,0,0,0,G,Transient,1,1,0,1,3.0,65.0,1,Low
City Hotel,8,2017,February,27,Male,SC,Online TA,TA/TO,0,0,0,A,Transient,3,1,0,4,1.0,74.8,0,Low
City Hotel,124,2017,May,6,Male,BB,Online TA,TA/TO,0,0,0,A,Transient,0,1,0,4,2.0,63.0,0,Low
Resort Hotel,25,2016,December,10,Female,BB,Online TA,TA/TO,0,0,0,A,Transient,1,1,0,3,2.0,26.0,0,Low
City Hotel,70,2016,January,15,Female,BB,Offline TA/TO,TA/TO,0,0,0,A,Transient,0,1,0,3,2.0,20.335,0,Low
City Hotel,75,2016,March,17,Male,BB,Offline TA/TO,TA/TO,0,0,0,A,Transient,0,1,0,4,2.0,40.0,0,High
City Hotel,0,2017,March,1,Female,BB,Online TA,TA/TO,1,0,0,A,Transient,2,1,0,0,0.0,0.0,0,High
City Hotel,315,2016,December,2,Male,BB,Offline TA/TO,TA/TO,0,0,0,A,Transient,0,1,0,2,2.0,26.0,0,High
City Hotel,185,2015,July,5,Male,BB,Online TA,TA/TO,0,1,0,A,Transient,0,1,0,10,2.0,38.25,0,High
Resort Hotel,3,2017,June,8,Male,HB,Offline TA/TO,TA/TO,0,0,0,A,Transient,0,1,0,7,2.0,47.5,0,Low
City Hotel,3,2015,December,7,Male,BB,Direct,Direct,0,0,0,A,Transient,0,0,0,3,1.0,62.0,0,Low
City Hotel,297,2015,August,10,Female,BB,Groups,TA/TO,0,1,0,A,Transient-Party,0,1,0,2,2.0,31.0,0,High
Resort Hotel,59,2015,December,5,Male,HB,Online TA,TA/TO,0,0,0,A,Transient,2,1,0,3,2.0,34.225,0,Low
City Hotel,295,2016,April,28,Male,BB,Groups,TA/TO,0,0,0,A,Transient,0,1,0,2,2.0,31.0,0,High
City Hotel,48,2016,March,9,Female,BB,Online TA,TA/TO,0,0,0,D,Transient,1,1,0,3,2.0,52.65,0,Medium
Resort Hotel,306,2016,July,21,Female,BB,Offline TA/TO,TA/TO,0,0,0,E,Transient,0,1,0,7,2.0,68.715,0,Low
City Hotel,479,2017,July,18,Male,BB,Groups,TA/TO,0,0,0,A,Transient,0,1,0,3,2.0,45.0,0,High
City Hotel,31,2016,October,4,Female,BB,Online TA,TA/TO,0,0,0,A,Transient,1,1,0,1,2.0,67.05,0,Low
City Hotel,125,2017,July,15,Female,BB,Online TA,TA/TO,0,0,0,D,Transient,0,1,0,3,2.0,67.5,0,Medium
City Hotel,46,2016,November,4,Female,BB,Offline TA/TO,TA/TO,0,0,0,A,Transient,0,1,0,2,2.0,37.5,0,Low
City Hotel,160,2017,March,25,Female,BB,Online TA,TA/TO,0,0,0,D,Transient,1,1,0,1,3.0,45.0,0,High
City Hotel,41,2017,January,8,Female,BB,Online TA,TA/TO,0,0,0,A,Transient,0,1,0,4,3.0,35.13333333333333,1,Low
City Hotel,137,2017,March,6,Female,BB,Groups,TA/TO,0,0,0,A,Transient-Party,1,1,0,2,2.0,40.0,0,Low
City Hotel,111,2016,October,6,Female,BB,Online TA,TA/TO,0,0,0,B,Transient,1,1,0,1,4.0,55.35,1,Low
Resort Hotel,74,2016,November,6,Male,HB,Online TA,TA/TO,0,0,0,D,Transient-Party,2,1,0,4,2.0,31.24,0,Low
City Hotel,127,2016,May,6,Female,BB,Online TA,TA/TO,0,0,0,A,Transient,0,1,0,5,2.0,49.725,0,Low
Resort Hotel,0,2017,January,9,Male,BB,Online TA,TA/TO,0,0,0,A,Transient,0,1,0,1,1.0,34.4,0,High
Resort Hotel,145,2016,July,27,Female,BB,Direct,Direct,0,0,0,F,Transient,0,1,0,3,3.0,74.0,0,Low
Resort Hotel,0,2016,October,29,Female,BB,Direct,Direct,0,0,0,A,Transient,0,0,0,1,1.0,61.0,0,High
Resort Hotel,47,2017,February,25,Female,BB,Online TA,TA/TO,0,0,0,D,Transient,1,1,0,3,2.0,42.5,0,Low
City Hotel,16,2016,June,1,Female,BB,Online TA,TA/TO,0,0,0,D,Transient,0,1,0,4,2.0,67.9,0,Low
City Hotel,164,2016,August,1,Male,SC,Online TA,TA/TO,0,0,0,A,Transient,0,1,0,5,2.0,44.625,0,Low
Resort Hotel,74,2016,May,14,Male,BB,Direct,Direct,0,0,0,E,Transient,0,0,0,9,2.0,35.0,0,Low
Resort Hotel,0,2015,December,20,Female,BB,Online TA,TA/TO,0,0,0,D,Transient,0,1,0,1,2.0,24.0,0,High
City Hotel,59,2017,January,23,Male,BB,Groups,TA/TO,0,0,0,A,Transient,0,1,0,2,2.0,40.0,0,High
City Hotel,0,2016,April,14,Female,BB,Direct,Direct,0,0,0,A,Transient,0,0,0,2,2.0,49.0,0,Low
Resort Hotel,0,2015,October,29,Female,BB,Corporate,Corporate,0,0,0,A,Transient,0,0,1,1,1.0,48.0,0,High
Resort Hotel,131,2017,January,2,Male,BB,Online TA,TA/TO,0,0,0,E,Transient,1,1,0,4,2.0,27.9,0,Low
City Hotel,12,2015,August,29,Female,BB,Online TA,TA/TO,0,0,0,A,Contract,2,1,0,1,2.0,45.0,0,High
Resort Hotel,1,2016,June,10,Female,BB,Direct,Direct,0,0,0,A,Transient,0,0,0,1,2.0,60.0,0,High
Resort Hotel,2,2017,April,2,Male,BB,Online TA,TA/TO,0,0,0,A,Transient,0,1,0,1,1.0,84.0,0,High
Resort Hotel,181,2016,August,8,Male,HB,Offline TA/TO,TA/TO,0,0,0,E,Transient,1,1,0,14,3.0,65.56666666666666,0,High
Resort Hotel,336,2016,September,15,Female,BB,Groups,Direct,0,0,0,A,Transient-Party,0,0,1,4,1.0,60.0,0,Low
City Hotel,357,2017,May,24,Male,SC,Online TA,TA/TO,0,0,0,A,Transient,0,1,0,2,2.0,49.5,0,Low
City Hotel,9,2016,December,16,Male,BB,Online TA,GDS,0,0,0,A,Transient,0,1,0,1,1.0,86.0,0,High
City Hotel,134,2015,December,4,Male,BB,Offline TA/TO,TA/TO,0,0,0,A,Transient,0,1,0,4,2.0,32.5,0,High
City Hotel,221,2016,August,12,Male,BB,Offline TA/TO,TA/TO,0,0,0,A,Transient-Party,0,1,0,1,2.0,40.0,0,High
Resort Hotel,190,2015,August,4,Male,BB,Offline TA/TO,TA/TO,0,0,0,D,Contract,1,1,0,10,2.0,55.35,0,Low
City Hotel,68,2015,September,12,Female,BB,Groups,TA/TO,0,0,0,A,Transient-Party,0,1,0,4,2.0,31.0,0,High
City Hotel,23,2017,January,11,Male,BB,Online TA,TA/TO,0,0,0,A,Transient,1,1,0,1,1.0,89.5,0,Low
Resort Hotel,115,2015,July,13,Female,HB,Offline TA/TO,TA/TO,0,0,0,A,Transient-Party,2,1,0,7,2.0,59.85,0,High
City Hotel,88,2017,April,9,Female,BB,Online TA,TA/TO,0,0,0,E,Transient,0,1,0,7,2.0,79.715,0,Low
City Hotel,9,2016,August,6,Female,BB,Offline TA/TO,TA/TO,0,0,0,D,Transient,1,1,0,1,3.0,49.1,1,Low
Resort Hotel,138,2017,February,13,Female,BB,Offline TA/TO,TA/TO,0,0,0,A,Transient,0,1,0,6,2.0,19.465,0,High
City Hotel,3,2016,November,21,Male,BB,Corporate,Corporate,0,0,0,A,Transient,0,0,1,1,1.0,65.0,0,High
City Hotel,5,2016,November,23,Male,SC,Online TA,TA/TO,0,0,0,A,Transient,0,1,0,3,2.0,45.165,0,Low
Resort Hotel,14,2017,March,4,Male,BB,Online TA,TA/TO,0,0,0,E,Transient,0,1,0,2,2.0,32.0,0,Low
City Hotel,223,2017,March,20,Female,BB,Direct,Direct,0,0,0,A,Transient,0,1,0,4,2.0,39.6,0,Low
Resort Hotel,39,2017,April,17,Male,HB,Online TA,TA/TO,0,0,0,A,Transient,0,1,0,2,2.0,58.5,0,High
City Hotel,55,2017,May,7,Female,BB,Online TA,TA/TO,0,0,0,A,Transient,2,1,0,4,2.0,72.0,0,Low
City Hotel,73,2015,November,24,Male,BB,Offline TA/TO,TA/TO,0,0,0,A,Transient-Party,0,1,0,3,1.0,67.83,0,High
City Hotel,4,2017,May,30,Female,BB,Corporate,Corporate,0,0,0,A,Transient-Party,0,0,1,1,1.0,144.0,0,High
Resort Hotel,185,2016,April,18,Male,HB,Groups,TA/TO,0,0,0,A,Transient-Party,0,1,0,2,2.0,43.0,0,High
Resort Hotel,283,2017,July,12,Male,BB,Online TA,TA/TO,0,0,0,A,Transient,1,1,0,7,2.0,83.12,0,Low
Resort Hotel,109,2017,April,25,Male,HB,Groups,TA/TO,0,0,0,A,Transient-Party,0,1,0,2,2.0,45.0,0,Low
City Hotel,278,2017,June,14,Female,SC,Online TA,TA/TO,0,0,0,A,Transient,2,1,0,4,2.0,55.0,0,Low
City Hotel,103,2017,April,1,Male,SC,Online TA,TA/TO,0,0,0,A,Transient,0,1,0,7,2.0,37.4,0,Low
Resort Hotel,1,2016,April,26,Female,BB,Online TA,TA/TO,0,0,0,A,Transient,1,1,0,3,2.0,34.5,0,Low
Resort Hotel,107,2015,July,25,Male,BB,Online TA,TA/TO,0,0,0,A,Transient,2,1,0,9,1.0,125.0,0,High
City Hotel,83,2015,September,23,Female,BB,Groups,TA/TO,0,0,0,A,Transient-Party,0,1,0,2,2.0,31.0,0,Low
Resort Hotel,0,2015,October,13,Male,BB,Direct,Direct,0,0,0,A,Transient,0,0,0,1,2.0,28.0,0,High
City Hotel,19,2016,June,15,Female,BB,Direct,Direct,0,0,0,D,Transient,0,0,0,2,1.0,129.2,0,Low
City Hotel,18,2016,February,12,Female,BB,Online TA,TA/TO,0,0,0,A,Transient,0,1,0,3,2.0,45.5,0,Low
Resort Hotel,310,2017,June,3,Female,BB,Online TA,TA/TO,0,0,0,D,Transient-Party,0,1,0,7,2.0,44.1,0,Low
Resort Hotel,4,2016,October,16,Female,BB,Online TA,TA/TO,0,0,0,A,Transient,1,1,0,2,2.0,23.775,0,Low
Resort Hotel,2,2016,May,4,Female,BB,Corporate,Corporate,0,0,0,A,Transient,0,1,0,1,1.0,42.0,0,Low
City Hotel,149,2017,June,24,Female,BB,Groups,TA/TO,0,0,0,A,Transient-Party,0,0,0,1,2.0,65.0,0,High
Resort Hotel,214,2017,March,24,Female,HB,Groups,TA/TO,0,0,0,A,Transient-Party,0,1,0,7,1.0,41.6,0,Low
Resort Hotel,115,2016,October,23,Female,BB,Online TA,TA/TO,0,0,0,A,Transient-Party,1,1,0,6,2.0,24.5,0,Low
City Hotel,3,2016,August,5,Female,BB,Online TA,TA/TO,0,0,0,A,Transient,1,1,0,2,2.0,75.5,0,Low
City Hotel,300,2015,August,13,Female,BB,Groups,TA/TO,1,1,0,A,Transient-Party,0,1,0,2,2.0,31.4,0,High
City Hotel,37,2016,March,24,Female,BB,Online TA,TA/TO,0,0,0,A,Transient-Party,1,1,0,3,2.0,63.3,0,Low
City Hotel,104,2017,July,10,Female,BB,Offline TA/TO,TA/TO,0,0,0,A,Transient,2,1,0,1,2.0,40.05,0,High
City Hotel,87,2015,September,25,Male,BB,Groups,TA/TO,0,0,0,A,Transient,0,1,0,5,2.0,85.0,0,High
City Hotel,232,2016,October,24,Female,BB,Online TA,TA/TO,0,0,0,A,Transient,2,1,0,5,3.0,35.416666666666664,1,Low
Resort Hotel,14,2016,December,5,Female,Undefined,Groups,TA/TO,0,0,0,A,Transient-Party,0,1,0,3,2.0,42.0,0,Low
City Hotel,115,2016,August,26,Female,BB,Online TA,TA/TO,0,0,0,D,Transient,0,1,0,4,2.0,65.7,0,Low
City Hotel,3,2016,March,30,Female,HB,Online TA,TA/TO,0,0,0,F,Transient,2,1,0,3,5.0,50.733999999999995,1,High
Resort Hotel,49,2016,November,14,Female,BB,Offline TA/TO,TA/TO,0,0,0,A,Transient,1,1,0,5,2.0,14.5,0,Low
City Hotel,7,2016,August,4,Male,BB,Online TA,TA/TO,0,0,0,A,Transient,2,1,0,3,2.0,75.5,0,Low
City Hotel,70,2017,April,25,Male,BB,Online TA,TA/TO,0,0,0,E,Transient,3,1,0,4,2.0,81.0,0,Low
Resort Hotel,39,2016,April,30,Male,HB,Groups,TA/TO,0,0,0,A,Transient-Party,0,1,0,2,2.0,43.0,0,High
City Hotel,53,2017,July,22,Male,BB,Online TA,TA/TO,0,0,0,E,Transient,2,1,0,1,2.0,95.0,0,Low
City Hotel,46,2017,July,10,Male,SC,Online TA,TA/TO,0,0,0,A,Transient,2,1,0,3,2.0,60.0,0,Low
Resort Hotel,0,2017,February,1,Male,BB,Corporate,Corporate,0,0,0,A,Transient,0,0,1,1,1.0,35.0,0,High
Resort Hotel,6,2015,December,14,Female,BB,Corporate,TA/TO,0,0,0,A,Transient,0,1,0,1,1.0,38.0,0,High
Resort Hotel,4,2015,July,31,Female,BB,Online TA,TA/TO,0,0,0,A,Transient,3,1,0,2,2.0,77.4,0,High
Resort Hotel,1,2016,December,19,Male,HB,Online TA,TA/TO,0,0,0,A,Transient,1,1,0,3,2.0,42.0,0,High
Resort Hotel,109,2016,July,24,Female,BB,Online TA,TA/TO,0,0,0,D,Transient,0,1,0,7,2.0,96.715,0,High
Resort Hotel,10,2016,December,3,Male,HB,Groups,Direct,0,0,0,A,Transient-Party,0,0,0,1,1.0,44.0,0,High
City Hotel,15,2016,November,22,Female,SC,Online TA,TA/TO,0,0,0,A,Transient,2,1,0,7,2.0,38.675,0,Low
Resort Hotel,3,2016,December,12,Male,BB,Corporate,Corporate,0,0,8,A,Transient,0,0,1,3,1.0,30.0,0,Low
City Hotel,3,2016,August,26,Female,BB,Direct,Direct,0,0,0,E,Transient,2,1,0,3,2.0,97.5,0,Low
City Hotel,23,2017,March,22,Female,SC,Online TA,TA/TO,0,0,0,A,Transient,0,1,0,2,1.0,62.4,0,High
City Hotel,10,2016,May,6,Female,BB,Online TA,TA/TO,0,0,0,D,Transient,2,1,0,3,2.0,73.0,0,Low
City Hotel,3,2016,November,19,Female,SC,Online TA,TA/TO,0,0,0,A,Transient,1,1,0,1,2.0,47.5,0,Low
City Hotel,18,2017,January,14,Female,BB,Online TA,TA/TO,0,0,0,A,Transient,0,1,0,4,2.0,41.44,0,Low
City Hotel,180,2016,May,2,Female,BB,Offline TA/TO,TA/TO,0,0,0,A,Transient-Party,1,1,0,2,2.0,50.0,0,Medium
City Hotel,41,2016,December,27,Female,BB,Offline TA/TO,TA/TO,0,0,0,A,Transient-Party,1,1,0,1,2.0,32.5,0,Medium
City Hotel,20,2017,June,12,Male,BB,Direct,Direct,0,0,0,A,Transient,0,1,0,1,2.0,49.05,0,High
Resort Hotel,364,2016,October,12,Female,BB,Groups,Corporate,0,0,0,A,Transient-Party,0,0,1,7,2.0,36.0,0,Low
City Hotel,31,2017,June,5,Female,SC,Online TA,TA/TO,0,0,0,A,Transient,2,1,0,4,2.0,62.5,0,Low
City Hotel,74,2017,April,16,Female,BB,Direct,Direct,0,0,0,E,Transient,0,1,0,1,4.0,48.75,1,Low
Resort Hotel,0,2017,January,30,Male,BB,Direct,Direct,1,0,0,A,Transient,0,0,0,1,2.0,28.5,0,High
Resort Hotel,22,2016,August,17,Male,BB,Online TA,TA/TO,0,0,0,D,Transient,0,1,0,3,2.0,119.5,0,Low
Resort Hotel,136,2016,March,24,Female,Undefined,Offline TA/TO,TA/TO,0,0,0,A,Transient-Party,0,1,0,3,2.0,42.0,0,High
Resort Hotel,3,2015,October,1,Female,BB,Corporate,Corporate,1,1,1,A,Transient-Party,0,0,1,1,1.0,48.0,0,High
Resort Hotel,0,2017,March,8,Female,BB,Corporate,Direct,0,0,0,A,Transient,0,0,1,1,1.0,35.0,0,High
City Hotel,29,2016,March,23,Female,SC,Offline TA/TO,TA/TO,0,0,0,A,Transient,0,1,0,3,2.0,32.4,0,Low
City Hotel,0,2016,February,3,Female,BB,Direct,Direct,0,0,0,B,Transient-Party,0,0,0,2,1.0,22.5,0,High
City Hotel,143,2017,May,4,Male,BB,Groups,TA/TO,0,0,0,A,Transient,0,1,0,3,2.0,50.0,0,High
Resort Hotel,243,2016,October,6,Male,BB,Groups,TA/TO,0,0,0,D,Transient-Party,0,1,0,5,1.0,53.1,0,Low
City Hotel,218,2016,June,9,Female,HB,Groups,TA/TO,0,1,0,A,Transient,0,1,0,2,2.0,67.5,0,High
City Hotel,7,2017,April,14,Female,SC,Online TA,TA/TO,0,0,0,A,Transient,1,1,0,2,2.0,80.0,0,Low
Resort Hotel,60,2017,February,13,Female,BB,Online TA,TA/TO,0,0,0,G,Transient,0,1,0,5,4.0,22.0,1,Low
City Hotel,316,2016,May,26,Male,BB,Groups,TA/TO,0,0,0,A,Transient-Party,0,1,0,3,2.0,55.0,0,Low
City Hotel,203,2017,January,2,Female,BB,Online TA,TA/TO,0,0,0,B,Transient,2,1,0,4,2.0,45.8,0,Low
City Hotel,212,2017,May,22,Male,HB,Online TA,TA/TO,0,0,0,A,Transient,2,1,0,6,2.0,65.4,0,Low
Resort Hotel,1,2016,November,18,Male,BB,Online TA,TA/TO,0,0,0,E,Transient,1,1,0,2,2.0,43.0,0,Low
Resort Hotel,8,2015,December,5,Female,HB,Groups,TA/TO,0,1,0,A,Transient-Party,0,1,0,3,2.0,34.0,0,High
City Hotel,107,2017,July,9,Male,BB,Online TA,TA/TO,0,0,0,D,Transient,0,1,0,4,3.0,57.0,0,Low
City Hotel,3,2016,June,28,Female,BB,Online TA,TA/TO,0,0,0,D,Transient,2,1,0,4,2.0,79.25,0,High
City Hotel,258,2015,July,2,Male,BB,Groups,TA/TO,1,1,0,A,Transient-Party,0,1,0,2,2.0,31.4,0,High
City Hotel,41,2016,February,22,Male,BB,Online TA,TA/TO,0,0,0,B,Transient,0,1,0,5,4.0,34.875,1,Low
Resort Hotel,219,2016,October,16,Female,HB,Groups,Corporate,0,0,0,E,Transient-Party,0,0,0,4,2.0,20.25,0,Low
City Hotel,152,2016,August,19,Female,SC,Online TA,TA/TO,0,0,0,A,Transient,1,1,0,6,2.0,45.335,0,Low
City Hotel,33,2016,February,8,Male,BB,Online TA,TA/TO,0,0,0,D,Transient,2,1,0,5,3.0,25.076666666666668,1,Low
Resort Hotel,37,2015,July,19,Male,HB,Direct,Direct,0,0,0,D,Transient,2,1,0,5,2.0,73.475,0,High
Resort Hotel,130,2015,September,9,Female,BB,Online TA,TA/TO,0,0,0,A,Transient,2,1,0,6,1.0,65.7,0,Low
City Hotel,7,2016,June,8,Female,BB,Groups,Direct,0,0,0,A,Transient,0,0,0,1,1.0,92.65,0,High
City Hotel,14,2017,June,7,Male,BB,Corporate,Corporate,1,0,1,D,Transient,0,0,1,1,1.0,130.5,0,Low
City Hotel,47,2015,December,5,Female,BB,Groups,TA/TO,0,0,0,A,Transient-Party,0,1,0,3,1.0,0.0,0,High
Resort Hotel,213,2017,July,11,Male,BB,Online TA,TA/TO,0,0,0,E,Transient-Party,2,1,0,14,2.0,94.715,0,Low
City Hotel,247,2017,August,31,Female,BB,Offline TA/TO,TA/TO,0,0,0,A,Transient,0,1,0,4,2.0,43.425,0,Low
City Hotel,124,2016,August,8,Female,BB,Online TA,TA/TO,0,0,0,A,Transient,0,1,0,6,2.0,57.15,0,Low
City Hotel,201,2017,June,14,Male,BB,Groups,TA/TO,0,0,0,A,Transient,0,0,0,4,2.0,55.0,0,High
City Hotel,170,2017,July,28,Female,HB,Offline TA/TO,TA/TO,0,0,0,A,Contract,2,1,0,7,3.0,36.666666666666664,1,Low
Resort Hotel,23,2016,May,19,Female,BB,Online TA,TA/TO,0,0,0,A,Transient,0,1,0,2,2.0,46.5,0,High
City Hotel,39,2017,June,12,Female,BB,Offline TA/TO,TA/TO,0,0,0,A,Transient,0,1,0,3,2.0,54.0,0,Low
City Hotel,105,2017,May,19,Male,BB,Offline TA/TO,TA/TO,0,0,0,A,Transient,0,0,0,2,1.0,160.0,0,High
City Hotel,199,2017,April,3,Male,BB,Offline TA/TO,TA/TO,0,0,0,A,Transient,0,1,0,4,2.0,37.5,0,Low
Resort Hotel,12,2017,March,25,Female,BB,Complementary,Direct,0,0,0,A,Transient,0,0,0,2,2.0,0.0,0,High
Resort Hotel,55,2016,January,14,Male,HB,Offline TA/TO,TA/TO,0,0,0,A,Transient,0,1,0,7,2.0,27.7,0,Low
Resort Hotel,2,2017,June,7,Female,BB,Online TA,TA/TO,0,0,0,C,Transient,2,0,0,4,2.0,70.0,0,Low
Resort Hotel,386,2016,October,20,Male,BB,Groups,Corporate,0,0,0,A,Transient-Party,0,0,0,4,2.0,24.5,0,High
City Hotel,83,2017,April,9,Female,BB,Offline TA/TO,TA/TO,0,0,0,A,Transient,0,1,0,5,3.0,38.333333333333336,0,Low
City Hotel,144,2016,June,2,Female,SC,Online TA,TA/TO,0,0,0,A,Transient,0,1,0,3,2.0,47.7,0,Low
City Hotel,179,2016,September,30,Male,BB,Online TA,TA/TO,0,0,0,A,Transient,0,1,0,4,2.0,56.7,0,Low
City Hotel,138,2016,April,23,Female,BB,Offline TA/TO,TA/TO,0,0,0,A,Transient,0,1,0,3,2.0,35.5,0,Low
City Hotel,301,2016,July,30,Female,HB,Offline TA/TO,TA/TO,0,0,0,A,Transient-Party,1,1,0,2,2.0,57.5,0,Low
Resort Hotel,161,2017,August,23,Male,HB,Offline TA/TO,TA/TO,0,0,0,E,Transient,1,1,0,12,2.0,79.3,0,Low
City Hotel,135,2016,June,14,Female,BB,Online TA,TA/TO,0,0,0,A,Transient,1,1,0,4,2.0,46.14,0,High
City Hotel,138,2016,July,3,Male,BB,Online TA,TA/TO,0,0,0,A,Transient,1,1,0,4,2.0,48.665,0,Low
Resort Hotel,45,2016,March,1,Female,HB,Groups,Direct,0,0,0,E,Transient-Party,0,0,0,5,2.0,40.5,0,High
City Hotel,222,2016,August,31,Female,BB,Online TA,TA/TO,0,0,0,A,Transient,1,1,0,3,2.0,48.15,0,Low
City Hotel,35,2016,March,8,Male,BB,Online TA,TA/TO,0,0,0,A,Transient,1,1,0,7,2.0,40.95,0,Low
City Hotel,228,2017,July,14,Male,BB,Online TA,TA/TO,0,0,0,A,Transient,1,1,0,2,2.0,53.55,0,Low
City Hotel,168,2017,May,26,Female,BB,Groups,TA/TO,0,0,0,A,Transient,0,0,1,3,2.0,70.0,0,High
City Hotel,210,2017,June,19,Female,BB,Offline TA/TO,TA/TO,0,0,0,A,Transient,0,1,0,4,2.0,65.0,0,High
Resort Hotel,114,2016,May,19,Female,HB,Offline TA/TO,TA/TO,0,0,0,A,Contract,0,1,0,7,1.0,44.45,0,Low
Resort Hotel,143,2015,July,30,Male,BB,Offline TA/TO,TA/TO,0,0,0,A,Transient-Party,1,1,0,5,2.0,45.475,0,Low
City Hotel,104,2017,August,17,Male,BB,Online TA,TA/TO,0,0,0,D,Transient,1,1,0,3,2.0,77.5,0,Low
City Hotel,141,2017,June,27,Female,BB,Groups,TA/TO,0,0,0,A,Transient,0,0,0,7,1.0,130.0,0,High
City Hotel,9,2016,October,7,Male,BB,Online TA,TA/TO,0,0,0,D,Transient,2,1,0,2,2.0,92.0,0,Low
City Hotel,276,2015,July,20,Female,BB,Groups,TA/TO,0,1,0,A,Transient-Party,0,1,0,2,2.0,31.0,0,High
City Hotel,19,2017,April,18,Female,SC,Online TA,TA/TO,0,0,0,A,Transient,1,1,0,3,1.0,79.8,0,Low
City Hotel,54,2017,April,25,Male,BB,Online TA,TA/TO,0,0,0,D,Transient,3,1,0,4,2.0,74.375,0,Low
Resort Hotel,49,2015,August,27,Female,BB,Offline TA/TO,TA/TO,0,0,0,A,Contract,0,1,0,7,2.0,45.195,0,Low
City Hotel,8,2017,January,17,Female,SC,Online TA,GDS,0,0,0,A,Transient,0,1,0,1,1.0,70.0,0,Low
City Hotel,193,2015,October,15,Male,BB,Offline TA/TO,TA/TO,0,0,0,A,Transient,0,1,0,3,2.0,32.5,0,Low
City Hotel,101,2017,April,27,Female,BB,Offline TA/TO,TA/TO,0,0,0,A,Transient,0,1,0,3,2.0,42.5,0,Low
Resort Hotel,6,2016,December,13,Male,BB,Corporate,Corporate,1,0,3,A,Transient,1,0,1,2,1.0,30.0,0,High
Resort Hotel,0,2017,January,27,Female,BB,Online TA,TA/TO,0,0,0,E,Transient-Party,1,1,0,1,1.0,76.0,0,High
Resort Hotel,2,2015,December,2,Female,BB,Corporate,Corporate,0,0,0,A,Transient,0,0,0,1,1.0,38.0,0,High
City Hotel,115,2015,July,29,Female,BB,Online TA,TA/TO,0,0,0,A,Transient,1,1,0,7,2.0,38.25,0,Low
Resort Hotel,45,2016,October,26,Female,BB,Online TA,TA/TO,0,0,0,E,Transient,2,1,0,5,2.0,47.0,0,Low
City Hotel,216,2017,May,11,Female,BB,Online TA,TA/TO,0,0,0,D,Transient,0,1,0,6,2.0,73.8,0,Low
City Hotel,80,2016,November,19,Male,BB,Online TA,TA/TO,0,0,0,A,Transient,1,1,0,3,2.0,46.8,0,Low
City Hotel,81,2016,May,15,Female,BB,Groups,TA/TO,0,0,0,A,Transient-Party,1,1,0,2,2.0,45.0,0,Low
City Hotel,2,2017,April,5,Female,BB,Complementary,Direct,1,0,11,A,Transient,2,0,1,1,1.0,0.0,0,High
Resort Hotel,4,2016,March,14,Male,BB,Online TA,TA/TO,1,0,1,A,Group,0,1,0,2,1.0,34.4,0,High
Resort Hotel,6,2015,November,15,Male,HB,Offline TA/TO,TA/TO,0,0,0,D,Transient,0,1,0,7,2.0,34.5,0,Low
City Hotel,290,2016,December,1,Female,BB,Online TA,TA/TO,0,0,0,D,Transient,0,1,0,4,2.0,43.35,0,Low
City Hotel,190,2016,August,10,Male,BB,Online TA,TA/TO,0,0,0,E,Transient,2,1,0,7,4.0,29.3775,1,Low
City Hotel,29,2017,January,18,Female,BB,Groups,TA/TO,0,0,0,A,Transient-Party,0,1,0,3,1.0,65.0,0,Low
Resort Hotel,60,2017,June,5,Female,BB,Online TA,TA/TO,0,0,0,A,Transient,2,1,0,9,1.0,147.0,0,Low
City Hotel,152,2017,June,27,Male,BB,Offline TA/TO,TA/TO,0,0,0,A,Transient,0,1,0,5,2.0,40.05,0,Low
Resort Hotel,117,2015,August,20,Female,BB,Online TA,TA/TO,0,0,0,A,Transient,2,1,0,2,2.0,60.3,0,Low
City Hotel,2,2015,December,11,Male,BB,Offline TA/TO,TA/TO,0,0,0,A,Transient-Party,0,1,0,1,1.0,75.0,0,High
City Hotel,69,2015,October,25,Female,BB,Groups,TA/TO,0,0,0,A,Transient-Party,0,1,0,3,1.0,75.33,0,High
City Hotel,121,2015,December,27,Female,BB,Online TA,TA/TO,0,0,0,A,Contract,1,1,0,4,2.0,36.125,0,High
City Hotel,137,2016,August,15,Male,BB,Direct,Direct,0,0,0,B,Transient-Party,0,1,0,2,3.0,40.21,0,Low
City Hotel,24,2016,February,13,Female,BB,Direct,Direct,0,0,0,D,Transient,2,1,0,1,2.0,38.25,0,High
City Hotel,158,2016,August,8,Male,BB,Direct,Direct,0,0,0,G,Transient,0,1,0,3,5.0,50.58,1,Low
City Hotel,23,2016,May,7,Male,BB,Online TA,TA/TO,0,0,0,F,Transient,0,1,0,4,4.0,49.725,1,Low
Resort Hotel,294,2016,June,21,Female,BB,Online TA,TA/TO,0,0,0,A,Transient,1,1,0,5,1.0,64.8,0,Low
Resort Hotel,90,2015,August,30,Male,BB,Online TA,TA/TO,0,0,0,E,Transient,1,1,0,3,2.0,66.165,0,High
City Hotel,182,2016,April,27,Female,BB,Offline TA/TO,TA/TO,0,1,0,A,Transient,0,1,0,4,2.0,37.5,0,High
City Hotel,36,2016,November,26,Male,BB,Offline TA/TO,TA/TO,0,0,0,A,Transient,0,1,0,3,2.0,36.0,0,Low
Resort Hotel,156,2016,December,22,Male,BB,Direct,Direct,0,0,0,E,Transient-Party,2,1,0,5,2.0,32.11,0,Low
City Hotel,5,2015,September,20,Female,BB,Corporate,Corporate,1,1,0,A,Transient,0,1,0,2,2.0,50.0,0,High
City Hotel,22,2015,November,17,Female,BB,Corporate,Corporate,0,0,0,A,Transient-Party,0,0,1,1,1.0,62.0,0,Low
Resort Hotel,223,2017,June,6,Female,BB,Offline TA/TO,TA/TO,0,0,0,D,Contract,0,1,0,21,2.0,46.75,0,High
Resort Hotel,0,2017,March,20,Female,BB,Direct,Direct,1,0,0,A,Transient,0,0,0,1,1.0,70.0,0,High
Resort Hotel,1,2016,May,8,Female,BB,Offline TA/TO,TA/TO,0,0,0,A,Transient-Party,1,1,0,2,1.0,48.6,0,High
Resort Hotel,95,2016,December,24,Female,BB,Online TA,TA/TO,0,0,0,A,Transient,2,1,0,2,2.0,28.9,0,Low
City Hotel,73,2017,March,6,Male,SC,Online TA,TA/TO,0,0,0,A,Transient,0,1,0,4,2.0,37.4,0,Low
City Hotel,111,2016,May,21,Female,BB,Online TA,TA/TO,0,0,0,D,Transient,1,1,0,2,2.0,70.2,0,Low
City Hotel,35,2017,January,2,Female,HB,Online TA,TA/TO,0,0,0,A,Transient,3,1,0,5,2.0,64.85,0,Low
Resort Hotel,67,2016,November,18,Female,HB,Groups,TA/TO,0,0,0,A,Transient-Party,0,1,0,3,2.0,25.0,0,Low
City Hotel,21,2017,February,21,Male,BB,Online TA,TA/TO,0,0,0,A,Transient,0,1,0,2,2.0,40.0,0,Low
City Hotel,8,2016,January,27,Female,BB,Online TA,TA/TO,0,0,0,A,Transient,1,1,0,6,2.0,36.6,0,High
City Hotel,14,2017,February,3,Female,BB,Direct,Direct,0,0,0,A,Transient,1,0,0,1,2.0,42.0,0,High
City Hotel,80,2017,March,31,Male,BB,Offline TA/TO,TA/TO,0,0,0,A,Transient,0,1,0,2,2.0,45.0,0,High
City Hotel,104,2016,October,11,Female,BB,Online TA,TA/TO,0,0,0,D,Transient,0,1,0,7,2.0,66.15,0,Low
City Hotel,81,2016,March,25,Female,BB,Offline TA/TO,TA/TO,0,0,0,A,Transient-Party,0,1,0,4,2.0,32.5,0,High
City Hotel,594,2017,February,23,Female,BB,Groups,TA/TO,0,0,0,A,Transient,0,1,0,1,1.0,59.0,0,High
City Hotel,0,2017,March,17,Female,BB,Direct,Direct,0,0,0,A,Transient,0,0,0,1,2.0,6.0,0,High
Resort Hotel,75,2015,September,22,Female,BB,Online TA,TA/TO,0,0,0,A,Transient,2,1,0,7,2.0,45.355,0,Low
City Hotel,48,2017,April,24,Female,BB,Direct,Direct,0,0,0,A,Transient,0,0,0,4,1.0,91.2,0,Low
Resort Hotel,318,2017,June,2,Male,BB,Direct,Direct,0,0,0,D,Transient,0,1,0,7,2.0,48.455,0,Low
City Hotel,183,2016,July,26,Female,BB,Online TA,TA/TO,0,0,0,D,Transient,1,1,0,2,3.0,45.9,0,Low
City Hotel,6,2016,November,16,Female,SC,Online TA,GDS,0,0,0,E,Transient,0,1,0,1,1.0,120.0,0,Low
City Hotel,13,2016,June,12,Female,BB,Online TA,TA/TO,0,0,0,A,Transient,0,1,0,2,1.0,115.0,0,Low
Resort Hotel,27,2015,July,27,Male,BB,Online TA,TA/TO,0,0,0,A,Transient,0,1,0,4,2.0,76.5,0,Low
Resort Hotel,5,2015,September,16,Female,BB,Online TA,TA/TO,0,0,0,A,Transient,2,1,0,1,2.0,33.3,0,Low
City Hotel,86,2016,June,17,Male,BB,Online TA,TA/TO,0,0,0,A,Transient,1,1,0,5,2.0,63.45,0,Low
City Hotel,150,2016,October,3,Female,BB,Online TA,TA/TO,0,0,0,A,Transient,2,1,0,3,2.0,59.4,0,Medium
City Hotel,14,2017,August,9,Male,BB,Offline TA/TO,TA/TO,0,0,0,G,Transient,0,1,0,3,4.0,68.975,0,High
Resort Hotel,277,2015,October,6,Male,HB,Groups,Direct,0,0,0,D,Transient-Party,0,1,0,7,2.0,34.37,0,Low
Resort Hotel,333,2016,July,15,Female,BB,Online TA,TA/TO,0,0,0,D,Transient,2,1,0,3,2.0,57.75,0,High
City Hotel,256,2016,October,18,Female,SC,Online TA,TA/TO,0,0,0,A,Transient,1,1,0,7,2.0,41.59,0,Low
City Hotel,434,2017,June,3,Male,BB,Groups,TA/TO,0,0,0,A,Transient-Party,1,1,0,3,2.0,56.335,0,Low
Resort Hotel,258,2016,June,12,Female,BB,Online TA,TA/TO,0,0,0,A,Transient,2,1,0,1,2.0,32.4,0,Low
